date,sku_id,on_hand_units,on_order_units,lead_time_days,reorder_point
2025-12-31,SKU00001,215,0,14,100
2025-12-31,SKU00002,0,0,14,1582
2025-12-31,SKU00003,414,0,14,250
2025-12-31,SKU00004,148,0,14,99
2025-12-31,SKU00005,411,0,14,284
2025-12-31,SKU00006,621,0,14,324
2025-12-31,SKU00007,87,0,14,163
2025-12-31,SKU00009,85,0,14,154
2025-12-31,SKU00011,3,0,14,35
2025-12-31,SKU00012,7156,0,14,1551
2025-12-31,SKU00013,314,0,14,145
2025-12-31,SKU00014,33,0,14,76
2025-12-31,SKU00015,79,0,14,28
2025-12-31,SKU00016,106,0,14,56
2025-12-31,SKU00017,77,0,14,55
2025-12-31,SKU00018,148,0,14,188
2025-12-31,SKU00019,120,0,14,86
2025-12-31,SKU00020,0,0,14,1358
2025-12-31,SKU00021,252,0,14,111
2025-12-31,SKU00023,20,0,14,39
2025-12-31,SKU00024,6453,0,14,1467
2025-12-31,SKU00025,213,0,14,169
2025-12-31,SKU00026,81,0,14,51
2025-12-31,SKU00027,204,0,14,113
2025-12-31,SKU00028,371,0,14,247
2025-12-31,SKU00030,82,0,14,105
2025-12-31,SKU00031,508,0,14,270
2025-12-31,SKU00032,5246,0,14,1272
2025-12-31,SKU00033,136,0,14,64
2025-12-31,SKU00034,136,0,14,113
2025-12-31,SKU00035,594,0,14,298
2025-12-31,SKU00036,134,0,14,85
2025-12-31,SKU00037,334,0,14,143
2025-12-31,SKU00038,18,0,14,49
2025-12-31,SKU00039,290,0,14,179
2025-12-31,SKU00040,101,0,14,84
2025-12-31,SKU00041,123,0,14,115
2025-12-31,SKU00043,107,0,14,68
2025-12-31,SKU00044,316,0,14,135
2025-12-31,SKU00045,90,0,14,109
2025-12-31,SKU00046,324,0,14,244
2025-12-31,SKU00047,291,0,14,160
2025-12-31,SKU00048,332,0,14,173
2025-12-31,SKU00049,50,0,14,35
2025-12-31,SKU00050,48,0,14,1066
2025-12-31,SKU00051,123,0,14,71
2025-12-31,SKU00052,5399,0,14,1299
2025-12-31,SKU00053,60,0,14,27
2025-12-31,SKU00056,113,0,14,189
2025-12-31,SKU00057,30,0,14,31
2025-12-31,SKU00058,149,0,14,93
2025-12-31,SKU00059,601,0,14,233
2025-12-31,SKU00060,253,0,14,148
2025-12-31,SKU00061,296,0,14,177
2025-12-31,SKU00062,228,0,14,1221
2025-12-31,SKU00063,84,0,14,82
2025-12-31,SKU00064,409,0,14,269
2025-12-31,SKU00065,215,0,14,76
2025-12-31,SKU00066,5315,0,14,1296
2025-12-31,SKU00067,204,0,14,140
2025-12-31,SKU00068,8,0,14,99
2025-12-31,SKU00069,7735,0,14,1614
2025-12-31,SKU00070,378,0,14,193
2025-12-31,SKU00071,285,0,14,142
2025-12-31,SKU00073,126,0,14,60
2025-12-31,SKU00074,88,0,14,74
2025-12-31,SKU00075,7071,0,14,1707
2025-12-31,SKU00076,153,0,14,138
2025-12-31,SKU00077,206,0,14,195
2025-12-31,SKU00078,69,0,14,30
2025-12-31,SKU00079,138,0,14,1142
2025-12-31,SKU00080,1,0,14,43
2025-12-31,SKU00081,276,0,14,117
2025-12-31,SKU00082,175,0,14,113
2025-12-31,SKU00083,6987,0,14,1605
2025-12-31,SKU00084,39,0,14,108
2025-12-31,SKU00085,308,0,14,167
2025-12-31,SKU00086,230,0,14,224
2025-12-31,SKU00087,28,0,14,77
2025-12-31,SKU00090,7868,0,14,1737
2025-12-31,SKU00091,260,0,14,137
2025-12-31,SKU00092,137,0,14,115
2025-12-31,SKU00093,276,0,14,158
2025-12-31,SKU00094,88,0,14,73
2025-12-31,SKU00095,98,0,14,77
2025-12-31,SKU00096,127,0,14,76
2025-12-31,SKU00097,377,0,14,172
2025-12-31,SKU00098,224,0,14,83
2025-12-31,SKU00099,18,0,14,77
2025-12-31,SKU00100,177,0,14,116
2025-12-31,SKU00102,131,0,14,130
2025-12-31,SKU00103,294,0,14,176
2025-12-31,SKU00104,299,0,14,137
2025-12-31,SKU00105,6368,0,14,1389
2025-12-31,SKU00106,436,0,14,327
2025-12-31,SKU00107,278,0,14,240
2025-12-31,SKU00108,277,0,14,192
2025-12-31,SKU00110,134,0,14,83
2025-12-31,SKU00111,442,0,14,191
2025-12-31,SKU00112,377,0,14,194
2025-12-31,SKU00113,230,0,14,145
2025-12-31,SKU00114,96,0,14,123
2025-12-31,SKU00115,336,0,14,250
2025-12-31,SKU00116,10,0,14,41
2025-12-31,SKU00117,278,0,14,191
2025-12-31,SKU00118,351,0,14,159
2025-12-31,SKU00119,5,0,14,22
2025-12-31,SKU00120,252,0,14,180
2025-12-31,SKU00122,98,0,14,160
2025-12-31,SKU00123,231,0,14,128
2025-12-31,SKU00124,15,0,14,27
2025-12-31,SKU00125,186,0,14,98
2025-12-31,SKU00126,140,0,14,143
2025-12-31,SKU00127,4986,0,14,1188
2025-12-31,SKU00128,124,0,14,53
2025-12-31,SKU00129,83,0,14,47
2025-12-31,SKU00130,225,0,14,123
2025-12-31,SKU00131,261,0,14,140
2025-12-31,SKU00133,365,0,14,133
2025-12-31,SKU00134,209,0,14,184
2025-12-31,SKU00135,218,0,14,265
2025-12-31,SKU00136,112,0,14,57
2025-12-31,SKU00137,156,0,14,68
2025-12-31,SKU00138,495,0,14,315
2025-12-31,SKU00140,8639,0,14,2078
2025-12-31,SKU00141,133,0,14,120
2025-12-31,SKU00142,179,0,14,178
2025-12-31,SKU00143,79,0,14,44
2025-12-31,SKU00144,165,0,14,95
2025-12-31,SKU00145,86,0,14,57
2025-12-31,SKU00146,381,0,14,230
2025-12-31,SKU00147,14,0,14,43
2025-12-31,SKU00149,87,0,14,40
2025-12-31,SKU00150,7608,0,14,1738
2025-12-31,SKU00151,261,0,14,89
2025-12-31,SKU00153,174,0,14,103
2025-12-31,SKU00154,46,0,14,41
2025-12-31,SKU00155,7508,0,14,1674
2025-12-31,SKU00156,171,0,14,159
2025-12-31,SKU00157,321,0,14,208
2025-12-31,SKU00159,400,0,14,165
2025-12-31,SKU00160,76,0,14,46
2025-12-31,SKU00161,52,0,14,27
2025-12-31,SKU00162,84,0,14,57
2025-12-31,SKU00163,179,0,14,60
2025-12-31,SKU00166,167,0,14,90
2025-12-31,SKU00167,7221,0,14,1563
2025-12-31,SKU00168,52,0,14,93
2025-12-31,SKU00169,0,0,14,1104
2025-12-31,SKU00170,7213,0,14,1668
2025-12-31,SKU00171,113,0,14,97
2025-12-31,SKU00173,4877,0,14,1242
2025-12-31,SKU00175,25,0,14,95
2025-12-31,SKU00177,54,0,14,1142
2025-12-31,SKU00178,265,0,14,120
2025-12-31,SKU00179,237,0,14,169
2025-12-31,SKU00180,81,0,14,31
2025-12-31,SKU00181,633,0,14,380
2025-12-31,SKU00182,212,0,14,216
2025-12-31,SKU00183,84,0,14,73
2025-12-31,SKU00184,96,0,14,33
2025-12-31,SKU00185,398,0,14,175
2025-12-31,SKU00186,4390,0,14,994
2025-12-31,SKU00188,101,0,14,52
2025-12-31,SKU00189,103,0,14,86
2025-12-31,SKU00190,0,0,14,1446
2025-12-31,SKU00191,73,0,14,108
2025-12-31,SKU00192,207,0,14,130
2025-12-31,SKU00193,79,0,14,73
2025-12-31,SKU00194,20,0,14,40
2025-12-31,SKU00195,595,0,14,344
2025-12-31,SKU00196,148,0,14,100
2025-12-31,SKU00197,171,0,14,79
2025-12-31,SKU00198,537,0,14,271
2025-12-31,SKU00199,62,0,14,39
2025-12-31,SKU00200,317,0,14,234
2025-12-31,SKU00201,376,0,14,180
2025-12-31,SKU00202,314,0,14,174
2025-12-31,SKU00203,93,0,14,81
2025-12-31,SKU00204,20,0,14,31
2025-12-31,SKU00205,45,0,14,59
2025-12-31,SKU00206,185,0,14,63
2025-12-31,SKU00209,89,0,14,96
2025-12-31,SKU00210,169,0,14,149
2025-12-31,SKU00212,61,0,14,46
2025-12-31,SKU00213,100,0,14,67
2025-12-31,SKU00214,116,0,14,146
2025-12-31,SKU00215,352,0,14,212
2025-12-31,SKU00216,374,0,14,204
2025-12-31,SKU00218,450,0,14,284
2025-12-31,SKU00219,262,0,14,92
2025-12-31,SKU00220,313,0,14,157
2025-12-31,SKU00221,304,0,14,297
2025-12-31,SKU00222,25,0,14,35
2025-12-31,SKU00223,286,0,14,129
2025-12-31,SKU00224,554,0,14,266
2025-12-31,SKU00225,305,0,14,239
2025-12-31,SKU00226,365,0,14,275
2025-12-31,SKU00227,374,0,14,237
2025-12-31,SKU00228,495,0,14,180
2025-12-31,SKU00229,51,0,14,21
2025-12-31,SKU00230,163,0,14,128
2025-12-31,SKU00231,94,0,14,86
2025-12-31,SKU00232,260,0,14,159
2025-12-31,SKU00233,123,0,14,200
2025-12-31,SKU00234,70,0,14,61
2025-12-31,SKU00235,161,0,14,124
2025-12-31,SKU00236,226,0,14,115
2025-12-31,SKU00237,8788,0,14,1905
2025-12-31,SKU00238,96,0,14,99
2025-12-31,SKU00239,525,0,14,220
2025-12-31,SKU00240,8157,0,14,1890
2025-12-31,SKU00241,141,0,14,67
2025-12-31,SKU00242,563,0,14,466
2025-12-31,SKU00243,53,0,14,28
2025-12-31,SKU00244,306,0,14,244
2025-12-31,SKU00245,79,0,14,171
2025-12-31,SKU00246,128,0,14,79
2025-12-31,SKU00247,482,0,14,271
2025-12-31,SKU00248,409,0,14,162
2025-12-31,SKU00249,348,0,14,191
2025-12-31,SKU00251,8472,0,14,1804
2025-12-31,SKU00252,363,0,14,239
2025-12-31,SKU00253,87,0,14,129
2025-12-31,SKU00254,79,0,14,1231
2025-12-31,SKU00255,92,0,14,139
2025-12-31,SKU00256,114,0,14,70
2025-12-31,SKU00259,542,0,14,220
2025-12-31,SKU00260,87,0,14,85
2025-12-31,SKU00262,7920,0,14,1785
2025-12-31,SKU00263,110,0,14,1069
2025-12-31,SKU00264,223,0,14,1664
2025-12-31,SKU00265,352,0,14,150
2025-12-31,SKU00266,147,0,14,196
2025-12-31,SKU00267,528,0,14,369
2025-12-31,SKU00268,101,0,14,68
2025-12-31,SKU00269,158,0,14,72
2025-12-31,SKU00270,178,0,14,60
2025-12-31,SKU00272,46,0,14,59
2025-12-31,SKU00273,204,0,14,180
2025-12-31,SKU00274,79,0,14,42
2025-12-31,SKU00275,58,0,14,142
2025-12-31,SKU00276,215,0,14,221
2025-12-31,SKU00277,90,0,14,156
2025-12-31,SKU00278,85,0,14,52
2025-12-31,SKU00279,76,0,14,59
2025-12-31,SKU00280,249,0,14,133
2025-12-31,SKU00283,521,0,14,307
2025-12-31,SKU00285,0,0,14,1342
2025-12-31,SKU00286,161,0,14,1166
2025-12-31,SKU00287,191,0,14,68
2025-12-31,SKU00288,379,0,14,152
2025-12-31,SKU00289,292,0,14,297
2025-12-31,SKU00291,0,0,14,1300
2025-12-31,SKU00292,263,0,14,136
2025-12-31,SKU00293,156,0,14,178
2025-12-31,SKU00294,253,0,14,203
2025-12-31,SKU00295,250,0,14,269
2025-12-31,SKU00296,487,0,14,174
2025-12-31,SKU00298,388,0,14,330
2025-12-31,SKU00299,115,0,14,57
2025-12-31,SKU00301,233,0,14,113
2025-12-31,SKU00302,331,0,14,234
2025-12-31,SKU00303,115,0,14,53
2025-12-31,SKU00304,31,0,14,21
2025-12-31,SKU00305,6489,0,14,1499
2025-12-31,SKU00306,201,0,14,217
2025-12-31,SKU00307,262,0,14,131
2025-12-31,SKU00308,328,0,14,231
2025-12-31,SKU00309,219,0,14,124
2025-12-31,SKU00310,223,0,14,125
2025-12-31,SKU00311,87,0,14,53
2025-12-31,SKU00312,257,0,14,183
2025-12-31,SKU00313,350,0,14,284
2025-12-31,SKU00314,25,0,14,60
2025-12-31,SKU00315,299,0,14,119
2025-12-31,SKU00316,276,0,14,205
2025-12-31,SKU00317,6642,0,14,1515
2025-12-31,SKU00318,333,0,14,188
2025-12-31,SKU00319,583,0,14,330
2025-12-31,SKU00320,53,0,14,98
2025-12-31,SKU00321,110,0,14,54
2025-12-31,SKU00322,95,0,14,73
2025-12-31,SKU00323,256,0,14,193
2025-12-31,SKU00324,419,0,14,212
2025-12-31,SKU00325,92,0,14,69
2025-12-31,SKU00326,162,0,14,75
2025-12-31,SKU00327,385,0,14,202
2025-12-31,SKU00328,72,0,14,1490
2025-12-31,SKU00330,4595,0,14,983
2025-12-31,SKU00331,7350,0,14,1598
2025-12-31,SKU00332,105,0,14,62
2025-12-31,SKU00333,574,0,14,329
2025-12-31,SKU00334,217,0,14,155
2025-12-31,SKU00335,287,0,14,183
2025-12-31,SKU00336,318,0,14,139
2025-12-31,SKU00337,265,0,14,178
2025-12-31,SKU00338,116,0,14,202
2025-12-31,SKU00339,311,0,14,176
2025-12-31,SKU00340,167,0,14,118
2025-12-31,SKU00342,6864,0,14,1566
2025-12-31,SKU00343,300,0,14,138
2025-12-31,SKU00344,435,0,14,172
2025-12-31,SKU00346,74,0,14,153
2025-12-31,SKU00347,234,0,14,236
2025-12-31,SKU00348,79,0,14,85
2025-12-31,SKU00349,133,0,14,215
2025-12-31,SKU00350,6485,0,14,1373
2025-12-31,SKU00351,317,0,14,320
2025-12-31,SKU00353,120,0,14,129
2025-12-31,SKU00354,6648,0,14,1492
2025-12-31,SKU00355,7653,0,14,1698
2025-12-31,SKU00356,221,0,14,78
2025-12-31,SKU00357,299,0,14,178
2025-12-31,SKU00358,115,0,14,41
2025-12-31,SKU00360,257,0,14,189
2025-12-31,SKU00361,303,0,14,239
2025-12-31,SKU00363,0,0,14,1341
2025-12-31,SKU00364,339,0,14,161
2025-12-31,SKU00365,155,0,14,117
2025-12-31,SKU00366,47,0,14,76
2025-12-31,SKU00367,774,0,14,348
2025-12-31,SKU00368,186,0,14,170
2025-12-31,SKU00369,0,0,14,1277
2025-12-31,SKU00371,7713,0,14,1575
2025-12-31,SKU00372,57,0,14,68
2025-12-31,SKU00373,133,0,14,66
2025-12-31,SKU00374,69,0,14,118
2025-12-31,SKU00375,255,0,14,218
2025-12-31,SKU00376,76,0,14,1332
2025-12-31,SKU00377,557,0,14,250
2025-12-31,SKU00378,94,0,14,176
2025-12-31,SKU00379,75,0,14,43
2025-12-31,SKU00380,222,0,14,158
2025-12-31,SKU00381,214,0,14,226
2025-12-31,SKU00382,346,0,14,146
2025-12-31,SKU00383,181,0,14,83
2025-12-31,SKU00384,186,0,14,68
2025-12-31,SKU00385,7877,0,14,1730
2025-12-31,SKU00386,6167,0,14,1447
2025-12-31,SKU00387,89,0,14,43
2025-12-31,SKU00388,14,0,14,40
2025-12-31,SKU00389,7439,0,14,1697
2025-12-31,SKU00390,73,0,14,36
2025-12-31,SKU00391,538,0,14,250
2025-12-31,SKU00393,340,0,14,188
2025-12-31,SKU00394,70,0,14,51
2025-12-31,SKU00395,144,0,14,128
2025-12-31,SKU00396,111,0,14,45
2025-12-31,SKU00397,355,0,14,160
2025-12-31,SKU00398,179,0,14,92
2025-12-31,SKU00400,300,0,14,144
2025-12-31,SKU00401,8056,0,14,1832
2025-12-31,SKU00402,7033,0,14,1676
2025-12-31,SKU00403,371,0,14,259
2025-12-31,SKU00404,131,0,14,92
2025-12-31,SKU00405,326,0,14,221
2025-12-31,SKU00407,248,0,14,165
2025-12-31,SKU00408,246,0,14,147
2025-12-31,SKU00409,166,0,14,129
2025-12-31,SKU00410,64,0,14,148
2025-12-31,SKU00411,502,0,14,280
2025-12-31,SKU00413,84,0,14,73
2025-12-31,SKU00414,81,0,14,53
2025-12-31,SKU00415,227,0,14,145
2025-12-31,SKU00416,0,0,14,1214
2025-12-31,SKU00417,122,0,14,85
2025-12-31,SKU00418,409,0,14,178
2025-12-31,SKU00419,6280,0,14,1511
2025-12-31,SKU00420,358,0,14,224
2025-12-31,SKU00421,8278,0,14,1886
2025-12-31,SKU00423,173,0,14,179
2025-12-31,SKU00424,93,0,14,117
2025-12-31,SKU00426,215,0,14,263
2025-12-31,SKU00427,73,0,14,148
2025-12-31,SKU00428,367,0,14,210
2025-12-31,SKU00429,84,0,14,52
2025-12-31,SKU00430,90,0,14,137
2025-12-31,SKU00431,52,0,14,53
2025-12-31,SKU00432,425,0,14,176
2025-12-31,SKU00434,114,0,14,54
2025-12-31,SKU00436,77,0,14,128
2025-12-31,SKU00437,6973,0,14,1643
2025-12-31,SKU00438,447,0,14,216
2025-12-31,SKU00439,236,0,14,135
2025-12-31,SKU00440,100,0,14,113
2025-12-31,SKU00441,191,0,14,77
2025-12-31,SKU00442,368,0,14,154
2025-12-31,SKU00443,326,0,14,157
2025-12-31,SKU00444,124,0,14,69
2025-12-31,SKU00445,0,0,14,1146
2025-12-31,SKU00446,274,0,14,178
2025-12-31,SKU00448,257,0,14,94
2025-12-31,SKU00449,7089,0,14,1529
2025-12-31,SKU00450,146,0,14,224
2025-12-31,SKU00451,208,0,14,83
2025-12-31,SKU00452,272,0,14,155
2025-12-31,SKU00453,98,0,14,104
2025-12-31,SKU00454,527,0,14,231
2025-12-31,SKU00455,60,0,14,36
2025-12-31,SKU00456,1,0,14,22
2025-12-31,SKU00457,171,0,14,214
2025-12-31,SKU00458,140,0,14,162
2025-12-31,SKU00460,125,0,14,100
2025-12-31,SKU00461,340,0,14,156
2025-12-31,SKU00462,6636,0,14,1405
2025-12-31,SKU00463,53,0,14,33
2025-12-31,SKU00464,95,0,14,35
2025-12-31,SKU00465,41,0,14,22
2025-12-31,SKU00466,6760,0,14,1467
2025-12-31,SKU00467,63,0,14,28
2025-12-31,SKU00469,223,0,14,147
2025-12-31,SKU00471,13,0,14,43
2025-12-31,SKU00472,72,0,14,76
2025-12-31,SKU00473,73,0,14,35
2025-12-31,SKU00474,102,0,14,123
2025-12-31,SKU00475,48,0,14,23
2025-12-31,SKU00476,428,0,14,151
2025-12-31,SKU00477,217,0,14,81
2025-12-31,SKU00478,157,0,14,145
2025-12-31,SKU00479,57,0,14,22
2025-12-31,SKU00480,47,0,14,42
2025-12-31,SKU00481,0,0,14,37
2025-12-31,SKU00482,14,0,14,22
2025-12-31,SKU00484,0,0,14,1408
2025-12-31,SKU00485,174,0,14,69
2025-12-31,SKU00486,212,0,14,80
2025-12-31,SKU00487,199,0,14,156
2025-12-31,SKU00488,334,0,14,234
2025-12-31,SKU00489,82,0,14,64
2025-12-31,SKU00490,369,0,14,229
2025-12-31,SKU00491,393,0,14,269
2025-12-31,SKU00492,211,0,14,198
2025-12-31,SKU00493,724,0,14,334
2025-12-31,SKU00494,176,0,14,199
2025-12-31,SKU00495,59,0,14,24
2025-12-31,SKU00496,93,0,14,71
2025-12-31,SKU00497,239,0,14,94
2025-12-31,SKU00498,8527,0,14,1806
2025-12-31,SKU00499,277,0,14,106
2025-12-31,SKU00500,100,0,14,1499
2025-12-31,SKU00501,7109,0,14,1565
2025-12-31,SKU00502,8794,0,14,2063
2025-12-31,SKU00503,40,0,14,36
2025-12-31,SKU00504,404,0,14,263
2025-12-31,SKU00506,102,0,14,1338
2025-12-31,SKU00507,8834,0,14,1906
2025-12-31,SKU00508,28,0,14,28
2025-12-31,SKU00509,489,0,14,266
2025-12-31,SKU00510,81,0,14,139
2025-12-31,SKU00511,367,0,14,225
2025-12-31,SKU00512,166,0,14,59
2025-12-31,SKU00513,127,0,14,76
2025-12-31,SKU00516,6036,0,14,1410
2025-12-31,SKU00517,191,0,14,105
2025-12-31,SKU00519,387,0,14,148
2025-12-31,SKU00520,104,0,14,84
2025-12-31,SKU00521,6344,0,14,1409
2025-12-31,SKU00522,79,0,14,66
2025-12-31,SKU00523,605,0,14,319
2025-12-31,SKU00524,8181,0,14,1784
2025-12-31,SKU00525,157,0,14,81
2025-12-31,SKU00526,241,0,14,127
2025-12-31,SKU00527,447,0,14,233
2025-12-31,SKU00528,246,0,14,88
2025-12-31,SKU00529,160,0,14,226
2025-12-31,SKU00530,350,0,14,211
2025-12-31,SKU00531,67,0,14,1482
2025-12-31,SKU00532,6217,0,14,1355
2025-12-31,SKU00533,164,0,14,64
2025-12-31,SKU00534,219,0,14,329
2025-12-31,SKU00535,6972,0,14,1557
2025-12-31,SKU00536,199,0,14,83
2025-12-31,SKU00537,45,0,14,63
2025-12-31,SKU00538,104,0,14,1099
2025-12-31,SKU00539,72,0,14,1312
2025-12-31,SKU00540,129,0,14,69
2025-12-31,SKU00542,703,0,14,470
2025-12-31,SKU00543,212,0,14,85
2025-12-31,SKU00544,65,0,14,79
2025-12-31,SKU00545,408,0,14,299
2025-12-31,SKU00546,7461,0,14,1606
2025-12-31,SKU00547,117,0,14,75
2025-12-31,SKU00550,8131,0,14,1779
2025-12-31,SKU00551,6844,0,14,1554
2025-12-31,SKU00553,6073,0,14,1343
2025-12-31,SKU00554,2,0,14,49
2025-12-31,SKU00555,268,0,14,115
2025-12-31,SKU00556,109,0,14,92
2025-12-31,SKU00558,141,0,14,118
2025-12-31,SKU00559,143,0,14,126
2025-12-31,SKU00560,76,0,14,96
2025-12-31,SKU00562,94,0,14,72
2025-12-31,SKU00563,175,0,14,93
2025-12-31,SKU00565,294,0,14,103
2025-12-31,SKU00566,121,0,14,140
2025-12-31,SKU00567,22,0,14,62
2025-12-31,SKU00568,465,0,14,212
2025-12-31,SKU00569,14,0,14,39
2025-12-31,SKU00570,318,0,14,119
2025-12-31,SKU00571,6773,0,14,1499
2025-12-31,SKU00572,258,0,14,110
2025-12-31,SKU00573,83,0,14,39
2025-12-31,SKU00574,6397,0,14,1449
2025-12-31,SKU00575,107,0,14,64
2025-12-31,SKU00576,11,0,14,100
2025-12-31,SKU00577,198,0,14,92
2025-12-31,SKU00578,130,0,14,94
2025-12-31,SKU00580,291,0,14,161
2025-12-31,SKU00581,430,0,14,282
2025-12-31,SKU00582,15,0,14,27
2025-12-31,SKU00583,128,0,14,165
2025-12-31,SKU00584,5819,0,14,1365
2025-12-31,SKU00585,8080,0,14,1775
2025-12-31,SKU00586,89,0,14,144
2025-12-31,SKU00588,76,0,14,89
2025-12-31,SKU00589,7364,0,14,1594
2025-12-31,SKU00590,198,0,14,117
2025-12-31,SKU00591,228,0,14,174
2025-12-31,SKU00592,9087,0,14,2024
2025-12-31,SKU00593,62,0,14,94
2025-12-31,SKU00594,36,0,14,98
2025-12-31,SKU00595,357,0,14,142
2025-12-31,SKU00596,143,0,14,154
2025-12-31,SKU00597,190,0,14,230
2025-12-31,SKU00598,6544,0,14,1531
2025-12-31,SKU00599,358,0,14,161
2025-12-31,SKU00601,26,0,14,46
2025-12-31,SKU00602,60,0,14,97
2025-12-31,SKU00603,240,0,14,120
2025-12-31,SKU00604,147,0,14,72
2025-12-31,SKU00605,584,0,14,345
2025-12-31,SKU00606,593,0,14,444
2025-12-31,SKU00607,73,0,14,126
2025-12-31,SKU00608,3196,0,14,713
2025-12-31,SKU00609,37,0,14,75
2025-12-31,SKU00610,178,0,14,93
2025-12-31,SKU00611,255,0,14,204
2025-12-31,SKU00612,29,0,14,34
2025-12-31,SKU00613,261,0,14,183
2025-12-31,SKU00614,257,0,14,166
2025-12-31,SKU00615,166,0,14,197
2025-12-31,SKU00616,78,0,14,53
2025-12-31,SKU00617,107,0,14,66
2025-12-31,SKU00618,186,0,14,94
2025-12-31,SKU00619,411,0,14,177
2025-12-31,SKU00620,366,0,14,214
2025-12-31,SKU00621,257,0,14,310
2025-12-31,SKU00622,179,0,14,140
2025-12-31,SKU00623,27,0,14,30
2025-12-31,SKU00624,204,0,14,161
2025-12-31,SKU00625,197,0,14,217
2025-12-31,SKU00626,54,0,14,26
2025-12-31,SKU00628,42,0,14,1059
2025-12-31,SKU00629,284,0,14,293
2025-12-31,SKU00630,87,0,14,45
2025-12-31,SKU00631,7302,0,14,1732
2025-12-31,SKU00632,282,0,14,186
2025-12-31,SKU00633,705,0,14,392
2025-12-31,SKU00634,208,0,14,85
2025-12-31,SKU00635,386,0,14,255
2025-12-31,SKU00637,132,0,14,88
2025-12-31,SKU00638,5795,0,14,1223
2025-12-31,SKU00639,83,0,14,71
2025-12-31,SKU00641,267,0,14,108
2025-12-31,SKU00642,64,0,14,40
2025-12-31,SKU00643,268,0,14,277
2025-12-31,SKU00644,162,0,14,91
2025-12-31,SKU00645,8402,0,14,1803
2025-12-31,SKU00646,307,0,14,159
2025-12-31,SKU00647,107,0,14,66
2025-12-31,SKU00648,211,0,14,113
2025-12-31,SKU00649,8091,0,14,1842
2025-12-31,SKU00650,4384,0,14,990
2025-12-31,SKU00651,69,0,14,41
2025-12-31,SKU00652,180,0,14,83
2025-12-31,SKU00653,40,0,14,25
2025-12-31,SKU00654,7861,0,14,1835
2025-12-31,SKU00655,22,0,14,54
2025-12-31,SKU00657,0,0,14,29
2025-12-31,SKU00660,3,0,14,34
2025-12-31,SKU00662,6028,0,14,1429
2025-12-31,SKU00664,9,0,14,49
2025-12-31,SKU00665,49,0,14,39
2025-12-31,SKU00666,17,0,14,65
2025-12-31,SKU00667,322,0,14,216
2025-12-31,SKU00668,144,0,14,104
2025-12-31,SKU00669,347,0,14,258
2025-12-31,SKU00670,145,0,14,153
2025-12-31,SKU00671,566,0,14,309
2025-12-31,SKU00672,129,0,14,77
2025-12-31,SKU00673,179,0,14,191
2025-12-31,SKU00674,333,0,14,160
2025-12-31,SKU00676,69,0,14,25
2025-12-31,SKU00677,394,0,14,380
2025-12-31,SKU00678,526,0,14,194
2025-12-31,SKU00679,4734,0,14,1050
2025-12-31,SKU00680,264,0,14,270
2025-12-31,SKU00681,139,0,14,134
2025-12-31,SKU00682,8021,0,14,1791
2025-12-31,SKU00683,78,0,14,45
2025-12-31,SKU00684,392,0,14,237
2025-12-31,SKU00685,244,0,14,204
2025-12-31,SKU00686,683,0,14,287
2025-12-31,SKU00687,60,0,14,149
2025-12-31,SKU00688,46,0,14,25
2025-12-31,SKU00690,115,0,14,94
2025-12-31,SKU00691,6861,0,14,1612
2025-12-31,SKU00692,0,0,14,1261
2025-12-31,SKU00693,188,0,14,122
2025-12-31,SKU00694,0,0,14,28
2025-12-31,SKU00696,32,0,14,24
2025-12-31,SKU00697,260,0,14,160
2025-12-31,SKU00698,182,0,14,186
2025-12-31,SKU00699,7691,0,14,1709
2025-12-31,SKU00700,18,0,14,68
2025-12-31,SKU00701,179,0,14,63
2025-12-31,SKU00702,324,0,14,174
2025-12-31,SKU00703,259,0,14,94
2025-12-31,SKU00704,226,0,14,256
2025-12-31,SKU00705,86,0,14,68
2025-12-31,SKU00706,7183,0,14,1629
2025-12-31,SKU00707,63,0,14,63
2025-12-31,SKU00708,144,0,14,85
2025-12-31,SKU00710,412,0,14,243
2025-12-31,SKU00711,213,0,14,143
2025-12-31,SKU00712,477,0,14,289
2025-12-31,SKU00713,389,0,14,271
2025-12-31,SKU00714,42,0,14,72
2025-12-31,SKU00715,337,0,14,175
2025-12-31,SKU00716,51,0,14,40
2025-12-31,SKU00717,490,0,14,354
2025-12-31,SKU00719,371,0,14,250
2025-12-31,SKU00720,95,0,14,41
2025-12-31,SKU00721,6548,0,14,1403
2025-12-31,SKU00722,108,0,14,66
2025-12-31,SKU00723,124,0,14,92
2025-12-31,SKU00724,78,0,14,36
2025-12-31,SKU00726,136,0,14,166
2025-12-31,SKU00727,209,0,14,110
2025-12-31,SKU00728,0,0,14,1199
2025-12-31,SKU00729,366,0,14,254
2025-12-31,SKU00732,6454,0,14,1393
2025-12-31,SKU00733,272,0,14,148
2025-12-31,SKU00734,7013,0,14,1480
2025-12-31,SKU00735,160,0,14,127
2025-12-31,SKU00736,106,0,14,146
2025-12-31,SKU00737,4,0,14,27
2025-12-31,SKU00738,60,0,14,78
2025-12-31,SKU00739,144,0,14,94
2025-12-31,SKU00740,4982,0,14,1113
2025-12-31,SKU00741,23,0,14,20
2025-12-31,SKU00742,551,0,14,377
2025-12-31,SKU00743,105,0,14,68
2025-12-31,SKU00744,60,0,14,52
2025-12-31,SKU00745,99,0,14,37
2025-12-31,SKU00746,37,0,14,20
2025-12-31,SKU00747,74,0,14,61
2025-12-31,SKU00748,54,0,14,22
2025-12-31,SKU00749,8237,0,14,1803
2025-12-31,SKU00751,484,0,14,219
2025-12-31,SKU00752,103,0,14,146
2025-12-31,SKU00754,432,0,14,200
2025-12-31,SKU00755,138,0,14,66
2025-12-31,SKU00756,241,0,14,119
2025-12-31,SKU00758,6798,0,14,1514
2025-12-31,SKU00759,234,0,14,125
2025-12-31,SKU00760,203,0,14,118
2025-12-31,SKU00761,300,0,14,164
2025-12-31,SKU00762,290,0,14,117
2025-12-31,SKU00763,202,0,14,125
2025-12-31,SKU00764,112,0,14,65
2025-12-31,SKU00765,507,0,14,248
2025-12-31,SKU00766,61,0,14,66
2025-12-31,SKU00767,4371,0,14,1035
2025-12-31,SKU00768,267,0,14,161
2025-12-31,SKU00769,89,0,14,130
2025-12-31,SKU00770,53,0,14,40
2025-12-31,SKU00772,378,0,14,327
2025-12-31,SKU00773,208,0,14,201
2025-12-31,SKU00774,0,0,14,1321
2025-12-31,SKU00775,7225,0,14,1593
2025-12-31,SKU00776,284,0,14,150
2025-12-31,SKU00777,92,0,14,93
2025-12-31,SKU00778,635,0,14,283
2025-12-31,SKU00779,50,0,14,49
2025-12-31,SKU00780,137,0,14,107
2025-12-31,SKU00781,97,0,14,40
2025-12-31,SKU00782,249,0,14,146
2025-12-31,SKU00783,442,0,14,241
2025-12-31,SKU00784,335,0,14,251
2025-12-31,SKU00785,321,0,14,245
2025-12-31,SKU00786,115,0,14,126
2025-12-31,SKU00787,468,0,14,374
2025-12-31,SKU00788,4093,0,14,1043
2025-12-31,SKU00789,117,0,14,75
2025-12-31,SKU00791,277,0,14,165
2025-12-31,SKU00792,109,0,14,262
2025-12-31,SKU00793,95,0,14,97
2025-12-31,SKU00794,95,0,14,136
2025-12-31,SKU00795,113,0,14,102
2025-12-31,SKU00796,12,0,14,180
2025-12-31,SKU00797,85,0,14,44
2025-12-31,SKU00798,198,0,14,112
2025-12-31,SKU00799,408,0,14,172
2025-12-31,SKU00800,311,0,14,254
2025-12-31,SKU00801,189,0,14,117
2025-12-31,SKU00802,39,0,14,33
2025-12-31,SKU00803,195,0,14,108
2025-12-31,SKU00804,269,0,14,356
2025-12-31,SKU00805,185,0,14,124
2025-12-31,SKU00806,462,0,14,216
2025-12-31,SKU00807,44,0,14,58
2025-12-31,SKU00808,28,0,14,47
2025-12-31,SKU00809,118,0,14,181
2025-12-31,SKU00810,284,0,14,179
2025-12-31,SKU00811,519,0,14,229
2025-12-31,SKU00813,254,0,14,132
2025-12-31,SKU00815,102,0,14,38
2025-12-31,SKU00816,2,0,14,99
2025-12-31,SKU00818,324,0,14,206
2025-12-31,SKU00819,765,0,14,376
2025-12-31,SKU00820,269,0,14,94
2025-12-31,SKU00821,6430,0,14,1530
2025-12-31,SKU00822,314,0,14,129
2025-12-31,SKU00823,0,0,14,1320
2025-12-31,SKU00824,165,0,14,209
2025-12-31,SKU00825,33,0,14,69
2025-12-31,SKU00827,337,0,14,192
2025-12-31,SKU00828,285,0,14,151
2025-12-31,SKU00829,145,0,14,166
2025-12-31,SKU00830,0,0,14,1303
2025-12-31,SKU00831,27,0,14,66
2025-12-31,SKU00832,0,0,14,1074
2025-12-31,SKU00833,125,0,14,68
2025-12-31,SKU00834,496,0,14,233
2025-12-31,SKU00835,333,0,14,316
2025-12-31,SKU00837,8483,0,14,2046
2025-12-31,SKU00838,23,0,14,49
2025-12-31,SKU00839,9,0,14,41
2025-12-31,SKU00840,765,0,14,472
2025-12-31,SKU00841,136,0,14,105
2025-12-31,SKU00842,190,0,14,140
2025-12-31,SKU00843,93,0,14,101
2025-12-31,SKU00844,252,0,14,155
2025-12-31,SKU00845,128,0,14,1158
2025-12-31,SKU00846,209,0,14,149
2025-12-31,SKU00848,261,0,14,211
2025-12-31,SKU00849,60,0,14,146
2025-12-31,SKU00850,241,0,14,131
2025-12-31,SKU00851,246,0,14,223
2025-12-31,SKU00852,235,0,14,147
2025-12-31,SKU00853,306,0,14,220
2025-12-31,SKU00854,382,0,14,181
2025-12-31,SKU00855,6862,0,14,1598
2025-12-31,SKU00856,214,0,14,135
2025-12-31,SKU00857,76,0,14,134
2025-12-31,SKU00858,7832,0,14,1692
2025-12-31,SKU00859,110,0,14,52
2025-12-31,SKU00860,5359,0,14,1205
2025-12-31,SKU00861,24,0,14,125
2025-12-31,SKU00863,78,0,14,148
2025-12-31,SKU00864,339,0,14,183
2025-12-31,SKU00865,221,0,14,97
2025-12-31,SKU00866,487,0,14,223
2025-12-31,SKU00867,49,0,14,81
2025-12-31,SKU00868,287,0,14,97
2025-12-31,SKU00869,367,0,14,168
2025-12-31,SKU00870,519,0,14,348
2025-12-31,SKU00872,223,0,14,223
2025-12-31,SKU00873,428,0,14,197
2025-12-31,SKU00874,4280,0,14,974
2025-12-31,SKU00875,297,0,14,154
2025-12-31,SKU00876,105,0,14,41
2025-12-31,SKU00877,14,0,14,43
2025-12-31,SKU00878,122,0,14,289
2025-12-31,SKU00879,105,0,14,100
2025-12-31,SKU00880,138,0,14,161
2025-12-31,SKU00881,286,0,14,173
2025-12-31,SKU00882,214,0,14,122
2025-12-31,SKU00883,230,0,14,154
2025-12-31,SKU00884,124,0,14,191
2025-12-31,SKU00885,138,0,14,47
2025-12-31,SKU00886,3,0,14,31
2025-12-31,SKU00887,184,0,14,113
2025-12-31,SKU00888,294,0,14,207
2025-12-31,SKU00889,275,0,14,100
2025-12-31,SKU00890,7185,0,14,1618
2025-12-31,SKU00891,113,0,14,89
2025-12-31,SKU00892,141,0,14,183
2025-12-31,SKU00893,107,0,14,984
2025-12-31,SKU00894,5444,0,14,1275
2025-12-31,SKU00895,355,0,14,238
2025-12-31,SKU00896,115,0,14,64
2025-12-31,SKU00897,180,0,14,144
2025-12-31,SKU00898,284,0,14,136
2025-12-31,SKU00899,289,0,14,103
2025-12-31,SKU00900,524,0,14,251
2025-12-31,SKU00901,153,0,14,86
2025-12-31,SKU00902,364,0,14,198
2025-12-31,SKU00904,207,0,14,83
2025-12-31,SKU00905,144,0,14,119
2025-12-31,SKU00906,6529,0,14,1440
2025-12-31,SKU00908,124,0,14,110
2025-12-31,SKU00909,269,0,14,175
2025-12-31,SKU00911,242,0,14,132
2025-12-31,SKU00912,164,0,14,146
2025-12-31,SKU00913,117,0,14,83
2025-12-31,SKU00914,177,0,14,111
2025-12-31,SKU00915,171,0,14,171
2025-12-31,SKU00916,510,0,14,292
2025-12-31,SKU00917,172,0,14,97
2025-12-31,SKU00918,150,0,14,88
2025-12-31,SKU00919,693,0,14,273
2025-12-31,SKU00920,0,0,14,1260
2025-12-31,SKU00921,86,0,14,81
2025-12-31,SKU00922,7,0,14,93
2025-12-31,SKU00923,107,0,14,142
2025-12-31,SKU00924,23,0,14,90
2025-12-31,SKU00925,229,0,14,142
2025-12-31,SKU00926,275,0,14,262
2025-12-31,SKU00927,457,0,14,241
2025-12-31,SKU00928,229,0,14,152
2025-12-31,SKU00929,171,0,14,1480
2025-12-31,SKU00930,183,0,14,185
2025-12-31,SKU00931,417,0,14,176
2025-12-31,SKU00932,8091,0,14,1922
2025-12-31,SKU00933,115,0,14,66
2025-12-31,SKU00934,192,0,14,110
2025-12-31,SKU00935,7070,0,14,1609
2025-12-31,SKU00936,5503,0,14,1225
2025-12-31,SKU00937,265,0,14,213
2025-12-31,SKU00938,80,0,14,64
2025-12-31,SKU00939,370,0,14,194
2025-12-31,SKU00940,640,0,14,328
2025-12-31,SKU00942,0,0,14,1293
2025-12-31,SKU00944,122,0,14,183
2025-12-31,SKU00945,430,0,14,230
2025-12-31,SKU00946,144,0,14,99
2025-12-31,SKU00948,100,0,14,49
2025-12-31,SKU00949,230,0,14,209
2025-12-31,SKU00950,221,0,14,92
2025-12-31,SKU00951,191,0,14,154
2025-12-31,SKU00953,0,0,14,1107
2025-12-31,SKU00954,7648,0,14,1873
2025-12-31,SKU00955,246,0,14,159
2025-12-31,SKU00956,13,0,14,119
2025-12-31,SKU00957,211,0,14,87
2025-12-31,SKU00958,3732,0,14,809
2025-12-31,SKU00959,51,0,14,42
2025-12-31,SKU00960,347,0,14,164
2025-12-31,SKU00961,321,0,14,143
2025-12-31,SKU00962,141,0,14,81
2025-12-31,SKU00963,195,0,14,79
2025-12-31,SKU00964,86,0,14,108
2025-12-31,SKU00965,7641,0,14,1718
2025-12-31,SKU00966,162,0,14,91
2025-12-31,SKU00967,119,0,14,51
2025-12-31,SKU00968,176,0,14,203
2025-12-31,SKU00970,267,0,14,169
2025-12-31,SKU00971,193,0,14,212
2025-12-31,SKU00972,5611,0,14,1188
2025-12-31,SKU00973,466,0,14,274
2025-12-31,SKU00974,0,0,14,823
2025-12-31,SKU00975,413,0,14,196
2025-12-31,SKU00976,234,0,14,1327
2025-12-31,SKU00977,208,0,14,110
2025-12-31,SKU00978,8163,0,14,1682
2025-12-31,SKU00979,26,0,14,59
2025-12-31,SKU00980,62,0,14,151
2025-12-31,SKU00981,237,0,14,171
2025-12-31,SKU00982,161,0,14,135
2025-12-31,SKU00983,253,0,14,101
2025-12-31,SKU00984,150,0,14,181
2025-12-31,SKU00986,7521,0,14,1700
2025-12-31,SKU00987,9126,0,14,1998
2025-12-31,SKU00988,61,0,14,30
2025-12-31,SKU00989,246,0,14,116
2025-12-31,SKU00990,490,0,14,333
2025-12-31,SKU00991,6857,0,14,1587
2025-12-31,SKU00992,179,0,14,124
2025-12-31,SKU00993,64,0,14,29
2025-12-31,SKU00994,0,0,14,1267
2025-12-31,SKU00996,158,0,14,1749
2025-12-31,SKU00997,339,0,14,213
2025-12-31,SKU00998,109,0,14,94
2025-12-31,SKU01001,281,0,14,150
2025-12-31,SKU01002,144,0,14,98
2025-12-31,SKU01003,180,0,14,156
2025-12-31,SKU01004,248,0,14,172
2025-12-31,SKU01005,222,0,14,199
2025-12-31,SKU01006,337,0,14,131
2025-12-31,SKU01007,305,0,14,294
2025-12-31,SKU01008,118,0,14,72
2025-12-31,SKU01009,0,0,14,1256
2025-12-31,SKU01010,67,0,14,201
2025-12-31,SKU01011,24,0,14,75
2025-12-31,SKU01012,404,0,14,252
2025-12-31,SKU01015,291,0,14,234
2025-12-31,SKU01017,4908,0,14,1092
2025-12-31,SKU01018,221,0,14,113
2025-12-31,SKU01019,125,0,14,84
2025-12-31,SKU01020,76,0,14,229
2025-12-31,SKU01021,0,0,14,1778
2025-12-31,SKU01022,228,0,14,210
2025-12-31,SKU01023,5138,0,14,1367
2025-12-31,SKU01024,64,0,14,27
2025-12-31,SKU01025,472,0,14,293
2025-12-31,SKU01027,124,0,14,58
2025-12-31,SKU01028,123,0,14,172
2025-12-31,SKU01029,297,0,14,200
2025-12-31,SKU01030,0,0,14,1257
2025-12-31,SKU01031,7383,0,14,1821
2025-12-31,SKU01032,5816,0,14,1392
2025-12-31,SKU01033,253,0,14,188
2025-12-31,SKU01034,5335,0,14,1058
2025-12-31,SKU01036,118,0,14,100
2025-12-31,SKU01037,0,0,14,1308
2025-12-31,SKU01038,7546,0,14,1644
2025-12-31,SKU01039,40,0,14,49
2025-12-31,SKU01041,44,0,14,134
2025-12-31,SKU01042,7768,0,14,1711
2025-12-31,SKU01043,150,0,14,123
2025-12-31,SKU01044,284,0,14,198
2025-12-31,SKU01045,0,0,14,1256
2025-12-31,SKU01046,7262,0,14,1695
2025-12-31,SKU01047,159,0,14,141
2025-12-31,SKU01048,70,0,14,1251
2025-12-31,SKU01049,122,0,14,53
2025-12-31,SKU01050,64,0,14,57
2025-12-31,SKU01052,5998,0,14,1348
2025-12-31,SKU01053,303,0,14,219
2025-12-31,SKU01054,271,0,14,119
2025-12-31,SKU01055,21,0,14,52
2025-12-31,SKU01056,279,0,14,141
2025-12-31,SKU01057,85,0,14,51
2025-12-31,SKU01058,91,0,14,48
2025-12-31,SKU01059,162,0,14,99
2025-12-31,SKU01061,278,0,14,126
2025-12-31,SKU01063,7715,0,14,1758
2025-12-31,SKU01064,371,0,14,166
2025-12-31,SKU01065,81,0,14,61
2025-12-31,SKU01066,311,0,14,244
2025-12-31,SKU01067,499,0,14,286
2025-12-31,SKU01068,8004,0,14,1741
2025-12-31,SKU01069,30,0,14,30
2025-12-31,SKU01070,7217,0,14,1643
2025-12-31,SKU01071,405,0,14,217
2025-12-31,SKU01072,241,0,14,214
2025-12-31,SKU01073,269,0,14,120
2025-12-31,SKU01074,106,0,14,49
2025-12-31,SKU01075,6602,0,14,1413
2025-12-31,SKU01076,370,0,14,220
2025-12-31,SKU01077,11,0,14,65
2025-12-31,SKU01078,229,0,14,194
2025-12-31,SKU01081,696,0,14,376
2025-12-31,SKU01082,363,0,14,223
2025-12-31,SKU01083,13,0,14,34
2025-12-31,SKU01085,360,0,14,213
2025-12-31,SKU01086,421,0,14,337
2025-12-31,SKU01087,62,0,14,140
2025-12-31,SKU01088,185,0,14,126
2025-12-31,SKU01090,16,0,14,21
2025-12-31,SKU01091,62,0,14,79
2025-12-31,SKU01092,459,0,14,286
2025-12-31,SKU01093,19,0,14,71
2025-12-31,SKU01094,103,0,14,37
2025-12-31,SKU01095,170,0,14,79
2025-12-31,SKU01096,118,0,14,95
2025-12-31,SKU01097,91,0,14,112
2025-12-31,SKU01099,102,0,14,108
2025-12-31,SKU01100,304,0,14,183
2025-12-31,SKU01101,90,0,14,55
2025-12-31,SKU01102,83,0,14,73
2025-12-31,SKU01103,34,0,14,34
2025-12-31,SKU01104,7823,0,14,1755
2025-12-31,SKU01106,71,0,14,87
2025-12-31,SKU01107,318,0,14,187
2025-12-31,SKU01108,253,0,14,133
2025-12-31,SKU01109,395,0,14,232
2025-12-31,SKU01110,79,0,14,97
2025-12-31,SKU01112,7745,0,14,1798
2025-12-31,SKU01113,153,0,14,95
2025-12-31,SKU01114,124,0,14,111
2025-12-31,SKU01115,3,0,14,25
2025-12-31,SKU01116,71,0,14,49
2025-12-31,SKU01117,557,0,14,288
2025-12-31,SKU01118,70,0,14,165
2025-12-31,SKU01119,126,0,14,174
2025-12-31,SKU01120,220,0,14,147
2025-12-31,SKU01121,225,0,14,236
2025-12-31,SKU01122,20,0,14,97
2025-12-31,SKU01123,283,0,14,220
2025-12-31,SKU01124,614,0,14,344
2025-12-31,SKU01125,173,0,14,158
2025-12-31,SKU01127,197,0,14,244
2025-12-31,SKU01128,276,0,14,200
2025-12-31,SKU01129,52,0,14,89
2025-12-31,SKU01130,248,0,14,136
2025-12-31,SKU01131,124,0,14,86
2025-12-31,SKU01132,445,0,14,273
2025-12-31,SKU01133,7078,0,14,1686
2025-12-31,SKU01134,57,0,14,59
2025-12-31,SKU01135,176,0,14,82
2025-12-31,SKU01136,498,0,14,237
2025-12-31,SKU01137,401,0,14,171
2025-12-31,SKU01138,0,0,14,1541
2025-12-31,SKU01140,541,0,14,255
2025-12-31,SKU01142,272,0,14,150
2025-12-31,SKU01143,3,0,14,93
2025-12-31,SKU01144,425,0,14,287
2025-12-31,SKU01145,449,0,14,156
2025-12-31,SKU01146,422,0,14,314
2025-12-31,SKU01147,108,0,14,198
2025-12-31,SKU01148,64,0,14,29
2025-12-31,SKU01149,32,0,14,26
2025-12-31,SKU01150,54,0,14,81
2025-12-31,SKU01151,256,0,14,136
2025-12-31,SKU01152,0,0,14,1646
2025-12-31,SKU01153,0,0,14,1412
2025-12-31,SKU01154,163,0,14,62
2025-12-31,SKU01155,382,0,14,257
2025-12-31,SKU01156,190,0,14,162
2025-12-31,SKU01157,454,0,14,199
2025-12-31,SKU01158,5024,0,14,1047
2025-12-31,SKU01159,64,0,14,70
2025-12-31,SKU01160,467,0,14,179
2025-12-31,SKU01161,120,0,14,70
2025-12-31,SKU01162,186,0,14,98
2025-12-31,SKU01163,160,0,14,166
2025-12-31,SKU01164,323,0,14,1090
2025-12-31,SKU01165,203,0,14,158
2025-12-31,SKU01167,4604,0,14,1195
2025-12-31,SKU01168,51,0,14,79
2025-12-31,SKU01169,129,0,14,179
2025-12-31,SKU01170,0,0,14,1338
2025-12-31,SKU01171,8117,0,14,1805
2025-12-31,SKU01172,117,0,14,51
2025-12-31,SKU01174,9037,0,14,1898
2025-12-31,SKU01175,260,0,14,148
2025-12-31,SKU01176,468,0,14,240
2025-12-31,SKU01177,49,0,14,79
2025-12-31,SKU01178,1,0,14,20
2025-12-31,SKU01179,7122,0,14,1622
2025-12-31,SKU01181,184,0,14,70
2025-12-31,SKU01182,85,0,14,44
2025-12-31,SKU01183,152,0,14,119
2025-12-31,SKU01184,8,0,14,56
2025-12-31,SKU01185,101,0,14,94
2025-12-31,SKU01186,245,0,14,176
2025-12-31,SKU01187,4938,0,14,1092
2025-12-31,SKU01188,208,0,14,122
2025-12-31,SKU01189,0,0,14,972
2025-12-31,SKU01190,58,0,14,45
2025-12-31,SKU01191,7071,0,14,1585
2025-12-31,SKU01193,115,0,14,41
2025-12-31,SKU01194,346,0,14,246
2025-12-31,SKU01195,521,0,14,371
2025-12-31,SKU01196,171,0,14,136
2025-12-31,SKU01199,179,0,14,223
2025-12-31,SKU01200,4575,0,14,1044
2025-12-31,SKU01201,156,0,14,132
2025-12-31,SKU01202,100,0,14,78
2025-12-31,SKU01203,264,0,14,251
2025-12-31,SKU01204,42,0,14,26
2025-12-31,SKU01205,317,0,14,175
2025-12-31,SKU01206,287,0,14,163
2025-12-31,SKU01207,213,0,14,141
2025-12-31,SKU01208,241,0,14,146
2025-12-31,SKU01209,59,0,14,33
2025-12-31,SKU01210,377,0,14,247
2025-12-31,SKU01211,206,0,14,152
2025-12-31,SKU01213,198,0,14,144
2025-12-31,SKU01215,377,0,14,138
2025-12-31,SKU01216,250,0,14,215
2025-12-31,SKU01217,103,0,14,47
2025-12-31,SKU01218,156,0,14,126
2025-12-31,SKU01220,212,0,14,74
2025-12-31,SKU01221,4,0,14,77
2025-12-31,SKU01222,328,0,14,213
2025-12-31,SKU01223,61,0,14,25
2025-12-31,SKU01224,7713,0,14,1629
2025-12-31,SKU01225,201,0,14,277
2025-12-31,SKU01226,92,0,14,47
2025-12-31,SKU01227,165,0,14,157
2025-12-31,SKU01228,137,0,14,97
2025-12-31,SKU01229,7128,0,14,1594
2025-12-31,SKU01230,402,0,14,206
2025-12-31,SKU01231,25,0,14,20
2025-12-31,SKU01232,20,0,14,35
2025-12-31,SKU01234,244,0,14,98
2025-12-31,SKU01235,74,0,14,83
2025-12-31,SKU01236,232,0,14,95
2025-12-31,SKU01237,228,0,14,195
2025-12-31,SKU01238,337,0,14,152
2025-12-31,SKU01241,207,0,14,95
2025-12-31,SKU01242,349,0,14,202
2025-12-31,SKU01243,202,0,14,85
2025-12-31,SKU01246,174,0,14,289
2025-12-31,SKU01247,463,0,14,228
2025-12-31,SKU01248,82,0,14,88
2025-12-31,SKU01249,44,0,14,113
2025-12-31,SKU01250,22,0,14,26
2025-12-31,SKU01251,231,0,14,222
2025-12-31,SKU01253,177,0,14,171
2025-12-31,SKU01254,180,0,14,118
2025-12-31,SKU01255,170,0,14,150
2025-12-31,SKU01256,4290,0,14,1055
2025-12-31,SKU01257,480,0,14,290
2025-12-31,SKU01258,145,0,14,231
2025-12-31,SKU01259,145,0,14,94
2025-12-31,SKU01261,106,0,14,56
2025-12-31,SKU01262,370,0,14,208
2025-12-31,SKU01263,273,0,14,94
2025-12-31,SKU01264,5425,0,14,1155
2025-12-31,SKU01265,99,0,14,86
2025-12-31,SKU01266,301,0,14,277
2025-12-31,SKU01267,326,0,14,153
2025-12-31,SKU01268,513,0,14,294
2025-12-31,SKU01269,78,0,14,69
2025-12-31,SKU01270,445,0,14,215
2025-12-31,SKU01271,171,0,14,174
2025-12-31,SKU01272,107,0,14,134
2025-12-31,SKU01273,186,0,14,91
2025-12-31,SKU01274,0,0,14,1452
2025-12-31,SKU01275,254,0,14,155
2025-12-31,SKU01276,114,0,14,177
2025-12-31,SKU01277,221,0,14,115
2025-12-31,SKU01278,367,0,14,209
2025-12-31,SKU01280,364,0,14,245
2025-12-31,SKU01281,133,0,14,116
2025-12-31,SKU01282,446,0,14,214
2025-12-31,SKU01283,142,0,14,84
2025-12-31,SKU01284,81,0,14,64
2025-12-31,SKU01286,96,0,14,76
2025-12-31,SKU01287,8837,0,14,1877
2025-12-31,SKU01288,140,0,14,97
2025-12-31,SKU01289,58,0,14,22
2025-12-31,SKU01290,365,0,14,196
2025-12-31,SKU01292,150,0,14,70
2025-12-31,SKU01293,90,0,14,79
2025-12-31,SKU01294,44,0,14,106
2025-12-31,SKU01295,31,0,14,100
2025-12-31,SKU01296,156,0,14,112
2025-12-31,SKU01297,81,0,14,43
2025-12-31,SKU01298,127,0,14,74
2025-12-31,SKU01299,286,0,14,122
2025-12-31,SKU01301,168,0,14,236
2025-12-31,SKU01302,368,0,14,262
2025-12-31,SKU01303,7196,0,14,1639
2025-12-31,SKU01305,253,0,14,241
2025-12-31,SKU01306,39,0,14,55
2025-12-31,SKU01308,8,0,14,70
2025-12-31,SKU01309,354,0,14,161
2025-12-31,SKU01310,8360,0,14,1901
2025-12-31,SKU01311,83,0,14,87
2025-12-31,SKU01312,404,0,14,160
2025-12-31,SKU01313,287,0,14,210
2025-12-31,SKU01314,210,0,14,138
2025-12-31,SKU01315,209,0,14,119
2025-12-31,SKU01316,331,0,14,177
2025-12-31,SKU01317,142,0,14,1566
2025-12-31,SKU01318,7148,0,14,1639
2025-12-31,SKU01319,203,0,14,173
2025-12-31,SKU01320,642,0,14,355
2025-12-31,SKU01321,561,0,14,347
2025-12-31,SKU01323,476,0,14,202
2025-12-31,SKU01324,80,0,14,74
2025-12-31,SKU01325,46,0,14,103
2025-12-31,SKU01326,233,0,14,194
2025-12-31,SKU01327,69,0,14,30
2025-12-31,SKU01328,118,0,14,77
2025-12-31,SKU01329,158,0,14,96
2025-12-31,SKU01330,59,0,14,31
2025-12-31,SKU01331,633,0,14,258
2025-12-31,SKU01332,158,0,14,99
2025-12-31,SKU01333,245,0,14,181
2025-12-31,SKU01334,7,0,14,92
2025-12-31,SKU01335,132,0,14,52
2025-12-31,SKU01336,293,0,14,164
2025-12-31,SKU01337,7791,0,14,1746
2025-12-31,SKU01338,144,0,14,127
2025-12-31,SKU01339,8910,0,14,1887
2025-12-31,SKU01340,6594,0,14,1446
2025-12-31,SKU01341,390,0,14,190
2025-12-31,SKU01342,399,0,14,244
2025-12-31,SKU01343,85,0,14,128
2025-12-31,SKU01346,111,0,14,142
2025-12-31,SKU01347,6574,0,14,1451
2025-12-31,SKU01348,44,0,14,58
2025-12-31,SKU01349,64,0,14,65
2025-12-31,SKU01350,55,0,14,23
2025-12-31,SKU01351,537,0,14,263
2025-12-31,SKU01352,149,0,14,108
2025-12-31,SKU01354,22,0,14,96
2025-12-31,SKU01355,363,0,14,201
2025-12-31,SKU01356,6931,0,14,1502
2025-12-31,SKU01357,295,0,14,172
2025-12-31,SKU01358,174,0,14,111
2025-12-31,SKU01359,172,0,14,167
2025-12-31,SKU01360,610,0,14,278
2025-12-31,SKU01361,329,0,14,224
2025-12-31,SKU01362,339,0,14,158
2025-12-31,SKU01363,19,0,14,1026
2025-12-31,SKU01365,144,0,14,162
2025-12-31,SKU01366,216,0,14,173
2025-12-31,SKU01367,77,0,14,80
2025-12-31,SKU01369,141,0,14,74
2025-12-31,SKU01370,0,0,14,1392
2025-12-31,SKU01371,0,0,14,1230
2025-12-31,SKU01372,31,0,14,83
2025-12-31,SKU01373,28,0,14,36
2025-12-31,SKU01374,99,0,14,127
2025-12-31,SKU01375,185,0,14,131
2025-12-31,SKU01376,154,0,14,83
2025-12-31,SKU01377,43,0,14,41
2025-12-31,SKU01378,50,0,14,99
2025-12-31,SKU01379,264,0,14,99
2025-12-31,SKU01382,259,0,14,159
2025-12-31,SKU01383,292,0,14,203
2025-12-31,SKU01384,131,0,14,84
2025-12-31,SKU01385,67,0,14,50
2025-12-31,SKU01386,352,0,14,236
2025-12-31,SKU01387,203,0,14,150
2025-12-31,SKU01388,10,0,14,27
2025-12-31,SKU01389,474,0,14,326
2025-12-31,SKU01390,307,0,14,152
2025-12-31,SKU01391,14,0,14,66
2025-12-31,SKU01392,4808,0,14,1114
2025-12-31,SKU01393,257,0,14,149
2025-12-31,SKU01394,94,0,14,84
2025-12-31,SKU01395,267,0,14,218
2025-12-31,SKU01396,8350,0,14,1800
2025-12-31,SKU01397,54,0,14,33
2025-12-31,SKU01398,175,0,14,320
2025-12-31,SKU01399,224,0,14,134
2025-12-31,SKU01401,874,0,14,367
2025-12-31,SKU01402,584,0,14,268
2025-12-31,SKU01403,202,0,14,181
2025-12-31,SKU01404,47,0,14,47
2025-12-31,SKU01405,550,0,14,308
2025-12-31,SKU01406,122,0,14,138
2025-12-31,SKU01407,7961,0,14,1735
2025-12-31,SKU01411,116,0,14,69
2025-12-31,SKU01412,158,0,14,93
2025-12-31,SKU01413,4195,0,14,856
2025-12-31,SKU01414,0,0,14,1467
2025-12-31,SKU01415,361,0,14,250
2025-12-31,SKU01416,213,0,14,175
2025-12-31,SKU01417,101,0,14,34
2025-12-31,SKU01418,95,0,14,96
2025-12-31,SKU01419,94,0,14,58
2025-12-31,SKU01420,0,0,14,1291
2025-12-31,SKU01421,23,0,14,27
2025-12-31,SKU01422,167,0,14,217
2025-12-31,SKU01423,8702,0,14,1858
2025-12-31,SKU01424,6,0,14,50
2025-12-31,SKU01425,347,0,14,263
2025-12-31,SKU01427,22,0,14,75
2025-12-31,SKU01428,7485,0,14,1615
2025-12-31,SKU01429,339,0,14,187
2025-12-31,SKU01430,238,0,14,112
2025-12-31,SKU01431,171,0,14,81
2025-12-31,SKU01433,8401,0,14,1892
2025-12-31,SKU01434,397,0,14,247
2025-12-31,SKU01436,77,0,14,56
2025-12-31,SKU01437,370,0,14,212
2025-12-31,SKU01438,0,0,14,1033
2025-12-31,SKU01439,156,0,14,71
2025-12-31,SKU01440,81,0,14,76
2025-12-31,SKU01441,6621,0,14,1454
2025-12-31,SKU01442,94,0,14,90
2025-12-31,SKU01443,155,0,14,79
2025-12-31,SKU01444,415,0,14,204
2025-12-31,SKU01445,325,0,14,161
2025-12-31,SKU01446,143,0,14,212
2025-12-31,SKU01450,91,0,14,123
2025-12-31,SKU01451,271,0,14,161
2025-12-31,SKU01452,115,0,14,72
2025-12-31,SKU01453,355,0,14,151
2025-12-31,SKU01454,136,0,14,104
2025-12-31,SKU01455,423,0,14,382
2025-12-31,SKU01456,404,0,14,302
2025-12-31,SKU01457,5091,0,14,1193
2025-12-31,SKU01458,212,0,14,85
2025-12-31,SKU01459,337,0,14,187
2025-12-31,SKU01460,571,0,14,220
2025-12-31,SKU01461,123,0,14,139
2025-12-31,SKU01462,168,0,14,85
2025-12-31,SKU01463,151,0,14,54
2025-12-31,SKU01464,52,0,14,55
2025-12-31,SKU01465,233,0,14,128
2025-12-31,SKU01466,0,0,14,1683
2025-12-31,SKU01467,205,0,14,117
2025-12-31,SKU01468,490,0,14,334
2025-12-31,SKU01469,380,0,14,190
2025-12-31,SKU01470,274,0,14,134
2025-12-31,SKU01471,373,0,14,155
2025-12-31,SKU01472,611,0,14,277
2025-12-31,SKU01473,176,0,14,125
2025-12-31,SKU01476,121,0,14,43
2025-12-31,SKU01477,68,0,14,40
2025-12-31,SKU01479,330,0,14,239
2025-12-31,SKU01480,48,0,14,60
2025-12-31,SKU01481,273,0,14,239
2025-12-31,SKU01483,297,0,14,150
2025-12-31,SKU01484,6,0,14,100
2025-12-31,SKU01485,0,0,14,1043
2025-12-31,SKU01486,164,0,14,136
2025-12-31,SKU01487,76,0,14,47
2025-12-31,SKU01488,127,0,14,49
2025-12-31,SKU01489,56,0,14,74
2025-12-31,SKU01490,211,0,14,74
2025-12-31,SKU01491,137,0,14,81
2025-12-31,SKU01492,504,0,14,281
2025-12-31,SKU01493,185,0,14,208
2025-12-31,SKU01494,623,0,14,394
2025-12-31,SKU01495,6202,0,14,1397
2025-12-31,SKU01496,281,0,14,98
2025-12-31,SKU01498,196,0,14,124
2025-12-31,SKU01499,0,0,14,43
2025-12-31,SKU01500,102,0,14,48
2025-12-31,SKU01501,164,0,14,83
2025-12-31,SKU01502,352,0,14,148
2025-12-31,SKU01503,61,0,14,96
2025-12-31,SKU01504,22,0,14,51
2025-12-31,SKU01505,237,0,14,80
2025-12-31,SKU01506,254,0,14,248
2025-12-31,SKU01507,108,0,14,1518
2025-12-31,SKU01508,167,0,14,95
2025-12-31,SKU01509,168,0,14,86
2025-12-31,SKU01510,67,0,14,38
2025-12-31,SKU01512,395,0,14,234
2025-12-31,SKU01513,96,0,14,223
2025-12-31,SKU01514,509,0,14,257
2025-12-31,SKU01515,237,0,14,183
2025-12-31,SKU01516,386,0,14,247
2025-12-31,SKU01517,110,0,14,140
2025-12-31,SKU01518,575,0,14,357
2025-12-31,SKU01519,536,0,14,347
2025-12-31,SKU01520,277,0,14,231
2025-12-31,SKU01521,210,0,14,196
2025-12-31,SKU01523,254,0,14,111
2025-12-31,SKU01524,188,0,14,127
2025-12-31,SKU01525,40,0,14,27
2025-12-31,SKU01526,299,0,14,138
2025-12-31,SKU01528,105,0,14,70
2025-12-31,SKU01529,349,0,14,224
2025-12-31,SKU01530,91,0,14,53
2025-12-31,SKU01531,92,0,14,92
2025-12-31,SKU01532,28,0,14,24
2025-12-31,SKU01533,185,0,14,244
2025-12-31,SKU01534,495,0,14,172
2025-12-31,SKU01535,154,0,14,81
2025-12-31,SKU01536,257,0,14,145
2025-12-31,SKU01537,13,0,14,61
2025-12-31,SKU01538,8929,0,14,1892
2025-12-31,SKU01539,130,0,14,122
2025-12-31,SKU01540,201,0,14,108
2025-12-31,SKU01542,9288,0,14,1985
2025-12-31,SKU01543,360,0,14,248
2025-12-31,SKU01544,64,0,14,42
2025-12-31,SKU01545,409,0,14,201
2025-12-31,SKU01546,35,0,14,126
2025-12-31,SKU01547,160,0,14,1397
2025-12-31,SKU01548,106,0,14,131
2025-12-31,SKU01549,317,0,14,231
2025-12-31,SKU01550,394,0,14,191
2025-12-31,SKU01551,275,0,14,141
2025-12-31,SKU01552,140,0,14,184
2025-12-31,SKU01553,82,0,14,85
2025-12-31,SKU01554,443,0,14,279
2025-12-31,SKU01555,11,0,14,41
2025-12-31,SKU01557,46,0,14,69
2025-12-31,SKU01558,7335,0,14,1616
2025-12-31,SKU01560,64,0,14,33
2025-12-31,SKU01561,189,0,14,165
2025-12-31,SKU01562,81,0,14,95
2025-12-31,SKU01564,30,0,14,119
2025-12-31,SKU01565,37,0,14,52
2025-12-31,SKU01567,7987,0,14,1846
2025-12-31,SKU01568,7425,0,14,1729
2025-12-31,SKU01569,41,0,14,39
2025-12-31,SKU01570,395,0,14,202
2025-12-31,SKU01571,160,0,14,83
2025-12-31,SKU01572,199,0,14,69
2025-12-31,SKU01573,280,0,14,242
2025-12-31,SKU01575,254,0,14,226
2025-12-31,SKU01576,25,0,14,97
2025-12-31,SKU01577,35,0,14,88
2025-12-31,SKU01578,0,0,14,1559
2025-12-31,SKU01579,52,0,14,106
2025-12-31,SKU01580,5140,0,14,1130
2025-12-31,SKU01581,212,0,14,121
2025-12-31,SKU01582,7626,0,14,1681
2025-12-31,SKU01584,0,0,14,23
2025-12-31,SKU01585,261,0,14,135
2025-12-31,SKU01586,187,0,14,74
2025-12-31,SKU01587,266,0,14,133
2025-12-31,SKU01589,462,0,14,257
2025-12-31,SKU01590,438,0,14,399
2025-12-31,SKU01591,75,0,14,79
2025-12-31,SKU01592,6806,0,14,1434
2025-12-31,SKU01593,230,0,14,81
2025-12-31,SKU01595,510,0,14,255
2025-12-31,SKU01596,311,0,14,254
2025-12-31,SKU01597,49,0,14,34
2025-12-31,SKU01599,426,0,14,218
2025-12-31,SKU01600,273,0,14,150
2025-12-31,SKU01601,127,0,14,81
2025-12-31,SKU01602,493,0,14,304
2025-12-31,SKU01604,87,0,14,75
2025-12-31,SKU01605,7895,0,14,1861
2025-12-31,SKU01606,376,0,14,289
2025-12-31,SKU01607,113,0,14,72
2025-12-31,SKU01608,416,0,14,226
2025-12-31,SKU01609,512,0,14,269
2025-12-31,SKU01610,264,0,14,120
2025-12-31,SKU01611,376,0,14,158
2025-12-31,SKU01612,52,0,14,36
2025-12-31,SKU01613,83,0,14,161
2025-12-31,SKU01614,107,0,14,40
2025-12-31,SKU01615,5,0,14,58
2025-12-31,SKU01616,102,0,14,54
2025-12-31,SKU01617,194,0,14,264
2025-12-31,SKU01618,233,0,14,82
2025-12-31,SKU01619,315,0,14,239
2025-12-31,SKU01620,132,0,14,94
2025-12-31,SKU01621,356,0,14,227
2025-12-31,SKU01623,335,0,14,122
2025-12-31,SKU01624,335,0,14,187
2025-12-31,SKU01625,209,0,14,81
2025-12-31,SKU01626,158,0,14,96
2025-12-31,SKU01627,5,0,14,23
2025-12-31,SKU01628,179,0,14,142
2025-12-31,SKU01629,686,0,14,305
2025-12-31,SKU01630,107,0,14,112
2025-12-31,SKU01631,236,0,14,111
2025-12-31,SKU01632,199,0,14,213
2025-12-31,SKU01633,301,0,14,199
2025-12-31,SKU01634,313,0,14,129
2025-12-31,SKU01635,151,0,14,112
2025-12-31,SKU01636,77,0,14,87
2025-12-31,SKU01637,329,0,14,235
2025-12-31,SKU01638,279,0,14,111
2025-12-31,SKU01639,427,0,14,185
2025-12-31,SKU01640,81,0,14,31
2025-12-31,SKU01641,41,0,14,22
2025-12-31,SKU01642,163,0,14,185
2025-12-31,SKU01643,5104,0,14,1298
2025-12-31,SKU01644,408,0,14,212
2025-12-31,SKU01645,7608,0,14,1714
2025-12-31,SKU01646,450,0,14,274
2025-12-31,SKU01647,280,0,14,112
2025-12-31,SKU01648,198,0,14,81
2025-12-31,SKU01649,8969,0,14,1961
2025-12-31,SKU01650,525,0,14,284
2025-12-31,SKU01651,7395,0,14,1560
2025-12-31,SKU01652,47,0,14,102
2025-12-31,SKU01653,167,0,14,80
2025-12-31,SKU01655,135,0,14,76
2025-12-31,SKU01656,61,0,14,50
2025-12-31,SKU01657,282,0,14,173
2025-12-31,SKU01659,393,0,14,234
2025-12-31,SKU01660,228,0,14,163
2025-12-31,SKU01662,0,0,14,1174
2025-12-31,SKU01663,70,0,14,95
2025-12-31,SKU01665,186,0,14,140
2025-12-31,SKU01666,242,0,14,121
2025-12-31,SKU01667,600,0,14,257
2025-12-31,SKU01668,182,0,14,237
2025-12-31,SKU01669,225,0,14,122
2025-12-31,SKU01670,110,0,14,97
2025-12-31,SKU01671,255,0,14,219
2025-12-31,SKU01672,351,0,14,172
2025-12-31,SKU01673,85,0,14,53
2025-12-31,SKU01674,6655,0,14,1477
2025-12-31,SKU01675,7287,0,14,1688
2025-12-31,SKU01676,87,0,14,40
2025-12-31,SKU01677,189,0,14,1398
2025-12-31,SKU01678,7978,0,14,1793
2025-12-31,SKU01679,279,0,14,166
2025-12-31,SKU01681,76,0,14,158
2025-12-31,SKU01682,336,0,14,235
2025-12-31,SKU01683,249,0,14,85
2025-12-31,SKU01684,5803,0,14,1278
2025-12-31,SKU01685,202,0,14,1201
2025-12-31,SKU01686,38,0,14,41
2025-12-31,SKU01687,554,0,14,242
2025-12-31,SKU01688,17,0,14,54
2025-12-31,SKU01689,422,0,14,241
2025-12-31,SKU01690,187,0,14,112
2025-12-31,SKU01691,240,0,14,116
2025-12-31,SKU01692,82,0,14,63
2025-12-31,SKU01693,361,0,14,204
2025-12-31,SKU01694,209,0,14,81
2025-12-31,SKU01695,318,0,14,287
2025-12-31,SKU01696,8196,0,14,1848
2025-12-31,SKU01697,185,0,14,110
2025-12-31,SKU01698,83,0,14,120
2025-12-31,SKU01699,162,0,14,174
2025-12-31,SKU01700,92,0,14,63
2025-12-31,SKU01701,132,0,14,131
2025-12-31,SKU01702,202,0,14,196
2025-12-31,SKU01704,465,0,14,186
2025-12-31,SKU01705,89,0,14,94
2025-12-31,SKU01706,156,0,14,73
2025-12-31,SKU01707,71,0,14,25
2025-12-31,SKU01708,376,0,14,172
2025-12-31,SKU01710,56,0,14,22
2025-12-31,SKU01712,329,0,14,187
2025-12-31,SKU01713,168,0,14,166
2025-12-31,SKU01714,99,0,14,119
2025-12-31,SKU01715,333,0,14,186
2025-12-31,SKU01716,349,0,14,203
2025-12-31,SKU01717,5126,0,14,1161
2025-12-31,SKU01718,67,0,14,144
2025-12-31,SKU01719,287,0,14,97
2025-12-31,SKU01720,188,0,14,127
2025-12-31,SKU01721,82,0,14,87
2025-12-31,SKU01722,72,0,14,25
2025-12-31,SKU01723,254,0,14,107
2025-12-31,SKU01724,91,0,14,34
2025-12-31,SKU01725,148,0,14,147
2025-12-31,SKU01726,151,0,14,68
2025-12-31,SKU01727,132,0,14,64
2025-12-31,SKU01728,91,0,14,101
2025-12-31,SKU01729,486,0,14,227
2025-12-31,SKU01730,131,0,14,88
2025-12-31,SKU01731,102,0,14,50
2025-12-31,SKU01732,216,0,14,196
2025-12-31,SKU01733,4161,0,14,964
2025-12-31,SKU01734,462,0,14,221
2025-12-31,SKU01735,331,0,14,129
2025-12-31,SKU01736,6,0,14,97
2025-12-31,SKU01738,96,0,14,64
2025-12-31,SKU01739,158,0,14,99
2025-12-31,SKU01740,146,0,14,109
2025-12-31,SKU01741,220,0,14,128
2025-12-31,SKU01742,128,0,14,87
2025-12-31,SKU01743,221,0,14,84
2025-12-31,SKU01744,152,0,14,91
2025-12-31,SKU01745,183,0,14,176
2025-12-31,SKU01746,369,0,14,185
2025-12-31,SKU01747,262,0,14,144
2025-12-31,SKU01748,361,0,14,184
2025-12-31,SKU01750,115,0,14,56
2025-12-31,SKU01751,170,0,14,1522
2025-12-31,SKU01752,107,0,14,184
2025-12-31,SKU01753,96,0,14,40
2025-12-31,SKU01754,7380,0,14,1605
2025-12-31,SKU01755,187,0,14,98
2025-12-31,SKU01756,872,0,14,408
2025-12-31,SKU01757,226,0,14,218
2025-12-31,SKU01758,112,0,14,65
2025-12-31,SKU01759,1,0,14,31
2025-12-31,SKU01760,117,0,14,119
2025-12-31,SKU01761,67,0,14,99
2025-12-31,SKU01762,6160,0,14,1394
2025-12-31,SKU01764,322,0,14,114
2025-12-31,SKU01766,7282,0,14,1824
2025-12-31,SKU01767,109,0,14,60
2025-12-31,SKU01768,157,0,14,75
2025-12-31,SKU01769,246,0,14,107
2025-12-31,SKU01770,8470,0,14,1909
2025-12-31,SKU01771,91,0,14,90
2025-12-31,SKU01772,266,0,14,136
2025-12-31,SKU01773,39,0,14,85
2025-12-31,SKU01774,240,0,14,144
2025-12-31,SKU01775,38,0,14,1332
2025-12-31,SKU01776,362,0,14,152
2025-12-31,SKU01777,175,0,14,196
2025-12-31,SKU01778,201,0,14,133
2025-12-31,SKU01779,216,0,14,73
2025-12-31,SKU01781,7425,0,14,1580
2025-12-31,SKU01782,169,0,14,99
2025-12-31,SKU01783,143,0,14,115
2025-12-31,SKU01784,0,0,14,943
2025-12-31,SKU01785,87,0,14,90
2025-12-31,SKU01786,160,0,14,232
2025-12-31,SKU01788,165,0,14,88
2025-12-31,SKU01790,5176,0,14,1228
2025-12-31,SKU01791,98,0,14,131
2025-12-31,SKU01792,8073,0,14,1705
2025-12-31,SKU01793,337,0,14,296
2025-12-31,SKU01794,74,0,14,88
2025-12-31,SKU01795,14,0,14,61
2025-12-31,SKU01796,73,0,14,47
2025-12-31,SKU01797,194,0,14,92
2025-12-31,SKU01798,221,0,14,110
2025-12-31,SKU01799,41,0,14,77
2025-12-31,SKU01800,45,0,14,64
2025-12-31,SKU01801,112,0,14,83
2025-12-31,SKU01802,261,0,14,174
2025-12-31,SKU01803,7382,0,14,1759
2025-12-31,SKU01804,233,0,14,171
2025-12-31,SKU01805,8896,0,14,1896
2025-12-31,SKU01807,86,0,14,37
2025-12-31,SKU01808,399,0,14,233
2025-12-31,SKU01809,1,0,14,44
2025-12-31,SKU01810,220,0,14,175
2025-12-31,SKU01811,65,0,14,49
2025-12-31,SKU01812,63,0,14,89
2025-12-31,SKU01814,61,0,14,73
2025-12-31,SKU01815,44,0,14,91
2025-12-31,SKU01816,54,0,14,22
2025-12-31,SKU01817,436,0,14,215
2025-12-31,SKU01818,7039,0,14,1568
2025-12-31,SKU01819,245,0,14,221
2025-12-31,SKU01820,335,0,14,151
2025-12-31,SKU01821,87,0,14,61
2025-12-31,SKU01822,8786,0,14,1891
2025-12-31,SKU01823,216,0,14,139
2025-12-31,SKU01824,164,0,14,59
2025-12-31,SKU01825,187,0,14,141
2025-12-31,SKU01826,43,0,14,37
2025-12-31,SKU01827,7618,0,14,1704
2025-12-31,SKU01828,5492,0,14,1242
2025-12-31,SKU01829,145,0,14,112
2025-12-31,SKU01830,6825,0,14,1438
2025-12-31,SKU01831,2,0,14,43
2025-12-31,SKU01832,313,0,14,124
2025-12-31,SKU01833,221,0,14,118
2025-12-31,SKU01834,8446,0,14,1873
2025-12-31,SKU01835,244,0,14,165
2025-12-31,SKU01836,126,0,14,67
2025-12-31,SKU01837,120,0,14,126
2025-12-31,SKU01838,374,0,14,164
2025-12-31,SKU01839,34,0,14,67
2025-12-31,SKU01840,344,0,14,163
2025-12-31,SKU01841,356,0,14,229
2025-12-31,SKU01842,72,0,14,173
2025-12-31,SKU01844,229,0,14,207
2025-12-31,SKU01845,198,0,14,90
2025-12-31,SKU01846,290,0,14,210
2025-12-31,SKU01847,92,0,14,45
2025-12-31,SKU01848,59,0,14,98
2025-12-31,SKU01849,201,0,14,216
2025-12-31,SKU01850,41,0,14,64
2025-12-31,SKU01851,5036,0,14,1128
2025-12-31,SKU01853,27,0,14,40
2025-12-31,SKU01854,8415,0,14,1880
2025-12-31,SKU01855,26,0,14,52
2025-12-31,SKU01856,295,0,14,161
2025-12-31,SKU01857,5219,0,14,1201
2025-12-31,SKU01858,98,0,14,62
2025-12-31,SKU01859,421,0,14,213
2025-12-31,SKU01860,28,0,14,67
2025-12-31,SKU01861,417,0,14,242
2025-12-31,SKU01862,402,0,14,259
2025-12-31,SKU01863,5913,0,14,1353
2025-12-31,SKU01864,130,0,14,59
2025-12-31,SKU01865,359,0,14,225
2025-12-31,SKU01867,409,0,14,153
2025-12-31,SKU01868,274,0,14,127
2025-12-31,SKU01869,286,0,14,149
2025-12-31,SKU01870,152,0,14,94
2025-12-31,SKU01871,40,0,14,95
2025-12-31,SKU01872,157,0,14,91
2025-12-31,SKU01874,6606,0,14,1434
2025-12-31,SKU01875,370,0,14,168
2025-12-31,SKU01876,95,0,14,83
2025-12-31,SKU01877,3622,0,14,856
2025-12-31,SKU01878,118,0,14,153
2025-12-31,SKU01879,447,0,14,178
2025-12-31,SKU01880,7026,0,14,1522
2025-12-31,SKU01881,295,0,14,122
2025-12-31,SKU01882,130,0,14,120
2025-12-31,SKU01883,305,0,14,146
2025-12-31,SKU01884,395,0,14,243
2025-12-31,SKU01885,193,0,14,224
2025-12-31,SKU01886,96,0,14,66
2025-12-31,SKU01887,192,0,14,137
2025-12-31,SKU01888,179,0,14,248
2025-12-31,SKU01889,213,0,14,229
2025-12-31,SKU01891,562,0,14,222
2025-12-31,SKU01892,62,0,14,182
2025-12-31,SKU01893,259,0,14,165
2025-12-31,SKU01895,459,0,14,228
2025-12-31,SKU01896,151,0,14,137
2025-12-31,SKU01897,356,0,14,157
2025-12-31,SKU01898,173,0,14,138
2025-12-31,SKU01899,152,0,14,119
2025-12-31,SKU01900,701,0,14,355
2025-12-31,SKU01901,231,0,14,130
2025-12-31,SKU01902,291,0,14,191
2025-12-31,SKU01903,7581,0,14,1605
2025-12-31,SKU01904,165,0,14,85
2025-12-31,SKU01905,438,0,14,366
2025-12-31,SKU01906,5770,0,14,1241
2025-12-31,SKU01908,106,0,14,46
2025-12-31,SKU01909,83,0,14,147
2025-12-31,SKU01911,7733,0,14,1765
2025-12-31,SKU01912,92,0,14,135
2025-12-31,SKU01913,76,0,14,102
2025-12-31,SKU01914,132,0,14,95
2025-12-31,SKU01915,8285,0,14,1808
2025-12-31,SKU01916,324,0,14,160
2025-12-31,SKU01917,264,0,14,188
2025-12-31,SKU01918,166,0,14,56
2025-12-31,SKU01919,7323,0,14,1694
2025-12-31,SKU01920,207,0,14,195
2025-12-31,SKU01921,158,0,14,109
2025-12-31,SKU01922,62,0,14,26
2025-12-31,SKU01923,619,0,14,376
2025-12-31,SKU01924,68,0,14,26
2025-12-31,SKU01925,25,0,14,106
2025-12-31,SKU01927,21,0,14,22
2025-12-31,SKU01928,155,0,14,174
2025-12-31,SKU01930,117,0,14,181
2025-12-31,SKU01931,110,0,14,78
2025-12-31,SKU01932,98,0,14,36
2025-12-31,SKU01933,104,0,14,152
2025-12-31,SKU01934,434,0,14,228
2025-12-31,SKU01935,19,0,14,40
2025-12-31,SKU01936,101,0,14,79
2025-12-31,SKU01937,239,0,14,105
2025-12-31,SKU01938,160,0,14,111
2025-12-31,SKU01939,6142,0,14,1463
2025-12-31,SKU01940,308,0,14,116
2025-12-31,SKU01941,98,0,14,36
2025-12-31,SKU01942,208,0,14,147
2025-12-31,SKU01943,150,0,14,197
2025-12-31,SKU01944,455,0,14,191
2025-12-31,SKU01945,306,0,14,242
2025-12-31,SKU01946,146,0,14,62
2025-12-31,SKU01947,248,0,14,126
2025-12-31,SKU01948,148,0,14,99
2025-12-31,SKU01949,652,0,14,359
2025-12-31,SKU01950,480,0,14,259
2025-12-31,SKU01951,112,0,14,122
2025-12-31,SKU01952,80,0,14,67
2025-12-31,SKU01953,288,0,14,149
2025-12-31,SKU01954,102,0,14,65
2025-12-31,SKU01955,518,0,14,353
2025-12-31,SKU01956,148,0,14,64
2025-12-31,SKU01958,67,0,14,65
2025-12-31,SKU01960,127,0,14,85
2025-12-31,SKU01962,403,0,14,287
2025-12-31,SKU01963,295,0,14,182
2025-12-31,SKU01964,125,0,14,67
2025-12-31,SKU01965,18,0,14,83
2025-12-31,SKU01966,158,0,14,88
2025-12-31,SKU01967,280,0,14,166
2025-12-31,SKU01968,155,0,14,159
2025-12-31,SKU01969,195,0,14,73
2025-12-31,SKU01970,7867,0,14,1773
2025-12-31,SKU01971,7611,0,14,1803
2025-12-31,SKU01972,183,0,14,66
2025-12-31,SKU01974,135,0,14,108
2025-12-31,SKU01975,51,0,14,26
2025-12-31,SKU01976,220,0,14,246
2025-12-31,SKU01977,319,0,14,212
2025-12-31,SKU01978,180,0,14,70
2025-12-31,SKU01979,75,0,14,48
2025-12-31,SKU01981,8785,0,14,1842
2025-12-31,SKU01982,236,0,14,123
2025-12-31,SKU01983,192,0,14,78
2025-12-31,SKU01984,163,0,14,118
2025-12-31,SKU01986,4464,0,14,1032
2025-12-31,SKU01987,11,0,14,23
2025-12-31,SKU01988,44,0,14,1077
2025-12-31,SKU01989,421,0,14,183
2025-12-31,SKU01990,44,0,14,35
2025-12-31,SKU01991,133,0,14,144
2025-12-31,SKU01992,75,0,14,45
2025-12-31,SKU01993,0,0,14,847
2025-12-31,SKU01994,374,0,14,184
2025-12-31,SKU01995,216,0,14,81
2025-12-31,SKU01996,68,0,14,158
2025-12-31,SKU01997,243,0,14,94
2025-12-31,SKU01999,69,0,14,40
2025-12-31,SKU02000,325,0,14,214
2025-12-31,SKU02001,293,0,14,124
2025-12-31,SKU02002,76,0,14,32
2025-12-31,SKU02004,82,0,14,42
2025-12-31,SKU02005,66,0,14,47
2025-12-31,SKU02007,409,0,14,218
2025-12-31,SKU02009,77,0,14,187
2025-12-31,SKU02010,441,0,14,244
2025-12-31,SKU02011,280,0,14,137
2025-12-31,SKU02012,138,0,14,93
2025-12-31,SKU02013,123,0,14,125
2025-12-31,SKU02014,8389,0,14,1833
2025-12-31,SKU02015,228,0,14,226
2025-12-31,SKU02016,127,0,14,286
2025-12-31,SKU02017,263,0,14,98
2025-12-31,SKU02018,318,0,14,126
2025-12-31,SKU02019,17,0,14,22
2025-12-31,SKU02020,163,0,14,84
2025-12-31,SKU02021,122,0,14,138
2025-12-31,SKU02022,82,0,14,125
2025-12-31,SKU02023,84,0,14,33
2025-12-31,SKU02024,147,0,14,99
2025-12-31,SKU02025,255,0,14,173
2025-12-31,SKU02026,26,0,14,35
2025-12-31,SKU02027,26,0,14,67
2025-12-31,SKU02028,211,0,14,114
2025-12-31,SKU02029,418,0,14,191
2025-12-31,SKU02030,222,0,14,187
2025-12-31,SKU02031,76,0,14,124
2025-12-31,SKU02032,290,0,14,98
2025-12-31,SKU02033,46,0,14,87
2025-12-31,SKU02034,84,0,14,78
2025-12-31,SKU02035,106,0,14,46
2025-12-31,SKU02037,143,0,14,133
2025-12-31,SKU02038,6590,0,14,1573
2025-12-31,SKU02039,173,0,14,112
2025-12-31,SKU02040,99,0,14,214
2025-12-31,SKU02042,252,0,14,162
2025-12-31,SKU02044,199,0,14,140
2025-12-31,SKU02045,76,0,14,26
2025-12-31,SKU02046,0,0,14,1452
2025-12-31,SKU02047,362,0,14,177
2025-12-31,SKU02048,400,0,14,250
2025-12-31,SKU02050,90,0,14,177
2025-12-31,SKU02051,103,0,14,221
2025-12-31,SKU02052,296,0,14,158
2025-12-31,SKU02053,138,0,14,62
2025-12-31,SKU02054,126,0,14,80
2025-12-31,SKU02055,5853,0,14,1345
2025-12-31,SKU02056,105,0,14,41
2025-12-31,SKU02057,7224,0,14,1559
2025-12-31,SKU02058,166,0,14,92
2025-12-31,SKU02061,62,0,14,26
2025-12-31,SKU02062,63,0,14,39
2025-12-31,SKU02063,382,0,14,225
2025-12-31,SKU02064,7611,0,14,1708
2025-12-31,SKU02065,326,0,14,249
2025-12-31,SKU02067,155,0,14,193
2025-12-31,SKU02068,53,0,14,1048
2025-12-31,SKU02070,4564,0,14,1016
2025-12-31,SKU02071,365,0,14,285
2025-12-31,SKU02072,236,0,14,94
2025-12-31,SKU02073,4,0,14,82
2025-12-31,SKU02074,82,0,14,62
2025-12-31,SKU02075,4557,0,14,1040
2025-12-31,SKU02076,30,0,14,51
2025-12-31,SKU02077,4,0,14,31
2025-12-31,SKU02078,228,0,14,98
2025-12-31,SKU02079,1,0,14,1234
2025-12-31,SKU02080,163,0,14,114
2025-12-31,SKU02081,92,0,14,86
2025-12-31,SKU02082,73,0,14,97
2025-12-31,SKU02083,89,0,14,119
2025-12-31,SKU02084,239,0,14,126
2025-12-31,SKU02085,427,0,14,175
2025-12-31,SKU02087,159,0,14,170
2025-12-31,SKU02088,43,0,14,1288
2025-12-31,SKU02089,163,0,14,93
2025-12-31,SKU02090,712,0,14,361
2025-12-31,SKU02091,557,0,14,288
2025-12-31,SKU02092,380,0,14,173
2025-12-31,SKU02093,267,0,14,108
2025-12-31,SKU02094,4523,0,14,1048
2025-12-31,SKU02095,235,0,14,87
2025-12-31,SKU02096,61,0,14,135
2025-12-31,SKU02097,57,0,14,73
2025-12-31,SKU02099,388,0,14,238
2025-12-31,SKU02100,469,0,14,199
2025-12-31,SKU02101,70,0,14,84
2025-12-31,SKU02103,6650,0,14,1512
2025-12-31,SKU02104,7332,0,14,1727
2025-12-31,SKU02105,218,0,14,178
2025-12-31,SKU02106,44,0,14,81
2025-12-31,SKU02107,345,0,14,264
2025-12-31,SKU02108,115,0,14,52
2025-12-31,SKU02109,49,0,14,204
2025-12-31,SKU02110,297,0,14,157
2025-12-31,SKU02111,35,0,14,62
2025-12-31,SKU02112,8479,0,14,1789
2025-12-31,SKU02113,175,0,14,98
2025-12-31,SKU02114,6008,0,14,1508
2025-12-31,SKU02115,713,0,14,273
2025-12-31,SKU02116,265,0,14,172
2025-12-31,SKU02117,81,0,14,100
2025-12-31,SKU02118,1,0,14,33
2025-12-31,SKU02119,43,0,14,42
2025-12-31,SKU02120,151,0,14,258
2025-12-31,SKU02121,50,0,14,160
2025-12-31,SKU02122,132,0,14,136
2025-12-31,SKU02123,265,0,14,159
2025-12-31,SKU02124,126,0,14,57
2025-12-31,SKU02125,109,0,14,48
2025-12-31,SKU02126,69,0,14,52
2025-12-31,SKU02127,2,0,14,59
2025-12-31,SKU02128,4607,0,14,1056
2025-12-31,SKU02129,8538,0,14,1929
2025-12-31,SKU02130,160,0,14,225
2025-12-31,SKU02131,173,0,14,84
2025-12-31,SKU02132,146,0,14,187
2025-12-31,SKU02133,56,0,14,41
2025-12-31,SKU02134,116,0,14,60
2025-12-31,SKU02135,144,0,14,79
2025-12-31,SKU02136,160,0,14,185
2025-12-31,SKU02137,179,0,14,69
2025-12-31,SKU02138,175,0,14,131
2025-12-31,SKU02139,207,0,14,89
2025-12-31,SKU02140,94,0,14,58
2025-12-31,SKU02141,208,0,14,1143
2025-12-31,SKU02142,5450,0,14,1278
2025-12-31,SKU02143,191,0,14,182
2025-12-31,SKU02144,83,0,14,36
2025-12-31,SKU02145,381,0,14,287
2025-12-31,SKU02146,13,0,14,67
2025-12-31,SKU02147,99,0,14,91
2025-12-31,SKU02148,301,0,14,169
2025-12-31,SKU02149,250,0,14,194
2025-12-31,SKU02150,23,0,14,26
2025-12-31,SKU02151,219,0,14,232
2025-12-31,SKU02152,88,0,14,88
2025-12-31,SKU02153,351,0,14,159
2025-12-31,SKU02154,481,0,14,330
2025-12-31,SKU02155,0,0,14,1050
2025-12-31,SKU02156,490,0,14,352
2025-12-31,SKU02157,78,0,14,47
2025-12-31,SKU02159,86,0,14,42
2025-12-31,SKU02160,137,0,14,47
2025-12-31,SKU02161,206,0,14,69
2025-12-31,SKU02162,46,0,14,56
2025-12-31,SKU02163,282,0,14,96
2025-12-31,SKU02164,7824,0,14,1809
2025-12-31,SKU02166,160,0,14,174
2025-12-31,SKU02167,202,0,14,98
2025-12-31,SKU02168,183,0,14,80
2025-12-31,SKU02169,634,0,14,311
2025-12-31,SKU02171,357,0,14,199
2025-12-31,SKU02172,4924,0,14,1047
2025-12-31,SKU02173,216,0,14,94
2025-12-31,SKU02175,88,0,14,120
2025-12-31,SKU02176,0,0,14,1253
2025-12-31,SKU02177,163,0,14,70
2025-12-31,SKU02178,64,0,14,54
2025-12-31,SKU02179,487,0,14,298
2025-12-31,SKU02180,232,0,14,223
2025-12-31,SKU02182,80,0,14,56
2025-12-31,SKU02183,134,0,14,104
2025-12-31,SKU02184,231,0,14,164
2025-12-31,SKU02185,102,0,14,73
2025-12-31,SKU02186,92,0,14,54
2025-12-31,SKU02187,126,0,14,80
2025-12-31,SKU02188,67,0,14,46
2025-12-31,SKU02189,137,0,14,119
2025-12-31,SKU02190,156,0,14,84
2025-12-31,SKU02191,274,0,14,124
2025-12-31,SKU02192,405,0,14,202
2025-12-31,SKU02193,125,0,14,57
2025-12-31,SKU02194,5994,0,14,1375
2025-12-31,SKU02195,382,0,14,272
2025-12-31,SKU02196,200,0,14,112
2025-12-31,SKU02197,269,0,14,210
2025-12-31,SKU02198,26,0,14,132
2025-12-31,SKU02199,288,0,14,183
2025-12-31,SKU02200,114,0,14,72
2025-12-31,SKU02201,364,0,14,171
2025-12-31,SKU02202,16,0,14,38
2025-12-31,SKU02203,98,0,14,138
2025-12-31,SKU02204,219,0,14,156
2025-12-31,SKU02205,7142,0,14,1700
2025-12-31,SKU02206,91,0,14,109
2025-12-31,SKU02207,215,0,14,150
2025-12-31,SKU02208,358,0,14,153
2025-12-31,SKU02209,7739,0,14,1665
2025-12-31,SKU02210,255,0,14,125
2025-12-31,SKU02211,7710,0,14,1721
2025-12-31,SKU02213,321,0,14,206
2025-12-31,SKU02214,86,0,14,128
2025-12-31,SKU02216,150,0,14,158
2025-12-31,SKU02217,7415,0,14,1726
2025-12-31,SKU02218,11,0,14,73
2025-12-31,SKU02219,64,0,14,115
2025-12-31,SKU02220,279,0,14,328
2025-12-31,SKU02221,7194,0,14,1497
2025-12-31,SKU02222,66,0,14,146
2025-12-31,SKU02223,4181,0,14,994
2025-12-31,SKU02224,4419,0,14,921
2025-12-31,SKU02226,17,0,14,25
2025-12-31,SKU02227,247,0,14,261
2025-12-31,SKU02228,310,0,14,235
2025-12-31,SKU02229,300,0,14,259
2025-12-31,SKU02230,127,0,14,171
2025-12-31,SKU02234,518,0,14,298
2025-12-31,SKU02235,114,0,14,104
2025-12-31,SKU02236,44,0,14,26
2025-12-31,SKU02237,28,0,14,26
2025-12-31,SKU02238,207,0,14,279
2025-12-31,SKU02239,250,0,14,117
2025-12-31,SKU02240,145,0,14,120
2025-12-31,SKU02241,224,0,14,86
2025-12-31,SKU02242,163,0,14,212
2025-12-31,SKU02243,155,0,14,197
2025-12-31,SKU02244,165,0,14,172
2025-12-31,SKU02245,286,0,14,326
2025-12-31,SKU02246,238,0,14,85
2025-12-31,SKU02247,0,0,14,1270
2025-12-31,SKU02248,7947,0,14,1716
2025-12-31,SKU02249,59,0,14,27
2025-12-31,SKU02250,23,0,14,72
2025-12-31,SKU02252,93,0,14,94
2025-12-31,SKU02253,9056,0,14,1946
2025-12-31,SKU02254,104,0,14,72
2025-12-31,SKU02255,4765,0,14,1029
2025-12-31,SKU02257,310,0,14,170
2025-12-31,SKU02258,120,0,14,136
2025-12-31,SKU02259,148,0,14,97
2025-12-31,SKU02261,168,0,14,65
2025-12-31,SKU02262,255,0,14,144
2025-12-31,SKU02263,56,0,14,20
2025-12-31,SKU02264,154,0,14,154
2025-12-31,SKU02265,143,0,14,163
2025-12-31,SKU02267,8084,0,14,1829
2025-12-31,SKU02268,291,0,14,1561
2025-12-31,SKU02269,451,0,14,294
2025-12-31,SKU02270,297,0,14,233
2025-12-31,SKU02271,459,0,14,336
2025-12-31,SKU02272,71,0,14,27
2025-12-31,SKU02273,396,0,14,185
2025-12-31,SKU02274,109,0,14,90
2025-12-31,SKU02275,121,0,14,45
2025-12-31,SKU02276,20,0,14,27
2025-12-31,SKU02277,8463,0,14,1866
2025-12-31,SKU02278,96,0,14,63
2025-12-31,SKU02279,7649,0,14,1794
2025-12-31,SKU02280,130,0,14,63
2025-12-31,SKU02282,123,0,14,81
2025-12-31,SKU02283,629,0,14,335
2025-12-31,SKU02284,427,0,14,201
2025-12-31,SKU02286,39,0,14,23
2025-12-31,SKU02287,338,0,14,227
2025-12-31,SKU02288,277,0,14,141
2025-12-31,SKU02289,121,0,14,260
2025-12-31,SKU02290,4108,0,14,909
2025-12-31,SKU02292,152,0,14,89
2025-12-31,SKU02293,281,0,14,147
2025-12-31,SKU02295,412,0,14,293
2025-12-31,SKU02296,299,0,14,148
2025-12-31,SKU02297,97,0,14,101
2025-12-31,SKU02298,438,0,14,266
2025-12-31,SKU02299,164,0,14,147
2025-12-31,SKU02300,147,0,14,81
2025-12-31,SKU02301,155,0,14,120
2025-12-31,SKU02302,8624,0,14,1810
2025-12-31,SKU02303,132,0,14,65
2025-12-31,SKU02304,398,0,14,173
2025-12-31,SKU02305,262,0,14,134
2025-12-31,SKU02307,270,0,14,211
2025-12-31,SKU02308,435,0,14,190
2025-12-31,SKU02309,67,0,14,96
2025-12-31,SKU02310,1,0,14,72
2025-12-31,SKU02311,675,0,14,376
2025-12-31,SKU02312,529,0,14,346
2025-12-31,SKU02313,309,0,14,228
2025-12-31,SKU02314,32,0,14,79
2025-12-31,SKU02315,291,0,14,138
2025-12-31,SKU02316,96,0,14,67
2025-12-31,SKU02317,266,0,14,153
2025-12-31,SKU02318,109,0,14,128
2025-12-31,SKU02319,247,0,14,141
2025-12-31,SKU02320,165,0,14,65
2025-12-31,SKU02321,205,0,14,71
2025-12-31,SKU02323,273,0,14,112
2025-12-31,SKU02324,28,0,14,115
2025-12-31,SKU02325,213,0,14,90
2025-12-31,SKU02326,126,0,14,228
2025-12-31,SKU02327,167,0,14,125
2025-12-31,SKU02328,27,0,14,87
2025-12-31,SKU02329,6795,0,14,1521
2025-12-31,SKU02330,396,0,14,255
2025-12-31,SKU02331,5491,0,14,1269
2025-12-31,SKU02332,158,0,14,117
2025-12-31,SKU02333,0,0,14,1058
2025-12-31,SKU02334,295,0,14,161
2025-12-31,SKU02336,123,0,14,183
2025-12-31,SKU02337,200,0,14,159
2025-12-31,SKU02339,71,0,14,41
2025-12-31,SKU02340,0,0,14,1371
2025-12-31,SKU02341,290,0,14,107
2025-12-31,SKU02342,137,0,14,129
2025-12-31,SKU02343,242,0,14,197
2025-12-31,SKU02344,71,0,14,80
2025-12-31,SKU02345,312,0,14,169
2025-12-31,SKU02346,203,0,14,91
2025-12-31,SKU02347,15,0,14,42
2025-12-31,SKU02348,3,0,14,22
2025-12-31,SKU02349,477,0,14,324
2025-12-31,SKU02350,304,0,14,125
2025-12-31,SKU02351,7177,0,14,1579
2025-12-31,SKU02352,218,0,14,114
2025-12-31,SKU02353,239,0,14,145
2025-12-31,SKU02354,174,0,14,71
2025-12-31,SKU02355,92,0,14,1399
2025-12-31,SKU02356,345,0,14,162
2025-12-31,SKU02357,451,0,14,276
2025-12-31,SKU02358,363,0,14,171
2025-12-31,SKU02359,266,0,14,100
2025-12-31,SKU02360,284,0,14,142
2025-12-31,SKU02361,204,0,14,133
2025-12-31,SKU02362,462,0,14,249
2025-12-31,SKU02363,242,0,14,140
2025-12-31,SKU02364,68,0,14,110
2025-12-31,SKU02365,4899,0,14,1212
2025-12-31,SKU02367,311,0,14,189
2025-12-31,SKU02368,1,0,14,1231
2025-12-31,SKU02369,39,0,14,31
2025-12-31,SKU02370,32,0,14,153
2025-12-31,SKU02371,132,0,14,109
2025-12-31,SKU02373,79,0,14,87
2025-12-31,SKU02374,227,0,14,132
2025-12-31,SKU02375,5481,0,14,1217
2025-12-31,SKU02376,8357,0,14,1881
2025-12-31,SKU02377,270,0,14,190
2025-12-31,SKU02378,115,0,14,175
2025-12-31,SKU02379,261,0,14,196
2025-12-31,SKU02380,365,0,14,191
2025-12-31,SKU02381,0,0,14,1397
2025-12-31,SKU02382,249,0,14,147
2025-12-31,SKU02383,173,0,14,68
2025-12-31,SKU02384,74,0,14,30
2025-12-31,SKU02385,72,0,14,72
2025-12-31,SKU02386,7152,0,14,1699
2025-12-31,SKU02387,7239,0,14,1716
2025-12-31,SKU02388,114,0,14,85
2025-12-31,SKU02389,241,0,14,201
2025-12-31,SKU02390,103,0,14,56
2025-12-31,SKU02391,137,0,14,75
2025-12-31,SKU02392,125,0,14,69
2025-12-31,SKU02393,152,0,14,102
2025-12-31,SKU02394,192,0,14,196
2025-12-31,SKU02395,121,0,14,65
2025-12-31,SKU02396,157,0,14,128
2025-12-31,SKU02397,355,0,14,155
2025-12-31,SKU02398,135,0,14,84
2025-12-31,SKU02399,226,0,14,119
2025-12-31,SKU02401,0,0,14,1009
2025-12-31,SKU02402,466,0,14,186
2025-12-31,SKU02403,221,0,14,111
2025-12-31,SKU02404,219,0,14,177
2025-12-31,SKU02406,456,0,14,275
2025-12-31,SKU02407,137,0,14,200
2025-12-31,SKU02408,6797,0,14,1441
2025-12-31,SKU02409,26,0,14,94
2025-12-31,SKU02410,711,0,14,332
2025-12-31,SKU02412,158,0,14,92
2025-12-31,SKU02413,475,0,14,249
2025-12-31,SKU02414,31,0,14,53
2025-12-31,SKU02416,187,0,14,140
2025-12-31,SKU02417,169,0,14,100
2025-12-31,SKU02418,66,0,14,92
2025-12-31,SKU02419,29,0,14,29
2025-12-31,SKU02420,105,0,14,53
2025-12-31,SKU02421,7163,0,14,1630
2025-12-31,SKU02422,151,0,14,55
2025-12-31,SKU02423,382,0,14,223
2025-12-31,SKU02424,326,0,14,187
2025-12-31,SKU02425,5066,0,14,1145
2025-12-31,SKU02426,139,0,14,79
2025-12-31,SKU02427,419,0,14,433
2025-12-31,SKU02428,335,0,14,241
2025-12-31,SKU02429,78,0,14,91
2025-12-31,SKU02431,121,0,14,45
2025-12-31,SKU02432,89,0,14,90
2025-12-31,SKU02433,191,0,14,306
2025-12-31,SKU02434,203,0,14,100
2025-12-31,SKU02435,118,0,14,51
2025-12-31,SKU02436,5607,0,14,1284
2025-12-31,SKU02437,165,0,14,63
2025-12-31,SKU02438,389,0,14,169
2025-12-31,SKU02439,354,0,14,184
2025-12-31,SKU02440,391,0,14,149
2025-12-31,SKU02441,112,0,14,45
2025-12-31,SKU02442,307,0,14,282
2025-12-31,SKU02444,105,0,14,192
2025-12-31,SKU02445,184,0,14,64
2025-12-31,SKU02446,7425,0,14,1645
2025-12-31,SKU02447,188,0,14,96
2025-12-31,SKU02448,627,0,14,322
2025-12-31,SKU02449,147,0,14,1486
2025-12-31,SKU02450,511,0,14,234
2025-12-31,SKU02451,218,0,14,80
2025-12-31,SKU02452,259,0,14,182
2025-12-31,SKU02453,12,0,14,22
2025-12-31,SKU02454,185,0,14,193
2025-12-31,SKU02455,480,0,14,208
2025-12-31,SKU02456,305,0,14,132
2025-12-31,SKU02457,210,0,14,194
2025-12-31,SKU02458,113,0,14,89
2025-12-31,SKU02459,218,0,14,88
2025-12-31,SKU02461,38,0,14,24
2025-12-31,SKU02462,5,0,14,1272
2025-12-31,SKU02463,7161,0,14,1566
2025-12-31,SKU02464,85,0,14,29
2025-12-31,SKU02465,197,0,14,199
2025-12-31,SKU02466,127,0,14,56
2025-12-31,SKU02467,191,0,14,154
2025-12-31,SKU02469,263,0,14,189
2025-12-31,SKU02470,101,0,14,72
2025-12-31,SKU02471,7930,0,14,1691
2025-12-31,SKU02472,7588,0,14,1803
2025-12-31,SKU02473,246,0,14,227
2025-12-31,SKU02475,234,0,14,195
2025-12-31,SKU02476,197,0,14,128
2025-12-31,SKU02477,33,0,14,43
2025-12-31,SKU02478,146,0,14,122
2025-12-31,SKU02479,29,0,14,100
2025-12-31,SKU02481,294,0,14,249
2025-12-31,SKU02482,0,0,14,1188
2025-12-31,SKU02483,247,0,14,130
2025-12-31,SKU02484,167,0,14,1588
2025-12-31,SKU02485,89,0,14,145
2025-12-31,SKU02486,15,0,14,172
2025-12-31,SKU02487,181,0,14,217
2025-12-31,SKU02488,351,0,14,331
2025-12-31,SKU02491,21,0,14,26
2025-12-31,SKU02492,162,0,14,166
2025-12-31,SKU02493,696,0,14,378
2025-12-31,SKU02494,440,0,14,234
2025-12-31,SKU02496,196,0,14,124
2025-12-31,SKU02497,139,0,14,84
2025-12-31,SKU02498,138,0,14,67
2025-12-31,SKU02500,8585,0,14,1935
2025-12-31,SKU02501,5819,0,14,1276
2025-12-31,SKU02502,486,0,14,370
2025-12-31,SKU02503,0,0,14,1050
2025-12-31,SKU02504,215,0,14,137
2025-12-31,SKU02506,24,0,14,91
2025-12-31,SKU02507,64,0,14,40
2025-12-31,SKU02508,620,0,14,348
2025-12-31,SKU02509,187,0,14,154
2025-12-31,SKU02510,349,0,14,148
2025-12-31,SKU02511,361,0,14,164
2025-12-31,SKU02512,368,0,14,228
2025-12-31,SKU02513,439,0,14,291
2025-12-31,SKU02514,8910,0,14,1970
2025-12-31,SKU02515,162,0,14,106
2025-12-31,SKU02516,271,0,14,207
2025-12-31,SKU02517,265,0,14,94
2025-12-31,SKU02518,11,0,14,26
2025-12-31,SKU02519,6960,0,14,1557
2025-12-31,SKU02520,7911,0,14,1719
2025-12-31,SKU02521,84,0,14,34
2025-12-31,SKU02522,352,0,14,155
2025-12-31,SKU02523,464,0,14,306
2025-12-31,SKU02524,116,0,14,58
2025-12-31,SKU02525,41,0,14,47
2025-12-31,SKU02526,35,0,14,1311
2025-12-31,SKU02527,136,0,14,140
2025-12-31,SKU02528,67,0,14,132
2025-12-31,SKU02529,248,0,14,198
2025-12-31,SKU02530,206,0,14,177
2025-12-31,SKU02531,0,0,14,1600
2025-12-31,SKU02532,144,0,14,1327
2025-12-31,SKU02533,5868,0,14,1304
2025-12-31,SKU02534,6802,0,14,1561
2025-12-31,SKU02535,249,0,14,187
2025-12-31,SKU02536,88,0,14,79
2025-12-31,SKU02537,142,0,14,176
2025-12-31,SKU02538,73,0,14,1425
2025-12-31,SKU02539,263,0,14,140
2025-12-31,SKU02540,20,0,14,41
2025-12-31,SKU02541,8329,0,14,1893
2025-12-31,SKU02542,214,0,14,220
2025-12-31,SKU02543,0,0,14,1225
2025-12-31,SKU02544,339,0,14,246
2025-12-31,SKU02546,7365,0,14,1553
2025-12-31,SKU02549,262,0,14,145
2025-12-31,SKU02550,86,0,14,75
2025-12-31,SKU02551,129,0,14,119
2025-12-31,SKU02552,301,0,14,183
2025-12-31,SKU02553,14,0,14,25
2025-12-31,SKU02554,267,0,14,188
2025-12-31,SKU02555,236,0,14,123
2025-12-31,SKU02556,315,0,14,190
2025-12-31,SKU02557,149,0,14,107
2025-12-31,SKU02558,6447,0,14,1492
2025-12-31,SKU02559,27,0,14,77
2025-12-31,SKU02560,100,0,14,75
2025-12-31,SKU02561,231,0,14,114
2025-12-31,SKU02562,109,0,14,129
2025-12-31,SKU02563,6,0,14,112
2025-12-31,SKU02564,400,0,14,167
2025-12-31,SKU02565,183,0,14,63
2025-12-31,SKU02566,8296,0,14,1780
2025-12-31,SKU02567,7209,0,14,1726
2025-12-31,SKU02568,38,0,14,30
2025-12-31,SKU02570,8864,0,14,1943
2025-12-31,SKU02572,334,0,14,125
2025-12-31,SKU02573,270,0,14,209
2025-12-31,SKU02574,82,0,14,61
2025-12-31,SKU02575,315,0,14,179
2025-12-31,SKU02576,5540,0,14,1256
2025-12-31,SKU02577,191,0,14,154
2025-12-31,SKU02578,466,0,14,215
2025-12-31,SKU02579,17,0,14,63
2025-12-31,SKU02580,7696,0,14,1752
2025-12-31,SKU02581,73,0,14,41
2025-12-31,SKU02582,155,0,14,134
2025-12-31,SKU02584,7327,0,14,1581
2025-12-31,SKU02585,186,0,14,107
2025-12-31,SKU02586,211,0,14,129
2025-12-31,SKU02587,158,0,14,92
2025-12-31,SKU02590,6176,0,14,1384
2025-12-31,SKU02591,46,0,14,74
2025-12-31,SKU02592,30,0,14,38
2025-12-31,SKU02593,237,0,14,195
2025-12-31,SKU02594,80,0,14,67
2025-12-31,SKU02595,84,0,14,61
2025-12-31,SKU02596,68,0,14,99
2025-12-31,SKU02597,175,0,14,99
2025-12-31,SKU02598,43,0,14,174
2025-12-31,SKU02599,20,0,14,33
2025-12-31,SKU02600,212,0,14,233
2025-12-31,SKU02601,226,0,14,76
2025-12-31,SKU02602,0,0,14,32
2025-12-31,SKU02603,522,0,14,280
2025-12-31,SKU02604,49,0,14,36
2025-12-31,SKU02605,351,0,14,145
2025-12-31,SKU02606,300,0,14,195
2025-12-31,SKU02608,289,0,14,137
2025-12-31,SKU02609,206,0,14,129
2025-12-31,SKU02610,50,0,14,43
2025-12-31,SKU02611,45,0,14,58
2025-12-31,SKU02612,123,0,14,122
2025-12-31,SKU02613,192,0,14,108
2025-12-31,SKU02614,0,0,14,1043
2025-12-31,SKU02615,410,0,14,222
2025-12-31,SKU02616,154,0,14,113
2025-12-31,SKU02617,141,0,14,57
2025-12-31,SKU02618,300,0,14,146
2025-12-31,SKU02619,293,0,14,228
2025-12-31,SKU02620,197,0,14,109
2025-12-31,SKU02621,181,0,14,85
2025-12-31,SKU02622,39,0,14,90
2025-12-31,SKU02623,146,0,14,134
2025-12-31,SKU02624,125,0,14,73
2025-12-31,SKU02625,268,0,14,211
2025-12-31,SKU02626,5154,0,14,1055
2025-12-31,SKU02629,265,0,14,182
2025-12-31,SKU02630,4668,0,14,1091
2025-12-31,SKU02631,199,0,14,172
2025-12-31,SKU02632,404,0,14,162
2025-12-31,SKU02633,169,0,14,95
2025-12-31,SKU02634,121,0,14,172
2025-12-31,SKU02635,386,0,14,236
2025-12-31,SKU02636,151,0,14,133
2025-12-31,SKU02637,509,0,14,243
2025-12-31,SKU02638,385,0,14,262
2025-12-31,SKU02639,7559,0,14,1706
2025-12-31,SKU02640,0,0,14,1230
2025-12-31,SKU02641,728,0,14,344
2025-12-31,SKU02642,188,0,14,135
2025-12-31,SKU02644,105,0,14,40
2025-12-31,SKU02645,187,0,14,180
2025-12-31,SKU02647,673,0,14,451
2025-12-31,SKU02648,115,0,14,1510
2025-12-31,SKU02649,28,0,14,97
2025-12-31,SKU02650,231,0,14,132
2025-12-31,SKU02651,396,0,14,403
2025-12-31,SKU02652,147,0,14,62
2025-12-31,SKU02655,128,0,14,74
2025-12-31,SKU02656,99,0,14,51
2025-12-31,SKU02657,174,0,14,1114
2025-12-31,SKU02658,159,0,14,80
2025-12-31,SKU02659,251,0,14,142
2025-12-31,SKU02660,0,0,14,1427
2025-12-31,SKU02661,125,0,14,107
2025-12-31,SKU02662,7719,0,14,1769
2025-12-31,SKU02663,93,0,14,174
2025-12-31,SKU02664,202,0,14,164
2025-12-31,SKU02665,105,0,14,51
2025-12-31,SKU02669,69,0,14,68
2025-12-31,SKU02670,196,0,14,67
2025-12-31,SKU02671,3,0,14,52
2025-12-31,SKU02672,134,0,14,51
2025-12-31,SKU02673,144,0,14,53
2025-12-31,SKU02674,412,0,14,247
2025-12-31,SKU02675,4906,0,14,1198
2025-12-31,SKU02676,190,0,14,96
2025-12-31,SKU02677,415,0,14,210
2025-12-31,SKU02678,28,0,14,21
2025-12-31,SKU02679,136,0,14,147
2025-12-31,SKU02680,200,0,14,221
2025-12-31,SKU02681,6399,0,14,1395
2025-12-31,SKU02682,168,0,14,150
2025-12-31,SKU02683,67,0,14,1344
2025-12-31,SKU02684,413,0,14,147
2025-12-31,SKU02685,138,0,14,105
2025-12-31,SKU02686,7502,0,14,1680
2025-12-31,SKU02687,204,0,14,126
2025-12-31,SKU02688,155,0,14,124
2025-12-31,SKU02689,31,0,14,27
2025-12-31,SKU02690,16,0,14,62
2025-12-31,SKU02691,151,0,14,129
2025-12-31,SKU02692,0,0,14,1205
2025-12-31,SKU02693,109,0,14,178
2025-12-31,SKU02694,5,0,14,24
2025-12-31,SKU02695,195,0,14,207
2025-12-31,SKU02696,132,0,14,48
2025-12-31,SKU02697,90,0,14,82
2025-12-31,SKU02698,83,0,14,128
2025-12-31,SKU02699,78,0,14,140
2025-12-31,SKU02700,7590,0,14,1666
2025-12-31,SKU02701,80,0,14,91
2025-12-31,SKU02702,147,0,14,175
2025-12-31,SKU02703,463,0,14,299
2025-12-31,SKU02704,155,0,14,100
2025-12-31,SKU02705,119,0,14,50
2025-12-31,SKU02706,119,0,14,176
2025-12-31,SKU02707,79,0,14,49
2025-12-31,SKU02708,286,0,14,169
2025-12-31,SKU02709,252,0,14,146
2025-12-31,SKU02710,7911,0,14,1648
2025-12-31,SKU02711,312,0,14,279
2025-12-31,SKU02712,29,0,14,59
2025-12-31,SKU02713,200,0,14,101
2025-12-31,SKU02714,323,0,14,242
2025-12-31,SKU02715,297,0,14,164
2025-12-31,SKU02716,861,0,14,408
2025-12-31,SKU02717,165,0,14,85
2025-12-31,SKU02718,7986,0,14,1737
2025-12-31,SKU02719,270,0,14,210
2025-12-31,SKU02720,234,0,14,146
2025-12-31,SKU02722,8992,0,14,1964
2025-12-31,SKU02723,86,0,14,109
2025-12-31,SKU02724,221,0,14,108
2025-12-31,SKU02725,388,0,14,189
2025-12-31,SKU02726,428,0,14,190
2025-12-31,SKU02727,130,0,14,100
2025-12-31,SKU02728,8428,0,14,1926
2025-12-31,SKU02731,372,0,14,246
2025-12-31,SKU02732,16,0,14,26
2025-12-31,SKU02733,73,0,14,62
2025-12-31,SKU02734,131,0,14,123
2025-12-31,SKU02735,22,0,14,82
2025-12-31,SKU02736,257,0,14,196
2025-12-31,SKU02737,39,0,14,1186
2025-12-31,SKU02738,351,0,14,160
2025-12-31,SKU02739,325,0,14,141
2025-12-31,SKU02740,0,0,14,1120
2025-12-31,SKU02741,198,0,14,161
2025-12-31,SKU02742,401,0,14,224
2025-12-31,SKU02743,122,0,14,49
2025-12-31,SKU02744,56,0,14,78
2025-12-31,SKU02745,66,0,14,38
2025-12-31,SKU02746,197,0,14,94
2025-12-31,SKU02747,101,0,14,1279
2025-12-31,SKU02748,100,0,14,109
2025-12-31,SKU02751,192,0,14,106
2025-12-31,SKU02752,491,0,14,350
2025-12-31,SKU02753,391,0,14,160
2025-12-31,SKU02754,268,0,14,145
2025-12-31,SKU02755,36,0,14,23
2025-12-31,SKU02756,86,0,14,196
2025-12-31,SKU02757,380,0,14,160
2025-12-31,SKU02758,495,0,14,259
2025-12-31,SKU02759,93,0,14,90
2025-12-31,SKU02761,316,0,14,153
2025-12-31,SKU02763,4647,0,14,1141
2025-12-31,SKU02764,75,0,14,61
2025-12-31,SKU02765,172,0,14,61
2025-12-31,SKU02766,383,0,14,172
2025-12-31,SKU02767,289,0,14,150
2025-12-31,SKU02768,4583,0,14,1146
2025-12-31,SKU02769,173,0,14,84
2025-12-31,SKU02770,35,0,14,83
2025-12-31,SKU02771,134,0,14,163
2025-12-31,SKU02772,217,0,14,79
2025-12-31,SKU02773,186,0,14,180
2025-12-31,SKU02774,388,0,14,145
2025-12-31,SKU02775,141,0,14,193
2025-12-31,SKU02776,21,0,14,1117
2025-12-31,SKU02777,213,0,14,189
2025-12-31,SKU02778,368,0,14,225
2025-12-31,SKU02779,114,0,14,168
2025-12-31,SKU02780,8650,0,14,1817
2025-12-31,SKU02781,28,0,14,107
2025-12-31,SKU02782,221,0,14,226
2025-12-31,SKU02783,42,0,14,32
2025-12-31,SKU02785,380,0,14,217
2025-12-31,SKU02786,14,0,14,21
2025-12-31,SKU02787,53,0,14,108
2025-12-31,SKU02788,87,0,14,65
2025-12-31,SKU02789,355,0,14,177
2025-12-31,SKU02790,164,0,14,69
2025-12-31,SKU02791,82,0,14,66
2025-12-31,SKU02792,273,0,14,218
2025-12-31,SKU02793,160,0,14,118
2025-12-31,SKU02794,6907,0,14,1630
2025-12-31,SKU02795,204,0,14,192
2025-12-31,SKU02796,149,0,14,109
2025-12-31,SKU02797,162,0,14,81
2025-12-31,SKU02798,336,0,14,324
2025-12-31,SKU02799,332,0,14,235
2025-12-31,SKU02800,366,0,14,181
2025-12-31,SKU02801,259,0,14,215
2025-12-31,SKU02802,226,0,14,163
2025-12-31,SKU02803,452,0,14,250
2025-12-31,SKU02804,237,0,14,262
2025-12-31,SKU02805,136,0,14,136
2025-12-31,SKU02806,238,0,14,144
2025-12-31,SKU02807,457,0,14,282
2025-12-31,SKU02808,315,0,14,163
2025-12-31,SKU02809,253,0,14,185
2025-12-31,SKU02810,54,0,14,70
2025-12-31,SKU02811,491,0,14,272
2025-12-31,SKU02812,402,0,14,223
2025-12-31,SKU02813,930,0,14,412
2025-12-31,SKU02815,365,0,14,168
2025-12-31,SKU02816,294,0,14,207
2025-12-31,SKU02817,226,0,14,159
2025-12-31,SKU02818,58,0,14,65
2025-12-31,SKU02819,87,0,14,114
2025-12-31,SKU02820,100,0,14,182
2025-12-31,SKU02821,216,0,14,184
2025-12-31,SKU02822,8050,0,14,1898
2025-12-31,SKU02823,8,0,14,27
2025-12-31,SKU02824,179,0,14,106
2025-12-31,SKU02825,232,0,14,159
2025-12-31,SKU02826,12,0,14,1328
2025-12-31,SKU02827,100,0,14,72
2025-12-31,SKU02828,587,0,14,248
2025-12-31,SKU02829,4360,0,14,990
2025-12-31,SKU02830,162,0,14,148
2025-12-31,SKU02831,295,0,14,200
2025-12-31,SKU02832,521,0,14,246
2025-12-31,SKU02833,143,0,14,1453
2025-12-31,SKU02834,100,0,14,36
2025-12-31,SKU02835,169,0,14,175
2025-12-31,SKU02836,369,0,14,230
2025-12-31,SKU02837,91,0,14,140
2025-12-31,SKU02838,604,0,14,245
2025-12-31,SKU02839,53,0,14,37
2025-12-31,SKU02840,71,0,14,1061
2025-12-31,SKU02841,419,0,14,192
2025-12-31,SKU02842,7265,0,14,1596
2025-12-31,SKU02843,44,0,14,37
2025-12-31,SKU02844,108,0,14,81
2025-12-31,SKU02845,260,0,14,182
2025-12-31,SKU02846,265,0,14,92
2025-12-31,SKU02847,64,0,14,50
2025-12-31,SKU02848,398,0,14,145
2025-12-31,SKU02849,168,0,14,91
2025-12-31,SKU02850,46,0,14,71
2025-12-31,SKU02851,253,0,14,93
2025-12-31,SKU02853,36,0,14,69
2025-12-31,SKU02855,246,0,14,197
2025-12-31,SKU02856,553,0,14,319
2025-12-31,SKU02857,419,0,14,244
2025-12-31,SKU02858,211,0,14,1210
2025-12-31,SKU02859,168,0,14,84
2025-12-31,SKU02860,405,0,14,173
2025-12-31,SKU02861,388,0,14,161
2025-12-31,SKU02863,200,0,14,217
2025-12-31,SKU02864,22,0,14,35
2025-12-31,SKU02865,52,0,14,31
2025-12-31,SKU02866,45,0,14,47
2025-12-31,SKU02867,301,0,14,146
2025-12-31,SKU02868,141,0,14,96
2025-12-31,SKU02869,50,0,14,79
2025-12-31,SKU02870,1,0,14,45
2025-12-31,SKU02871,9112,0,14,1941
2025-12-31,SKU02872,121,0,14,146
2025-12-31,SKU02873,21,0,14,78
2025-12-31,SKU02874,102,0,14,159
2025-12-31,SKU02875,68,0,14,28
2025-12-31,SKU02876,317,0,14,139
2025-12-31,SKU02877,5805,0,14,1333
2025-12-31,SKU02878,306,0,14,128
2025-12-31,SKU02879,142,0,14,57
2025-12-31,SKU02880,79,0,14,185
2025-12-31,SKU02881,183,0,14,63
2025-12-31,SKU02882,378,0,14,235
2025-12-31,SKU02883,185,0,14,144
2025-12-31,SKU02884,270,0,14,316
2025-12-31,SKU02885,117,0,14,50
2025-12-31,SKU02886,66,0,14,87
2025-12-31,SKU02887,67,0,14,97
2025-12-31,SKU02888,529,0,14,301
2025-12-31,SKU02889,64,0,14,55
2025-12-31,SKU02890,376,0,14,170
2025-12-31,SKU02891,145,0,14,52
2025-12-31,SKU02892,0,0,14,1396
2025-12-31,SKU02893,77,0,14,121
2025-12-31,SKU02894,187,0,14,98
2025-12-31,SKU02895,7,0,14,93
2025-12-31,SKU02896,174,0,14,149
2025-12-31,SKU02897,3546,0,14,798
2025-12-31,SKU02898,51,0,14,1017
2025-12-31,SKU02900,93,0,14,33
2025-12-31,SKU02901,139,0,14,101
2025-12-31,SKU02902,227,0,14,85
2025-12-31,SKU02904,59,0,14,31
2025-12-31,SKU02905,282,0,14,227
2025-12-31,SKU02906,357,0,14,165
2025-12-31,SKU02907,6783,0,14,1606
2025-12-31,SKU02908,85,0,14,139
2025-12-31,SKU02909,154,0,14,127
2025-12-31,SKU02910,198,0,14,104
2025-12-31,SKU02911,5132,0,14,1034
2025-12-31,SKU02912,225,0,14,149
2025-12-31,SKU02913,6,0,14,60
2025-12-31,SKU02915,5779,0,14,1396
2025-12-31,SKU02916,163,0,14,132
2025-12-31,SKU02917,125,0,14,164
2025-12-31,SKU02918,541,0,14,297
2025-12-31,SKU02919,186,0,14,78
2025-12-31,SKU02920,143,0,14,90
2025-12-31,SKU02921,229,0,14,215
2025-12-31,SKU02922,112,0,14,154
2025-12-31,SKU02923,146,0,14,1264
2025-12-31,SKU02924,274,0,14,261
2025-12-31,SKU02925,343,0,14,128
2025-12-31,SKU02926,87,0,14,112
2025-12-31,SKU02927,735,0,14,396
2025-12-31,SKU02929,463,0,14,251
2025-12-31,SKU02930,0,0,14,1074
2025-12-31,SKU02931,249,0,14,194
2025-12-31,SKU02932,185,0,14,90
2025-12-31,SKU02933,17,0,14,43
2025-12-31,SKU02934,170,0,14,91
2025-12-31,SKU02935,316,0,14,151
2025-12-31,SKU02936,191,0,14,95
2025-12-31,SKU02937,465,0,14,226
2025-12-31,SKU02938,8249,0,14,1819
2025-12-31,SKU02939,18,0,14,21
2025-12-31,SKU02940,283,0,14,146
2025-12-31,SKU02941,55,0,14,22
2025-12-31,SKU02942,375,0,14,225
2025-12-31,SKU02943,231,0,14,226
2025-12-31,SKU02944,343,0,14,173
2025-12-31,SKU02945,141,0,14,54
2025-12-31,SKU02946,6401,0,14,1526
2025-12-31,SKU02947,21,0,14,27
2025-12-31,SKU02948,108,0,14,122
2025-12-31,SKU02949,238,0,14,176
2025-12-31,SKU02950,0,0,14,1154
2025-12-31,SKU02951,98,0,14,74
2025-12-31,SKU02953,354,0,14,231
2025-12-31,SKU02954,10,0,14,1318
2025-12-31,SKU02955,100,0,14,77
2025-12-31,SKU02956,324,0,14,156
2025-12-31,SKU02957,311,0,14,241
2025-12-31,SKU02959,65,0,14,100
2025-12-31,SKU02960,100,0,14,44
2025-12-31,SKU02961,234,0,14,137
2025-12-31,SKU02962,251,0,14,98
2025-12-31,SKU02963,165,0,14,243
2025-12-31,SKU02964,7077,0,14,1540
2025-12-31,SKU02965,283,0,14,153
2025-12-31,SKU02966,74,0,14,39
2025-12-31,SKU02967,421,0,14,230
2025-12-31,SKU02968,90,0,14,86
2025-12-31,SKU02969,6804,0,14,1526
2025-12-31,SKU02970,354,0,14,246
2025-12-31,SKU02971,351,0,14,237
2025-12-31,SKU02972,177,0,14,98
2025-12-31,SKU02973,30,0,14,37
2025-12-31,SKU02974,233,0,14,111
2025-12-31,SKU02976,129,0,14,86
2025-12-31,SKU02977,237,0,14,146
2025-12-31,SKU02978,35,0,14,31
2025-12-31,SKU02980,234,0,14,82
2025-12-31,SKU02981,250,0,14,163
2025-12-31,SKU02982,103,0,14,119
2025-12-31,SKU02983,0,0,14,1223
2025-12-31,SKU02984,54,0,14,61
2025-12-31,SKU02986,267,0,14,168
2025-12-31,SKU02987,346,0,14,187
2025-12-31,SKU02988,688,0,14,388
2025-12-31,SKU02989,162,0,14,125
2025-12-31,SKU02990,93,0,14,160
2025-12-31,SKU02991,230,0,14,99
2025-12-31,SKU02992,37,0,14,20
2025-12-31,SKU02994,80,0,14,74
2025-12-31,SKU02995,159,0,14,60
2025-12-31,SKU02996,112,0,14,112
2025-12-31,SKU02997,6620,0,14,1434
2025-12-31,SKU02999,7596,0,14,1750
2025-12-31,SKU03000,45,0,14,26
2025-12-31,SKU03001,102,0,14,77
2025-12-31,SKU03002,193,0,14,158
2025-12-31,SKU03003,321,0,14,152
2025-12-31,SKU03004,279,0,14,249
2025-12-31,SKU03005,7094,0,14,1558
2025-12-31,SKU03006,173,0,14,64
2025-12-31,SKU03007,226,0,14,100
2025-12-31,SKU03009,405,0,14,278
2025-12-31,SKU03010,294,0,14,129
2025-12-31,SKU03011,198,0,14,80
2025-12-31,SKU03012,10,0,14,93
2025-12-31,SKU03013,215,0,14,139
2025-12-31,SKU03014,6541,0,14,1491
2025-12-31,SKU03015,395,0,14,213
2025-12-31,SKU03016,5,0,14,45
2025-12-31,SKU03017,194,0,14,194
2025-12-31,SKU03018,93,0,14,75
2025-12-31,SKU03020,497,0,14,237
2025-12-31,SKU03021,252,0,14,146
2025-12-31,SKU03022,532,0,14,307
2025-12-31,SKU03023,178,0,14,96
2025-12-31,SKU03024,132,0,14,48
2025-12-31,SKU03025,192,0,14,166
2025-12-31,SKU03026,200,0,14,147
2025-12-31,SKU03027,226,0,14,202
2025-12-31,SKU03028,56,0,14,77
2025-12-31,SKU03029,670,0,14,361
2025-12-31,SKU03030,56,0,14,1473
2025-12-31,SKU03031,8024,0,14,1771
2025-12-31,SKU03032,309,0,14,167
2025-12-31,SKU03033,165,0,14,87
2025-12-31,SKU03035,104,0,14,36
2025-12-31,SKU03036,7451,0,14,1636
2025-12-31,SKU03037,158,0,14,72
2025-12-31,SKU03038,135,0,14,78
2025-12-31,SKU03040,413,0,14,156
2025-12-31,SKU03041,168,0,14,61
2025-12-31,SKU03042,194,0,14,99
2025-12-31,SKU03043,7125,0,14,1753
2025-12-31,SKU03045,31,0,14,100
2025-12-31,SKU03046,160,0,14,115
2025-12-31,SKU03048,106,0,14,102
2025-12-31,SKU03049,148,0,14,100
2025-12-31,SKU03050,48,0,14,65
2025-12-31,SKU03051,313,0,14,159
2025-12-31,SKU03052,555,0,14,269
2025-12-31,SKU03053,0,0,14,974
2025-12-31,SKU03054,585,0,14,509
2025-12-31,SKU03055,118,0,14,82
2025-12-31,SKU03056,188,0,14,154
2025-12-31,SKU03057,0,0,14,1610
2025-12-31,SKU03058,8242,0,14,1863
2025-12-31,SKU03059,70,0,14,60
2025-12-31,SKU03060,157,0,14,127
2025-12-31,SKU03061,98,0,14,136
2025-12-31,SKU03062,545,0,14,312
2025-12-31,SKU03063,4,0,14,1168
2025-12-31,SKU03065,166,0,14,183
2025-12-31,SKU03066,507,0,14,229
2025-12-31,SKU03067,129,0,14,80
2025-12-31,SKU03068,284,0,14,152
2025-12-31,SKU03069,402,0,14,197
2025-12-31,SKU03070,205,0,14,99
2025-12-31,SKU03071,1,0,14,62
2025-12-31,SKU03072,56,0,14,49
2025-12-31,SKU03073,6327,0,14,1363
2025-12-31,SKU03075,132,0,14,79
2025-12-31,SKU03076,48,0,14,87
2025-12-31,SKU03077,56,0,14,47
2025-12-31,SKU03078,275,0,14,216
2025-12-31,SKU03080,315,0,14,173
2025-12-31,SKU03081,179,0,14,193
2025-12-31,SKU03082,210,0,14,83
2025-12-31,SKU03083,448,0,14,225
2025-12-31,SKU03084,352,0,14,144
2025-12-31,SKU03085,42,0,14,75
2025-12-31,SKU03086,197,0,14,151
2025-12-31,SKU03087,236,0,14,128
2025-12-31,SKU03088,32,0,14,1402
2025-12-31,SKU03089,7814,0,14,1773
2025-12-31,SKU03090,7415,0,14,1695
2025-12-31,SKU03091,194,0,14,146
2025-12-31,SKU03092,5198,0,14,1208
2025-12-31,SKU03093,307,0,14,128
2025-12-31,SKU03094,12,0,14,53
2025-12-31,SKU03095,174,0,14,140
2025-12-31,SKU03096,292,0,14,231
2025-12-31,SKU03097,393,0,14,410
2025-12-31,SKU03098,3,0,14,67
2025-12-31,SKU03099,187,0,14,168
2025-12-31,SKU03100,420,0,14,238
2025-12-31,SKU03101,296,0,14,287
2025-12-31,SKU03102,74,0,14,50
2025-12-31,SKU03103,223,0,14,77
2025-12-31,SKU03104,172,0,14,61
2025-12-31,SKU03105,8195,0,14,1764
2025-12-31,SKU03106,261,0,14,208
2025-12-31,SKU03107,207,0,14,139
2025-12-31,SKU03108,7868,0,14,1742
2025-12-31,SKU03109,70,0,14,115
2025-12-31,SKU03110,0,0,14,20
2025-12-31,SKU03111,576,0,14,326
2025-12-31,SKU03112,859,0,14,397
2025-12-31,SKU03113,75,0,14,38
2025-12-31,SKU03114,50,0,14,45
2025-12-31,SKU03115,10515,0,14,2171
2025-12-31,SKU03116,12,0,14,84
2025-12-31,SKU03117,99,0,14,163
2025-12-31,SKU03118,171,0,14,77
2025-12-31,SKU03119,366,0,14,134
2025-12-31,SKU03120,7,0,14,37
2025-12-31,SKU03121,259,0,14,88
2025-12-31,SKU03122,106,0,14,161
2025-12-31,SKU03123,247,0,14,96
2025-12-31,SKU03124,227,0,14,220
2025-12-31,SKU03125,331,0,14,223
2025-12-31,SKU03126,18,0,14,75
2025-12-31,SKU03127,41,0,14,50
2025-12-31,SKU03128,69,0,14,89
2025-12-31,SKU03129,8570,0,14,1880
2025-12-31,SKU03130,387,0,14,181
2025-12-31,SKU03131,69,0,14,77
2025-12-31,SKU03132,237,0,14,172
2025-12-31,SKU03133,199,0,14,164
2025-12-31,SKU03134,170,0,14,125
2025-12-31,SKU03135,151,0,14,93
2025-12-31,SKU03136,166,0,14,153
2025-12-31,SKU03137,309,0,14,228
2025-12-31,SKU03138,203,0,14,83
2025-12-31,SKU03139,7277,0,14,1566
2025-12-31,SKU03140,229,0,14,177
2025-12-31,SKU03143,190,0,14,134
2025-12-31,SKU03144,267,0,14,118
2025-12-31,SKU03146,343,0,14,157
2025-12-31,SKU03147,303,0,14,154
2025-12-31,SKU03148,47,0,14,52
2025-12-31,SKU03149,133,0,14,112
2025-12-31,SKU03150,7949,0,14,1833
2025-12-31,SKU03152,6432,0,14,1418
2025-12-31,SKU03153,4,0,14,20
2025-12-31,SKU03154,170,0,14,207
2025-12-31,SKU03155,130,0,14,56
2025-12-31,SKU03156,608,0,14,312
2025-12-31,SKU03159,136,0,14,122
2025-12-31,SKU03160,41,0,14,65
2025-12-31,SKU03161,145,0,14,181
2025-12-31,SKU03162,216,0,14,100
2025-12-31,SKU03163,83,0,14,102
2025-12-31,SKU03164,345,0,14,211
2025-12-31,SKU03165,179,0,14,66
2025-12-31,SKU03166,234,0,14,102
2025-12-31,SKU03167,159,0,14,60
2025-12-31,SKU03168,616,0,14,285
2025-12-31,SKU03169,27,0,14,39
2025-12-31,SKU03170,71,0,14,91
2025-12-31,SKU03171,34,0,14,1558
2025-12-31,SKU03172,600,0,14,283
2025-12-31,SKU03173,6495,0,14,1395
2025-12-31,SKU03174,117,0,14,57
2025-12-31,SKU03175,25,0,14,66
2025-12-31,SKU03177,5510,0,14,1279
2025-12-31,SKU03178,169,0,14,62
2025-12-31,SKU03179,7777,0,14,1816
2025-12-31,SKU03180,256,0,14,134
2025-12-31,SKU03181,7,0,14,65
2025-12-31,SKU03182,354,0,14,175
2025-12-31,SKU03183,47,0,14,65
2025-12-31,SKU03184,335,0,14,233
2025-12-31,SKU03185,254,0,14,137
2025-12-31,SKU03186,228,0,14,194
2025-12-31,SKU03187,279,0,14,94
2025-12-31,SKU03188,254,0,14,95
2025-12-31,SKU03189,88,0,14,44
2025-12-31,SKU03190,423,0,14,292
2025-12-31,SKU03192,5974,0,14,1336
2025-12-31,SKU03193,281,0,14,197
2025-12-31,SKU03194,217,0,14,101
2025-12-31,SKU03196,76,0,14,31
2025-12-31,SKU03197,274,0,14,216
2025-12-31,SKU03198,27,0,14,61
2025-12-31,SKU03199,0,0,14,1571
2025-12-31,SKU03200,325,0,14,160
2025-12-31,SKU03201,94,0,14,116
2025-12-31,SKU03202,325,0,14,193
2025-12-31,SKU03203,162,0,14,143
2025-12-31,SKU03204,183,0,14,201
2025-12-31,SKU03205,44,0,14,129
2025-12-31,SKU03206,242,0,14,266
2025-12-31,SKU03207,125,0,14,120
2025-12-31,SKU03208,600,0,14,253
2025-12-31,SKU03209,190,0,14,76
2025-12-31,SKU03210,5438,0,14,1187
2025-12-31,SKU03211,154,0,14,105
2025-12-31,SKU03212,146,0,14,72
2025-12-31,SKU03213,179,0,14,201
2025-12-31,SKU03214,313,0,14,196
2025-12-31,SKU03215,300,0,14,155
2025-12-31,SKU03216,122,0,14,72
2025-12-31,SKU03218,129,0,14,154
2025-12-31,SKU03219,11,0,14,24
2025-12-31,SKU03220,5440,0,14,1308
2025-12-31,SKU03221,99,0,14,48
2025-12-31,SKU03222,522,0,14,350
2025-12-31,SKU03223,323,0,14,230
2025-12-31,SKU03224,14,0,14,25
2025-12-31,SKU03227,253,0,14,290
2025-12-31,SKU03228,270,0,14,122
2025-12-31,SKU03229,231,0,14,190
2025-12-31,SKU03230,6980,0,14,1526
2025-12-31,SKU03231,219,0,14,141
2025-12-31,SKU03232,41,0,14,69
2025-12-31,SKU03233,304,0,14,299
2025-12-31,SKU03234,364,0,14,227
2025-12-31,SKU03235,7099,0,14,1629
2025-12-31,SKU03236,130,0,14,216
2025-12-31,SKU03237,202,0,14,258
2025-12-31,SKU03238,159,0,14,129
2025-12-31,SKU03239,147,0,14,220
2025-12-31,SKU03240,351,0,14,213
2025-12-31,SKU03241,281,0,14,227
2025-12-31,SKU03242,271,0,14,108
2025-12-31,SKU03243,10,0,14,64
2025-12-31,SKU03244,2,0,14,43
2025-12-31,SKU03245,68,0,14,66
2025-12-31,SKU03246,64,0,14,38
2025-12-31,SKU03247,125,0,14,119
2025-12-31,SKU03248,493,0,14,266
2025-12-31,SKU03249,117,0,14,128
2025-12-31,SKU03250,194,0,14,168
2025-12-31,SKU03251,7808,0,14,1786
2025-12-31,SKU03252,139,0,14,53
2025-12-31,SKU03254,7477,0,14,1654
2025-12-31,SKU03255,436,0,14,196
2025-12-31,SKU03256,114,0,14,41
2025-12-31,SKU03257,8787,0,14,1902
2025-12-31,SKU03258,8,0,14,45
2025-12-31,SKU03259,103,0,14,1247
2025-12-31,SKU03260,52,0,14,33
2025-12-31,SKU03261,143,0,14,187
2025-12-31,SKU03262,160,0,14,192
2025-12-31,SKU03263,156,0,14,145
2025-12-31,SKU03264,234,0,14,92
2025-12-31,SKU03265,70,0,14,115
2025-12-31,SKU03266,7895,0,14,1685
2025-12-31,SKU03267,328,0,14,178
2025-12-31,SKU03268,145,0,14,77
2025-12-31,SKU03269,68,0,14,86
2025-12-31,SKU03270,42,0,14,130
2025-12-31,SKU03271,407,0,14,249
2025-12-31,SKU03273,284,0,14,108
2025-12-31,SKU03274,164,0,14,1535
2025-12-31,SKU03275,188,0,14,158
2025-12-31,SKU03276,230,0,14,110
2025-12-31,SKU03277,6864,0,14,1470
2025-12-31,SKU03278,17,0,14,24
2025-12-31,SKU03279,244,0,14,166
2025-12-31,SKU03281,10211,0,14,2181
2025-12-31,SKU03282,45,0,14,27
2025-12-31,SKU03283,269,0,14,165
2025-12-31,SKU03284,6422,0,14,1479
2025-12-31,SKU03285,188,0,14,81
2025-12-31,SKU03286,6808,0,14,1515
2025-12-31,SKU03287,295,0,14,138
2025-12-31,SKU03288,91,0,14,56
2025-12-31,SKU03290,7988,0,14,1629
2025-12-31,SKU03291,5490,0,14,1182
2025-12-31,SKU03292,0,0,14,1346
2025-12-31,SKU03294,347,0,14,169
2025-12-31,SKU03295,4460,0,14,993
2025-12-31,SKU03297,385,0,14,176
2025-12-31,SKU03298,447,0,14,196
2025-12-31,SKU03299,189,0,14,109
2025-12-31,SKU03300,251,0,14,138
2025-12-31,SKU03301,230,0,14,146
2025-12-31,SKU03302,640,0,14,395
2025-12-31,SKU03303,259,0,14,95
2025-12-31,SKU03304,169,0,14,116
2025-12-31,SKU03305,137,0,14,103
2025-12-31,SKU03306,293,0,14,152
2025-12-31,SKU03307,85,0,14,121
2025-12-31,SKU03308,174,0,14,150
2025-12-31,SKU03309,99,0,14,119
2025-12-31,SKU03310,234,0,14,80
2025-12-31,SKU03311,7354,0,14,1646
2025-12-31,SKU03312,337,0,14,194
2025-12-31,SKU03313,526,0,14,348
2025-12-31,SKU03314,748,0,14,346
2025-12-31,SKU03315,175,0,14,65
2025-12-31,SKU03316,1,0,14,34
2025-12-31,SKU03317,187,0,14,100
2025-12-31,SKU03318,345,0,14,167
2025-12-31,SKU03319,62,0,14,33
2025-12-31,SKU03320,5726,0,14,1258
2025-12-31,SKU03321,201,0,14,163
2025-12-31,SKU03322,199,0,14,124
2025-12-31,SKU03323,151,0,14,1221
2025-12-31,SKU03324,96,0,14,139
2025-12-31,SKU03325,191,0,14,109
2025-12-31,SKU03326,15,0,14,46
2025-12-31,SKU03327,354,0,14,154
2025-12-31,SKU03328,279,0,14,144
2025-12-31,SKU03329,263,0,14,190
2025-12-31,SKU03330,93,0,14,51
2025-12-31,SKU03332,423,0,14,226
2025-12-31,SKU03333,27,0,14,48
2025-12-31,SKU03334,274,0,14,221
2025-12-31,SKU03335,193,0,14,156
2025-12-31,SKU03337,357,0,14,134
2025-12-31,SKU03338,289,0,14,276
2025-12-31,SKU03339,157,0,14,71
2025-12-31,SKU03340,14,0,14,27
2025-12-31,SKU03341,187,0,14,100
2025-12-31,SKU03342,299,0,14,121
2025-12-31,SKU03343,136,0,14,68
2025-12-31,SKU03346,231,0,14,96
2025-12-31,SKU03347,7716,0,14,1640
2025-12-31,SKU03348,214,0,14,232
2025-12-31,SKU03349,6948,0,14,1539
2025-12-31,SKU03350,30,0,14,22
2025-12-31,SKU03351,12,0,14,24
2025-12-31,SKU03352,90,0,14,39
2025-12-31,SKU03353,1,0,14,1223
2025-12-31,SKU03356,132,0,14,147
2025-12-31,SKU03357,7264,0,14,1613
2025-12-31,SKU03358,79,0,14,66
2025-12-31,SKU03359,170,0,14,112
2025-12-31,SKU03360,91,0,14,38
2025-12-31,SKU03361,31,0,14,45
2025-12-31,SKU03362,7039,0,14,1569
2025-12-31,SKU03363,343,0,14,253
2025-12-31,SKU03365,255,0,14,106
2025-12-31,SKU03367,189,0,14,98
2025-12-31,SKU03368,212,0,14,78
2025-12-31,SKU03369,126,0,14,122
2025-12-31,SKU03370,316,0,14,145
2025-12-31,SKU03371,27,0,14,38
2025-12-31,SKU03372,110,0,14,41
2025-12-31,SKU03373,133,0,14,151
2025-12-31,SKU03374,63,0,14,85
2025-12-31,SKU03375,7625,0,14,1769
2025-12-31,SKU03376,7824,0,14,1719
2025-12-31,SKU03377,52,0,14,40
2025-12-31,SKU03378,91,0,14,138
2025-12-31,SKU03379,264,0,14,164
2025-12-31,SKU03380,178,0,14,66
2025-12-31,SKU03381,101,0,14,39
2025-12-31,SKU03383,427,0,14,228
2025-12-31,SKU03384,255,0,14,231
2025-12-31,SKU03385,430,0,14,231
2025-12-31,SKU03386,55,0,14,96
2025-12-31,SKU03387,72,0,14,85
2025-12-31,SKU03388,231,0,14,221
2025-12-31,SKU03389,63,0,14,50
2025-12-31,SKU03390,139,0,14,56
2025-12-31,SKU03391,437,0,14,193
2025-12-31,SKU03392,74,0,14,33
2025-12-31,SKU03393,11,0,14,69
2025-12-31,SKU03394,536,0,14,296
2025-12-31,SKU03395,256,0,14,123
2025-12-31,SKU03396,112,0,14,50
2025-12-31,SKU03397,136,0,14,95
2025-12-31,SKU03398,61,0,14,23
2025-12-31,SKU03400,357,0,14,245
2025-12-31,SKU03401,192,0,14,193
2025-12-31,SKU03402,261,0,14,191
2025-12-31,SKU03403,245,0,14,117
2025-12-31,SKU03404,256,0,14,153
2025-12-31,SKU03405,154,0,14,94
2025-12-31,SKU03406,302,0,14,200
2025-12-31,SKU03407,131,0,14,57
2025-12-31,SKU03408,235,0,14,259
2025-12-31,SKU03409,85,0,14,53
2025-12-31,SKU03410,176,0,14,61
2025-12-31,SKU03411,82,0,14,66
2025-12-31,SKU03412,513,0,14,247
2025-12-31,SKU03413,161,0,14,88
2025-12-31,SKU03414,6873,0,14,1563
2025-12-31,SKU03415,181,0,14,98
2025-12-31,SKU03416,7112,0,14,1695
2025-12-31,SKU03417,334,0,14,176
2025-12-31,SKU03418,137,0,14,72
2025-12-31,SKU03419,143,0,14,165
2025-12-31,SKU03420,215,0,14,115
2025-12-31,SKU03421,261,0,14,148
2025-12-31,SKU03422,190,0,14,118
2025-12-31,SKU03423,187,0,14,84
2025-12-31,SKU03424,292,0,14,162
2025-12-31,SKU03425,0,0,14,1228
2025-12-31,SKU03426,8,0,14,28
2025-12-31,SKU03428,7300,0,14,1678
2025-12-31,SKU03429,14,0,14,65
2025-12-31,SKU03430,203,0,14,139
2025-12-31,SKU03432,519,0,14,360
2025-12-31,SKU03433,111,0,14,259
2025-12-31,SKU03434,266,0,14,156
2025-12-31,SKU03435,207,0,14,160
2025-12-31,SKU03436,7770,0,14,1841
2025-12-31,SKU03437,498,0,14,197
2025-12-31,SKU03438,126,0,14,156
2025-12-31,SKU03439,186,0,14,154
2025-12-31,SKU03440,86,0,14,58
2025-12-31,SKU03441,7649,0,14,1709
2025-12-31,SKU03442,102,0,14,40
2025-12-31,SKU03443,41,0,14,54
2025-12-31,SKU03444,343,0,14,143
2025-12-31,SKU03445,126,0,14,46
2025-12-31,SKU03446,244,0,14,93
2025-12-31,SKU03447,313,0,14,193
2025-12-31,SKU03448,156,0,14,169
2025-12-31,SKU03449,225,0,14,93
2025-12-31,SKU03450,70,0,14,27
2025-12-31,SKU03451,15,0,14,33
2025-12-31,SKU03452,353,0,14,215
2025-12-31,SKU03453,171,0,14,75
2025-12-31,SKU03454,7548,0,14,1610
2025-12-31,SKU03455,49,0,14,23
2025-12-31,SKU03456,486,0,14,295
2025-12-31,SKU03457,7441,0,14,1609
2025-12-31,SKU03458,185,0,14,99
2025-12-31,SKU03459,2,0,14,72
2025-12-31,SKU03460,134,0,14,70
2025-12-31,SKU03461,192,0,14,185
2025-12-31,SKU03462,317,0,14,201
2025-12-31,SKU03463,119,0,14,96
2025-12-31,SKU03464,103,0,14,121
2025-12-31,SKU03465,240,0,14,169
2025-12-31,SKU03466,396,0,14,247
2025-12-31,SKU03467,4818,0,14,1129
2025-12-31,SKU03468,79,0,14,130
2025-12-31,SKU03469,247,0,14,151
2025-12-31,SKU03470,62,0,14,80
2025-12-31,SKU03471,224,0,14,148
2025-12-31,SKU03472,241,0,14,136
2025-12-31,SKU03474,182,0,14,95
2025-12-31,SKU03475,391,0,14,143
2025-12-31,SKU03476,0,0,14,1467
2025-12-31,SKU03477,29,0,14,54
2025-12-31,SKU03478,412,0,14,158
2025-12-31,SKU03479,80,0,14,77
2025-12-31,SKU03480,238,0,14,146
2025-12-31,SKU03481,36,0,14,73
2025-12-31,SKU03483,125,0,14,77
2025-12-31,SKU03484,7958,0,14,1773
2025-12-31,SKU03485,265,0,14,220
2025-12-31,SKU03486,92,0,14,84
2025-12-31,SKU03487,317,0,14,158
2025-12-31,SKU03488,421,0,14,184
2025-12-31,SKU03489,30,0,14,120
2025-12-31,SKU03490,110,0,14,48
2025-12-31,SKU03491,9335,0,14,1930
2025-12-31,SKU03492,7719,0,14,1667
2025-12-31,SKU03493,7540,0,14,1733
2025-12-31,SKU03494,513,0,14,246
2025-12-31,SKU03495,467,0,14,288
2025-12-31,SKU03496,246,0,14,143
2025-12-31,SKU03498,597,0,14,307
2025-12-31,SKU03500,366,0,14,180
2025-12-31,SKU03501,131,0,14,57
2025-12-31,SKU03502,101,0,14,76
2025-12-31,SKU03503,450,0,14,206
2025-12-31,SKU03504,8264,0,14,1863
2025-12-31,SKU03505,280,0,14,114
2025-12-31,SKU03506,194,0,14,149
2025-12-31,SKU03507,89,0,14,58
2025-12-31,SKU03508,107,0,14,97
2025-12-31,SKU03511,7,0,14,78
2025-12-31,SKU03512,131,0,14,77
2025-12-31,SKU03513,249,0,14,110
2025-12-31,SKU03514,213,0,14,125
2025-12-31,SKU03515,586,0,14,287
2025-12-31,SKU03516,248,0,14,191
2025-12-31,SKU03517,168,0,14,141
2025-12-31,SKU03518,659,0,14,251
2025-12-31,SKU03519,490,0,14,226
2025-12-31,SKU03520,6580,0,14,1527
2025-12-31,SKU03521,474,0,14,163
2025-12-31,SKU03522,44,0,14,38
2025-12-31,SKU03523,8477,0,14,1767
2025-12-31,SKU03525,395,0,14,239
2025-12-31,SKU03526,48,0,14,23
2025-12-31,SKU03527,8,0,14,23
2025-12-31,SKU03528,185,0,14,79
2025-12-31,SKU03529,24,0,14,29
2025-12-31,SKU03530,204,0,14,71
2025-12-31,SKU03531,375,0,14,234
2025-12-31,SKU03532,190,0,14,99
2025-12-31,SKU03533,149,0,14,178
2025-12-31,SKU03534,321,0,14,265
2025-12-31,SKU03535,267,0,14,969
2025-12-31,SKU03536,52,0,14,84
2025-12-31,SKU03537,181,0,14,118
2025-12-31,SKU03538,208,0,14,91
2025-12-31,SKU03539,270,0,14,134
2025-12-31,SKU03540,261,0,14,122
2025-12-31,SKU03541,265,0,14,159
2025-12-31,SKU03542,390,0,14,271
2025-12-31,SKU03543,31,0,14,66
2025-12-31,SKU03544,489,0,14,170
2025-12-31,SKU03545,137,0,14,84
2025-12-31,SKU03546,0,0,14,1305
2025-12-31,SKU03547,210,0,14,119
2025-12-31,SKU03548,8055,0,14,1767
2025-12-31,SKU03549,479,0,14,313
2025-12-31,SKU03550,162,0,14,128
2025-12-31,SKU03551,421,0,14,198
2025-12-31,SKU03552,154,0,14,78
2025-12-31,SKU03553,91,0,14,58
2025-12-31,SKU03556,194,0,14,101
2025-12-31,SKU03557,72,0,14,27
2025-12-31,SKU03558,22,0,14,29
2025-12-31,SKU03559,21,0,14,29
2025-12-31,SKU03560,248,0,14,143
2025-12-31,SKU03561,190,0,14,217
2025-12-31,SKU03562,6962,0,14,1654
2025-12-31,SKU03563,178,0,14,162
2025-12-31,SKU03564,122,0,14,150
2025-12-31,SKU03566,209,0,14,241
2025-12-31,SKU03567,260,0,14,105
2025-12-31,SKU03568,658,0,14,340
2025-12-31,SKU03569,47,0,14,23
2025-12-31,SKU03570,376,0,14,192
2025-12-31,SKU03571,50,0,14,20
2025-12-31,SKU03572,73,0,14,55
2025-12-31,SKU03573,108,0,14,37
2025-12-31,SKU03574,6128,0,14,1277
2025-12-31,SKU03575,791,0,14,467
2025-12-31,SKU03576,14,0,14,21
2025-12-31,SKU03577,79,0,14,199
2025-12-31,SKU03578,0,0,14,1337
2025-12-31,SKU03579,590,0,14,339
2025-12-31,SKU03580,6410,0,14,1432
2025-12-31,SKU03581,62,0,14,48
2025-12-31,SKU03582,3820,0,14,870
2025-12-31,SKU03583,6109,0,14,1438
2025-12-31,SKU03584,115,0,14,61
2025-12-31,SKU03585,112,0,14,125
2025-12-31,SKU03587,305,0,14,216
2025-12-31,SKU03588,150,0,14,153
2025-12-31,SKU03589,41,0,14,75
2025-12-31,SKU03590,70,0,14,51
2025-12-31,SKU03591,343,0,14,192
2025-12-31,SKU03592,7365,0,14,1642
2025-12-31,SKU03593,119,0,14,46
2025-12-31,SKU03594,84,0,14,71
2025-12-31,SKU03595,134,0,14,77
2025-12-31,SKU03596,125,0,14,122
2025-12-31,SKU03597,378,0,14,204
2025-12-31,SKU03598,485,0,14,283
2025-12-31,SKU03599,32,0,14,37
2025-12-31,SKU03600,8378,0,14,1921
2025-12-31,SKU03601,638,0,14,353
2025-12-31,SKU03602,5575,0,14,1279
2025-12-31,SKU03603,8409,0,14,1861
2025-12-31,SKU03604,89,0,14,105
2025-12-31,SKU03605,460,0,14,383
2025-12-31,SKU03606,345,0,14,220
2025-12-31,SKU03607,284,0,14,303
2025-12-31,SKU03608,217,0,14,140
2025-12-31,SKU03609,9392,0,14,2008
2025-12-31,SKU03610,88,0,14,64
2025-12-31,SKU03611,47,0,14,46
2025-12-31,SKU03612,18,0,14,49
2025-12-31,SKU03613,420,0,14,205
2025-12-31,SKU03614,295,0,14,219
2025-12-31,SKU03615,194,0,14,169
2025-12-31,SKU03616,223,0,14,160
2025-12-31,SKU03617,607,0,14,298
2025-12-31,SKU03618,154,0,14,144
2025-12-31,SKU03619,4709,0,14,1004
2025-12-31,SKU03620,89,0,14,78
2025-12-31,SKU03621,6490,0,14,1413
2025-12-31,SKU03622,81,0,14,983
2025-12-31,SKU03623,257,0,14,105
2025-12-31,SKU03624,7196,0,14,1702
2025-12-31,SKU03625,228,0,14,106
2025-12-31,SKU03627,8081,0,14,1786
2025-12-31,SKU03628,349,0,14,157
2025-12-31,SKU03629,530,0,14,258
2025-12-31,SKU03631,47,0,14,76
2025-12-31,SKU03632,72,0,14,77
2025-12-31,SKU03633,0,0,14,1303
2025-12-31,SKU03634,6420,0,14,1383
2025-12-31,SKU03635,89,0,14,139
2025-12-31,SKU03636,29,0,14,23
2025-12-31,SKU03637,188,0,14,133
2025-12-31,SKU03638,246,0,14,120
2025-12-31,SKU03639,197,0,14,89
2025-12-31,SKU03641,106,0,14,170
2025-12-31,SKU03642,5070,0,14,1216
2025-12-31,SKU03643,491,0,14,225
2025-12-31,SKU03645,151,0,14,76
2025-12-31,SKU03646,85,0,14,87
2025-12-31,SKU03647,110,0,14,124
2025-12-31,SKU03648,268,0,14,218
2025-12-31,SKU03649,241,0,14,85
2025-12-31,SKU03650,546,0,14,355
2025-12-31,SKU03651,112,0,14,55
2025-12-31,SKU03652,376,0,14,256
2025-12-31,SKU03653,56,0,14,22
2025-12-31,SKU03654,245,0,14,125
2025-12-31,SKU03655,180,0,14,112
2025-12-31,SKU03656,117,0,14,113
2025-12-31,SKU03657,62,0,14,88
2025-12-31,SKU03658,120,0,14,122
2025-12-31,SKU03659,279,0,14,119
2025-12-31,SKU03660,51,0,14,23
2025-12-31,SKU03661,251,0,14,129
2025-12-31,SKU03662,520,0,14,209
2025-12-31,SKU03663,204,0,14,207
2025-12-31,SKU03664,36,0,14,24
2025-12-31,SKU03665,488,0,14,284
2025-12-31,SKU03666,174,0,14,86
2025-12-31,SKU03667,186,0,14,152
2025-12-31,SKU03669,88,0,14,98
2025-12-31,SKU03670,239,0,14,125
2025-12-31,SKU03671,614,0,14,262
2025-12-31,SKU03672,208,0,14,74
2025-12-31,SKU03674,167,0,14,178
2025-12-31,SKU03675,67,0,14,62
2025-12-31,SKU03676,571,0,14,236
2025-12-31,SKU03677,317,0,14,244
2025-12-31,SKU03678,403,0,14,260
2025-12-31,SKU03679,75,0,14,105
2025-12-31,SKU03681,22,0,14,42
2025-12-31,SKU03682,63,0,14,154
2025-12-31,SKU03683,180,0,14,88
2025-12-31,SKU03684,188,0,14,74
2025-12-31,SKU03685,456,0,14,182
2025-12-31,SKU03686,1045,0,14,608
2025-12-31,SKU03687,369,0,14,263
2025-12-31,SKU03688,412,0,14,219
2025-12-31,SKU03689,185,0,14,200
2025-12-31,SKU03690,129,0,14,117
2025-12-31,SKU03691,159,0,14,90
2025-12-31,SKU03692,135,0,14,59
2025-12-31,SKU03693,173,0,14,1375
2025-12-31,SKU03694,217,0,14,102
2025-12-31,SKU03695,71,0,14,28
2025-12-31,SKU03696,235,0,14,100
2025-12-31,SKU03697,59,0,14,29
2025-12-31,SKU03698,273,0,14,115
2025-12-31,SKU03699,317,0,14,282
2025-12-31,SKU03700,390,0,14,163
2025-12-31,SKU03701,130,0,14,93
2025-12-31,SKU03702,16,0,14,938
2025-12-31,SKU03703,133,0,14,46
2025-12-31,SKU03705,303,0,14,124
2025-12-31,SKU03706,210,0,14,99
2025-12-31,SKU03707,143,0,14,100
2025-12-31,SKU03709,7499,0,14,1770
2025-12-31,SKU03710,182,0,14,186
2025-12-31,SKU03711,331,0,14,257
2025-12-31,SKU03712,25,0,14,27
2025-12-31,SKU03713,181,0,14,226
2025-12-31,SKU03714,406,0,14,279
2025-12-31,SKU03715,354,0,14,267
2025-12-31,SKU03716,112,0,14,94
2025-12-31,SKU03717,181,0,14,150
2025-12-31,SKU03718,130,0,14,76
2025-12-31,SKU03719,275,0,14,316
2025-12-31,SKU03720,274,0,14,143
2025-12-31,SKU03721,382,0,14,143
2025-12-31,SKU03723,337,0,14,264
2025-12-31,SKU03724,224,0,14,94
2025-12-31,SKU03725,281,0,14,138
2025-12-31,SKU03726,244,0,14,146
2025-12-31,SKU03727,102,0,14,1188
2025-12-31,SKU03728,62,0,14,53
2025-12-31,SKU03729,5,0,14,61
2025-12-31,SKU03730,583,0,14,265
2025-12-31,SKU03731,207,0,14,148
2025-12-31,SKU03732,1121,0,14,507
2025-12-31,SKU03733,106,0,14,122
2025-12-31,SKU03734,297,0,14,136
2025-12-31,SKU03735,268,0,14,116
2025-12-31,SKU03736,146,0,14,169
2025-12-31,SKU03737,6812,0,14,1663
2025-12-31,SKU03738,180,0,14,108
2025-12-31,SKU03739,300,0,14,192
2025-12-31,SKU03740,7323,0,14,1653
2025-12-31,SKU03741,52,0,14,166
2025-12-31,SKU03743,0,0,14,1482
2025-12-31,SKU03744,7605,0,14,1660
2025-12-31,SKU03746,260,0,14,173
2025-12-31,SKU03747,180,0,14,103
2025-12-31,SKU03748,56,0,14,74
2025-12-31,SKU03749,7469,0,14,1662
2025-12-31,SKU03750,64,0,14,227
2025-12-31,SKU03752,249,0,14,178
2025-12-31,SKU03753,175,0,14,62
2025-12-31,SKU03754,121,0,14,131
2025-12-31,SKU03755,335,0,14,136
2025-12-31,SKU03756,36,0,14,24
2025-12-31,SKU03757,154,0,14,123
2025-12-31,SKU03758,46,0,14,99
2025-12-31,SKU03759,392,0,14,255
2025-12-31,SKU03760,243,0,14,98
2025-12-31,SKU03761,220,0,14,116
2025-12-31,SKU03762,419,0,14,278
2025-12-31,SKU03763,318,0,14,212
2025-12-31,SKU03764,123,0,14,58
2025-12-31,SKU03765,37,0,14,28
2025-12-31,SKU03766,236,0,14,123
2025-12-31,SKU03767,316,0,14,180
2025-12-31,SKU03768,89,0,14,49
2025-12-31,SKU03769,11,0,14,48
2025-12-31,SKU03770,111,0,14,186
2025-12-31,SKU03771,51,0,14,42
2025-12-31,SKU03772,336,0,14,126
2025-12-31,SKU03773,8090,0,14,1822
2025-12-31,SKU03774,266,0,14,217
2025-12-31,SKU03775,240,0,14,245
2025-12-31,SKU03777,395,0,14,284
2025-12-31,SKU03778,23,0,14,25
2025-12-31,SKU03779,148,0,14,100
2025-12-31,SKU03780,370,0,14,179
2025-12-31,SKU03781,135,0,14,69
2025-12-31,SKU03782,152,0,14,60
2025-12-31,SKU03783,167,0,14,187
2025-12-31,SKU03784,124,0,14,130
2025-12-31,SKU03785,30,0,14,51
2025-12-31,SKU03786,10,0,14,40
2025-12-31,SKU03787,150,0,14,127
2025-12-31,SKU03788,49,0,14,86
2025-12-31,SKU03789,253,0,14,126
2025-12-31,SKU03791,202,0,14,91
2025-12-31,SKU03792,194,0,14,94
2025-12-31,SKU03793,453,0,14,243
2025-12-31,SKU03794,21,0,14,43
2025-12-31,SKU03795,337,0,14,125
2025-12-31,SKU03797,216,0,14,253
2025-12-31,SKU03798,188,0,14,86
2025-12-31,SKU03799,4,0,14,58
2025-12-31,SKU03800,0,0,14,1071
2025-12-31,SKU03802,230,0,14,151
2025-12-31,SKU03803,7305,0,14,1640
2025-12-31,SKU03805,7499,0,14,1688
2025-12-31,SKU03807,4900,0,14,1080
2025-12-31,SKU03808,190,0,14,153
2025-12-31,SKU03809,160,0,14,135
2025-12-31,SKU03810,666,0,14,300
2025-12-31,SKU03811,596,0,14,426
2025-12-31,SKU03812,15,0,14,1359
2025-12-31,SKU03813,401,0,14,149
2025-12-31,SKU03814,263,0,14,107
2025-12-31,SKU03815,150,0,14,53
2025-12-31,SKU03816,374,0,14,325
2025-12-31,SKU03817,121,0,14,60
2025-12-31,SKU03818,386,0,14,233
2025-12-31,SKU03819,215,0,14,122
2025-12-31,SKU03820,47,0,14,31
2025-12-31,SKU03821,231,0,14,179
2025-12-31,SKU03822,7840,0,14,1677
2025-12-31,SKU03823,6680,0,14,1531
2025-12-31,SKU03824,269,0,14,121
2025-12-31,SKU03825,186,0,14,86
2025-12-31,SKU03826,235,0,14,126
2025-12-31,SKU03828,7088,0,14,1590
2025-12-31,SKU03829,432,0,14,192
2025-12-31,SKU03830,90,0,14,48
2025-12-31,SKU03831,299,0,14,173
2025-12-31,SKU03832,28,0,14,49
2025-12-31,SKU03833,8894,0,14,1913
2025-12-31,SKU03834,46,0,14,45
2025-12-31,SKU03835,22,0,14,32
2025-12-31,SKU03837,7885,0,14,1748
2025-12-31,SKU03838,259,0,14,153
2025-12-31,SKU03839,8057,0,14,1821
2025-12-31,SKU03840,68,0,14,1562
2025-12-31,SKU03841,51,0,14,99
2025-12-31,SKU03842,149,0,14,58
2025-12-31,SKU03843,95,0,14,75
2025-12-31,SKU03845,533,0,14,263
2025-12-31,SKU03846,83,0,14,179
2025-12-31,SKU03847,175,0,14,80
2025-12-31,SKU03848,4695,0,14,1114
2025-12-31,SKU03849,248,0,14,215
2025-12-31,SKU03850,132,0,14,52
2025-12-31,SKU03851,0,0,14,1353
2025-12-31,SKU03852,303,0,14,210
2025-12-31,SKU03853,192,0,14,88
2025-12-31,SKU03854,284,0,14,146
2025-12-31,SKU03855,345,0,14,271
2025-12-31,SKU03856,207,0,14,178
2025-12-31,SKU03857,361,0,14,174
2025-12-31,SKU03859,144,0,14,80
2025-12-31,SKU03860,253,0,14,141
2025-12-31,SKU03861,108,0,14,191
2025-12-31,SKU03862,411,0,14,173
2025-12-31,SKU03863,8574,0,14,1902
2025-12-31,SKU03864,7884,0,14,1772
2025-12-31,SKU03865,179,0,14,94
2025-12-31,SKU03866,455,0,14,206
2025-12-31,SKU03868,239,0,14,119
2025-12-31,SKU03869,206,0,14,93
2025-12-31,SKU03870,0,0,14,1442
2025-12-31,SKU03871,413,0,14,318
2025-12-31,SKU03873,500,0,14,230
2025-12-31,SKU03874,92,0,14,78
2025-12-31,SKU03875,168,0,14,155
2025-12-31,SKU03876,69,0,14,946
2025-12-31,SKU03877,394,0,14,191
2025-12-31,SKU03878,159,0,14,63
2025-12-31,SKU03879,269,0,14,172
2025-12-31,SKU03880,172,0,14,194
2025-12-31,SKU03881,547,0,14,252
2025-12-31,SKU03882,192,0,14,96
2025-12-31,SKU03883,293,0,14,286
2025-12-31,SKU03884,6984,0,14,1581
2025-12-31,SKU03885,301,0,14,187
2025-12-31,SKU03886,126,0,14,82
2025-12-31,SKU03887,112,0,14,78
2025-12-31,SKU03888,324,0,14,180
2025-12-31,SKU03889,182,0,14,90
2025-12-31,SKU03890,381,0,14,219
2025-12-31,SKU03891,1,0,14,74
2025-12-31,SKU03892,5029,0,14,1120
2025-12-31,SKU03893,312,0,14,185
2025-12-31,SKU03894,268,0,14,184
2025-12-31,SKU03895,84,0,14,218
2025-12-31,SKU03896,343,0,14,179
2025-12-31,SKU03897,175,0,14,100
2025-12-31,SKU03898,309,0,14,223
2025-12-31,SKU03899,489,0,14,282
2025-12-31,SKU03900,388,0,14,210
2025-12-31,SKU03901,200,0,14,112
2025-12-31,SKU03902,163,0,14,214
2025-12-31,SKU03903,282,0,14,183
2025-12-31,SKU03904,100,0,14,103
2025-12-31,SKU03905,6638,0,14,1455
2025-12-31,SKU03906,345,0,14,210
2025-12-31,SKU03907,0,0,14,1384
2025-12-31,SKU03908,254,0,14,127
2025-12-31,SKU03909,70,0,14,79
2025-12-31,SKU03910,122,0,14,142
2025-12-31,SKU03911,239,0,14,130
2025-12-31,SKU03912,311,0,14,117
2025-12-31,SKU03913,27,0,14,83
2025-12-31,SKU03914,185,0,14,96
2025-12-31,SKU03915,95,0,14,70
2025-12-31,SKU03916,195,0,14,125
2025-12-31,SKU03917,285,0,14,287
2025-12-31,SKU03918,273,0,14,217
2025-12-31,SKU03919,158,0,14,63
2025-12-31,SKU03920,64,0,14,56
2025-12-31,SKU03921,396,0,14,174
2025-12-31,SKU03922,191,0,14,91
2025-12-31,SKU03923,177,0,14,113
2025-12-31,SKU03924,210,0,14,139
2025-12-31,SKU03925,183,0,14,162
2025-12-31,SKU03927,189,0,14,88
2025-12-31,SKU03928,101,0,14,62
2025-12-31,SKU03929,164,0,14,98
2025-12-31,SKU03930,49,0,14,72
2025-12-31,SKU03931,3555,0,14,963
2025-12-31,SKU03932,9179,0,14,1910
2025-12-31,SKU03933,134,0,14,116
2025-12-31,SKU03934,132,0,14,272
2025-12-31,SKU03935,5153,0,14,1132
2025-12-31,SKU03936,443,0,14,214
2025-12-31,SKU03937,440,0,14,330
2025-12-31,SKU03938,270,0,14,91
2025-12-31,SKU03939,18,0,14,120
2025-12-31,SKU03940,162,0,14,227
2025-12-31,SKU03941,8524,0,14,1795
2025-12-31,SKU03942,148,0,14,98
2025-12-31,SKU03943,84,0,14,133
2025-12-31,SKU03944,656,0,14,390
2025-12-31,SKU03945,310,0,14,215
2025-12-31,SKU03947,248,0,14,130
2025-12-31,SKU03948,44,0,14,122
2025-12-31,SKU03949,217,0,14,76
2025-12-31,SKU03950,7925,0,14,1861
2025-12-31,SKU03951,225,0,14,276
2025-12-31,SKU03952,71,0,14,179
2025-12-31,SKU03953,114,0,14,156
2025-12-31,SKU03954,262,0,14,169
2025-12-31,SKU03955,140,0,14,93
2025-12-31,SKU03956,175,0,14,151
2025-12-31,SKU03958,505,0,14,220
2025-12-31,SKU03959,205,0,14,89
2025-12-31,SKU03960,216,0,14,80
2025-12-31,SKU03961,4455,0,14,1088
2025-12-31,SKU03962,69,0,14,34
2025-12-31,SKU03963,674,0,14,322
2025-12-31,SKU03964,177,0,14,132
2025-12-31,SKU03965,262,0,14,176
2025-12-31,SKU03966,4412,0,14,1012
2025-12-31,SKU03967,399,0,14,174
2025-12-31,SKU03968,8543,0,14,1745
2025-12-31,SKU03969,299,0,14,216
2025-12-31,SKU03970,104,0,14,48
2025-12-31,SKU03971,138,0,14,89
2025-12-31,SKU03972,424,0,14,212
2025-12-31,SKU03974,125,0,14,65
2025-12-31,SKU03975,8855,0,14,1941
2025-12-31,SKU03976,419,0,14,145
2025-12-31,SKU03977,179,0,14,132
2025-12-31,SKU03978,189,0,14,70
2025-12-31,SKU03979,223,0,14,83
2025-12-31,SKU03980,498,0,14,325
2025-12-31,SKU03981,281,0,14,196
2025-12-31,SKU03982,147,0,14,96
2025-12-31,SKU03983,335,0,14,145
2025-12-31,SKU03984,626,0,14,358
2025-12-31,SKU03985,389,0,14,214
2025-12-31,SKU03986,246,0,14,166
2025-12-31,SKU03987,50,0,14,82
2025-12-31,SKU03988,94,0,14,105
2025-12-31,SKU03989,229,0,14,196
2025-12-31,SKU03990,32,0,14,40
2025-12-31,SKU03991,6848,0,14,1604
2025-12-31,SKU03992,681,0,14,441
2025-12-31,SKU03994,307,0,14,149
2025-12-31,SKU03995,353,0,14,181
2025-12-31,SKU03996,337,0,14,300
2025-12-31,SKU03997,242,0,14,176
2025-12-31,SKU03998,38,0,14,45
2025-12-31,SKU04000,5,0,14,23
2025-12-31,SKU04001,433,0,14,264
2025-12-31,SKU04002,403,0,14,243
2025-12-31,SKU04003,176,0,14,123
2025-12-31,SKU04004,102,0,14,36
2025-12-31,SKU04005,215,0,14,233
2025-12-31,SKU04006,51,0,14,34
2025-12-31,SKU04007,157,0,14,96
2025-12-31,SKU04008,232,0,14,148
2025-12-31,SKU04009,380,0,14,296
2025-12-31,SKU04010,101,0,14,66
2025-12-31,SKU04011,106,0,14,116
2025-12-31,SKU04012,0,0,14,1029
2025-12-31,SKU04013,161,0,14,101
2025-12-31,SKU04014,78,0,14,85
2025-12-31,SKU04015,412,0,14,198
2025-12-31,SKU04016,282,0,14,1426
2025-12-31,SKU04017,261,0,14,153
2025-12-31,SKU04018,7270,0,14,1443
2025-12-31,SKU04019,8633,0,14,1875
2025-12-31,SKU04020,188,0,14,191
2025-12-31,SKU04021,303,0,14,149
2025-12-31,SKU04022,319,0,14,234
2025-12-31,SKU04023,222,0,14,131
2025-12-31,SKU04024,230,0,14,122
2025-12-31,SKU04025,155,0,14,79
2025-12-31,SKU04026,245,0,14,124
2025-12-31,SKU04028,372,0,14,271
2025-12-31,SKU04029,118,0,14,94
2025-12-31,SKU04030,308,0,14,158
2025-12-31,SKU04031,87,0,14,38
2025-12-31,SKU04032,125,0,14,1339
2025-12-31,SKU04033,161,0,14,94
2025-12-31,SKU04034,73,0,14,68
2025-12-31,SKU04035,0,0,14,1165
2025-12-31,SKU04036,179,0,14,77
2025-12-31,SKU04037,214,0,14,120
2025-12-31,SKU04038,357,0,14,307
2025-12-31,SKU04039,143,0,14,76
2025-12-31,SKU04040,30,0,14,30
2025-12-31,SKU04041,0,0,14,1244
2025-12-31,SKU04042,161,0,14,107
2025-12-31,SKU04044,341,0,14,267
2025-12-31,SKU04045,228,0,14,176
2025-12-31,SKU04046,47,0,14,1434
2025-12-31,SKU04048,6615,0,14,1483
2025-12-31,SKU04049,757,0,14,351
2025-12-31,SKU04050,395,0,14,281
2025-12-31,SKU04051,193,0,14,75
2025-12-31,SKU04052,6170,0,14,1419
2025-12-31,SKU04053,7592,0,14,1798
2025-12-31,SKU04054,7524,0,14,1693
2025-12-31,SKU04055,41,0,14,26
2025-12-31,SKU04056,38,0,14,106
2025-12-31,SKU04057,711,0,14,385
2025-12-31,SKU04058,67,0,14,89
2025-12-31,SKU04060,543,0,14,302
2025-12-31,SKU04061,96,0,14,79
2025-12-31,SKU04062,7894,0,14,1785
2025-12-31,SKU04063,50,0,14,168
2025-12-31,SKU04065,354,0,14,177
2025-12-31,SKU04066,498,0,14,220
2025-12-31,SKU04068,67,0,14,24
2025-12-31,SKU04069,137,0,14,124
2025-12-31,SKU04070,115,0,14,122
2025-12-31,SKU04071,368,0,14,149
2025-12-31,SKU04072,55,0,14,81
2025-12-31,SKU04073,7539,0,14,1734
2025-12-31,SKU04074,7,0,14,50
2025-12-31,SKU04075,59,0,14,94
2025-12-31,SKU04076,27,0,14,23
2025-12-31,SKU04077,506,0,14,186
2025-12-31,SKU04078,582,0,14,450
2025-12-31,SKU04079,84,0,14,127
2025-12-31,SKU04080,186,0,14,67
2025-12-31,SKU04081,178,0,14,158
2025-12-31,SKU04082,110,0,14,55
2025-12-31,SKU04083,191,0,14,82
2025-12-31,SKU04084,465,0,14,290
2025-12-31,SKU04085,205,0,14,183
2025-12-31,SKU04086,290,0,14,196
2025-12-31,SKU04087,128,0,14,87
2025-12-31,SKU04088,73,0,14,28
2025-12-31,SKU04089,373,0,14,189
2025-12-31,SKU04090,476,0,14,232
2025-12-31,SKU04091,120,0,14,136
2025-12-31,SKU04092,310,0,14,168
2025-12-31,SKU04093,244,0,14,131
2025-12-31,SKU04094,144,0,14,114
2025-12-31,SKU04095,438,0,14,176
2025-12-31,SKU04096,88,0,14,41
2025-12-31,SKU04097,107,0,14,79
2025-12-31,SKU04098,458,0,14,220
2025-12-31,SKU04101,117,0,14,63
2025-12-31,SKU04102,7555,0,14,1766
2025-12-31,SKU04103,16,0,14,46
2025-12-31,SKU04104,60,0,14,73
2025-12-31,SKU04105,72,0,14,1213
2025-12-31,SKU04106,6068,0,14,1273
2025-12-31,SKU04107,7804,0,14,1726
2025-12-31,SKU04108,406,0,14,220
2025-12-31,SKU04109,214,0,14,187
2025-12-31,SKU04110,165,0,14,70
2025-12-31,SKU04111,104,0,14,50
2025-12-31,SKU04114,213,0,14,84
2025-12-31,SKU04116,419,0,14,259
2025-12-31,SKU04117,77,0,14,137
2025-12-31,SKU04118,5534,0,14,1197
2025-12-31,SKU04119,117,0,14,83
2025-12-31,SKU04120,155,0,14,92
2025-12-31,SKU04121,218,0,14,207
2025-12-31,SKU04122,353,0,14,170
2025-12-31,SKU04123,82,0,14,69
2025-12-31,SKU04124,102,0,14,59
2025-12-31,SKU04125,274,0,14,184
2025-12-31,SKU04126,63,0,14,1381
2025-12-31,SKU04127,137,0,14,81
2025-12-31,SKU04128,154,0,14,78
2025-12-31,SKU04129,281,0,14,124
2025-12-31,SKU04130,44,0,14,92
2025-12-31,SKU04131,161,0,14,105
2025-12-31,SKU04132,150,0,14,51
2025-12-31,SKU04133,295,0,14,163
2025-12-31,SKU04135,364,0,14,227
2025-12-31,SKU04136,172,0,14,114
2025-12-31,SKU04137,91,0,14,107
2025-12-31,SKU04138,71,0,14,81
2025-12-31,SKU04139,172,0,14,111
2025-12-31,SKU04140,108,0,14,1246
2025-12-31,SKU04141,110,0,14,104
2025-12-31,SKU04142,6934,0,14,1614
2025-12-31,SKU04144,7612,0,14,1799
2025-12-31,SKU04145,6849,0,14,1452
2025-12-31,SKU04146,161,0,14,60
2025-12-31,SKU04147,7641,0,14,1661
2025-12-31,SKU04148,37,0,14,49
2025-12-31,SKU04149,34,0,14,28
2025-12-31,SKU04150,93,0,14,74
2025-12-31,SKU04151,266,0,14,239
2025-12-31,SKU04152,7386,0,14,1615
2025-12-31,SKU04153,8232,0,14,1790
2025-12-31,SKU04154,327,0,14,1471
2025-12-31,SKU04155,74,0,14,64
2025-12-31,SKU04156,0,0,14,64
2025-12-31,SKU04157,58,0,14,1937
2025-12-31,SKU04158,4377,0,14,1060
2025-12-31,SKU04159,248,0,14,183
2025-12-31,SKU04160,6747,0,14,1491
2025-12-31,SKU04161,66,0,14,69
2025-12-31,SKU04162,31,0,14,55
2025-12-31,SKU04163,106,0,14,126
2025-12-31,SKU04164,133,0,14,57
2025-12-31,SKU04165,287,0,14,167
2025-12-31,SKU04166,0,0,14,1278
2025-12-31,SKU04169,77,0,14,66
2025-12-31,SKU04170,183,0,14,161
2025-12-31,SKU04171,5,0,14,88
2025-12-31,SKU04172,238,0,14,122
2025-12-31,SKU04173,143,0,14,147
2025-12-31,SKU04174,256,0,14,114
2025-12-31,SKU04175,51,0,14,110
2025-12-31,SKU04176,10,0,14,25
2025-12-31,SKU04177,540,0,14,269
2025-12-31,SKU04178,339,0,14,184
2025-12-31,SKU04179,177,0,14,82
2025-12-31,SKU04180,438,0,14,320
2025-12-31,SKU04181,55,0,14,97
2025-12-31,SKU04184,125,0,14,54
2025-12-31,SKU04185,109,0,14,102
2025-12-31,SKU04186,340,0,14,125
2025-12-31,SKU04187,305,0,14,202
2025-12-31,SKU04188,143,0,14,139
2025-12-31,SKU04189,155,0,14,111
2025-12-31,SKU04190,102,0,14,84
2025-12-31,SKU04191,0,0,14,1437
2025-12-31,SKU04192,760,0,14,367
2025-12-31,SKU04193,46,0,14,30
2025-12-31,SKU04194,7126,0,14,1580
2025-12-31,SKU04195,210,0,14,81
2025-12-31,SKU04196,223,0,14,86
2025-12-31,SKU04197,620,0,14,298
2025-12-31,SKU04198,402,0,14,180
2025-12-31,SKU04199,229,0,14,102
2025-12-31,SKU04201,325,0,14,184
2025-12-31,SKU04202,311,0,14,222
2025-12-31,SKU04203,384,0,14,313
2025-12-31,SKU04204,287,0,14,157
2025-12-31,SKU04205,127,0,14,90
2025-12-31,SKU04206,38,0,14,64
2025-12-31,SKU04207,130,0,14,169
2025-12-31,SKU04208,73,0,14,90
2025-12-31,SKU04209,177,0,14,82
2025-12-31,SKU04211,120,0,14,150
2025-12-31,SKU04212,7339,0,14,1690
2025-12-31,SKU04213,155,0,14,63
2025-12-31,SKU04214,73,0,14,54
2025-12-31,SKU04215,7275,0,14,1655
2025-12-31,SKU04216,190,0,14,107
2025-12-31,SKU04217,6589,0,14,1463
2025-12-31,SKU04218,93,0,14,71
2025-12-31,SKU04219,331,0,14,195
2025-12-31,SKU04220,257,0,14,136
2025-12-31,SKU04221,181,0,14,94
2025-12-31,SKU04222,8692,0,14,1945
2025-12-31,SKU04223,226,0,14,212
2025-12-31,SKU04225,169,0,14,65
2025-12-31,SKU04226,461,0,14,229
2025-12-31,SKU04227,80,0,14,28
2025-12-31,SKU04228,7249,0,14,1640
2025-12-31,SKU04229,142,0,14,58
2025-12-31,SKU04230,32,0,14,50
2025-12-31,SKU04231,155,0,14,61
2025-12-31,SKU04233,247,0,14,181
2025-12-31,SKU04234,129,0,14,148
2025-12-31,SKU04235,481,0,14,307
2025-12-31,SKU04236,7621,0,14,1635
2025-12-31,SKU04237,78,0,14,31
2025-12-31,SKU04238,268,0,14,227
2025-12-31,SKU04239,174,0,14,116
2025-12-31,SKU04240,66,0,14,42
2025-12-31,SKU04241,46,0,14,37
2025-12-31,SKU04242,107,0,14,53
2025-12-31,SKU04243,28,0,14,31
2025-12-31,SKU04244,4751,0,14,1080
2025-12-31,SKU04245,99,0,14,1247
2025-12-31,SKU04246,130,0,14,68
2025-12-31,SKU04247,88,0,14,30
2025-12-31,SKU04249,7206,0,14,1627
2025-12-31,SKU04250,8411,0,14,1835
2025-12-31,SKU04251,353,0,14,299
2025-12-31,SKU04252,121,0,14,59
2025-12-31,SKU04253,20,0,14,54
2025-12-31,SKU04254,367,0,14,218
2025-12-31,SKU04255,320,0,14,285
2025-12-31,SKU04256,36,0,14,85
2025-12-31,SKU04258,260,0,14,132
2025-12-31,SKU04259,462,0,14,239
2025-12-31,SKU04261,7434,0,14,1628
2025-12-31,SKU04262,89,0,14,39
2025-12-31,SKU04263,334,0,14,168
2025-12-31,SKU04264,341,0,14,204
2025-12-31,SKU04265,5423,0,14,1142
2025-12-31,SKU04266,337,0,14,148
2025-12-31,SKU04267,261,0,14,144
2025-12-31,SKU04269,0,0,14,22
2025-12-31,SKU04270,369,0,14,187
2025-12-31,SKU04272,26,0,14,20
2025-12-31,SKU04273,0,0,14,1369
2025-12-31,SKU04274,277,0,14,169
2025-12-31,SKU04275,28,0,14,46
2025-12-31,SKU04276,144,0,14,120
2025-12-31,SKU04277,381,0,14,181
2025-12-31,SKU04280,335,0,14,1274
2025-12-31,SKU04281,6997,0,14,1593
2025-12-31,SKU04282,213,0,14,118
2025-12-31,SKU04283,136,0,14,80
2025-12-31,SKU04284,203,0,14,190
2025-12-31,SKU04285,477,0,14,186
2025-12-31,SKU04286,214,0,14,138
2025-12-31,SKU04287,12,0,14,88
2025-12-31,SKU04289,173,0,14,145
2025-12-31,SKU04290,85,0,14,58
2025-12-31,SKU04291,324,0,14,211
2025-12-31,SKU04292,7275,0,14,1650
2025-12-31,SKU04293,72,0,14,50
2025-12-31,SKU04294,177,0,14,145
2025-12-31,SKU04295,84,0,14,102
2025-12-31,SKU04296,70,0,14,26
2025-12-31,SKU04297,257,0,14,162
2025-12-31,SKU04298,189,0,14,91
2025-12-31,SKU04299,380,0,14,198
2025-12-31,SKU04300,233,0,14,196
2025-12-31,SKU04301,89,0,14,62
2025-12-31,SKU04302,69,0,14,30
2025-12-31,SKU04303,453,0,14,195
2025-12-31,SKU04304,99,0,14,76
2025-12-31,SKU04305,0,0,14,1050
2025-12-31,SKU04306,282,0,14,212
2025-12-31,SKU04307,369,0,14,287
2025-12-31,SKU04308,87,0,14,35
2025-12-31,SKU04309,11,0,14,154
2025-12-31,SKU04310,309,0,14,209
2025-12-31,SKU04311,264,0,14,121
2025-12-31,SKU04313,247,0,14,178
2025-12-31,SKU04314,203,0,14,141
2025-12-31,SKU04315,87,0,14,1508
2025-12-31,SKU04317,212,0,14,113
2025-12-31,SKU04318,38,0,14,993
2025-12-31,SKU04319,6711,0,14,1488
2025-12-31,SKU04320,239,0,14,121
2025-12-31,SKU04321,260,0,14,1026
2025-12-31,SKU04322,130,0,14,105
2025-12-31,SKU04323,37,0,14,47
2025-12-31,SKU04324,3,0,14,27
2025-12-31,SKU04325,77,0,14,32
2025-12-31,SKU04326,193,0,14,111
2025-12-31,SKU04327,114,0,14,167
2025-12-31,SKU04328,146,0,14,207
2025-12-31,SKU04329,0,0,14,1228
2025-12-31,SKU04330,64,0,14,42
2025-12-31,SKU04331,433,0,14,273
2025-12-31,SKU04332,46,0,14,42
2025-12-31,SKU04333,238,0,14,210
2025-12-31,SKU04334,7084,0,14,1570
2025-12-31,SKU04335,132,0,14,180
2025-12-31,SKU04336,184,0,14,92
2025-12-31,SKU04338,268,0,14,116
2025-12-31,SKU04339,12,0,14,41
2025-12-31,SKU04340,493,0,14,293
2025-12-31,SKU04342,95,0,14,41
2025-12-31,SKU04343,110,0,14,83
2025-12-31,SKU04344,34,0,14,66
2025-12-31,SKU04345,384,0,14,234
2025-12-31,SKU04346,0,0,14,1466
2025-12-31,SKU04347,213,0,14,99
2025-12-31,SKU04348,16,0,14,1075
2025-12-31,SKU04349,324,0,14,174
2025-12-31,SKU04350,0,0,14,1406
2025-12-31,SKU04351,168,0,14,64
2025-12-31,SKU04352,7623,0,14,1594
2025-12-31,SKU04353,74,0,14,58
2025-12-31,SKU04354,132,0,14,94
2025-12-31,SKU04355,95,0,14,88
2025-12-31,SKU04356,352,0,14,131
2025-12-31,SKU04357,386,0,14,172
2025-12-31,SKU04358,86,0,14,200
2025-12-31,SKU04360,230,0,14,147
2025-12-31,SKU04361,97,0,14,42
2025-12-31,SKU04362,14,0,14,1549
2025-12-31,SKU04363,73,0,14,81
2025-12-31,SKU04364,1075,0,14,479
2025-12-31,SKU04365,300,0,14,181
2025-12-31,SKU04366,250,0,14,107
2025-12-31,SKU04368,28,0,14,75
2025-12-31,SKU04369,735,0,14,356
2025-12-31,SKU04370,357,0,14,276
2025-12-31,SKU04372,8,0,14,62
2025-12-31,SKU04373,480,0,14,262
2025-12-31,SKU04375,116,0,14,84
2025-12-31,SKU04377,122,0,14,70
2025-12-31,SKU04378,312,0,14,179
2025-12-31,SKU04379,114,0,14,144
2025-12-31,SKU04380,72,0,14,54
2025-12-31,SKU04381,0,0,14,1286
2025-12-31,SKU04383,70,0,14,54
2025-12-31,SKU04384,343,0,14,179
2025-12-31,SKU04386,14,0,14,27
2025-12-31,SKU04387,449,0,14,182
2025-12-31,SKU04388,5379,0,14,1299
2025-12-31,SKU04389,233,0,14,93
2025-12-31,SKU04391,212,0,14,87
2025-12-31,SKU04392,7431,0,14,1674
2025-12-31,SKU04394,129,0,14,100
2025-12-31,SKU04395,32,0,14,33
2025-12-31,SKU04396,495,0,14,301
2025-12-31,SKU04397,58,0,14,66
2025-12-31,SKU04398,636,0,14,418
2025-12-31,SKU04400,330,0,14,157
2025-12-31,SKU04401,7220,0,14,1621
2025-12-31,SKU04402,40,0,14,83
2025-12-31,SKU04403,233,0,14,209
2025-12-31,SKU04404,394,0,14,185
2025-12-31,SKU04405,54,0,14,148
2025-12-31,SKU04408,16,0,14,24
2025-12-31,SKU04409,7772,0,14,1688
2025-12-31,SKU04410,154,0,14,146
2025-12-31,SKU04411,333,0,14,236
2025-12-31,SKU04412,6871,0,14,1535
2025-12-31,SKU04413,270,0,14,144
2025-12-31,SKU04414,9126,0,14,1888
2025-12-31,SKU04415,453,0,14,240
2025-12-31,SKU04416,307,0,14,282
2025-12-31,SKU04417,514,0,14,308
2025-12-31,SKU04418,304,0,14,174
2025-12-31,SKU04419,110,0,14,86
2025-12-31,SKU04420,15,0,14,21
2025-12-31,SKU04421,401,0,14,192
2025-12-31,SKU04422,220,0,14,207
2025-12-31,SKU04424,81,0,14,239
2025-12-31,SKU04425,4310,0,14,1014
2025-12-31,SKU04427,37,0,14,110
2025-12-31,SKU04428,661,0,14,310
2025-12-31,SKU04429,20,0,14,58
2025-12-31,SKU04430,139,0,14,48
2025-12-31,SKU04431,75,0,14,118
2025-12-31,SKU04432,88,0,14,100
2025-12-31,SKU04433,433,0,14,290
2025-12-31,SKU04434,50,0,14,74
2025-12-31,SKU04435,371,0,14,193
2025-12-31,SKU04436,133,0,14,163
2025-12-31,SKU04437,49,0,14,37
2025-12-31,SKU04438,200,0,14,156
2025-12-31,SKU04439,35,0,14,52
2025-12-31,SKU04440,392,0,14,275
2025-12-31,SKU04441,81,0,14,89
2025-12-31,SKU04442,7864,0,14,1634
2025-12-31,SKU04443,8071,0,14,1725
2025-12-31,SKU04445,311,0,14,155
2025-12-31,SKU04446,323,0,14,244
2025-12-31,SKU04447,351,0,14,145
2025-12-31,SKU04448,379,0,14,399
2025-12-31,SKU04449,162,0,14,157
2025-12-31,SKU04450,315,0,14,248
2025-12-31,SKU04451,26,0,14,27
2025-12-31,SKU04452,328,0,14,351
2025-12-31,SKU04453,0,0,14,1289
2025-12-31,SKU04454,129,0,14,181
2025-12-31,SKU04455,810,0,14,405
2025-12-31,SKU04456,494,0,14,346
2025-12-31,SKU04457,315,0,14,179
2025-12-31,SKU04458,213,0,14,189
2025-12-31,SKU04459,147,0,14,87
2025-12-31,SKU04461,4325,0,14,998
2025-12-31,SKU04462,323,0,14,193
2025-12-31,SKU04463,119,0,14,206
2025-12-31,SKU04464,391,0,14,199
2025-12-31,SKU04465,52,0,14,25
2025-12-31,SKU04466,116,0,14,61
2025-12-31,SKU04467,325,0,14,171
2025-12-31,SKU04468,5088,0,14,1146
2025-12-31,SKU04469,59,0,14,124
2025-12-31,SKU04470,4487,0,14,1068
2025-12-31,SKU04471,63,0,14,52
2025-12-31,SKU04472,289,0,14,286
2025-12-31,SKU04473,221,0,14,83
2025-12-31,SKU04474,403,0,14,173
2025-12-31,SKU04475,9740,0,14,2147
2025-12-31,SKU04476,0,0,14,903
2025-12-31,SKU04477,134,0,14,73
2025-12-31,SKU04478,7,0,14,115
2025-12-31,SKU04479,355,0,14,151
2025-12-31,SKU04480,115,0,14,84
2025-12-31,SKU04481,581,0,14,319
2025-12-31,SKU04482,144,0,14,186
2025-12-31,SKU04483,491,0,14,283
2025-12-31,SKU04484,261,0,14,93
2025-12-31,SKU04485,33,0,14,79
2025-12-31,SKU04486,431,0,14,240
2025-12-31,SKU04487,8,0,14,27
2025-12-31,SKU04488,460,0,14,250
2025-12-31,SKU04489,0,0,14,1224
2025-12-31,SKU04490,131,0,14,142
2025-12-31,SKU04491,8762,0,14,1839
2025-12-31,SKU04492,24,0,14,70
2025-12-31,SKU04493,510,0,14,305
2025-12-31,SKU04494,379,0,14,220
2025-12-31,SKU04495,488,0,14,261
2025-12-31,SKU04497,4,0,14,80
2025-12-31,SKU04498,342,0,14,192
2025-12-31,SKU04499,5445,0,14,1376
2025-12-31,SKU04500,214,0,14,154
2025-12-31,SKU04501,198,0,14,142
2025-12-31,SKU04502,65,0,14,71
2025-12-31,SKU04503,375,0,14,175
2025-12-31,SKU04504,3152,0,14,867
2025-12-31,SKU04505,8730,0,14,1886
2025-12-31,SKU04506,595,0,14,408
2025-12-31,SKU04507,78,0,14,52
2025-12-31,SKU04508,0,0,14,1154
2025-12-31,SKU04509,258,0,14,258
2025-12-31,SKU04510,224,0,14,109
2025-12-31,SKU04511,501,0,14,277
2025-12-31,SKU04512,153,0,14,102
2025-12-31,SKU04513,207,0,14,203
2025-12-31,SKU04515,208,0,14,188
2025-12-31,SKU04516,721,0,14,404
2025-12-31,SKU04517,33,0,14,54
2025-12-31,SKU04518,349,0,14,190
2025-12-31,SKU04519,272,0,14,212
2025-12-31,SKU04520,37,0,14,29
2025-12-31,SKU04521,479,0,14,389
2025-12-31,SKU04522,470,0,14,215
2025-12-31,SKU04523,447,0,14,196
2025-12-31,SKU04524,5,0,14,74
2025-12-31,SKU04525,215,0,14,149
2025-12-31,SKU04526,7995,0,14,1797
2025-12-31,SKU04527,345,0,14,295
2025-12-31,SKU04528,77,0,14,87
2025-12-31,SKU04530,296,0,14,147
2025-12-31,SKU04531,12,0,14,25
2025-12-31,SKU04532,7767,0,14,1762
2025-12-31,SKU04533,165,0,14,186
2025-12-31,SKU04535,142,0,14,106
2025-12-31,SKU04536,6,0,14,29
2025-12-31,SKU04538,233,0,14,144
2025-12-31,SKU04539,229,0,14,150
2025-12-31,SKU04540,497,0,14,231
2025-12-31,SKU04541,133,0,14,80
2025-12-31,SKU04542,361,0,14,198
2025-12-31,SKU04543,806,0,14,462
2025-12-31,SKU04544,297,0,14,204
2025-12-31,SKU04546,186,0,14,67
2025-12-31,SKU04548,3,0,14,41
2025-12-31,SKU04549,42,0,14,24
2025-12-31,SKU04550,21,0,14,126
2025-12-31,SKU04551,93,0,14,1602
2025-12-31,SKU04552,308,0,14,136
2025-12-31,SKU04553,243,0,14,186
2025-12-31,SKU04554,8198,0,14,1774
2025-12-31,SKU04555,35,0,14,58
2025-12-31,SKU04556,225,0,14,146
2025-12-31,SKU04557,166,0,14,100
2025-12-31,SKU04558,97,0,14,45
2025-12-31,SKU04559,70,0,14,32
2025-12-31,SKU04560,718,0,14,406
2025-12-31,SKU04561,5429,0,14,1199
2025-12-31,SKU04562,13,0,14,1214
2025-12-31,SKU04563,412,0,14,197
2025-12-31,SKU04564,437,0,14,302
2025-12-31,SKU04565,34,0,14,50
2025-12-31,SKU04566,6999,0,14,1630
2025-12-31,SKU04567,224,0,14,199
2025-12-31,SKU04568,174,0,14,168
2025-12-31,SKU04569,210,0,14,75
2025-12-31,SKU04570,342,0,14,245
2025-12-31,SKU04571,224,0,14,1538
2025-12-31,SKU04572,257,0,14,228
2025-12-31,SKU04573,70,0,14,189
2025-12-31,SKU04574,0,0,14,1115
2025-12-31,SKU04575,61,0,14,63
2025-12-31,SKU04577,78,0,14,36
2025-12-31,SKU04578,430,0,14,196
2025-12-31,SKU04579,45,0,14,56
2025-12-31,SKU04580,6674,0,14,1653
2025-12-31,SKU04581,381,0,14,194
2025-12-31,SKU04582,164,0,14,133
2025-12-31,SKU04583,253,0,14,148
2025-12-31,SKU04584,425,0,14,219
2025-12-31,SKU04585,94,0,14,191
2025-12-31,SKU04586,173,0,14,104
2025-12-31,SKU04587,34,0,14,60
2025-12-31,SKU04588,158,0,14,94
2025-12-31,SKU04589,366,0,14,232
2025-12-31,SKU04591,7049,0,14,1500
2025-12-31,SKU04592,378,0,14,198
2025-12-31,SKU04593,460,0,14,314
2025-12-31,SKU04595,131,0,14,44
2025-12-31,SKU04596,0,0,14,1211
2025-12-31,SKU04597,442,0,14,182
2025-12-31,SKU04598,156,0,14,150
2025-12-31,SKU04601,345,0,14,259
2025-12-31,SKU04602,362,0,14,136
2025-12-31,SKU04603,65,0,14,55
2025-12-31,SKU04604,333,0,14,226
2025-12-31,SKU04605,7236,0,14,1589
2025-12-31,SKU04607,5477,0,14,1210
2025-12-31,SKU04608,9,0,14,87
2025-12-31,SKU04609,219,0,14,205
2025-12-31,SKU04610,212,0,14,154
2025-12-31,SKU04611,116,0,14,128
2025-12-31,SKU04612,7567,0,14,1610
2025-12-31,SKU04613,359,0,14,188
2025-12-31,SKU04614,356,0,14,276
2025-12-31,SKU04615,144,0,14,205
2025-12-31,SKU04616,193,0,14,162
2025-12-31,SKU04617,71,0,14,70
2025-12-31,SKU04618,62,0,14,50
2025-12-31,SKU04620,17,0,14,24
2025-12-31,SKU04623,200,0,14,73
2025-12-31,SKU04625,86,0,14,84
2025-12-31,SKU04626,223,0,14,1189
2025-12-31,SKU04627,0,0,14,987
2025-12-31,SKU04628,318,0,14,178
2025-12-31,SKU04629,162,0,14,98
2025-12-31,SKU04630,7,0,14,23
2025-12-31,SKU04632,43,0,14,140
2025-12-31,SKU04633,0,0,14,1112
2025-12-31,SKU04634,35,0,14,42
2025-12-31,SKU04635,88,0,14,67
2025-12-31,SKU04636,4762,0,14,1142
2025-12-31,SKU04637,115,0,14,129
2025-12-31,SKU04638,205,0,14,180
2025-12-31,SKU04639,61,0,14,75
2025-12-31,SKU04640,60,0,14,29
2025-12-31,SKU04641,7392,0,14,1675
2025-12-31,SKU04642,356,0,14,162
2025-12-31,SKU04643,6913,0,14,1505
2025-12-31,SKU04644,110,0,14,48
2025-12-31,SKU04645,338,0,14,159
2025-12-31,SKU04646,6,0,14,1009
2025-12-31,SKU04648,103,0,14,133
2025-12-31,SKU04649,10,0,14,38
2025-12-31,SKU04650,310,0,14,124
2025-12-31,SKU04651,53,0,14,34
2025-12-31,SKU04652,6580,0,14,1550
2025-12-31,SKU04653,7936,0,14,1744
2025-12-31,SKU04654,6242,0,14,1600
2025-12-31,SKU04657,201,0,14,114
2025-12-31,SKU04659,167,0,14,82
2025-12-31,SKU04660,42,0,14,68
2025-12-31,SKU04661,262,0,14,91
2025-12-31,SKU04662,26,0,14,33
2025-12-31,SKU04663,0,0,14,1398
2025-12-31,SKU04664,7820,0,14,1743
2025-12-31,SKU04665,8297,0,14,1788
2025-12-31,SKU04667,30,0,14,34
2025-12-31,SKU04668,254,0,14,98
2025-12-31,SKU04669,27,0,14,35
2025-12-31,SKU04670,6544,0,14,1586
2025-12-31,SKU04671,307,0,14,153
2025-12-31,SKU04672,65,0,14,171
2025-12-31,SKU04673,287,0,14,119
2025-12-31,SKU04674,355,0,14,220
2025-12-31,SKU04675,245,0,14,178
2025-12-31,SKU04676,133,0,14,116
2025-12-31,SKU04677,293,0,14,98
2025-12-31,SKU04678,264,0,14,139
2025-12-31,SKU04679,7932,0,14,1775
2025-12-31,SKU04680,83,0,14,142
2025-12-31,SKU04681,136,0,14,109
2025-12-31,SKU04682,78,0,14,129
2025-12-31,SKU04683,233,0,14,159
2025-12-31,SKU04684,336,0,14,287
2025-12-31,SKU04685,145,0,14,142
2025-12-31,SKU04686,93,0,14,72
2025-12-31,SKU04688,408,0,14,237
2025-12-31,SKU04690,8332,0,14,1741
2025-12-31,SKU04692,61,0,14,88
2025-12-31,SKU04693,7305,0,14,1611
2025-12-31,SKU04694,110,0,14,66
2025-12-31,SKU04695,120,0,14,127
2025-12-31,SKU04698,608,0,14,360
2025-12-31,SKU04699,469,0,14,300
2025-12-31,SKU04700,47,0,14,86
2025-12-31,SKU04701,190,0,14,86
2025-12-31,SKU04702,510,0,14,193
2025-12-31,SKU04703,137,0,14,283
2025-12-31,SKU04704,275,0,14,150
2025-12-31,SKU04705,70,0,14,53
2025-12-31,SKU04706,3539,0,14,873
2025-12-31,SKU04707,122,0,14,144
2025-12-31,SKU04708,204,0,14,118
2025-12-31,SKU04709,163,0,14,87
2025-12-31,SKU04710,495,0,14,1369
2025-12-31,SKU04711,500,0,14,274
2025-12-31,SKU04712,360,0,14,193
2025-12-31,SKU04713,149,0,14,100
2025-12-31,SKU04715,25,0,14,27
2025-12-31,SKU04716,64,0,14,102
2025-12-31,SKU04717,5576,0,14,1267
2025-12-31,SKU04718,177,0,14,139
2025-12-31,SKU04719,239,0,14,101
2025-12-31,SKU04720,235,0,14,88
2025-12-31,SKU04721,286,0,14,151
2025-12-31,SKU04722,426,0,14,244
2025-12-31,SKU04723,353,0,14,156
2025-12-31,SKU04724,190,0,14,120
2025-12-31,SKU04726,7465,0,14,1624
2025-12-31,SKU04727,125,0,14,72
2025-12-31,SKU04728,480,0,14,249
2025-12-31,SKU04729,7221,0,14,1634
2025-12-31,SKU04731,716,0,14,339
2025-12-31,SKU04732,339,0,14,309
2025-12-31,SKU04733,315,0,14,208
2025-12-31,SKU04734,201,0,14,80
2025-12-31,SKU04735,88,0,14,59
2025-12-31,SKU04736,402,0,14,162
2025-12-31,SKU04737,141,0,14,58
2025-12-31,SKU04738,69,0,14,48
2025-12-31,SKU04739,105,0,14,189
2025-12-31,SKU04740,13,0,14,30
2025-12-31,SKU04741,7404,0,14,1628
2025-12-31,SKU04742,516,0,14,328
2025-12-31,SKU04743,518,0,14,281
2025-12-31,SKU04745,192,0,14,147
2025-12-31,SKU04746,101,0,14,81
2025-12-31,SKU04747,7930,0,14,1935
2025-12-31,SKU04748,53,0,14,23
2025-12-31,SKU04749,232,0,14,129
2025-12-31,SKU04750,128,0,14,180
2025-12-31,SKU04751,145,0,14,117
2025-12-31,SKU04752,59,0,14,60
2025-12-31,SKU04753,6385,0,14,1351
2025-12-31,SKU04754,135,0,14,94
2025-12-31,SKU04755,217,0,14,155
2025-12-31,SKU04756,0,0,14,1077
2025-12-31,SKU04757,7123,0,14,1527
2025-12-31,SKU04758,123,0,14,52
2025-12-31,SKU04759,195,0,14,152
2025-12-31,SKU04760,46,0,14,57
2025-12-31,SKU04761,161,0,14,109
2025-12-31,SKU04762,136,0,14,65
2025-12-31,SKU04763,293,0,14,171
2025-12-31,SKU04764,198,0,14,156
2025-12-31,SKU04765,202,0,14,168
2025-12-31,SKU04766,6,0,14,69
2025-12-31,SKU04767,350,0,14,133
2025-12-31,SKU04768,7771,0,14,1643
2025-12-31,SKU04770,179,0,14,130
2025-12-31,SKU04771,7799,0,14,1893
2025-12-31,SKU04772,123,0,14,149
2025-12-31,SKU04773,7,0,14,25
2025-12-31,SKU04774,226,0,14,195
2025-12-31,SKU04775,525,0,14,342
2025-12-31,SKU04776,631,0,14,237
2025-12-31,SKU04777,59,0,14,137
2025-12-31,SKU04778,101,0,14,143
2025-12-31,SKU04779,235,0,14,114
2025-12-31,SKU04781,561,0,14,217
2025-12-31,SKU04783,0,0,14,1501
2025-12-31,SKU04784,207,0,14,71
2025-12-31,SKU04785,82,0,14,65
2025-12-31,SKU04786,13,0,14,68
2025-12-31,SKU04787,566,0,14,278
2025-12-31,SKU04788,234,0,14,99
2025-12-31,SKU04789,228,0,14,96
2025-12-31,SKU04790,37,0,14,59
2025-12-31,SKU04791,6763,0,14,1525
2025-12-31,SKU04792,522,0,14,314
2025-12-31,SKU04794,481,0,14,196
2025-12-31,SKU04795,7176,0,14,1544
2025-12-31,SKU04796,404,0,14,409
2025-12-31,SKU04797,4377,0,14,984
2025-12-31,SKU04798,6147,0,14,1484
2025-12-31,SKU04800,20,0,14,66
2025-12-31,SKU04801,297,0,14,142
2025-12-31,SKU04802,280,0,14,132
2025-12-31,SKU04803,309,0,14,131
2025-12-31,SKU04804,73,0,14,35
2025-12-31,SKU04805,464,0,14,212
2025-12-31,SKU04806,106,0,14,36
2025-12-31,SKU04807,223,0,14,120
2025-12-31,SKU04808,377,0,14,213
2025-12-31,SKU04809,231,0,14,127
2025-12-31,SKU04810,246,0,14,201
2025-12-31,SKU04811,285,0,14,259
2025-12-31,SKU04812,72,0,14,36
2025-12-31,SKU04814,207,0,14,104
2025-12-31,SKU04815,203,0,14,125
2025-12-31,SKU04816,58,0,14,30
2025-12-31,SKU04817,261,0,14,120
2025-12-31,SKU04818,144,0,14,70
2025-12-31,SKU04819,59,0,14,28
2025-12-31,SKU04820,2,0,14,81
2025-12-31,SKU04821,99,0,14,202
2025-12-31,SKU04822,81,0,14,128
2025-12-31,SKU04823,13,0,14,31
2025-12-31,SKU04824,0,0,14,1260
2025-12-31,SKU04825,36,0,14,93
2025-12-31,SKU04826,119,0,14,69
2025-12-31,SKU04828,207,0,14,183
2025-12-31,SKU04829,286,0,14,156
2025-12-31,SKU04830,10,0,14,29
2025-12-31,SKU04831,8033,0,14,1864
2025-12-31,SKU04832,219,0,14,197
2025-12-31,SKU04833,369,0,14,230
2025-12-31,SKU04836,329,0,14,266
2025-12-31,SKU04837,98,0,14,117
2025-12-31,SKU04838,518,0,14,253
2025-12-31,SKU04839,35,0,14,43
2025-12-31,SKU04840,156,0,14,81
2025-12-31,SKU04841,265,0,14,158
2025-12-31,SKU04842,89,0,14,92
2025-12-31,SKU04843,141,0,14,65
2025-12-31,SKU04844,176,0,14,141
2025-12-31,SKU04845,360,0,14,181
2025-12-31,SKU04846,66,0,14,39
2025-12-31,SKU04847,199,0,14,1332
2025-12-31,SKU04848,20,0,14,21
2025-12-31,SKU04849,7648,0,14,1639
2025-12-31,SKU04850,428,0,14,217
2025-12-31,SKU04851,44,0,14,33
2025-12-31,SKU04852,311,0,14,167
2025-12-31,SKU04853,323,0,14,145
2025-12-31,SKU04854,5340,0,14,1228
2025-12-31,SKU04855,283,0,14,143
2025-12-31,SKU04856,7197,0,14,1623
2025-12-31,SKU04857,200,0,14,72
2025-12-31,SKU04858,217,0,14,86
2025-12-31,SKU04859,164,0,14,120
2025-12-31,SKU04861,157,0,14,78
2025-12-31,SKU04862,335,0,14,187
2025-12-31,SKU04864,63,0,14,28
2025-12-31,SKU04865,306,0,14,289
2025-12-31,SKU04866,308,0,14,168
2025-12-31,SKU04867,99,0,14,57
2025-12-31,SKU04868,44,0,14,23
2025-12-31,SKU04869,96,0,14,71
2025-12-31,SKU04871,1,0,14,93
2025-12-31,SKU04872,192,0,14,168
2025-12-31,SKU04873,49,0,14,78
2025-12-31,SKU04874,64,0,14,35
2025-12-31,SKU04876,150,0,14,184
2025-12-31,SKU04877,108,0,14,72
2025-12-31,SKU04878,182,0,14,113
2025-12-31,SKU04879,5020,0,14,1000
2025-12-31,SKU04880,99,0,14,110
2025-12-31,SKU04881,97,0,14,105
2025-12-31,SKU04882,157,0,14,128
2025-12-31,SKU04883,156,0,14,81
2025-12-31,SKU04884,208,0,14,93
2025-12-31,SKU04885,427,0,14,351
2025-12-31,SKU04886,311,0,14,178
2025-12-31,SKU04887,7218,0,14,1486
2025-12-31,SKU04888,6674,0,14,1455
2025-12-31,SKU04889,312,0,14,173
2025-12-31,SKU04891,176,0,14,100
2025-12-31,SKU04892,288,0,14,247
2025-12-31,SKU04893,162,0,14,67
2025-12-31,SKU04894,5830,0,14,1323
2025-12-31,SKU04895,2,0,14,34
2025-12-31,SKU04896,247,0,14,197
2025-12-31,SKU04897,26,0,14,65
2025-12-31,SKU04899,153,0,14,177
2025-12-31,SKU04900,172,0,14,223
2025-12-31,SKU04901,7882,0,14,1758
2025-12-31,SKU04902,8461,0,14,1903
2025-12-31,SKU04903,219,0,14,226
2025-12-31,SKU04904,233,0,14,119
2025-12-31,SKU04905,7545,0,14,1699
2025-12-31,SKU04906,471,0,14,237
2025-12-31,SKU04907,247,0,14,100
2025-12-31,SKU04908,44,0,14,22
2025-12-31,SKU04909,93,0,14,50
2025-12-31,SKU04910,17,0,14,36
2025-12-31,SKU04911,24,0,14,80
2025-12-31,SKU04912,223,0,14,124
2025-12-31,SKU04913,140,0,14,1313
2025-12-31,SKU04914,124,0,14,114
2025-12-31,SKU04916,552,0,14,282
2025-12-31,SKU04917,94,0,14,148
2025-12-31,SKU04918,198,0,14,104
2025-12-31,SKU04919,8079,0,14,1767
2025-12-31,SKU04920,394,0,14,153
2025-12-31,SKU04922,47,0,14,51
2025-12-31,SKU04923,529,0,14,260
2025-12-31,SKU04924,69,0,14,65
2025-12-31,SKU04925,20,0,14,96
2025-12-31,SKU04926,0,0,14,1269
2025-12-31,SKU04927,155,0,14,97
2025-12-31,SKU04928,34,0,14,70
2025-12-31,SKU04929,370,0,14,176
2025-12-31,SKU04930,216,0,14,73
2025-12-31,SKU04931,30,0,14,24
2025-12-31,SKU04932,100,0,14,159
2025-12-31,SKU04934,58,0,14,27
2025-12-31,SKU04935,156,0,14,102
2025-12-31,SKU04936,407,0,14,168
2025-12-31,SKU04937,38,0,14,27
2025-12-31,SKU04938,123,0,14,82
2025-12-31,SKU04939,34,0,14,28
2025-12-31,SKU04940,235,0,14,146
2025-12-31,SKU04941,5792,0,14,1118
2025-12-31,SKU04942,213,0,14,86
2025-12-31,SKU04943,342,0,14,224
2025-12-31,SKU04944,128,0,14,134
2025-12-31,SKU04945,4382,0,14,926
2025-12-31,SKU04946,83,0,14,59
2025-12-31,SKU04947,413,0,14,267
2025-12-31,SKU04948,327,0,14,204
2025-12-31,SKU04950,162,0,14,199
2025-12-31,SKU04951,8,0,14,98
2025-12-31,SKU04952,206,0,14,94
2025-12-31,SKU04953,4786,0,14,1099
2025-12-31,SKU04954,333,0,14,133
2025-12-31,SKU04955,7536,0,14,1757
2025-12-31,SKU04957,64,0,14,131
2025-12-31,SKU04958,7988,0,14,1805
2025-12-31,SKU04959,425,0,14,154
2025-12-31,SKU04960,106,0,14,61
2025-12-31,SKU04961,247,0,14,121
2025-12-31,SKU04962,478,0,14,316
2025-12-31,SKU04963,91,0,14,32
2025-12-31,SKU04964,392,0,14,162
2025-12-31,SKU04965,266,0,14,123
2025-12-31,SKU04966,112,0,14,55
2025-12-31,SKU04967,275,0,14,131
2025-12-31,SKU04968,102,0,14,114
2025-12-31,SKU04969,48,0,14,64
2025-12-31,SKU04970,335,0,14,190
2025-12-31,SKU04971,580,0,14,208
2025-12-31,SKU04972,407,0,14,145
2025-12-31,SKU04973,156,0,14,77
2025-12-31,SKU04974,220,0,14,105
2025-12-31,SKU04975,10,0,14,23
2025-12-31,SKU04977,160,0,14,97
2025-12-31,SKU04978,22,0,14,96
2025-12-31,SKU04979,76,0,14,50
2025-12-31,SKU04980,86,0,14,39
2025-12-31,SKU04981,89,0,14,44
2025-12-31,SKU04982,92,0,14,43
2025-12-31,SKU04983,251,0,14,198
2025-12-31,SKU04984,246,0,14,150
2025-12-31,SKU04985,476,0,14,264
2025-12-31,SKU04986,73,0,14,124
2025-12-31,SKU04987,8540,0,14,1975
2025-12-31,SKU04988,189,0,14,75
2025-12-31,SKU04989,449,0,14,228
2025-12-31,SKU04990,130,0,14,133
2025-12-31,SKU04991,366,0,14,221
2025-12-31,SKU04992,78,0,14,45
2025-12-31,SKU04993,39,0,14,48
2025-12-31,SKU04994,78,0,14,92
2025-12-31,SKU04995,254,0,14,104
2025-12-31,SKU04996,8299,0,14,1887
2025-12-31,SKU04997,246,0,14,171
2025-12-31,SKU04998,115,0,14,60
2025-12-31,SKU04999,71,0,14,117
2025-12-31,SKU05000,4804,0,14,1120
