date,sku_id,units_sold,revenue,unit_price,promo_flag
2022-01-01,SKU00201,2,1696.64,848.32,
2022-01-01,SKU00304,1,377.93,377.93,
2022-01-01,SKU01045,1,451.29,451.29,
2022-01-01,SKU01403,1,734.76,734.76,
2022-01-01,SKU02365,1,138.08,138.08,
2022-01-01,SKU02538,2,433.16,216.58,
2022-01-01,SKU02555,2,947.02,473.51,
2022-01-01,SKU02930,3,510.48,170.16,
2022-01-01,SKU03002,1,52.44,52.44,
2022-01-01,SKU03119,1,37.56,37.56,
2022-01-01,SKU03729,1,111.51,111.51,
2022-01-01,SKU04159,3,6565.08,2188.36,
2022-01-01,SKU04256,1,1909.53,1909.53,
2022-01-01,SKU04321,7,6729.099999999999,961.3,
2022-01-01,SKU04422,2,136.72,68.36,
2022-01-02,SKU00002,3,211.14,70.38,
2022-01-02,SKU00020,1,109.5,109.5,
2022-01-02,SKU00383,1,124.69,124.69,
2022-01-02,SKU00422,2,553.26,276.63,
2022-01-02,SKU00429,2,1165.76,582.88,
2022-01-02,SKU00538,3,3303.21,1101.07,
2022-01-02,SKU00693,1,1047.53,1047.53,
2022-01-02,SKU00984,1,1782.02,1782.02,
2022-01-02,SKU01231,1,300.33,300.33,
2022-01-02,SKU01710,5,10473.85,2094.77,
2022-01-02,SKU02155,2,2226.96,1113.48,
2022-01-02,SKU02417,2,2216.88,1108.44,
2022-01-02,SKU02840,1,267.04,267.04,
2022-01-02,SKU02870,3,2384.13,794.71,
2022-01-02,SKU03199,1,78.08,78.08,
2022-01-02,SKU03377,1,169.11,169.11,
2022-01-02,SKU03666,2,250.92,125.46,
2022-01-02,SKU03702,1,473.65,473.65,
2022-01-02,SKU03743,1,253.24,253.24,
2022-01-02,SKU03772,2,491.92,245.96,
2022-01-02,SKU03870,1,301.78,301.78,
2022-01-02,SKU04045,1,615.16,615.16,
2022-01-02,SKU04321,1,961.3,961.3,
2022-01-02,SKU04596,2,671.1,335.55,
2022-01-02,SKU04749,5,7848.45,1569.69,
2022-01-02,SKU04756,2,1330.64,665.32,
2022-01-03,SKU00753,2,360.04,180.02,
2022-01-03,SKU00896,1,194.43,194.43,
2022-01-03,SKU01315,3,5086.05,1695.3499999999997,
2022-01-03,SKU02912,4,624.0,156.0,
2022-01-03,SKU03038,1,204.05,204.05,
2022-01-03,SKU03727,1,1660.93,1660.93,
2022-01-03,SKU03840,1,255.12,255.12,
2022-01-03,SKU04166,1,263.67,263.67,
2022-01-03,SKU04197,2,717.9,358.95,
2022-01-03,SKU04321,2,1922.6,961.3,
2022-01-03,SKU04380,2,573.86,286.93,
2022-01-03,SKU04453,3,796.74,265.58,
2022-01-03,SKU04596,1,335.55,335.55,
2022-01-04,SKU00286,1,64.45,64.45,
2022-01-04,SKU00432,2,3955.3,1977.65,
2022-01-04,SKU01494,3,3410.19,1136.73,
2022-01-04,SKU02099,2,320.3,160.15,
2022-01-04,SKU02156,2,369.58,184.79,
2022-01-04,SKU02225,1,1087.98,1087.98,
2022-01-04,SKU03287,2,321.02,160.51,
2022-01-04,SKU04447,5,5953.2,1190.64,
2022-01-05,SKU00538,2,2202.14,1101.07,
2022-01-05,SKU01317,4,2579.32,644.83,
2022-01-05,SKU01610,5,2898.1,579.62,
2022-01-05,SKU02609,2,783.7,391.85,
2022-01-05,SKU02669,1,67.5,67.5,
2022-01-05,SKU02978,2,3623.92,1811.96,
2022-01-05,SKU03680,1,169.14,169.14,
2022-01-05,SKU03840,1,255.12,255.12,
2022-01-05,SKU04206,4,2668.72,667.18,
2022-01-05,SKU04280,1,318.92,318.92,
2022-01-05,SKU04295,1,2337.99,2337.99,
2022-01-05,SKU04980,1,1147.16,1147.16,
2022-01-06,SKU00500,3,3793.74,1264.58,
2022-01-06,SKU01009,1,223.42,223.42,
2022-01-06,SKU01165,2,1993.04,996.52,
2022-01-06,SKU01232,2,832.9,416.45,
2022-01-06,SKU01485,1,476.18,476.18,
2022-01-06,SKU01949,1,1243.2,1243.2,
2022-01-06,SKU02141,2,943.76,471.88,
2022-01-06,SKU02930,1,170.16,170.16,
2022-01-06,SKU03199,3,234.24,78.08,
2022-01-06,SKU03344,2,1883.72,941.86,
2022-01-06,SKU03434,1,108.68,108.68,
2022-01-06,SKU03943,2,432.38,216.19,
2022-01-06,SKU04105,2,929.56,464.78,
2022-01-06,SKU04159,2,4376.72,2188.36,
2022-01-06,SKU04166,1,263.67,263.67,
2022-01-06,SKU04373,3,3101.07,1033.69,
2022-01-06,SKU04524,1,1741.19,1741.19,
2022-01-06,SKU04596,1,335.55,335.55,
2022-01-07,SKU00086,1,2786.01,2786.01,
2022-01-07,SKU00604,2,159.04,79.52,
2022-01-07,SKU00793,4,4200.68,1050.17,
2022-01-07,SKU01555,3,331.08,110.36,
2022-01-07,SKU01613,3,528.96,176.32000000000002,
2022-01-07,SKU01775,1,204.15,204.15,
2022-01-07,SKU02058,1,521.75,521.75,
2022-01-07,SKU02769,1,725.22,725.22,
2022-01-07,SKU02836,2,2289.54,1144.77,
2022-01-07,SKU03025,1,396.16,396.16,
2022-01-07,SKU03215,1,169.43,169.43,
2022-01-07,SKU03278,2,3238.4,1619.2,
2022-01-07,SKU03532,3,283.65,94.55,
2022-01-07,SKU04016,1,1492.65,1492.65,
2022-01-07,SKU04242,1,1092.68,1092.68,
2022-01-07,SKU04333,1,777.72,777.72,
2022-01-07,SKU04548,1,139.81,139.81,
2022-01-08,SKU00152,1,1830.31,1830.31,
2022-01-08,SKU00339,1,1884.44,1884.44,
2022-01-08,SKU00360,1,86.25,86.25,
2022-01-08,SKU00798,1,138.98,138.98,
2022-01-08,SKU01258,5,10733.85,2146.77,
2022-01-08,SKU01371,1,1277.61,1277.61,
2022-01-08,SKU01530,3,887.73,295.91,
2022-01-08,SKU01983,2,1061.84,530.92,
2022-01-08,SKU04032,1,203.7,203.7,
2022-01-08,SKU04041,5,2879.65,575.93,
2022-01-08,SKU04321,1,961.3,961.3,
2022-01-08,SKU04621,3,810.6,270.2,
2022-01-09,SKU00328,1,204.97,204.97,
2022-01-09,SKU00421,1,52.21,52.21,
2022-01-09,SKU00656,2,3741.4,1870.7,
2022-01-09,SKU01009,1,223.42,223.42,
2022-01-09,SKU02751,2,1296.14,648.07,
2022-01-09,SKU02854,1,173.3,173.3,
2022-01-09,SKU04019,1,496.8,496.8,
2022-01-09,SKU04271,4,4753.2,1188.3,
2022-01-09,SKU04321,2,1922.6,961.3,
2022-01-09,SKU04416,1,600.57,600.57,
2022-01-09,SKU04869,1,1157.49,1157.49,
2022-01-09,SKU04883,2,799.62,399.81,
2022-01-10,SKU00509,3,714.69,238.23,
2022-01-10,SKU00830,1,290.01,290.01,
2022-01-10,SKU01281,2,363.02,181.51,
2022-01-10,SKU01421,2,497.18,248.59,
2022-01-10,SKU02268,3,616.41,205.47,
2022-01-10,SKU02389,1,830.82,830.82,
2022-01-10,SKU02449,3,413.49,137.83,
2022-01-10,SKU02521,3,5370.3,1790.0999999999997,
2022-01-10,SKU03098,1,142.36,142.36,
2022-01-10,SKU04191,1,106.7,106.7,
2022-01-11,SKU00250,1,322.41,322.41,
2022-01-11,SKU00264,5,1213.7,242.74,
2022-01-11,SKU00742,3,7671.06,2557.02,
2022-01-11,SKU01290,4,346.48,86.62,
2022-01-11,SKU01775,1,204.15,204.15,
2022-01-11,SKU02340,1,234.67,234.67,
2022-01-11,SKU02740,2,208.44,104.22,
2022-01-11,SKU02873,4,1531.52,382.88,
2022-01-11,SKU03030,1,108.63,108.63,
2022-01-11,SKU03490,1,1217.06,1217.06,
2022-01-11,SKU03610,2,925.88,462.94,
2022-01-11,SKU04042,2,485.58,242.79,
2022-01-11,SKU04140,1,331.4,331.4,
2022-01-11,SKU04264,2,5136.9,2568.45,
2022-01-11,SKU04321,5,4806.5,961.3,
2022-01-11,SKU04596,1,335.55,335.55,
2022-01-11,SKU04666,3,354.21,118.07,
2022-01-12,SKU00110,5,1434.35,286.87,
2022-01-12,SKU00845,1,670.83,670.83,
2022-01-12,SKU00982,1,1475.54,1475.54,
2022-01-12,SKU02022,1,1330.54,1330.54,
2022-01-12,SKU02723,2,6085.9,3042.95,
2022-01-12,SKU02891,1,514.58,514.58,
2022-01-12,SKU03330,2,2311.16,1155.58,
2022-01-12,SKU03427,4,3228.48,807.12,
2022-01-12,SKU03540,1,203.99,203.99,
2022-01-12,SKU04016,1,1492.65,1492.65,
2022-01-12,SKU04321,3,2883.8999999999996,961.2999999999998,
2022-01-12,SKU04344,1,201.81,201.81,
2022-01-13,SKU00063,1,1612.54,1612.54,
2022-01-13,SKU01045,4,1805.16,451.29,
2022-01-13,SKU01189,3,6899.4,2299.8,
2022-01-13,SKU01507,1,220.84,220.84,
2022-01-13,SKU01578,1,540.35,540.35,
2022-01-13,SKU01878,1,98.98,98.98,
2022-01-13,SKU02434,1,733.61,733.61,
2022-01-13,SKU02791,4,1940.0,485.0,
2022-01-13,SKU03196,1,837.3,837.3,
2022-01-13,SKU03292,1,164.03,164.03,
2022-01-13,SKU03341,1,163.6,163.6,
2022-01-13,SKU04046,2,229.66,114.83,
2022-01-13,SKU04318,2,411.0,205.5,
2022-01-13,SKU04321,2,1922.6,961.3,
2022-01-13,SKU04341,1,67.39,67.39,
2022-01-13,SKU04508,2,751.1,375.55,
2022-01-13,SKU04786,4,4088.72,1022.18,
2022-01-13,SKU04960,2,313.26,156.63,
2022-01-14,SKU00020,1,109.5,109.5,
2022-01-14,SKU00029,2,3974.36,1987.18,
2022-01-14,SKU00412,3,1881.45,627.15,
2022-01-14,SKU00611,1,114.26,114.26,
2022-01-14,SKU00857,3,1347.9,449.3,
2022-01-14,SKU01870,3,678.48,226.16,
2022-01-14,SKU01904,2,561.44,280.72,
2022-01-14,SKU02323,1,422.47,422.47,
2022-01-14,SKU02533,1,508.42,508.42,
2022-01-14,SKU02849,3,219.9,73.3,
2022-01-14,SKU03252,1,478.33,478.33,
2022-01-14,SKU03425,4,809.92,202.48,
2022-01-14,SKU04063,1,471.49,471.49,
2022-01-14,SKU04253,1,130.21,130.21,
2022-01-14,SKU04305,2,1564.44,782.22,
2022-01-14,SKU04446,1,142.26,142.26,
2022-01-14,SKU04504,2,390.06,195.03,
2022-01-14,SKU04596,3,1006.65,335.55,
2022-01-14,SKU04738,2,1536.78,768.39,
2022-01-14,SKU04939,3,519.96,173.32000000000002,
2022-01-15,SKU00258,1,91.98,91.98,
2022-01-15,SKU01182,1,2365.65,2365.65,
2022-01-15,SKU01220,1,872.06,872.06,
2022-01-15,SKU01773,1,2961.29,2961.29,
2022-01-15,SKU01905,3,6064.47,2021.49,
2022-01-15,SKU02557,1,2280.46,2280.46,
2022-01-15,SKU02979,3,1421.82,473.94,
2022-01-15,SKU03643,1,259.02,259.02,
2022-01-15,SKU04321,3,2883.9,961.2999999999998,
2022-01-15,SKU04596,3,1006.65,335.55,
2022-01-16,SKU00334,2,2954.9,1477.45,
2022-01-16,SKU00376,1,207.45,207.45,
2022-01-16,SKU00529,1,604.91,604.91,
2022-01-16,SKU00628,1,135.8,135.8,
2022-01-16,SKU00994,4,2408.52,602.13,
2022-01-16,SKU01466,2,68.58,34.29,
2022-01-16,SKU01993,2,284.34,142.17,
2022-01-16,SKU02308,2,186.7,93.35,
2022-01-16,SKU02648,1,883.45,883.45,
2022-01-16,SKU02788,1,1455.54,1455.54,
2022-01-16,SKU02791,3,1455.0,485.0,
2022-01-16,SKU04571,5,4342.6,868.5200000000001,
2022-01-17,SKU00002,3,211.14,70.38,
2022-01-17,SKU00061,2,499.7,249.85,
2022-01-17,SKU00062,1,499.45,499.45,
2022-01-17,SKU00169,1,95.37,95.37,
2022-01-17,SKU00422,3,829.89,276.63,
2022-01-17,SKU00947,2,1268.1,634.05,
2022-01-17,SKU00970,4,1416.16,354.04,
2022-01-17,SKU01885,1,307.39,307.39,
2022-01-17,SKU02352,1,86.07,86.07,
2022-01-17,SKU02428,1,151.98,151.98,
2022-01-17,SKU02571,1,1189.94,1189.94,
2022-01-17,SKU02575,1,1652.6,1652.6,
2022-01-17,SKU02973,3,728.88,242.96,
2022-01-17,SKU03050,1,274.23,274.23,
2022-01-17,SKU03662,2,551.08,275.54,
2022-01-17,SKU03727,7,11626.51,1660.93,
2022-01-17,SKU03851,3,298.5,99.5,
2022-01-17,SKU04321,4,3845.2,961.3,
2022-01-18,SKU00255,1,158.86,158.86,
2022-01-18,SKU00531,3,8849.88,2949.9600000000005,
2022-01-18,SKU00660,1,304.22,304.22,
2022-01-18,SKU01870,1,226.16,226.16,
2022-01-18,SKU02031,1,1821.78,1821.78,
2022-01-18,SKU03078,1,362.84,362.84,
2022-01-18,SKU03106,1,127.35,127.35,
2022-01-18,SKU03707,2,494.74,247.37,
2022-01-18,SKU04321,6,5767.8,961.3000000000001,
2022-01-18,SKU04596,1,335.55,335.55,
2022-01-18,SKU04978,1,230.93,230.93,
2022-01-19,SKU00166,2,1661.54,830.77,
2022-01-19,SKU01098,1,69.89,69.89,
2022-01-19,SKU01514,2,1740.22,870.11,
2022-01-19,SKU01537,4,1998.88,499.72,
2022-01-19,SKU01606,3,563.61,187.87,
2022-01-19,SKU01730,2,201.8,100.9,
2022-01-19,SKU02097,1,894.0,894.0,
2022-01-19,SKU02979,1,473.94,473.94,
2022-01-20,SKU00062,2,998.9,499.45,
2022-01-20,SKU00079,3,593.7,197.9,
2022-01-20,SKU00286,2,128.9,64.45,
2022-01-20,SKU00416,2,150.24,75.12,
2022-01-20,SKU00540,1,3406.69,3406.69,
2022-01-20,SKU01159,2,722.56,361.28,
2022-01-20,SKU01685,4,541.08,135.27,
2022-01-20,SKU02678,2,318.14,159.07,
2022-01-20,SKU02682,1,2202.3,2202.3,
2022-01-20,SKU02959,1,1901.51,1901.51,
2022-01-20,SKU03025,5,1980.8,396.16,
2022-01-20,SKU03166,4,1335.32,333.83,
2022-01-20,SKU03567,1,458.98,458.98,
2022-01-20,SKU03901,2,220.9,110.45,
2022-01-20,SKU04135,2,256.24,128.12,
2022-01-20,SKU04381,1,192.07,192.07,
2022-01-20,SKU04562,1,1316.91,1316.91,
2022-01-21,SKU01478,1,842.96,842.96,
2022-01-21,SKU01784,1,168.81,168.81,
2022-01-21,SKU01859,1,1895.5,1895.5,
2022-01-21,SKU01943,1,1053.43,1053.43,
2022-01-21,SKU02071,3,539.82,179.93999999999997,
2022-01-21,SKU03502,2,200.2,100.1,
2022-01-21,SKU04851,1,86.17,86.17,
2022-01-21,SKU04986,2,127.36,63.68,
2022-01-22,SKU00007,1,129.75,129.75,
2022-01-22,SKU00079,1,197.9,197.9,
2022-01-22,SKU00498,1,564.17,564.17,
2022-01-22,SKU00499,1,110.32,110.32,
2022-01-22,SKU00539,2,399.26,199.63,
2022-01-22,SKU01021,2,2486.94,1243.47,
2022-01-22,SKU01045,3,1353.87,451.29,
2022-01-22,SKU01544,1,131.34,131.34,
2022-01-22,SKU01979,2,348.02,174.01,
2022-01-22,SKU02056,3,4199.16,1399.72,
2022-01-22,SKU02208,5,810.7,162.14,
2022-01-22,SKU02265,3,2540.28,846.7599999999999,
2022-01-22,SKU02433,1,89.32,89.32,
2022-01-22,SKU02686,1,364.96,364.96,
2022-01-22,SKU02740,2,208.44,104.22,
2022-01-22,SKU02924,1,1530.37,1530.37,
2022-01-22,SKU03423,3,1163.52,387.84,
2022-01-22,SKU03488,2,272.88,136.44,
2022-01-22,SKU04321,3,2883.9,961.2999999999998,
2022-01-23,SKU00006,1,1413.92,1413.92,
2022-01-23,SKU00084,2,2617.28,1308.64,
2022-01-23,SKU00264,5,1213.7,242.74,
2022-01-23,SKU00355,3,432.63,144.21,
2022-01-23,SKU00513,1,234.2,234.2,
2022-01-23,SKU00595,1,2693.97,2693.97,
2022-01-23,SKU00857,1,449.3,449.3,
2022-01-23,SKU01435,1,1037.9,1037.9,
2022-01-23,SKU01462,2,129.2,64.6,
2022-01-23,SKU01531,2,461.64,230.82,
2022-01-23,SKU02692,2,2547.56,2095.03,1
2022-01-23,SKU03638,1,133.01,133.01,
2022-01-23,SKU04321,5,4806.5,961.3,
2022-01-23,SKU04530,2,486.18,243.09,
2022-01-23,SKU04551,1,2498.23,2498.23,
2022-01-23,SKU04642,1,330.34,330.34,
2022-01-23,SKU04926,1,458.92,458.92,
2022-01-24,SKU00002,1,70.38,70.38,
2022-01-24,SKU00037,1,109.86,109.86,
2022-01-24,SKU00038,1,377.52,377.52,
2022-01-24,SKU00048,3,335.04,111.68,
2022-01-24,SKU00285,1,505.67,505.67,
2022-01-24,SKU00752,1,417.09,417.09,
2022-01-24,SKU02745,1,241.52,241.52,
2022-01-24,SKU02821,1,965.81,965.81,
2022-01-24,SKU03676,3,4178.16,1392.72,
2022-01-24,SKU04041,2,1151.86,575.93,
2022-01-24,SKU04743,2,771.78,385.89,
2022-01-25,SKU00860,2,1360.34,680.17,
2022-01-25,SKU01096,1,79.71,79.71,
2022-01-25,SKU01688,2,317.3,158.65,
2022-01-25,SKU02079,1,153.65,153.65,
2022-01-25,SKU02167,1,189.86,189.86,
2022-01-25,SKU02306,2,393.24,196.62,
2022-01-25,SKU02847,1,259.88,259.88,
2022-01-25,SKU02983,4,4250.84,1062.71,
2022-01-25,SKU03274,1,156.95,156.95,
2022-01-25,SKU03408,2,500.26,250.13,
2022-01-25,SKU04426,3,6167.34,2055.78,
2022-01-25,SKU04712,2,4349.32,2174.66,
2022-01-26,SKU00530,3,199.02,66.34,
2022-01-26,SKU00682,2,277.9,138.95,
2022-01-26,SKU00737,1,436.92,436.92,
2022-01-26,SKU01746,3,3220.35,1073.45,
2022-01-26,SKU01794,2,795.98,397.99,
2022-01-26,SKU02158,1,96.52,96.52,
2022-01-26,SKU03700,2,171.64,85.82,
2022-01-26,SKU03893,2,3287.1,1643.55,
2022-01-26,SKU04321,1,961.3,961.3,
2022-01-26,SKU04570,1,122.7,122.7,
2022-01-26,SKU04596,1,335.55,335.55,
2022-01-27,SKU00285,1,505.67,505.67,
2022-01-27,SKU00781,1,459.08,459.08,
2022-01-27,SKU00823,2,366.06,183.03,
2022-01-27,SKU01091,1,650.81,650.81,
2022-01-27,SKU01568,1,363.73,363.73,
2022-01-27,SKU02467,4,1016.64,254.16,
2022-01-27,SKU02485,1,227.4,227.4,
2022-01-27,SKU02809,1,532.18,532.18,
2022-01-27,SKU02858,1,90.7,90.7,
2022-01-27,SKU04321,2,1922.6,961.3,
2022-01-27,SKU04663,2,1431.46,715.73,
2022-01-27,SKU04875,1,1349.03,1349.03,
2022-01-28,SKU00340,2,469.32,234.66,
2022-01-28,SKU00448,1,1318.48,1318.48,
2022-01-28,SKU00845,1,670.83,670.83,
2022-01-28,SKU00865,2,714.74,357.37,
2022-01-28,SKU01420,1,213.65,213.65,
2022-01-28,SKU01531,4,923.28,230.82,
2022-01-28,SKU01690,1,721.65,721.65,
2022-01-28,SKU01708,3,2161.53,720.5099999999999,
2022-01-28,SKU02004,1,925.67,925.67,
2022-01-28,SKU02111,4,701.24,175.31,
2022-01-28,SKU02662,4,515.64,128.91,
2022-01-28,SKU03203,2,365.24,182.62,
2022-01-28,SKU03292,3,492.09,164.03,
2022-01-28,SKU03476,2,828.63,681.44,1
2022-01-28,SKU03546,1,496.17,496.17,
2022-01-28,SKU03659,1,484.55,484.55,
2022-01-28,SKU04235,1,205.43,205.43,
2022-01-28,SKU04381,4,768.28,192.07,
2022-01-28,SKU04463,1,1282.18,1282.18,
2022-01-28,SKU04547,5,1719.4,343.88,
2022-01-28,SKU04743,1,385.89,385.89,
2022-01-29,SKU00487,1,209.96,209.96,
2022-01-29,SKU00942,2,345.8,172.9,
2022-01-29,SKU01048,3,288.54,96.18,
2022-01-29,SKU01234,4,9708.28,2427.07,
2022-01-29,SKU01528,4,630.44,157.61,
2022-01-29,SKU01545,1,186.61,186.61,
2022-01-29,SKU01983,2,1061.84,530.92,
2022-01-29,SKU02141,1,471.88,471.88,
2022-01-29,SKU02482,2,1578.31,1297.95,1
2022-01-29,SKU02655,2,133.82,66.91,
2022-01-29,SKU03302,2,852.14,426.07,
2022-01-29,SKU03531,2,2154.91,1772.13,1
2022-01-29,SKU04016,1,907.53,1492.65,1
2022-01-29,SKU04228,2,158.52,79.26,
2022-01-29,SKU04383,1,958.61,1576.66,1
2022-01-29,SKU04596,3,1006.65,335.55,
2022-01-30,SKU00050,2,68.16,34.08,
2022-01-30,SKU01030,2,449.0,224.5,
2022-01-30,SKU02179,2,390.74,195.37,
2022-01-30,SKU02532,3,319.6,115.67,1
2022-01-30,SKU02640,1,1563.22,1563.22,
2022-01-30,SKU03496,1,377.16,377.16,
2022-01-30,SKU03535,2,357.24,178.62,
2022-01-30,SKU03604,2,245.24,122.62,
2022-01-30,SKU03756,1,1150.76,1150.76,
2022-01-30,SKU04096,3,466.95,155.65,
2022-01-30,SKU04321,2,1922.6,961.3,
2022-01-30,SKU04870,2,656.36,328.18,
2022-01-31,SKU00479,2,1321.64,660.82,
2022-01-31,SKU00700,2,1623.08,811.54,
2022-01-31,SKU01245,2,76.36,38.18,
2022-01-31,SKU01278,2,2313.1,1156.55,
2022-01-31,SKU02068,4,999.56,249.89,
2022-01-31,SKU02342,1,143.15,143.15,
2022-01-31,SKU02785,2,2273.16,1136.58,
2022-01-31,SKU03011,4,401.89,109.09,1
2022-01-31,SKU03137,1,152.18,165.23,1
2022-01-31,SKU03209,1,76.6,76.6,
2022-01-31,SKU03341,1,150.68,163.6,1
2022-01-31,SKU03704,1,370.99,370.99,
2022-01-31,SKU03918,3,578.19,192.73,
2022-01-31,SKU03995,1,163.72,177.76,1
2022-01-31,SKU04551,1,2498.23,2498.23,
2022-02-01,SKU00349,1,240.42,240.42,
2022-02-01,SKU00373,3,252.96,84.32,
2022-02-01,SKU00538,3,3303.21,1101.07,
2022-02-01,SKU01854,1,225.3,225.3,
2022-02-01,SKU02178,1,188.27,188.27,
2022-02-01,SKU02577,2,221.89,120.46,1
2022-02-01,SKU02705,4,13074.2,3268.55,
2022-02-01,SKU02740,3,312.66,104.21999999999998,
2022-02-01,SKU03098,1,131.11,142.36,1
2022-02-01,SKU03672,1,193.3,193.3,
2022-02-01,SKU03891,1,159.69,159.69,
2022-02-01,SKU04166,3,791.01,263.67,
2022-02-01,SKU04275,1,240.04,240.04,
2022-02-01,SKU04321,3,2883.9,961.2999999999998,
2022-02-01,SKU04802,1,237.57,237.57,
2022-02-02,SKU00002,1,70.38,70.38,
2022-02-02,SKU00050,2,68.16,34.08,
2022-02-02,SKU00285,2,1011.34,505.67,
2022-02-02,SKU00590,2,825.34,412.67,
2022-02-02,SKU01556,2,3402.76,1701.38,
2022-02-02,SKU01652,1,193.07,193.07,
2022-02-02,SKU01730,3,278.79,100.90000000000002,1
2022-02-02,SKU02141,1,471.88,471.88,
2022-02-02,SKU02314,1,471.33,471.33,
2022-02-02,SKU03196,1,837.3,837.3,
2022-02-02,SKU03671,1,84.25,91.48,1
2022-02-02,SKU03695,1,209.27,209.27,
2022-02-02,SKU04321,3,2883.9,961.2999999999998,
2022-02-02,SKU04358,3,1290.48,430.16,
2022-02-02,SKU04359,1,231.83,231.83,
2022-02-02,SKU04538,2,430.68,215.34,
2022-02-02,SKU04847,1,630.96,630.96,
2022-02-02,SKU04963,2,248.22,124.11,
2022-02-03,SKU00936,1,1788.45,1788.45,
2022-02-03,SKU01129,2,659.34,329.67,
2022-02-03,SKU01745,1,112.59,122.25,1
2022-02-03,SKU02087,2,125.96,62.98,
2022-02-03,SKU02412,2,1445.14,722.57,
2022-02-03,SKU02651,2,1702.82,851.41,
2022-02-03,SKU02697,2,585.36,292.68,
2022-02-03,SKU02726,1,829.86,829.86,
2022-02-03,SKU03199,4,287.65,78.08,1
2022-02-03,SKU03855,2,1367.8,683.9,
2022-02-03,SKU03942,2,480.92,240.46,
2022-02-03,SKU04017,3,358.47,119.49,
2022-02-03,SKU04067,3,445.32,148.44,
2022-02-03,SKU04105,1,464.78,464.78,
2022-02-03,SKU04331,3,884.43,294.81,
2022-02-03,SKU04626,1,468.52,468.52,
2022-02-04,SKU00982,4,5902.16,1475.54,
2022-02-04,SKU01408,1,2419.63,2419.63,
2022-02-04,SKU02885,2,219.09,118.94,1
2022-02-04,SKU03106,4,509.4,127.35,
2022-02-04,SKU03292,1,164.03,164.03,
2022-02-04,SKU03302,1,426.07,426.07,
2022-02-04,SKU03562,5,257.05,51.40999999999999,
2022-02-04,SKU03769,4,385.32,96.33,
2022-02-04,SKU03860,1,99.35,107.87,1
2022-02-04,SKU03928,1,257.61,501.18,1
2022-02-04,SKU04072,4,696.12,174.03,
2022-02-04,SKU04290,1,199.57,199.57,
2022-02-04,SKU04632,1,458.69,892.4,1
2022-02-05,SKU00062,2,998.9,499.45,
2022-02-05,SKU00097,2,2207.42,1103.71,
2022-02-05,SKU00813,1,1860.66,1860.66,
2022-02-05,SKU00845,5,3354.15,670.83,
2022-02-05,SKU00877,1,157.68,157.68,
2022-02-05,SKU00994,2,1204.26,602.13,
2022-02-05,SKU01110,1,1608.9,1608.9,
2022-02-05,SKU01291,3,1888.35,629.45,
2022-02-05,SKU01534,2,5929.14,2964.57,
2022-02-05,SKU01550,2,68.96,34.48,
2022-02-05,SKU01772,1,252.57,252.57,
2022-02-05,SKU02991,1,106.67,106.67,
2022-02-05,SKU03232,3,6671.52,2223.84,
2022-02-05,SKU03532,2,189.1,94.55,
2022-02-05,SKU03586,2,280.1,140.05,
2022-02-05,SKU03702,2,947.3,473.65,
2022-02-05,SKU04321,6,5767.799999999999,961.2999999999998,
2022-02-05,SKU04646,3,247.14,82.38,
2022-02-06,SKU00190,1,145.42,145.42,
2022-02-06,SKU00714,3,4979.28,1659.76,
2022-02-06,SKU00862,2,3491.0,1745.5,
2022-02-06,SKU01325,1,267.7,267.7,
2022-02-06,SKU02465,1,99.24,107.75,1
2022-02-06,SKU02497,2,940.06,470.03,
2022-02-06,SKU02778,1,171.19,171.19,
2022-02-06,SKU03688,1,345.23,671.66,1
2022-02-06,SKU03945,2,280.04,140.02,
2022-02-06,SKU04159,2,4376.72,2188.36,
2022-02-07,SKU00002,1,70.38,70.38,
2022-02-07,SKU00368,1,255.9,255.9,
2022-02-07,SKU00591,1,721.88,721.88,
2022-02-07,SKU00791,1,565.04,565.04,
2022-02-07,SKU01370,1,195.01,195.01,
2022-02-07,SKU02368,2,1698.78,849.39,
2022-02-07,SKU02622,1,346.96,346.96,
2022-02-07,SKU02894,1,276.72,276.72,
2022-02-07,SKU03292,1,164.03,164.03,
2022-02-07,SKU03568,1,252.26,252.26,
2022-02-07,SKU04162,1,364.89,364.89,
2022-02-07,SKU04596,2,671.1,335.55,
2022-02-08,SKU00443,1,89.0,89.0,
2022-02-08,SKU00445,1,87.15,87.15,
2022-02-08,SKU00455,1,1343.21,1343.21,
2022-02-08,SKU00605,2,840.88,420.44,
2022-02-08,SKU00625,1,362.43,362.43,
2022-02-08,SKU01359,1,303.38,303.38,
2022-02-08,SKU01796,3,208.14,75.33,1
2022-02-08,SKU02806,4,328.12,82.03,
2022-02-08,SKU03536,1,117.07,127.11,1
2022-02-08,SKU04010,4,1013.24,253.31,
2022-02-08,SKU04032,4,814.8,203.7,
2022-02-08,SKU04321,3,2883.8999999999996,961.2999999999998,
2022-02-08,SKU04914,1,217.83,423.79,1
2022-02-09,SKU00953,2,547.98,273.99,
2022-02-09,SKU01026,3,1193.82,397.94,
2022-02-09,SKU01271,1,230.92,230.92,
2022-02-09,SKU02838,5,3279.25,655.85,
2022-02-09,SKU03090,2,281.78,140.89,
2022-02-09,SKU03105,1,160.13,160.13,
2022-02-09,SKU03799,2,544.08,272.04,
2022-02-09,SKU04042,3,728.37,242.79,
2022-02-09,SKU04321,6,5767.8,961.3000000000001,
2022-02-10,SKU00079,1,197.9,197.9,
2022-02-10,SKU00086,1,2786.01,2786.01,
2022-02-10,SKU00116,3,951.36,317.12,
2022-02-10,SKU00384,2,381.7,190.85,
2022-02-10,SKU01084,1,2259.43,2259.43,
2022-02-10,SKU01153,1,897.4,897.4,
2022-02-10,SKU01833,1,62.59,62.59,
2022-02-10,SKU02220,1,146.7,146.7,
2022-02-10,SKU02267,1,305.91,595.15,1
2022-02-10,SKU02369,1,149.91,162.77,1
2022-02-10,SKU02381,4,3951.72,987.93,
2022-02-10,SKU02611,1,176.71,191.87,1
2022-02-10,SKU03350,1,143.76,143.76,
2022-02-10,SKU04315,1,497.47,497.47,
2022-02-11,SKU00016,4,13914.6,3478.65,
2022-02-11,SKU00622,2,164.72,82.36,
2022-02-11,SKU00920,1,114.73,114.73,
2022-02-11,SKU01274,2,1116.72,558.36,
2022-02-11,SKU01802,1,418.36,813.93,1
2022-02-11,SKU01840,3,353.07,117.69,
2022-02-11,SKU02096,1,674.25,674.25,
2022-02-11,SKU02231,1,50.54,50.54,
2022-02-11,SKU02883,1,1040.02,1040.02,
2022-02-11,SKU03602,1,1565.25,1565.25,
2022-02-11,SKU03622,2,577.2,288.6,
2022-02-11,SKU04321,1,961.3,961.3,
2022-02-12,SKU00002,1,70.38,70.38,
2022-02-12,SKU00062,2,998.9,499.45,
2022-02-12,SKU00103,1,179.7,179.7,
2022-02-12,SKU00285,1,505.67,505.67,
2022-02-12,SKU00953,1,273.99,273.99,
2022-02-12,SKU01108,1,482.5,482.5,
2022-02-12,SKU01178,3,265.0,95.91000000000001,1
2022-02-12,SKU01180,1,450.33,450.33,
2022-02-12,SKU01343,5,1660.75,332.15,
2022-02-12,SKU01490,1,82.43,82.43,
2022-02-12,SKU01523,1,291.48,291.48,
2022-02-12,SKU01588,1,190.15,206.46,1
2022-02-12,SKU02749,1,1104.61,1104.61,
2022-02-12,SKU03670,3,2867.01,955.67,
2022-02-12,SKU04321,3,2883.9,961.2999999999998,
2022-02-13,SKU01940,1,127.72,127.72,
2022-02-13,SKU02805,2,164.86,82.43,
2022-02-13,SKU03052,3,6727.05,2242.35,
2022-02-13,SKU03680,2,311.56,169.14,1
2022-02-13,SKU03727,3,4982.79,1660.93,
2022-02-13,SKU04381,1,192.07,192.07,
2022-02-14,SKU00002,4,281.52,70.38,
2022-02-14,SKU00893,5,3453.3,690.66,
2022-02-14,SKU01669,1,123.06,133.62,1
2022-02-14,SKU02169,1,1126.93,1126.93,
2022-02-14,SKU03982,3,653.43,217.81000000000003,
2022-02-14,SKU04175,1,202.45,202.45,
2022-02-14,SKU04883,1,399.81,399.81,
2022-02-15,SKU00054,1,2079.97,2079.97,
2022-02-15,SKU00177,4,458.6,114.65,
2022-02-15,SKU00929,1,158.05,158.05,
2022-02-15,SKU00953,1,273.99,273.99,
2022-02-15,SKU01167,4,7349.36,1837.34,
2022-02-15,SKU02021,3,889.83,296.61,
2022-02-15,SKU02516,3,1422.36,474.12000000000006,
2022-02-15,SKU02687,1,96.25,96.25,
2022-02-15,SKU03063,3,1090.77,363.59,
2022-02-15,SKU03368,1,1766.25,1766.25,
2022-02-15,SKU03727,1,1660.93,1660.93,
2022-02-15,SKU03749,1,229.84,229.84,
2022-02-15,SKU03784,1,1234.71,1234.71,
2022-02-15,SKU03840,1,255.12,255.12,
2022-02-15,SKU04321,1,961.3,961.3,
2022-02-15,SKU04552,4,830.36,207.59,
2022-02-16,SKU00002,1,70.38,70.38,
2022-02-16,SKU00893,1,690.66,690.66,
2022-02-16,SKU01064,1,211.61,211.61,
2022-02-16,SKU01662,4,1983.36,495.84,
2022-02-16,SKU01896,2,166.76,83.38,
2022-02-16,SKU02046,1,2009.47,2009.47,
2022-02-16,SKU02137,2,3786.06,1893.03,
2022-02-16,SKU02217,1,457.34,457.34,
2022-02-16,SKU02795,1,2010.34,2010.34,
2022-02-16,SKU03138,3,297.75,99.25,
2022-02-16,SKU03398,1,1438.97,1438.97,
2022-02-16,SKU03433,1,162.07,162.07,
2022-02-16,SKU04317,1,1598.65,1598.65,
2022-02-16,SKU04318,3,616.5,205.5,
2022-02-16,SKU04321,2,1922.6,961.3,
2022-02-16,SKU04365,2,3549.38,1774.69,
2022-02-16,SKU04683,2,963.26,481.63,
2022-02-17,SKU00850,2,1680.8,840.4,
2022-02-17,SKU01377,1,131.24,131.24,
2022-02-17,SKU01452,2,3034.98,1517.49,
2022-02-17,SKU01643,2,1344.88,672.44,
2022-02-17,SKU02183,1,254.69,254.69,
2022-02-17,SKU02576,1,633.16,633.16,
2022-02-17,SKU02807,1,170.62,185.26,1
2022-02-17,SKU02960,2,123.54,61.77,
2022-02-17,SKU03181,1,500.79,500.79,
2022-02-17,SKU03470,1,79.26,86.06,1
2022-02-17,SKU03727,2,3321.86,1660.93,
2022-02-17,SKU04824,1,1024.94,1024.94,
2022-02-17,SKU04903,3,713.94,237.98,
2022-02-18,SKU01347,1,496.45,496.45,
2022-02-18,SKU01371,4,5110.44,1277.61,
2022-02-18,SKU01848,2,548.74,274.37,
2022-02-18,SKU01984,1,254.86,254.86,
2022-02-18,SKU02050,5,453.65,90.73,
2022-02-18,SKU02340,1,234.67,234.67,
2022-02-18,SKU02484,1,567.26,567.26,
2022-02-18,SKU02912,3,468.0,156.0,
2022-02-18,SKU02993,1,391.51,391.51,
2022-02-18,SKU03192,1,285.92,285.92,
2022-02-18,SKU03259,3,1806.12,602.04,
2022-02-18,SKU03836,3,1190.82,442.52,1
2022-02-18,SKU04284,2,165.15,89.66,1
2022-02-18,SKU04476,3,404.85,134.95,
2022-02-18,SKU04508,2,751.1,375.55,
2022-02-18,SKU04596,2,671.1,335.55,
2022-02-18,SKU04875,2,2698.06,1349.03,
2022-02-19,SKU00845,1,670.83,670.83,
2022-02-19,SKU01614,1,1232.96,1232.96,
2022-02-19,SKU02318,1,2419.19,2419.19,
2022-02-19,SKU03021,2,2330.72,1165.36,
2022-02-19,SKU03685,1,41.32,44.86,1
2022-02-19,SKU03979,1,823.95,823.95,
2022-02-19,SKU04082,3,158.94,52.98,
2022-02-19,SKU04321,4,3845.2,961.3,
2022-02-19,SKU04596,3,1006.65,335.55,
2022-02-19,SKU04879,3,4895.58,1631.86,
2022-02-20,SKU00264,1,242.74,242.74,
2022-02-20,SKU00390,1,437.62,437.62,
2022-02-20,SKU00690,1,492.94,492.94,
2022-02-20,SKU00854,1,1449.64,1449.64,
2022-02-20,SKU00921,3,10091.46,3363.82,
2022-02-20,SKU00968,5,891.1,178.22,
2022-02-20,SKU02222,2,4846.2,2423.1,
2022-02-20,SKU02684,1,527.97,527.97,
2022-02-20,SKU02731,4,523.84,130.96,
2022-02-20,SKU02943,3,2729.85,909.9500000000002,
2022-02-20,SKU02954,1,603.3,603.3,
2022-02-20,SKU03976,1,451.64,451.64,
2022-02-20,SKU04012,1,631.0,631.0,
2022-02-20,SKU04466,2,449.18,224.59,
2022-02-20,SKU04710,3,4393.97,1632.84,1
2022-02-21,SKU00079,1,197.9,197.9,
2022-02-21,SKU00482,1,212.18,212.18,
2022-02-21,SKU01054,1,583.57,583.57,
2022-02-21,SKU01322,2,1811.78,905.89,
2022-02-21,SKU01435,1,1037.9,1037.9,
2022-02-21,SKU02199,5,533.0,106.6,
2022-02-21,SKU02368,3,2548.17,849.39,
2022-02-21,SKU02768,1,216.52,216.52,
2022-02-21,SKU03040,1,2390.56,2390.56,
2022-02-21,SKU03292,1,164.03,164.03,
2022-02-21,SKU03432,3,7889.82,2629.94,
2022-02-21,SKU03512,1,439.58,439.58,
2022-02-21,SKU03621,1,370.39,370.39,
2022-02-21,SKU03659,2,969.1,484.55,
2022-02-21,SKU04321,5,4806.5,961.3,
2022-02-21,SKU04571,2,1737.04,868.52,
2022-02-21,SKU04789,1,67.08,67.08,
2022-02-21,SKU04913,3,1400.73,466.91,
2022-02-21,SKU04986,3,191.04,63.68,
2022-02-22,SKU01241,2,384.84,192.42,
2022-02-22,SKU01723,3,469.71,156.57,
2022-02-22,SKU03057,2,412.68,206.34,
2022-02-22,SKU03764,5,4725.05,945.01,
2022-02-22,SKU04321,1,961.3,961.3,
2022-02-22,SKU04571,2,1737.04,868.52,
2022-02-23,SKU00530,1,66.34,66.34,
2022-02-23,SKU01312,1,152.76,152.76,
2022-02-23,SKU01371,1,1277.61,1277.61,
2022-02-23,SKU01679,2,3478.06,1739.03,
2022-02-23,SKU01707,1,352.2,352.2,
2022-02-23,SKU02165,2,302.02,151.01,
2022-02-23,SKU02604,3,1939.56,646.52,
2022-02-23,SKU02605,1,67.28,67.28,
2022-02-23,SKU03359,2,759.82,379.91,
2022-02-23,SKU04045,1,615.16,615.16,
2022-02-23,SKU04232,1,98.56,98.56,
2022-02-23,SKU04422,1,61.32,68.36,1
2022-02-23,SKU04596,1,335.55,335.55,
2022-02-23,SKU04932,5,1559.65,311.93,
2022-02-24,SKU00050,4,136.32,34.08,
2022-02-24,SKU00535,2,378.2,189.1,
2022-02-24,SKU00962,2,243.16,121.58,
2022-02-24,SKU01420,1,213.65,213.65,
2022-02-24,SKU01485,1,476.18,476.18,
2022-02-24,SKU02370,2,429.54,214.77,
2022-02-24,SKU02407,2,992.6,496.3,
2022-02-24,SKU02471,3,4094.49,1364.83,
2022-02-24,SKU02872,2,154.88,77.44,
2022-02-24,SKU03381,1,176.04,176.04,
2022-02-24,SKU03727,5,8304.65,1660.9299999999998,
2022-02-24,SKU03948,5,341.15,68.23,
2022-02-24,SKU04154,4,1407.08,351.77,
2022-02-24,SKU04321,3,2883.8999999999996,961.2999999999998,
2022-02-24,SKU04332,1,141.92,141.92,
2022-02-24,SKU04596,3,1006.6500000000001,335.55,
2022-02-24,SKU04678,2,431.28,215.64,
2022-02-25,SKU00041,2,4981.48,2490.74,
2022-02-25,SKU00190,1,145.42,145.42,
2022-02-25,SKU00364,1,2618.33,2618.33,
2022-02-25,SKU00428,4,3019.16,754.79,
2022-02-25,SKU00692,1,235.52,235.52,
2022-02-25,SKU01248,3,1145.37,381.79,
2022-02-25,SKU01271,3,692.76,230.92,
2022-02-25,SKU01414,1,193.44,193.44,
2022-02-25,SKU01527,1,82.54,82.54,
2022-02-25,SKU01689,5,853.85,170.77,
2022-02-25,SKU02692,4,8380.12,2095.03,
2022-02-25,SKU02891,3,1543.74,514.58,
2022-02-25,SKU03046,2,219.74,109.87,
2022-02-25,SKU03379,2,114.78,57.39,
2022-02-25,SKU03550,1,865.57,865.57,
2022-02-25,SKU03821,1,132.88,132.88,
2022-02-25,SKU04105,1,464.78,464.78,
2022-02-25,SKU04321,5,4806.5,961.3,
2022-02-25,SKU04596,1,335.55,335.55,
2022-02-26,SKU00190,2,290.84,145.42,
2022-02-26,SKU00412,3,1881.45,627.15,
2022-02-26,SKU00920,2,229.46,114.73,
2022-02-26,SKU00921,3,10091.46,3363.82,
2022-02-26,SKU01045,3,1353.87,451.29,
2022-02-26,SKU01987,1,1078.02,1078.02,
2022-02-26,SKU01993,1,142.17,142.17,
2022-02-26,SKU02470,2,326.82,163.41,
2022-02-26,SKU02750,1,282.92,282.92,
2022-02-26,SKU02936,1,177.72,198.13,1
2022-02-26,SKU02993,1,391.51,391.51,
2022-02-26,SKU03364,1,136.35,136.35,
2022-02-26,SKU03599,2,321.9,160.95,
2022-02-26,SKU04105,1,464.78,464.78,
2022-02-26,SKU04896,3,1444.86,481.62000000000006,
2022-02-27,SKU00418,1,55.14,55.14,
2022-02-27,SKU02141,2,943.76,471.88,
2022-02-27,SKU03353,1,48.61,48.61,
2022-02-27,SKU04275,2,480.08,240.04,
2022-02-27,SKU04596,3,1006.65,335.55,
2022-02-27,SKU04875,1,1349.03,1349.03,
2022-02-28,SKU00086,2,5572.02,2786.01,
2022-02-28,SKU00126,3,760.32,253.43999999999997,
2022-02-28,SKU00285,2,1011.34,505.67,
2022-02-28,SKU00376,3,622.35,207.44999999999996,
2022-02-28,SKU00897,1,88.62,88.62,
2022-02-28,SKU01009,2,446.84,223.42,
2022-02-28,SKU01331,1,87.75,87.75,
2022-02-28,SKU01720,3,7061.19,2353.73,
2022-02-28,SKU01985,1,284.04,284.04,
2022-02-28,SKU02823,3,1605.53,596.63,1
2022-02-28,SKU03053,1,4086.72,4086.72,
2022-02-28,SKU03192,1,285.92,285.92,
2022-02-28,SKU03515,4,1065.36,266.34,
2022-02-28,SKU03969,1,109.07,109.07,
2022-03-01,SKU00001,5,4067.05,813.41,
2022-03-01,SKU02333,1,53.1,53.1,
2022-03-01,SKU02748,1,414.75,414.75,
2022-03-01,SKU02754,3,2340.81,780.27,
2022-03-01,SKU03115,1,804.38,804.38,
2022-03-01,SKU03552,4,374.48,93.62,
2022-03-01,SKU04016,1,1492.65,1492.65,
2022-03-01,SKU04321,5,4806.5,961.3,
2022-03-01,SKU04670,1,308.99,308.99,
2022-03-02,SKU00079,2,395.8,197.9,
2022-03-02,SKU00231,1,90.85,153.98,1
2022-03-02,SKU00513,1,138.18,234.2,1
2022-03-02,SKU00903,1,371.13,413.75,1
2022-03-02,SKU01214,2,185.46,92.73,
2022-03-02,SKU01371,2,2555.22,1277.61,
2022-03-02,SKU01667,3,484.41,161.47,
2022-03-02,SKU01987,3,3234.06,1078.02,
2022-03-02,SKU02377,2,186.46,93.23,
2022-03-02,SKU02549,1,201.08,201.08,
2022-03-02,SKU02915,3,6866.25,2288.75,
2022-03-02,SKU03450,2,576.34,288.17,
2022-03-02,SKU03800,1,114.46,114.46,
2022-03-02,SKU04131,1,587.01,587.01,
2022-03-02,SKU04321,2,1922.6,961.3,
2022-03-02,SKU04597,5,7321.0,1464.2,
2022-03-02,SKU04720,1,2230.86,2230.86,
2022-03-02,SKU04825,1,1503.66,1503.66,
2022-03-03,SKU00190,3,436.26,145.42,
2022-03-03,SKU00554,1,88.32,88.32,
2022-03-03,SKU00755,1,120.36,120.36,
2022-03-03,SKU00852,2,1745.22,872.61,
2022-03-03,SKU01045,4,1805.16,451.29,
2022-03-03,SKU01221,1,2043.23,2043.23,
2022-03-03,SKU02079,1,153.65,153.65,
2022-03-03,SKU02354,1,90.78,90.78,
2022-03-03,SKU02892,2,154.1,77.05,
2022-03-03,SKU02999,2,615.42,307.71,
2022-03-03,SKU03083,2,1526.64,763.32,
2022-03-03,SKU03087,3,991.89,330.63,
2022-03-03,SKU03094,1,339.49,339.49,
2022-03-03,SKU03702,2,558.91,473.65,1
2022-03-03,SKU04281,2,469.94,234.97,
2022-03-03,SKU04321,1,961.3,961.3,
2022-03-03,SKU04329,1,2452.07,2452.07,
2022-03-03,SKU04508,1,375.55,375.55,
2022-03-03,SKU04571,1,868.52,868.52,
2022-03-03,SKU04591,1,186.58,186.58,
2022-03-03,SKU04913,1,466.91,466.91,
2022-03-04,SKU00500,1,1264.58,1264.58,
2022-03-04,SKU01122,1,145.52,145.52,
2022-03-04,SKU01138,1,181.15,181.15,
2022-03-04,SKU01371,2,2555.22,1277.61,
2022-03-04,SKU01490,1,82.43,82.43,
2022-03-04,SKU01774,2,258.66,129.33,
2022-03-04,SKU02313,1,176.52,176.52,
2022-03-04,SKU03353,1,48.61,48.61,
2022-03-04,SKU03911,1,89.02,89.02,
2022-03-04,SKU04202,1,1054.73,1054.73,
2022-03-04,SKU04318,1,205.5,205.5,
2022-03-04,SKU04596,2,671.1,335.55,
2022-03-05,SKU00334,2,2954.9,1477.45,
2022-03-05,SKU00982,1,1475.54,1475.54,
2022-03-05,SKU01009,2,446.84,223.42,
2022-03-05,SKU01403,2,1469.52,734.76,
2022-03-05,SKU01414,3,580.32,193.43999999999997,
2022-03-05,SKU02369,1,162.77,162.77,
2022-03-05,SKU02423,1,3672.71,3672.71,
2022-03-05,SKU02753,1,796.75,796.75,
2022-03-05,SKU03194,2,1298.76,649.38,
2022-03-05,SKU04017,1,119.49,119.49,
2022-03-05,SKU04171,4,2608.32,652.08,
2022-03-05,SKU04286,1,222.23,222.23,
2022-03-05,SKU04321,3,2883.8999999999996,961.2999999999998,
2022-03-05,SKU04913,3,1400.73,466.91,
2022-03-06,SKU00298,1,383.06,383.06,
2022-03-06,SKU00394,2,205.9,102.95,
2022-03-06,SKU01752,1,459.19,459.19,
2022-03-06,SKU02316,1,161.51,161.51,
2022-03-06,SKU02336,3,1011.21,337.07,
2022-03-06,SKU02712,2,336.14,168.07,
2022-03-06,SKU02786,1,69.89,69.89,
2022-03-06,SKU04321,1,961.3,961.3,
2022-03-06,SKU04346,1,970.29,970.29,
2022-03-06,SKU04390,3,5496.9,1832.3,
2022-03-07,SKU00013,2,1043.9,521.95,
2022-03-07,SKU00043,1,615.37,615.37,
2022-03-07,SKU00445,1,87.15,87.15,
2022-03-07,SKU00447,1,198.19,198.19,
2022-03-07,SKU00953,1,273.99,273.99,
2022-03-07,SKU01035,1,360.87,360.87,
2022-03-07,SKU01056,2,4882.7,2441.35,
2022-03-07,SKU01403,3,2204.28,734.7599999999999,
2022-03-07,SKU01672,3,7484.55,2494.85,
2022-03-07,SKU03727,1,1660.93,1660.93,
2022-03-07,SKU04304,1,393.38,393.38,
2022-03-07,SKU04314,1,567.99,567.99,
2022-03-07,SKU04321,3,2883.8999999999996,961.2999999999998,
2022-03-08,SKU00286,5,322.25,64.45,
2022-03-08,SKU00376,3,622.35,207.44999999999996,
2022-03-08,SKU00473,1,111.63,111.63,
2022-03-08,SKU00757,1,196.4,196.4,
2022-03-08,SKU00908,4,8434.68,2108.67,
2022-03-08,SKU01131,1,1745.98,1745.98,
2022-03-08,SKU01632,1,354.51,354.51,
2022-03-08,SKU02137,2,3786.06,1893.03,
2022-03-08,SKU02230,1,978.76,978.76,
2022-03-08,SKU02414,3,1140.3,380.1000000000001,
2022-03-08,SKU02701,2,364.02,182.01,
2022-03-08,SKU02858,1,90.7,90.7,
2022-03-08,SKU03292,1,96.78,164.03,1
2022-03-08,SKU03425,4,809.92,202.48,
2022-03-08,SKU03445,3,159.54,53.18,
2022-03-08,SKU03528,1,1680.2,1680.2,
2022-03-08,SKU03719,2,268.46,134.23,
2022-03-08,SKU04154,1,207.54,351.77,1
2022-03-08,SKU04321,5,4806.5,961.3,
2022-03-08,SKU04404,1,240.58,240.58,
2022-03-09,SKU01590,4,370.72,92.68,
2022-03-09,SKU01763,1,162.42,275.28,1
2022-03-09,SKU02132,3,1286.55,428.8500000000001,
2022-03-09,SKU02368,2,1698.78,849.39,
2022-03-09,SKU03027,1,724.38,724.38,
2022-03-09,SKU03160,4,1018.56,254.64,
2022-03-09,SKU04002,3,2144.58,714.86,
2022-03-09,SKU04018,2,192.28,96.14,
2022-03-09,SKU04318,3,616.5,205.5,
2022-03-09,SKU04596,1,335.55,335.55,
2022-03-10,SKU00369,1,368.93,368.93,
2022-03-10,SKU00985,1,1003.36,1003.36,
2022-03-10,SKU01088,1,183.33,183.33,
2022-03-10,SKU01092,2,3767.04,1883.52,
2022-03-10,SKU01137,1,1286.53,1286.53,
2022-03-10,SKU01170,2,731.0,365.5,
2022-03-10,SKU01628,3,468.54,156.18,
2022-03-10,SKU01716,2,1242.06,621.03,
2022-03-10,SKU02269,1,132.98,132.98,
2022-03-10,SKU02692,1,2095.03,2095.03,
2022-03-10,SKU02756,5,9534.1,1906.8200000000002,
2022-03-10,SKU03381,3,528.12,176.04,
2022-03-10,SKU03975,5,9531.65,1906.33,
2022-03-10,SKU04555,1,3307.44,3307.44,
2022-03-10,SKU04596,3,1006.65,335.55,
2022-03-10,SKU04779,3,576.66,192.22,
2022-03-11,SKU00201,5,4241.6,848.32,
2022-03-11,SKU00994,1,602.13,602.13,
2022-03-11,SKU01197,3,6628.56,2209.52,
2022-03-11,SKU01371,1,1277.61,1277.61,
2022-03-11,SKU01456,2,2164.34,1082.17,
2022-03-11,SKU02122,1,152.62,152.62,
2022-03-11,SKU02657,2,257.5,128.75,
2022-03-11,SKU02705,3,9805.65,3268.5500000000006,
2022-03-11,SKU02930,2,340.32,170.16,
2022-03-11,SKU03727,1,1660.93,1660.93,
2022-03-11,SKU04321,3,2883.9,961.2999999999998,
2022-03-12,SKU00040,3,620.1,206.69999999999996,
2022-03-12,SKU00079,1,197.9,197.9,
2022-03-12,SKU00920,1,67.69,114.73,1
2022-03-12,SKU00974,1,47.34,47.34,
2022-03-12,SKU02141,1,471.88,471.88,
2022-03-12,SKU02602,3,390.48,220.61,1
2022-03-12,SKU02660,3,245.73,81.91,
2022-03-12,SKU03521,3,134.67,44.89000000000001,
2022-03-12,SKU03840,2,510.24,255.12,
2022-03-12,SKU03955,1,294.43,499.04,1
2022-03-12,SKU04321,2,1922.6,961.3,
2022-03-12,SKU04373,1,1033.69,1033.69,
2022-03-12,SKU04477,3,172.65,97.54,1
2022-03-12,SKU04726,1,789.0,789.0,
2022-03-13,SKU00847,3,1196.58,398.85999999999996,
2022-03-13,SKU01092,1,1883.52,1883.52,
2022-03-13,SKU01299,2,5131.48,2565.74,
2022-03-13,SKU01469,1,69.23,69.23,
2022-03-13,SKU02448,3,6500.13,2166.71,
2022-03-13,SKU02526,2,1396.22,698.11,
2022-03-13,SKU02998,3,2673.72,891.2400000000001,
2022-03-13,SKU03372,2,558.68,279.34,
2022-03-13,SKU04136,1,1348.93,1348.93,
2022-03-13,SKU04536,4,5980.76,1495.19,
2022-03-13,SKU04760,1,216.71,216.71,
2022-03-13,SKU04778,1,485.82,485.82,
2022-03-14,SKU00632,1,1003.77,1003.77,
2022-03-14,SKU00850,4,3361.6,840.4,
2022-03-14,SKU00883,1,3121.32,3121.32,
2022-03-14,SKU00950,5,1135.35,227.07,
2022-03-14,SKU01556,1,1701.38,1701.38,
2022-03-14,SKU02900,1,1839.94,1839.94,
2022-03-14,SKU03213,1,133.69,226.59,1
2022-03-14,SKU03779,2,1276.26,638.13,
2022-03-14,SKU03901,4,441.8,110.45,
2022-03-14,SKU03907,2,1753.46,876.73,
2022-03-14,SKU04110,1,265.19,449.47,1
2022-03-14,SKU04571,1,868.52,868.52,
2022-03-14,SKU04789,3,201.24,67.08,
2022-03-14,SKU04925,1,136.47,136.47,
2022-03-15,SKU00032,1,51.91,51.91,
2022-03-15,SKU00044,1,525.77,525.77,
2022-03-15,SKU00285,1,505.67,505.67,
2022-03-15,SKU00486,1,2425.84,2425.84,
2022-03-15,SKU01120,1,125.72,213.08,1
2022-03-15,SKU01814,2,1774.84,887.42,
2022-03-15,SKU02068,5,1249.45,249.88999999999996,
2022-03-15,SKU02070,2,313.42,156.71,
2022-03-15,SKU02202,4,8456.72,2114.18,
2022-03-15,SKU02482,5,6489.75,1297.95,
2022-03-15,SKU02531,1,143.49,143.49,
2022-03-15,SKU02537,1,161.43,161.43,
2022-03-15,SKU03229,1,1284.76,1284.76,
2022-03-15,SKU03656,1,1079.71,1079.71,
2022-03-15,SKU04328,1,155.77,155.77,
2022-03-15,SKU04432,2,681.6,340.8,
2022-03-15,SKU04596,1,335.55,335.55,
2022-03-16,SKU00035,1,215.32,215.32,
2022-03-16,SKU00037,1,109.86,109.86,
2022-03-16,SKU00076,1,306.25,306.25,
2022-03-16,SKU00126,1,253.44,253.44,
2022-03-16,SKU00190,3,436.26,145.42,
2022-03-16,SKU00538,1,1101.07,1101.07,
2022-03-16,SKU00746,3,3092.25,1030.75,
2022-03-16,SKU01330,1,183.49,183.49,
2022-03-16,SKU01701,1,248.34,420.92,1
2022-03-16,SKU01804,2,441.84,220.92,
2022-03-16,SKU02105,1,149.15,149.15,
2022-03-16,SKU02462,5,859.45,171.89,
2022-03-16,SKU02837,1,2677.22,2677.22,
2022-03-16,SKU03159,1,79.64,134.99,1
2022-03-16,SKU04206,5,3335.9,667.18,
2022-03-16,SKU04321,1,961.3,961.3,
2022-03-16,SKU04350,2,789.86,394.93,
2022-03-16,SKU04596,3,1006.65,335.55,
2022-03-16,SKU04903,5,1189.9,237.97999999999996,
2022-03-16,SKU04963,1,124.11,124.11,
2022-03-16,SKU04973,1,909.63,909.63,
2022-03-17,SKU00140,2,296.22,148.11,
2022-03-17,SKU00177,1,114.65,114.65,
2022-03-17,SKU00285,2,1011.34,505.67,
2022-03-17,SKU00847,1,398.86,398.86,
2022-03-17,SKU01030,1,132.46,224.5,1
2022-03-17,SKU01137,1,1286.53,1286.53,
2022-03-17,SKU01392,1,130.77,130.77,
2022-03-17,SKU03800,1,114.46,114.46,
2022-03-17,SKU04101,2,737.24,368.62,
2022-03-17,SKU04166,1,263.67,263.67,
2022-03-17,SKU04321,4,3845.2,961.3,
2022-03-17,SKU04574,2,84.91,71.96,1
2022-03-17,SKU04596,1,335.55,335.55,
2022-03-17,SKU04913,3,1400.73,466.91,
2022-03-18,SKU00116,1,317.12,317.12,
2022-03-18,SKU00319,1,129.05,129.05,
2022-03-18,SKU00328,1,120.93,204.97,1
2022-03-18,SKU00699,1,562.89,562.89,
2022-03-18,SKU01157,1,228.88,228.88,
2022-03-18,SKU02563,1,180.04,180.04,
2022-03-18,SKU02785,4,4546.32,1136.58,
2022-03-18,SKU03425,2,404.96,202.48,
2022-03-18,SKU03581,5,11352.15,2270.43,
2022-03-18,SKU03725,1,977.64,977.64,
2022-03-18,SKU03727,3,4982.79,1660.93,
2022-03-18,SKU04139,1,1671.05,1671.05,
2022-03-18,SKU04162,1,364.89,364.89,
2022-03-18,SKU04321,2,1922.6,961.3,
2022-03-18,SKU04819,1,131.34,222.61,1
2022-03-19,SKU00002,4,281.52,70.38,
2022-03-19,SKU00190,5,727.1,145.42,
2022-03-19,SKU00267,1,126.55,126.55,
2022-03-19,SKU00309,1,1579.63,1579.63,
2022-03-19,SKU01599,2,3314.94,1657.47,
2022-03-19,SKU03374,1,70.93,70.93,
2022-03-19,SKU03469,3,1617.57,539.19,
2022-03-19,SKU03567,3,1376.94,458.98,
2022-03-19,SKU03724,3,1141.11,380.37000000000006,
2022-03-19,SKU03779,3,1914.39,638.13,
2022-03-19,SKU04321,3,2883.9,961.2999999999998,
2022-03-19,SKU04896,1,481.62,481.62,
2022-03-19,SKU04989,2,95.04,80.54,1
2022-03-20,SKU00286,3,193.35,64.45,
2022-03-20,SKU00573,1,247.12,247.12,
2022-03-20,SKU00730,1,1174.55,1174.55,
2022-03-20,SKU01342,1,357.71,357.71,
2022-03-20,SKU01523,1,291.48,291.48,
2022-03-20,SKU01677,2,254.6,127.3,
2022-03-20,SKU02582,1,324.56,324.56,
2022-03-20,SKU02935,2,864.46,432.23,
2022-03-20,SKU03030,1,108.63,108.63,
2022-03-20,SKU03368,1,1766.25,1766.25,
2022-03-20,SKU03656,1,1079.71,1079.71,
2022-03-20,SKU03790,1,745.39,745.39,
2022-03-20,SKU03851,1,99.5,99.5,
2022-03-20,SKU04039,4,900.79,381.69,1
2022-03-21,SKU00411,5,1195.35,239.07,
2022-03-21,SKU00581,2,2530.14,1265.07,
2022-03-21,SKU00653,4,3281.08,820.27,
2022-03-21,SKU00738,2,218.54,109.27,
2022-03-21,SKU01002,1,252.83,252.83,
2022-03-21,SKU01573,2,1695.38,847.69,
2022-03-21,SKU01617,1,182.51,182.51,
2022-03-21,SKU01724,3,875.76,291.92,
2022-03-21,SKU02737,1,315.14,315.14,
2022-03-21,SKU02825,3,375.65,212.23,1
2022-03-21,SKU03117,1,4755.47,4755.47,
2022-03-21,SKU03199,2,156.16,78.08,
2022-03-21,SKU04414,3,502.71,167.57,
2022-03-21,SKU04596,2,671.1,335.55,
2022-03-21,SKU04602,1,100.41,100.41,
2022-03-21,SKU04708,3,4000.26,1333.42,
2022-03-21,SKU04745,1,335.38,335.38,
2022-03-21,SKU04748,1,553.81,553.81,
2022-03-21,SKU04913,1,466.91,466.91,
2022-03-22,SKU00162,2,5560.52,2780.26,
2022-03-22,SKU00672,2,1513.06,756.53,
2022-03-22,SKU00976,2,536.84,268.42,
2022-03-22,SKU02141,2,943.76,471.88,
2022-03-22,SKU02398,1,682.66,682.66,
2022-03-22,SKU02526,1,698.11,698.11,
2022-03-22,SKU02644,3,2164.65,721.5499999999998,
2022-03-22,SKU02692,2,4190.06,2095.03,
2022-03-22,SKU02693,2,3037.78,1518.89,
2022-03-22,SKU03298,1,380.92,380.92,
2022-03-22,SKU03898,3,590.04,196.67999999999998,
2022-03-22,SKU04026,2,481.94,240.97,
2022-03-22,SKU04836,1,218.58,370.47,1
2022-03-23,SKU00036,1,188.79,188.79,
2022-03-23,SKU01099,2,385.34,192.67,
2022-03-23,SKU02484,3,1701.78,567.26,
2022-03-23,SKU02930,3,510.48,170.16,
2022-03-23,SKU03285,3,185.01,61.669999999999995,
2022-03-23,SKU03633,1,118.27,118.27,
2022-03-23,SKU04067,2,296.88,148.44,
2022-03-23,SKU04321,2,1922.6,961.3,
2022-03-23,SKU04515,4,976.76,244.19,
2022-03-23,SKU04644,1,359.73,359.73,
2022-03-24,SKU00002,3,211.14,70.38,
2022-03-24,SKU00286,5,322.25,64.45,
2022-03-24,SKU00311,1,2295.88,2295.88,
2022-03-24,SKU00816,2,339.04,169.52,
2022-03-24,SKU00962,1,121.58,121.58,
2022-03-24,SKU00974,1,47.34,47.34,
2022-03-24,SKU01655,2,124.36,62.18,
2022-03-24,SKU02216,1,204.24,204.24,
2022-03-24,SKU02311,4,2600.88,650.22,
2022-03-24,SKU02368,1,849.39,849.39,
2022-03-24,SKU02892,1,77.05,77.05,
2022-03-24,SKU03259,2,1204.08,602.04,
2022-03-24,SKU03268,5,3674.95,734.99,
2022-03-24,SKU04321,1,961.3,961.3,
2022-03-24,SKU04562,1,1316.91,1316.91,
2022-03-25,SKU00160,4,808.24,202.06,
2022-03-25,SKU00599,3,140.91,46.97,
2022-03-25,SKU00845,3,2012.49,670.83,
2022-03-25,SKU02052,3,491.05,277.43,1
2022-03-25,SKU02526,1,698.11,698.11,
2022-03-25,SKU02611,4,767.48,191.87,
2022-03-25,SKU02786,3,209.67,69.89,
2022-03-25,SKU02886,5,1371.75,274.35,
2022-03-25,SKU02983,3,3188.13,1062.71,
2022-03-25,SKU03088,3,670.65,223.55000000000004,
2022-03-25,SKU03604,2,245.24,122.62,
2022-03-25,SKU03702,2,558.91,473.65,1
2022-03-25,SKU04321,3,2883.8999999999996,961.2999999999998,
2022-03-26,SKU00002,1,70.38,70.38,
2022-03-26,SKU00169,1,95.37,95.37,
2022-03-26,SKU00519,5,359.75,71.95,
2022-03-26,SKU01009,1,223.42,223.42,
2022-03-26,SKU01170,3,1096.5,365.5,
2022-03-26,SKU02692,5,10475.15,2095.03,
2022-03-26,SKU03362,2,1444.12,722.06,
2022-03-26,SKU03711,3,1565.4,521.8,
2022-03-26,SKU04321,3,2883.9,961.2999999999998,
2022-03-27,SKU00824,2,783.5,391.75,
2022-03-27,SKU00940,2,297.56,148.78,
2022-03-27,SKU02806,2,164.06,82.03,
2022-03-27,SKU02858,1,90.7,90.7,
2022-03-27,SKU03133,1,262.89,262.89,
2022-03-27,SKU03409,1,117.67,117.67,
2022-03-27,SKU03532,1,55.78,94.55,1
2022-03-27,SKU03739,2,281.76,140.88,
2022-03-27,SKU04164,1,159.68,159.68,
2022-03-27,SKU04596,2,671.1,335.55,
2022-03-27,SKU04985,1,1179.22,1179.22,
2022-03-28,SKU00570,3,2306.58,768.86,
2022-03-28,SKU00709,1,2238.13,2238.13,
2022-03-28,SKU02393,1,273.25,273.25,
2022-03-28,SKU02449,1,137.83,137.83,
2022-03-28,SKU02509,1,1348.23,1348.23,
2022-03-28,SKU02675,5,2969.5,593.9,
2022-03-28,SKU02858,3,272.1,90.7,
2022-03-28,SKU03661,3,586.11,195.37,
2022-03-28,SKU03727,1,1660.93,1660.93,
2022-03-28,SKU04321,6,5767.799999999999,961.2999999999998,
2022-03-28,SKU04329,1,2452.07,2452.07,
2022-03-28,SKU04560,3,786.75,262.25,
2022-03-28,SKU04568,2,557.8,278.9,
2022-03-28,SKU04827,1,319.42,319.42,
2022-03-29,SKU00183,1,252.07,252.07,
2022-03-29,SKU00692,1,235.52,235.52,
2022-03-29,SKU00726,3,2924.01,974.67,
2022-03-29,SKU01152,3,1458.09,486.03,
2022-03-29,SKU01580,1,132.1,132.1,
2022-03-29,SKU01775,1,204.15,204.15,
2022-03-29,SKU01812,1,351.24,351.24,
2022-03-29,SKU02368,1,849.39,849.39,
2022-03-29,SKU03181,4,2003.16,500.79,
2022-03-29,SKU03334,3,127.17,42.39,
2022-03-29,SKU03379,3,172.17,57.39000000000001,
2022-03-29,SKU03988,2,454.3,227.15,
2022-03-29,SKU04459,1,1349.01,1349.01,
2022-03-29,SKU04551,1,2498.23,2498.23,
2022-03-29,SKU04685,2,346.02,173.01,
2022-03-30,SKU00264,4,970.96,242.74,
2022-03-30,SKU00510,1,208.61,208.61,
2022-03-30,SKU00805,1,959.48,959.48,
2022-03-30,SKU00921,1,3363.82,3363.82,
2022-03-30,SKU01108,1,482.5,482.5,
2022-03-30,SKU01149,2,1000.92,500.46,
2022-03-30,SKU01164,1,241.81,241.81,
2022-03-30,SKU02650,3,1428.96,476.32,
2022-03-30,SKU02680,2,536.68,268.34,
2022-03-30,SKU04375,2,3523.36,1761.68,
2022-03-30,SKU04449,3,662.37,220.79,
2022-03-30,SKU04453,2,531.16,265.58,
2022-03-30,SKU04712,1,2174.66,2174.66,
2022-03-31,SKU00350,4,1969.72,492.43,
2022-03-31,SKU00746,1,1030.75,1030.75,
2022-03-31,SKU01197,2,4419.04,2209.52,
2022-03-31,SKU01222,1,670.78,670.78,
2022-03-31,SKU01272,1,386.08,386.08,
2022-03-31,SKU01420,1,213.65,213.65,
2022-03-31,SKU02368,3,2548.17,849.39,
2022-03-31,SKU02600,1,69.72,69.72,
2022-03-31,SKU02657,1,128.75,128.75,
2022-03-31,SKU03009,2,5631.52,2815.76,
2022-03-31,SKU03292,2,328.06,164.03,
2022-03-31,SKU03773,2,304.86,152.43,
2022-03-31,SKU03899,1,369.05,369.05,
2022-03-31,SKU04088,2,293.32,146.66,
2022-03-31,SKU04321,3,2883.8999999999996,961.2999999999998,
2022-03-31,SKU04701,3,515.1,171.69999999999996,
2022-03-31,SKU04832,2,416.34,208.17,
2022-04-01,SKU00945,1,131.35,131.35,
2022-04-01,SKU00946,1,415.87,415.87,
2022-04-01,SKU01263,2,370.0,185.0,
2022-04-01,SKU02996,3,1629.39,543.13,
2022-04-01,SKU03537,5,751.25,150.25,
2022-04-01,SKU03799,1,272.04,272.04,
2022-04-01,SKU04233,3,814.92,271.64,
2022-04-01,SKU04359,4,927.32,231.83,
2022-04-02,SKU00190,2,290.84,145.42,
2022-04-02,SKU00293,1,132.02,132.02,
2022-04-02,SKU00656,1,1870.7,1870.7,
2022-04-02,SKU01240,1,1130.44,1130.44,
2022-04-02,SKU01397,3,12544.74,4181.58,
2022-04-02,SKU01612,1,151.28,151.28,
2022-04-02,SKU01629,4,376.12,94.03,
2022-04-02,SKU01973,2,635.92,317.96,
2022-04-02,SKU02412,1,722.57,722.57,
2022-04-02,SKU02657,1,128.75,128.75,
2022-04-02,SKU03283,1,93.64,93.64,
2022-04-02,SKU03292,3,492.09,164.03,
2022-04-02,SKU03843,3,376.65,125.55,
2022-04-02,SKU04046,1,114.83,114.83,
2022-04-02,SKU04839,2,102.4,51.2,
2022-04-03,SKU00599,1,46.97,46.97,
2022-04-03,SKU01138,1,181.15,181.15,
2022-04-03,SKU02050,1,90.73,90.73,
2022-04-03,SKU03026,1,747.22,747.22,
2022-04-03,SKU04839,3,153.6,51.20000000000001,
2022-04-03,SKU04891,1,647.88,647.88,
2022-04-04,SKU00169,1,95.37,95.37,
2022-04-04,SKU00994,2,1204.26,602.13,
2022-04-04,SKU02891,2,1029.16,514.58,
2022-04-04,SKU03727,1,1660.93,1660.93,
2022-04-04,SKU04939,1,173.32,173.32,
2022-04-05,SKU00019,1,394.36,394.36,
2022-04-05,SKU00538,2,2202.14,1101.07,
2022-04-05,SKU00974,2,94.68,47.34,
2022-04-05,SKU01371,3,3832.83,1277.61,
2022-04-05,SKU02141,1,471.88,471.88,
2022-04-05,SKU02720,2,279.96,139.98,
2022-04-05,SKU02883,1,1040.02,1040.02,
2022-04-05,SKU02935,1,432.23,432.23,
2022-04-05,SKU03334,3,127.17,42.39,
2022-04-05,SKU04154,1,351.77,351.77,
2022-04-05,SKU04173,1,235.28,235.28,
2022-04-05,SKU04324,2,172.98,86.49,
2022-04-05,SKU04338,2,326.64,163.32,
2022-04-05,SKU04515,3,732.57,244.18999999999997,
2022-04-06,SKU00538,1,1101.07,1101.07,
2022-04-06,SKU00668,3,658.35,219.44999999999996,
2022-04-06,SKU01494,4,4546.92,1136.73,
2022-04-06,SKU02417,1,1108.44,1108.44,
2022-04-06,SKU02644,2,1443.1,721.55,
2022-04-06,SKU03162,3,1096.8,365.6000000000001,
2022-04-06,SKU03176,1,1236.65,1236.65,
2022-04-06,SKU03548,2,340.66,170.33,
2022-04-06,SKU04321,3,2883.8999999999996,961.2999999999998,
2022-04-07,SKU00090,1,618.63,618.63,
2022-04-07,SKU00484,3,537.12,179.04,
2022-04-07,SKU00864,2,446.78,223.39,
2022-04-07,SKU02473,4,586.32,146.58,
2022-04-07,SKU02691,3,927.63,309.21,
2022-04-07,SKU04127,3,291.87,97.29,
2022-04-07,SKU04205,1,318.36,318.36,
2022-04-07,SKU04218,1,96.37,96.37,
2022-04-07,SKU04321,2,1922.6,961.3,
2022-04-08,SKU00171,2,507.86,253.93,
2022-04-08,SKU00416,2,150.24,75.12,
2022-04-08,SKU00630,1,1408.73,1408.73,
2022-04-08,SKU01359,3,910.14,303.38,
2022-04-08,SKU01443,2,349.34,174.67,
2022-04-08,SKU01775,1,204.15,204.15,
2022-04-08,SKU02333,1,53.1,53.1,
2022-04-08,SKU02734,4,808.72,202.18,
2022-04-08,SKU02927,1,192.51,192.51,
2022-04-08,SKU03034,2,465.0,232.5,
2022-04-08,SKU04132,2,4510.5,2255.25,
2022-04-08,SKU04257,2,570.18,285.09,
2022-04-08,SKU04321,1,961.3,961.3,
2022-04-08,SKU04329,3,7356.21,2452.07,
2022-04-08,SKU04417,1,1557.6,1557.6,
2022-04-08,SKU04596,2,671.1,335.55,
2022-04-09,SKU00531,3,8849.88,2949.9600000000005,
2022-04-09,SKU00739,2,664.0,332.0,
2022-04-09,SKU01000,3,1245.66,415.22,
2022-04-09,SKU01420,1,213.65,213.65,
2022-04-09,SKU02050,3,272.19,90.73,
2022-04-09,SKU02285,1,215.0,215.0,
2022-04-09,SKU02947,3,403.5,134.5,
2022-04-09,SKU03153,5,1575.1,315.02,
2022-04-09,SKU03204,2,3380.6,1690.3,
2022-04-09,SKU03727,1,1660.93,1660.93,
2022-04-09,SKU04321,1,961.3,961.3,
2022-04-09,SKU04648,3,220.95,73.65,
2022-04-10,SKU00079,1,197.9,197.9,
2022-04-10,SKU00081,1,115.69,115.69,
2022-04-10,SKU02328,3,176.88,58.96,
2022-04-10,SKU02635,1,546.93,546.93,
2022-04-10,SKU02870,5,3973.55,794.71,
2022-04-10,SKU02898,1,989.39,989.39,
2022-04-10,SKU04030,2,655.72,327.86,
2022-04-10,SKU04155,2,5224.44,2612.22,
2022-04-10,SKU04321,5,4806.5,961.3,
2022-04-10,SKU04750,1,914.6,914.6,
2022-04-11,SKU00286,1,64.45,64.45,
2022-04-11,SKU00896,3,583.29,194.42999999999998,
2022-04-11,SKU00953,1,273.99,273.99,
2022-04-11,SKU01067,2,858.7,429.35,
2022-04-11,SKU01739,1,501.28,501.28,
2022-04-11,SKU02216,1,204.24,204.24,
2022-04-11,SKU03464,1,244.37,244.37,
2022-04-11,SKU03853,3,978.75,326.25,
2022-04-11,SKU04311,1,105.14,105.14,
2022-04-11,SKU04321,3,2883.9,961.2999999999998,
2022-04-11,SKU04422,1,68.36,68.36,
2022-04-11,SKU04453,2,531.16,265.58,
2022-04-11,SKU04477,3,292.62,97.54,
2022-04-12,SKU00507,3,4766.76,1588.92,
2022-04-12,SKU00845,2,1341.66,670.83,
2022-04-12,SKU00974,3,142.02,47.34,
2022-04-12,SKU01355,5,6633.25,1326.65,
2022-04-12,SKU01458,2,1103.62,551.81,
2022-04-12,SKU01784,1,168.81,168.81,
2022-04-12,SKU02231,2,101.08,50.54,
2022-04-12,SKU02751,1,648.07,648.07,
2022-04-12,SKU02830,5,753.05,150.61,
2022-04-12,SKU03126,3,390.87,130.29,
2022-04-12,SKU03353,1,48.61,48.61,
2022-04-12,SKU03840,1,255.12,255.12,
2022-04-12,SKU04321,1,961.3,961.3,
2022-04-12,SKU04341,2,134.78,67.39,
2022-04-12,SKU04511,1,1370.63,1370.63,
2022-04-12,SKU04590,2,1921.92,960.96,
2022-04-12,SKU04824,3,3074.82,1024.94,
2022-04-12,SKU04872,1,154.36,154.36,
2022-04-13,SKU00291,1,190.44,190.44,
2022-04-13,SKU00921,1,3363.82,3363.82,
2022-04-13,SKU01381,3,883.68,294.56,
2022-04-13,SKU02075,1,587.86,587.86,
2022-04-13,SKU02100,1,358.76,358.76,
2022-04-13,SKU02276,3,2044.59,681.53,
2022-04-13,SKU02355,2,642.34,321.17,
2022-04-13,SKU03054,1,90.66,90.66,
2022-04-13,SKU03727,3,4982.79,1660.93,
2022-04-13,SKU04088,2,293.32,146.66,
2022-04-13,SKU04109,1,345.6,345.6,
2022-04-13,SKU04154,2,703.54,351.77,
2022-04-13,SKU04453,1,265.58,265.58,
2022-04-14,SKU00256,1,772.17,772.17,
2022-04-14,SKU00488,1,289.84,289.84,
2022-04-14,SKU00898,2,1929.7,964.85,
2022-04-14,SKU00953,4,1095.96,273.99,
2022-04-14,SKU00996,1,117.61,117.61,
2022-04-14,SKU01617,3,547.53,182.51,
2022-04-14,SKU01784,3,506.43,168.81,
2022-04-14,SKU02052,2,554.86,277.43,
2022-04-14,SKU02155,2,2226.96,1113.48,
2022-04-14,SKU02774,2,1470.56,735.28,
2022-04-14,SKU02930,5,850.8,170.16,
2022-04-14,SKU03104,2,960.02,480.01,
2022-04-14,SKU04596,4,1342.2,335.55,
2022-04-15,SKU00364,3,7854.99,2618.33,
2022-04-15,SKU00773,1,139.16,139.16,
2022-04-15,SKU00774,1,94.61,94.61,
2022-04-15,SKU00886,2,3021.68,1510.84,
2022-04-15,SKU00953,3,821.97,273.99,
2022-04-15,SKU01829,3,1157.31,385.77,
2022-04-15,SKU02173,3,1422.66,474.22,
2022-04-15,SKU03425,1,202.48,202.48,
2022-04-15,SKU04245,3,653.34,217.78,
2022-04-15,SKU04321,2,1922.6,961.3,
2022-04-15,SKU04614,1,177.07,177.07,
2022-04-15,SKU04926,1,458.92,458.92,
2022-04-16,SKU00217,1,290.33,290.33,
2022-04-16,SKU00460,2,3117.68,1558.84,
2022-04-16,SKU00994,1,602.13,602.13,
2022-04-16,SKU01045,1,451.29,451.29,
2022-04-16,SKU01297,2,560.58,280.29,
2022-04-16,SKU02420,1,122.08,122.08,
2022-04-16,SKU03114,1,513.11,513.11,
2022-04-16,SKU03136,1,224.84,224.84,
2022-04-16,SKU03727,3,4982.79,1660.93,
2022-04-16,SKU04139,3,5013.15,1671.05,
2022-04-16,SKU04188,1,180.9,180.9,
2022-04-16,SKU04321,3,2883.9,961.2999999999998,
2022-04-17,SKU00782,2,3463.84,1731.92,
2022-04-17,SKU00795,2,102.72,51.36,
2022-04-17,SKU00870,2,545.7,272.85,
2022-04-17,SKU01197,2,4419.04,2209.52,
2022-04-17,SKU01363,2,6369.2,3184.6,
2022-04-17,SKU01677,1,127.3,127.3,
2022-04-17,SKU01837,1,1716.89,1716.89,
2022-04-17,SKU02882,1,147.14,147.14,
2022-04-17,SKU02930,3,510.48,170.16,
2022-04-17,SKU03466,2,704.1,352.05,
2022-04-17,SKU03626,2,375.08,187.54,
2022-04-17,SKU04141,4,1083.2,270.8,
2022-04-17,SKU04750,1,914.6,914.6,
2022-04-17,SKU04872,1,154.36,154.36,
2022-04-18,SKU00004,3,700.92,233.64,
2022-04-18,SKU00893,4,2762.64,690.66,
2022-04-18,SKU01332,1,66.62,66.62,
2022-04-18,SKU01371,1,1277.61,1277.61,
2022-04-18,SKU01714,2,673.44,336.72,
2022-04-18,SKU01775,3,612.45,204.15,
2022-04-18,SKU02362,1,606.58,606.58,
2022-04-18,SKU02484,2,1134.52,567.26,
2022-04-18,SKU02660,1,81.91,81.91,
2022-04-18,SKU02755,2,1611.48,805.74,
2022-04-18,SKU03044,1,74.7,74.7,
2022-04-18,SKU03463,1,683.91,683.91,
2022-04-18,SKU03753,2,1306.92,653.46,
2022-04-18,SKU04010,3,759.93,253.31000000000003,
2022-04-18,SKU04321,6,5767.8,961.2999999999998,
2022-04-19,SKU00190,1,145.42,145.42,
2022-04-19,SKU00263,3,1330.53,443.51,
2022-04-19,SKU00953,4,1095.96,273.99,
2022-04-19,SKU01698,1,343.81,343.81,
2022-04-19,SKU01875,2,580.66,290.33,
2022-04-19,SKU02312,1,87.19,87.19,
2022-04-19,SKU02490,2,3855.32,1927.66,
2022-04-19,SKU02834,4,7277.24,1819.31,
2022-04-19,SKU02854,1,173.3,173.3,
2022-04-19,SKU02858,1,90.7,90.7,
2022-04-19,SKU03227,1,383.56,383.56,
2022-04-19,SKU04321,5,4806.5,961.3,
2022-04-20,SKU00062,1,499.45,499.45,
2022-04-20,SKU00158,1,487.98,487.98,
2022-04-20,SKU00286,1,64.45,64.45,
2022-04-20,SKU01091,3,1952.43,650.81,
2022-04-20,SKU01156,2,4213.76,2106.88,
2022-04-20,SKU01272,3,1158.24,386.08,
2022-04-20,SKU01406,1,135.53,135.53,
2022-04-20,SKU01524,1,1864.17,1864.17,
2022-04-20,SKU01775,2,408.3,204.15,
2022-04-20,SKU02016,1,194.97,194.97,
2022-04-20,SKU02374,2,635.98,317.99,
2022-04-20,SKU03034,1,232.5,232.5,
2022-04-20,SKU03323,1,3001.52,3001.52,
2022-04-20,SKU03972,1,257.16,257.16,
2022-04-20,SKU04321,2,1922.6,961.3,
2022-04-20,SKU04513,2,258.24,129.12,
2022-04-21,SKU00313,3,2636.28,878.7599999999999,
2022-04-21,SKU00526,2,5749.76,2874.88,
2022-04-21,SKU00885,1,188.68,188.68,
2022-04-21,SKU01079,2,251.76,125.88,
2022-04-21,SKU01130,2,3529.8,1764.9,
2022-04-21,SKU01343,1,332.15,332.15,
2022-04-21,SKU02029,3,1389.69,463.23,
2022-04-21,SKU02051,1,454.54,454.54,
2022-04-21,SKU02127,2,253.26,126.63,
2022-04-21,SKU02366,1,1439.58,1439.58,
2022-04-21,SKU02514,2,905.38,452.69,
2022-04-21,SKU02536,2,812.38,406.19,
2022-04-21,SKU03396,5,3308.7,661.74,
2022-04-21,SKU03969,2,218.14,109.07,
2022-04-21,SKU04235,1,205.43,205.43,
2022-04-21,SKU04321,1,961.3,961.3,
2022-04-22,SKU00016,3,10435.95,3478.65,
2022-04-22,SKU00595,3,8081.91,2693.97,
2022-04-22,SKU00815,1,43.87,43.87,
2022-04-22,SKU00837,1,141.0,141.0,
2022-04-22,SKU00953,1,273.99,273.99,
2022-04-22,SKU01414,3,580.32,193.43999999999997,
2022-04-22,SKU02484,3,1701.78,567.26,
2022-04-22,SKU02821,2,1931.62,965.81,
2022-04-22,SKU03088,1,223.55,223.55,
2022-04-22,SKU03477,1,1607.13,1607.13,
2022-04-22,SKU04041,2,1151.86,575.93,
2022-04-22,SKU04321,3,2883.8999999999996,961.2999999999998,
2022-04-22,SKU04548,3,419.43,139.81,
2022-04-22,SKU04749,2,3139.38,1569.69,
2022-04-22,SKU04790,3,467.76,155.92,
2022-04-23,SKU00079,1,197.9,197.9,
2022-04-23,SKU00796,4,413.6,103.4,
2022-04-23,SKU00893,1,690.66,690.66,
2022-04-23,SKU00921,1,3363.82,3363.82,
2022-04-23,SKU01045,2,902.58,451.29,
2022-04-23,SKU02486,1,279.85,279.85,
2022-04-23,SKU03267,1,216.74,216.74,
2022-04-23,SKU03375,2,206.72,103.36,
2022-04-23,SKU03765,2,2211.78,1105.89,
2022-04-23,SKU04078,1,357.55,357.55,
2022-04-23,SKU04321,2,1922.6,961.3,
2022-04-23,SKU04359,1,231.83,231.83,
2022-04-23,SKU04466,1,224.59,224.59,
2022-04-23,SKU04998,2,2477.88,1238.94,
2022-04-24,SKU00291,1,190.44,190.44,
2022-04-24,SKU00994,2,1204.26,602.13,
2022-04-24,SKU01133,1,347.45,347.45,
2022-04-24,SKU01293,3,686.34,228.78,
2022-04-24,SKU01374,1,77.09,77.09,
2022-04-24,SKU01484,3,1725.36,575.12,
2022-04-24,SKU01836,3,4969.74,1656.58,
2022-04-24,SKU02320,2,215.72,107.86,
2022-04-24,SKU02720,2,279.96,139.98,
2022-04-24,SKU03534,1,333.74,333.74,
2022-04-24,SKU03608,2,2190.16,1095.08,
2022-04-24,SKU03823,1,54.63,54.63,
2022-04-24,SKU03891,1,159.69,159.69,
2022-04-24,SKU04181,1,63.14,63.14,
2022-04-24,SKU04242,1,1092.68,1092.68,
2022-04-24,SKU04273,3,5358.45,1786.1500000000003,
2022-04-24,SKU04321,1,961.3,961.3,
2022-04-24,SKU04390,1,1832.3,1832.3,
2022-04-24,SKU04497,1,2310.89,2310.89,
2022-04-24,SKU04853,2,1083.3,541.65,
2022-04-24,SKU04951,2,969.1,484.55,
2022-04-25,SKU00177,4,458.6,114.65,
2022-04-25,SKU01456,2,2164.34,1082.17,
2022-04-25,SKU01697,1,306.11,306.11,
2022-04-25,SKU02494,1,102.3,102.3,
2022-04-25,SKU02618,5,1229.95,245.99,
2022-04-25,SKU03708,1,102.64,102.64,
2022-04-25,SKU03844,2,201.28,100.64,
2022-04-25,SKU04088,1,146.66,146.66,
2022-04-25,SKU04321,1,961.3,961.3,
2022-04-25,SKU04596,2,671.1,335.55,
2022-04-26,SKU00032,1,51.91,51.91,
2022-04-26,SKU00078,1,820.53,820.53,
2022-04-26,SKU00286,4,257.8,64.45,
2022-04-26,SKU00580,2,1997.54,998.77,
2022-04-26,SKU00766,2,590.14,295.07,
2022-04-26,SKU00780,3,1725.48,575.16,
2022-04-26,SKU00953,1,273.99,273.99,
2022-04-26,SKU01283,1,70.13,70.13,
2022-04-26,SKU01526,2,398.36,199.18,
2022-04-26,SKU01737,1,768.37,768.37,
2022-04-26,SKU02470,2,326.82,163.41,
2022-04-26,SKU03228,2,796.42,398.21,
2022-04-26,SKU04691,1,1341.17,1341.17,
2022-04-27,SKU00060,3,2172.48,724.16,
2022-04-27,SKU00375,2,230.0,115.0,
2022-04-27,SKU01105,2,1437.28,718.64,
2022-04-27,SKU01579,1,384.09,384.09,
2022-04-27,SKU02596,1,264.7,264.7,
2022-04-27,SKU02903,3,6467.28,2155.76,
2022-04-27,SKU03072,2,402.8,201.4,
2022-04-27,SKU03228,3,1194.63,398.21,
2022-04-27,SKU03702,1,473.65,473.65,
2022-04-27,SKU04272,4,953.12,238.28,
2022-04-27,SKU04305,1,782.22,782.22,
2022-04-27,SKU04321,1,961.3,961.3,
2022-04-27,SKU04489,2,502.02,251.01,
2022-04-27,SKU04847,1,630.96,630.96,
2022-04-28,SKU00068,3,800.82,266.94,
2022-04-28,SKU00190,1,145.42,145.42,
2022-04-28,SKU00216,2,1356.8,678.4,
2022-04-28,SKU00285,3,1517.01,505.67,
2022-04-28,SKU00376,1,207.45,207.45,
2022-04-28,SKU00470,4,202.2,50.55,
2022-04-28,SKU00605,1,420.44,420.44,
2022-04-28,SKU00785,1,269.35,269.35,
2022-04-28,SKU00934,1,1037.02,1037.02,
2022-04-28,SKU00942,2,345.8,172.9,
2022-04-28,SKU01152,1,486.03,486.03,
2022-04-28,SKU01363,2,6369.2,3184.6,
2022-04-28,SKU01494,2,2273.46,1136.73,
2022-04-28,SKU01601,1,137.22,137.22,
2022-04-28,SKU01779,1,130.19,130.19,
2022-04-28,SKU01804,1,220.92,220.92,
2022-04-28,SKU01845,2,1252.12,626.06,
2022-04-28,SKU02247,1,179.3,179.3,
2022-04-28,SKU02252,3,1570.14,523.38,
2022-04-28,SKU02478,5,370.75,74.15,
2022-04-28,SKU02513,1,101.57,101.57,
2022-04-28,SKU03190,1,1003.94,1003.94,
2022-04-28,SKU03213,2,453.18,226.59,
2022-04-28,SKU04107,1,193.61,193.61,
2022-04-28,SKU04154,1,351.77,351.77,
2022-04-28,SKU04297,1,327.55,327.55,
2022-04-28,SKU04518,2,275.56,137.78,
2022-04-29,SKU00675,1,942.87,942.87,
2022-04-29,SKU00729,1,242.64,242.64,
2022-04-29,SKU01364,4,511.8,127.95,
2022-04-29,SKU02488,3,10512.9,3504.3000000000006,
2022-04-29,SKU04321,2,1922.6,961.3,
2022-04-29,SKU04858,4,4699.84,1174.96,
2022-04-30,SKU00373,1,84.32,84.32,
2022-04-30,SKU00995,2,475.12,237.56,
2022-04-30,SKU01900,5,1651.2,330.24,
2022-04-30,SKU02037,2,447.02,223.51,
2022-04-30,SKU02179,4,781.48,195.37,
2022-04-30,SKU02597,3,369.27,123.08999999999999,
2022-04-30,SKU03835,1,897.0,897.0,
2022-04-30,SKU04321,1,961.3,961.3,
2022-04-30,SKU04542,3,369.87,123.29,
2022-04-30,SKU04961,1,217.61,217.61,
2022-04-30,SKU04969,5,3290.75,658.15,
2022-05-01,SKU00001,2,1626.82,813.41,
2022-05-01,SKU00663,5,5470.0,1094.0,
2022-05-01,SKU01082,1,513.43,513.43,
2022-05-01,SKU01420,3,640.95,213.65,
2022-05-01,SKU02058,2,1043.5,521.75,
2022-05-01,SKU02136,1,3212.47,3212.47,
2022-05-01,SKU02479,2,1745.1,872.55,
2022-05-01,SKU02636,2,452.22,226.11,
2022-05-01,SKU03757,1,1271.47,1271.47,
2022-05-01,SKU03906,1,125.53,125.53,
2022-05-01,SKU03920,1,230.58,230.58,
2022-05-01,SKU04321,1,961.3,961.3,
2022-05-01,SKU04454,1,2848.95,2848.95,
2022-05-01,SKU04508,1,375.55,375.55,
2022-05-01,SKU04596,1,335.55,335.55,
2022-05-01,SKU04789,2,134.16,67.08,
2022-05-02,SKU00675,2,1885.74,942.87,
2022-05-02,SKU01124,1,1664.53,1664.53,
2022-05-02,SKU01519,1,441.41,441.41,
2022-05-02,SKU02141,1,471.88,471.88,
2022-05-02,SKU02918,3,6883.83,2294.61,
2022-05-02,SKU03234,2,1538.24,769.12,
2022-05-02,SKU03367,2,248.16,124.08,
2022-05-02,SKU03377,3,507.33,169.11,
2022-05-02,SKU03734,2,882.82,441.41,
2022-05-02,SKU04321,1,961.3,961.3,
2022-05-02,SKU04528,1,388.54,388.54,
2022-05-02,SKU04551,3,7494.69,2498.23,
2022-05-03,SKU00054,1,2079.97,2079.97,
2022-05-03,SKU00256,5,3860.85,772.17,
2022-05-03,SKU00473,2,223.26,111.63,
2022-05-03,SKU00690,1,492.94,492.94,
2022-05-03,SKU01243,3,625.71,208.57000000000002,
2022-05-03,SKU01522,2,1712.22,856.11,
2022-05-03,SKU01713,3,2232.87,744.29,
2022-05-03,SKU01724,5,1459.6,291.92,
2022-05-03,SKU01808,1,225.82,225.82,
2022-05-03,SKU02131,1,1106.07,1106.07,
2022-05-03,SKU02611,1,191.87,191.87,
2022-05-03,SKU02657,1,128.75,128.75,
2022-05-03,SKU03027,1,724.38,724.38,
2022-05-03,SKU03850,2,1029.4,514.7,
2022-05-03,SKU04110,2,898.94,449.47,
2022-05-03,SKU04321,1,961.3,961.3,
2022-05-03,SKU04422,3,205.08,68.36,
2022-05-03,SKU04663,1,715.73,715.73,
2022-05-03,SKU04783,2,3886.74,1943.37,
2022-05-03,SKU04939,1,173.32,173.32,
2022-05-04,SKU00171,1,253.93,253.93,
2022-05-04,SKU00208,1,1162.94,1162.94,
2022-05-04,SKU00311,1,2295.88,2295.88,
2022-05-04,SKU00586,1,2458.28,2458.28,
2022-05-04,SKU01255,3,548.31,182.77,
2022-05-04,SKU01534,3,8893.71,2964.57,
2022-05-04,SKU01673,5,750.85,150.17,
2022-05-04,SKU01688,1,158.65,158.65,
2022-05-04,SKU03285,2,123.34,61.67,
2022-05-04,SKU03793,2,465.74,232.87,
2022-05-04,SKU04020,1,3224.18,3224.18,
2022-05-04,SKU04535,4,1386.8,346.7,
2022-05-05,SKU00079,1,197.9,197.9,
2022-05-05,SKU00484,1,179.04,179.04,
2022-05-05,SKU00604,4,318.08,79.52,
2022-05-05,SKU00919,4,2305.28,576.32,
2022-05-05,SKU01274,2,1116.72,558.36,
2022-05-05,SKU01775,1,204.15,204.15,
2022-05-05,SKU02132,1,428.85,428.85,
2022-05-05,SKU02693,1,1518.89,1518.89,
2022-05-05,SKU03408,1,250.13,250.13,
2022-05-05,SKU04205,1,318.36,318.36,
2022-05-05,SKU04321,1,961.3,961.3,
2022-05-06,SKU00376,1,207.45,207.45,
2022-05-06,SKU00845,2,1341.66,670.83,
2022-05-06,SKU01438,2,596.02,298.01,
2022-05-06,SKU01524,1,1864.17,1864.17,
2022-05-06,SKU01894,1,620.89,620.89,
2022-05-06,SKU03029,3,201.87,67.29,
2022-05-06,SKU03057,1,206.34,206.34,
2022-05-06,SKU04215,1,508.26,508.26,
2022-05-06,SKU04350,1,394.93,394.93,
2022-05-06,SKU04531,2,210.18,105.09,
2022-05-07,SKU00013,1,521.95,521.95,
2022-05-07,SKU00190,1,145.42,145.42,
2022-05-07,SKU00542,2,2734.6,1367.3,
2022-05-07,SKU00563,1,1115.59,1115.59,
2022-05-07,SKU00645,1,292.66,292.66,
2022-05-07,SKU00994,1,602.13,602.13,
2022-05-07,SKU01887,3,3661.62,1220.54,
2022-05-07,SKU02131,3,3318.21,1106.07,
2022-05-07,SKU02310,1,187.67,187.67,
2022-05-07,SKU02723,3,9128.85,3042.9499999999994,
2022-05-07,SKU03122,1,263.85,263.85,
2022-05-07,SKU03233,3,1002.33,334.11,
2022-05-07,SKU03274,2,313.9,156.95,
2022-05-07,SKU03617,3,5928.24,1976.08,
2022-05-07,SKU04140,3,994.2,331.4,
2022-05-07,SKU04321,1,961.3,961.3,
2022-05-07,SKU04596,2,671.1,335.55,
2022-05-08,SKU00132,2,918.12,459.06,
2022-05-08,SKU00190,1,145.42,145.42,
2022-05-08,SKU00291,2,380.88,190.44,
2022-05-08,SKU00426,3,1816.83,605.61,
2022-05-08,SKU00642,2,835.04,417.52,
2022-05-08,SKU00805,1,959.48,959.48,
2022-05-08,SKU01164,5,1209.05,241.81,
2022-05-08,SKU01189,1,2299.8,2299.8,
2022-05-08,SKU01596,1,251.23,251.23,
2022-05-08,SKU02409,4,788.2,197.05,
2022-05-08,SKU03292,2,328.06,164.03,
2022-05-08,SKU03457,1,207.73,207.73,
2022-05-08,SKU03727,4,6643.72,1660.93,
2022-05-08,SKU04596,2,671.1,335.55,
2022-05-08,SKU04764,1,1249.29,1249.29,
2022-05-09,SKU00002,2,140.76,70.38,
2022-05-09,SKU00174,1,638.72,638.72,
2022-05-09,SKU01254,3,350.58,116.86,
2022-05-09,SKU01960,3,294.3,98.09999999999998,
2022-05-09,SKU02091,1,50.34,50.34,
2022-05-09,SKU02395,1,823.21,823.21,
2022-05-09,SKU02840,1,267.04,267.04,
2022-05-09,SKU03030,2,217.26,108.63,
2022-05-09,SKU03058,3,3608.97,1202.99,
2022-05-09,SKU04596,2,671.1,335.55,
2022-05-09,SKU04884,2,469.3,234.65,
2022-05-10,SKU00026,1,287.47,287.47,
2022-05-10,SKU00278,4,7231.36,1807.84,
2022-05-10,SKU00887,4,1880.44,470.11,
2022-05-10,SKU00942,1,172.9,172.9,
2022-05-10,SKU01747,3,2116.05,705.35,
2022-05-10,SKU02368,1,849.39,849.39,
2022-05-10,SKU02465,1,107.75,107.75,
2022-05-10,SKU02737,1,315.14,315.14,
2022-05-10,SKU02821,2,1931.62,965.81,
2022-05-10,SKU02848,1,334.01,334.01,
2022-05-10,SKU03030,4,434.52,108.63,
2022-05-10,SKU03131,1,51.77,51.77,
2022-05-10,SKU03196,3,2511.9,837.2999999999998,
2022-05-10,SKU03680,3,507.42,169.14,
2022-05-10,SKU03835,1,897.0,897.0,
2022-05-10,SKU04006,1,198.6,198.6,
2022-05-10,SKU04075,1,875.69,875.69,
2022-05-10,SKU04166,1,263.67,263.67,
2022-05-10,SKU04840,3,1918.95,639.65,
2022-05-11,SKU00442,4,4423.44,1105.86,
2022-05-11,SKU00571,2,512.4,256.2,
2022-05-11,SKU00754,2,5348.48,2674.24,
2022-05-11,SKU01078,1,243.34,243.34,
2022-05-11,SKU01122,2,291.04,145.52,
2022-05-11,SKU01338,3,1063.92,354.64000000000004,
2022-05-11,SKU02141,1,471.88,471.88,
2022-05-11,SKU02198,1,734.76,734.76,
2022-05-11,SKU02416,1,105.53,105.53,
2022-05-11,SKU02581,4,802.12,200.53,
2022-05-11,SKU02611,2,383.74,191.87,
2022-05-11,SKU02660,3,245.73,81.91,
2022-05-11,SKU02805,2,164.86,82.43,
2022-05-11,SKU03192,3,857.76,285.92,
2022-05-11,SKU03878,2,247.12,123.56,
2022-05-11,SKU04157,1,2678.35,2678.35,
2022-05-11,SKU04227,1,283.28,283.28,
2022-05-11,SKU04508,1,375.55,375.55,
2022-05-11,SKU04905,2,234.08,117.04,
2022-05-12,SKU01635,2,2097.06,1048.53,
2022-05-12,SKU01640,1,1332.63,1332.63,
2022-05-12,SKU02004,1,925.67,925.67,
2022-05-12,SKU02564,4,1153.96,288.49,
2022-05-12,SKU02995,1,676.72,676.72,
2022-05-12,SKU03292,1,164.03,164.03,
2022-05-12,SKU03626,2,375.08,187.54,
2022-05-12,SKU03844,1,100.64,100.64,
2022-05-13,SKU00104,5,1949.45,389.89,
2022-05-13,SKU00286,4,257.8,64.45,
2022-05-13,SKU00929,1,158.05,158.05,
2022-05-13,SKU00942,1,172.9,172.9,
2022-05-13,SKU01908,3,6331.11,2110.37,
2022-05-13,SKU02412,4,2890.28,722.57,
2022-05-13,SKU02653,1,382.55,382.55,
2022-05-13,SKU02684,2,1055.94,527.97,
2022-05-13,SKU02692,1,2095.03,2095.03,
2022-05-13,SKU02921,2,639.08,319.54,
2022-05-13,SKU03634,1,2372.1,2372.1,
2022-05-13,SKU03733,1,598.28,598.28,
2022-05-13,SKU04321,2,1922.6,961.3,
2022-05-13,SKU04422,1,68.36,68.36,
2022-05-14,SKU00020,2,219.0,109.5,
2022-05-14,SKU00285,1,505.67,505.67,
2022-05-14,SKU00286,1,64.45,64.45,
2022-05-14,SKU00774,1,94.61,94.61,
2022-05-14,SKU01198,1,3669.7,3669.7,
2022-05-14,SKU01331,1,87.75,87.75,
2022-05-14,SKU01543,3,3984.6,1328.2,
2022-05-14,SKU01652,1,193.07,193.07,
2022-05-14,SKU01677,3,381.9,127.3,
2022-05-14,SKU01804,1,220.92,220.92,
2022-05-14,SKU02132,3,1286.55,428.8500000000001,
2022-05-14,SKU02449,4,551.32,137.83,
2022-05-14,SKU02892,4,308.2,77.05,
2022-05-14,SKU03154,1,110.82,110.82,
2022-05-14,SKU03250,1,972.67,972.67,
2022-05-14,SKU03271,3,1761.06,587.02,
2022-05-14,SKU03727,4,6643.72,1660.93,
2022-05-14,SKU03776,1,335.33,335.33,
2022-05-14,SKU04115,1,1344.22,1344.22,
2022-05-14,SKU04154,2,703.54,351.77,
2022-05-14,SKU04299,1,677.46,677.46,
2022-05-14,SKU04321,3,2883.9,961.2999999999998,
2022-05-14,SKU04571,1,868.52,868.52,
2022-05-14,SKU04833,1,115.48,115.48,
2022-05-14,SKU04842,1,806.29,806.29,
2022-05-15,SKU00398,2,1044.72,522.36,
2022-05-15,SKU02247,1,179.3,179.3,
2022-05-15,SKU02333,3,159.3,53.1,
2022-05-15,SKU02485,1,227.4,227.4,
2022-05-15,SKU03837,4,788.24,197.06,
2022-05-15,SKU04105,1,464.78,464.78,
2022-05-15,SKU04240,2,1402.02,701.01,
2022-05-15,SKU04321,4,3845.2,961.3,
2022-05-16,SKU00756,2,5274.78,2637.39,
2022-05-16,SKU00882,4,290.72,72.68,
2022-05-16,SKU01274,2,1116.72,558.36,
2022-05-16,SKU02401,1,524.47,524.47,
2022-05-16,SKU03610,1,462.94,462.94,
2022-05-16,SKU03743,1,253.24,253.24,
2022-05-16,SKU04206,3,2001.54,667.18,
2022-05-16,SKU04280,1,318.92,318.92,
2022-05-16,SKU04452,1,240.8,240.8,
2022-05-16,SKU04500,2,315.36,157.68,
2022-05-16,SKU04503,3,447.78,149.26,
2022-05-16,SKU04702,1,2187.66,2187.66,
2022-05-17,SKU00152,2,3660.62,1830.31,
2022-05-17,SKU00211,1,1189.16,1189.16,
2022-05-17,SKU00577,2,3274.0,1637.0,
2022-05-17,SKU00787,4,537.84,134.46,
2022-05-17,SKU00888,3,734.76,244.92,
2022-05-17,SKU00971,3,504.27,168.09,
2022-05-17,SKU01034,1,313.23,313.23,
2022-05-17,SKU01612,2,302.56,151.28,
2022-05-17,SKU01677,4,509.2,127.3,
2022-05-17,SKU01755,1,158.5,158.5,
2022-05-17,SKU01775,1,204.15,204.15,
2022-05-17,SKU02141,3,1415.6399999999999,471.87999999999994,
2022-05-17,SKU03119,5,187.8,37.56,
2022-05-17,SKU03652,1,905.61,905.61,
2022-05-17,SKU04154,1,351.77,351.77,
2022-05-17,SKU04204,3,2143.08,714.36,
2022-05-17,SKU04245,1,217.78,217.78,
2022-05-17,SKU04321,1,961.3,961.3,
2022-05-17,SKU04562,2,2633.82,1316.91,
2022-05-17,SKU04824,2,2049.88,1024.94,
2022-05-17,SKU04926,2,917.84,458.92,
2022-05-18,SKU00152,3,5490.93,1830.3100000000002,
2022-05-18,SKU00177,3,343.95,114.65000000000002,
2022-05-18,SKU00600,1,107.83,107.83,
2022-05-18,SKU00980,1,726.14,726.14,
2022-05-18,SKU01139,1,137.5,137.5,
2022-05-18,SKU01284,2,530.48,265.24,
2022-05-18,SKU02089,1,410.86,410.86,
2022-05-18,SKU02314,1,471.33,471.33,
2022-05-18,SKU02871,1,377.93,377.93,
2022-05-18,SKU02954,2,1206.6,603.3,
2022-05-18,SKU03299,3,3106.65,1035.55,
2022-05-18,SKU03540,4,815.96,203.99,
2022-05-18,SKU04026,4,963.88,240.97,
2022-05-18,SKU04161,1,189.64,189.64,
2022-05-18,SKU04321,3,2883.8999999999996,961.2999999999998,
2022-05-18,SKU04348,1,274.76,274.76,
2022-05-18,SKU04647,1,288.31,288.31,
2022-05-19,SKU00177,5,573.25,114.65,
2022-05-19,SKU00190,1,145.42,145.42,
2022-05-19,SKU00607,1,2740.58,2740.58,
2022-05-19,SKU01276,2,3980.48,1990.24,
2022-05-19,SKU01435,2,2075.8,1037.9,
2022-05-19,SKU01897,1,492.22,492.22,
2022-05-19,SKU02028,1,349.07,349.07,
2022-05-19,SKU02568,2,2028.86,1014.43,
2022-05-19,SKU02893,1,327.2,327.2,
2022-05-19,SKU03292,2,328.06,164.03,
2022-05-19,SKU03385,1,153.8,153.8,
2022-05-19,SKU03578,1,225.73,225.73,
2022-05-19,SKU03727,4,6643.72,1660.93,
2022-05-19,SKU03918,1,192.73,192.73,
2022-05-19,SKU03974,1,228.41,228.41,
2022-05-19,SKU04125,1,219.82,219.82,
2022-05-19,SKU04596,1,335.55,335.55,
2022-05-19,SKU04651,5,3279.25,655.85,
2022-05-20,SKU00093,1,216.52,216.52,
2022-05-20,SKU00539,1,199.63,199.63,
2022-05-20,SKU01984,2,509.72,254.86,
2022-05-20,SKU02258,1,2619.48,2619.48,
2022-05-20,SKU02304,1,407.42,407.42,
2022-05-20,SKU02692,3,6285.09,2095.03,
2022-05-20,SKU02792,1,333.39,333.39,
2022-05-20,SKU03348,2,571.8,285.9,
2022-05-20,SKU04321,1,961.3,961.3,
2022-05-20,SKU04596,1,335.55,335.55,
2022-05-20,SKU04734,1,159.5,159.5,
2022-05-21,SKU00102,2,223.54,111.77,
2022-05-21,SKU00126,1,253.44,253.44,
2022-05-21,SKU00539,2,399.26,199.63,
2022-05-21,SKU00692,2,471.04,235.52,
2022-05-21,SKU00942,2,345.8,172.9,
2022-05-21,SKU01420,2,427.3,213.65,
2022-05-21,SKU01530,1,295.91,295.91,
2022-05-21,SKU01770,3,955.56,318.52,
2022-05-21,SKU01984,1,254.86,254.86,
2022-05-21,SKU02692,3,6285.09,2095.03,
2022-05-21,SKU02782,1,1562.14,1562.14,
2022-05-21,SKU02826,4,1753.32,438.33,
2022-05-21,SKU02930,1,170.16,170.16,
2022-05-21,SKU03734,1,441.41,441.41,
2022-05-21,SKU04321,1,961.3,961.3,
2022-05-21,SKU04627,1,630.47,630.47,
2022-05-21,SKU04659,1,578.23,578.23,
2022-05-22,SKU00994,1,602.13,602.13,
2022-05-22,SKU00996,2,235.22,117.61,
2022-05-22,SKU01705,2,316.76,158.38,
2022-05-22,SKU02036,2,414.78,207.39,
2022-05-22,SKU02216,2,408.48,204.24,
2022-05-22,SKU02243,1,589.04,589.04,
2022-05-22,SKU02272,2,5061.68,2530.84,
2022-05-22,SKU02949,2,314.04,157.02,
2022-05-22,SKU03088,1,223.55,223.55,
2022-05-22,SKU03872,2,807.54,403.77,
2022-05-22,SKU03943,3,648.57,216.18999999999997,
2022-05-22,SKU04102,1,358.12,358.12,
2022-05-22,SKU04321,2,1922.6,961.3,
2022-05-22,SKU04481,1,144.61,144.61,
2022-05-22,SKU04883,1,399.81,399.81,
2022-05-23,SKU00375,1,115.0,115.0,
2022-05-23,SKU00484,2,358.08,179.04,
2022-05-23,SKU01033,3,4936.83,1645.61,
2022-05-23,SKU01053,2,105.74,52.87,
2022-05-23,SKU01370,2,390.02,195.01,
2022-05-23,SKU01685,2,270.54,135.27,
2022-05-23,SKU01885,3,922.17,307.39,
2022-05-23,SKU02162,1,400.99,400.99,
2022-05-23,SKU02954,1,603.3,603.3,
2022-05-23,SKU02973,1,242.96,242.96,
2022-05-23,SKU03443,2,200.44,100.22,
2022-05-23,SKU03578,1,225.73,225.73,
2022-05-23,SKU04154,3,1055.31,351.77,
2022-05-23,SKU04157,1,2678.35,2678.35,
2022-05-23,SKU04596,1,335.55,335.55,
2022-05-24,SKU00105,2,1006.0,503.0,
2022-05-24,SKU00120,1,492.32,492.32,
2022-05-24,SKU00190,2,290.84,145.42,
2022-05-24,SKU01037,1,178.07,178.07,
2022-05-24,SKU01254,2,233.72,116.86,
2022-05-24,SKU01371,1,1277.61,1277.61,
2022-05-24,SKU01414,1,193.44,193.44,
2022-05-24,SKU01420,2,427.3,213.65,
2022-05-24,SKU01775,2,408.3,204.15,
2022-05-24,SKU02606,1,1572.99,1572.99,
2022-05-24,SKU02648,1,883.45,883.45,
2022-05-24,SKU02723,3,9128.85,3042.9499999999994,
2022-05-24,SKU03030,3,325.89,108.63,
2022-05-24,SKU03385,2,307.6,153.8,
2022-05-24,SKU04046,4,459.32,114.83,
2022-05-24,SKU04307,1,278.81,278.81,
2022-05-24,SKU04321,3,2883.9,961.2999999999998,
2022-05-24,SKU04362,1,233.42,233.42,
2022-05-24,SKU04453,2,531.16,265.58,
2022-05-24,SKU04680,2,285.18,142.59,
2022-05-24,SKU04810,1,33.31,33.31,
2022-05-24,SKU04960,1,156.63,156.63,
2022-05-25,SKU00053,1,322.02,322.02,
2022-05-25,SKU00190,1,145.42,145.42,
2022-05-25,SKU00191,1,590.87,590.87,
2022-05-25,SKU00197,2,661.24,330.62,
2022-05-25,SKU00436,1,146.23,146.23,
2022-05-25,SKU01371,2,2555.22,1277.61,
2022-05-25,SKU01784,4,675.24,168.81,
2022-05-25,SKU04105,3,1394.34,464.78,
2022-05-25,SKU04154,1,351.77,351.77,
2022-05-25,SKU04322,1,511.19,511.19,
2022-05-25,SKU04571,1,868.52,868.52,
2022-05-25,SKU04658,1,1654.62,1654.62,
2022-05-26,SKU00191,4,2363.48,590.87,
2022-05-26,SKU00482,2,424.36,212.18,
2022-05-26,SKU00754,3,8022.72,2674.24,
2022-05-26,SKU00774,2,189.22,94.61,
2022-05-26,SKU01269,1,2876.02,2876.02,
2022-05-26,SKU01453,1,1258.86,1258.86,
2022-05-26,SKU01595,7,1194.76,170.68,
2022-05-26,SKU02141,3,1415.64,471.87999999999994,
2022-05-26,SKU02312,1,87.19,87.19,
2022-05-26,SKU02318,2,4838.38,2419.19,
2022-05-26,SKU02844,1,1381.98,1381.98,
2022-05-26,SKU02897,1,2337.3,2337.3,
2022-05-26,SKU03292,2,328.06,164.03,
2022-05-26,SKU03467,1,277.32,277.32,
2022-05-26,SKU03693,2,2763.64,1381.82,
2022-05-26,SKU04321,1,961.3,961.3,
2022-05-26,SKU04853,1,541.65,541.65,
2022-05-27,SKU00079,1,197.9,197.9,
2022-05-27,SKU00286,1,64.45,64.45,
2022-05-27,SKU00391,3,3623.49,1207.83,
2022-05-27,SKU00441,4,10921.8,2730.45,
2022-05-27,SKU00994,1,602.13,602.13,
2022-05-27,SKU01393,1,126.23,126.23,
2022-05-27,SKU01549,2,470.34,235.17,
2022-05-27,SKU01968,1,599.03,599.03,
2022-05-27,SKU02324,1,102.02,102.02,
2022-05-27,SKU02662,2,257.82,128.91,
2022-05-27,SKU03501,3,504.18,168.06,
2022-05-27,SKU03550,1,865.57,865.57,
2022-05-27,SKU03785,1,233.48,233.48,
2022-05-27,SKU04321,3,2883.9,961.2999999999998,
2022-05-27,SKU04358,2,860.32,430.16,
2022-05-27,SKU04472,3,461.07,153.69,
2022-05-27,SKU04559,1,2625.43,2625.43,
2022-05-27,SKU04749,1,1569.69,1569.69,
2022-05-28,SKU00618,1,75.66,132.27,1
2022-05-28,SKU00892,3,2882.59,1679.83,1
2022-05-28,SKU00994,1,344.42,602.13,1
2022-05-28,SKU01652,3,331.31,193.07000000000002,1
2022-05-28,SKU01972,2,92.94,81.24,1
2022-05-28,SKU02657,2,147.29,128.75,1
2022-05-28,SKU02866,5,269.58,94.26,1
2022-05-28,SKU03812,2,1335.33,1167.25,1
2022-05-28,SKU03973,1,45.36,79.3,1
2022-05-28,SKU04166,1,150.82,263.67,1
2022-05-28,SKU04346,1,555.01,970.29,1
2022-05-28,SKU04936,2,376.25,328.89,1
2022-05-28,SKU04978,1,132.09,230.93,1
2022-05-29,SKU00445,4,199.4,87.15,1
2022-05-29,SKU00942,2,197.8,172.9,1
2022-05-29,SKU01807,1,164.91,288.3,1
2022-05-29,SKU01928,2,227.03,198.45,1
2022-05-29,SKU02998,1,509.79,891.24,1
2022-05-29,SKU04318,1,117.55,205.5,1
2022-05-29,SKU04321,3,1649.59,961.2999999999998,1
2022-05-29,SKU04536,4,3420.99,1495.19,1
2022-05-29,SKU04796,1,1129.44,1974.55,1
2022-05-30,SKU00278,3,3102.25,1807.84,1
2022-05-30,SKU00817,1,801.81,1401.77,1
2022-05-30,SKU01848,1,156.94,274.37,1
2022-05-30,SKU02141,1,269.92,471.88,1
2022-05-30,SKU02317,3,493.01,287.3,1
2022-05-30,SKU02914,1,87.48,152.94,1
2022-05-30,SKU03030,1,62.14,108.63,1
2022-05-30,SKU03077,2,432.15,377.75,1
2022-05-30,SKU03097,1,949.41,1659.8,1
2022-05-30,SKU04154,2,402.42,351.77,1
2022-05-30,SKU04551,3,4286.96,2498.23,1
2022-05-30,SKU04628,1,1095.81,1915.76,1
2022-05-30,SKU04810,3,57.16,33.31,1
2022-05-31,SKU00635,1,87.71,153.34,1
2022-05-31,SKU00742,3,4387.85,2557.02,1
2022-05-31,SKU00756,2,3017.17,2637.39,1
2022-05-31,SKU01012,3,171.69,100.05,1
2022-05-31,SKU01045,1,258.14,451.29,1
2022-05-31,SKU01232,1,238.21,416.45,1
2022-05-31,SKU01250,2,64.69,56.55,1
2022-05-31,SKU01501,3,171.09,99.7,1
2022-05-31,SKU01628,2,178.67,156.18,1
2022-05-31,SKU02079,1,87.89,153.65,1
2022-05-31,SKU03551,4,405.3,177.14,1
2022-05-31,SKU03947,1,265.78,464.65,1
2022-05-31,SKU04321,8,4398.91,961.3,1
2022-06-01,SKU00919,1,329.66,576.32,1
2022-06-01,SKU01079,3,216.01,125.88,1
2022-06-01,SKU01165,2,1140.02,996.52,1
2022-06-01,SKU01525,3,3235.28,1885.36,1
2022-06-01,SKU02160,1,174.57,305.2,1
2022-06-01,SKU02236,1,651.61,1139.18,1
2022-06-01,SKU02532,1,66.16,115.67,1
2022-06-01,SKU02921,2,365.55,319.54,1
2022-06-01,SKU03093,1,237.95,416.0,1
2022-06-01,SKU03242,1,140.67,245.93,1
2022-06-01,SKU03491,2,3028.85,2647.6,1
2022-06-01,SKU03747,1,235.6,411.88,1
2022-06-01,SKU04430,1,75.59,132.15,1
2022-06-01,SKU04762,1,250.22,437.45,1
2022-06-02,SKU00659,3,492.39,286.94,1
2022-06-02,SKU01371,2,1461.59,1277.61,1
2022-06-02,SKU01578,2,618.16,540.35,1
2022-06-02,SKU02048,3,892.78,520.27,1
2022-06-02,SKU02973,2,277.95,242.96,1
2022-06-02,SKU03384,1,86.3,150.88,1
2022-06-02,SKU03693,1,790.4,1381.82,1
2022-06-02,SKU03734,1,252.49,441.41,1
2022-06-02,SKU04041,4,1317.73,575.93,1
2022-06-02,SKU04114,4,3439.46,1503.26,1
2022-06-02,SKU04166,2,301.64,263.67,1
2022-06-02,SKU04571,1,496.79,868.52,1
2022-06-02,SKU04698,1,48.88,85.45,1
2022-06-02,SKU04712,1,1243.91,2174.66,1
2022-06-03,SKU01030,1,128.41,224.5,1
2022-06-03,SKU01060,2,198.35,173.38,1
2022-06-03,SKU01690,3,1238.35,721.65,1
2022-06-03,SKU01937,1,963.95,1685.23,1
2022-06-03,SKU02412,4,1653.24,722.57,1
2022-06-03,SKU02665,3,244.53,142.5,1
2022-06-03,SKU03028,2,277.21,242.32,1
2022-06-03,SKU03374,1,40.57,70.93,1
2022-06-03,SKU03385,1,87.97,153.8,1
2022-06-03,SKU03578,1,129.12,225.73,1
2022-06-03,SKU04204,1,408.61,714.36,1
2022-06-03,SKU04437,1,13.96,24.41,1
2022-06-03,SKU04454,2,3259.2,2848.95,1
2022-06-03,SKU04820,3,2848.01,1659.68,1
2022-06-04,SKU00190,1,83.18,145.42,1
2022-06-04,SKU00605,1,240.49,420.44,1
2022-06-04,SKU00663,2,1251.54,1094.0,1
2022-06-04,SKU00719,1,136.37,238.41,1
2022-06-04,SKU01469,2,79.2,69.23,1
2022-06-04,SKU01485,3,817.12,476.18,1
2022-06-04,SKU01586,4,8431.58,3685.13,1
2022-06-04,SKU01784,2,193.12,168.81,1
2022-06-04,SKU02141,3,809.75,471.87999999999994,1
2022-06-04,SKU02544,1,132.65,231.91,1
2022-06-04,SKU02833,2,4489.66,3924.53,1
2022-06-04,SKU02858,4,207.52,90.7,1
2022-06-04,SKU04026,1,137.83,240.97,1
2022-06-04,SKU04141,1,154.9,270.8,1
2022-06-05,SKU00006,3,2426.29,1413.92,1
2022-06-05,SKU00373,2,96.46,84.32,1
2022-06-05,SKU00480,3,373.33,217.56000000000003,1
2022-06-05,SKU00792,2,761.73,665.85,1
2022-06-05,SKU00913,5,221.56,77.47,1
2022-06-05,SKU01238,3,303.23,176.71,1
2022-06-05,SKU01420,2,244.42,213.65,1
2022-06-05,SKU01968,1,342.65,599.03,1
2022-06-05,SKU02849,1,41.93,73.3,1
2022-06-05,SKU03030,2,124.27,108.63,1
2022-06-05,SKU03196,1,478.94,837.3,1
2022-06-05,SKU03246,1,1434.68,2508.18,1
2022-06-05,SKU03446,1,81.76,142.94,1
2022-06-05,SKU03474,2,596.06,521.03,1
2022-06-05,SKU03676,5,3983.18,1392.72,1
2022-06-05,SKU03713,1,112.99,197.54,1
2022-06-05,SKU04021,2,206.53,180.53,1
2022-06-05,SKU04301,1,299.11,522.92,1
2022-06-05,SKU04538,3,369.52,215.34,1
2022-06-05,SKU04596,4,767.74,335.55,1
2022-06-05,SKU04683,2,550.98,481.63,1
2022-06-06,SKU00484,1,102.41,179.04,1
2022-06-06,SKU00718,3,1740.16,1014.08,1
2022-06-06,SKU00907,3,628.02,365.98,1
2022-06-06,SKU00953,3,470.17,273.99,1
2022-06-06,SKU01221,1,1168.73,2043.23,1
2022-06-06,SKU01392,4,299.2,130.77,1
2022-06-06,SKU01671,3,176.23,102.7,1
2022-06-06,SKU01890,5,341.57,119.43000000000002,1
2022-06-06,SKU02345,4,767.62,335.5,1
2022-06-06,SKU02442,2,580.76,507.66,1
2022-06-06,SKU02740,2,119.23,104.22,1
2022-06-06,SKU02954,5,1725.44,603.3,1
2022-06-06,SKU03220,1,47.54,83.11,1
2022-06-06,SKU03702,1,270.93,473.65,1
2022-06-06,SKU04127,2,111.3,97.29,1
2022-06-06,SKU04170,2,449.98,393.34,1
2022-06-06,SKU04321,3,1649.58,961.2999999999998,1
2022-06-07,SKU00014,1,92.38,161.5,1
2022-06-07,SKU00079,1,113.2,197.9,1
2022-06-07,SKU00354,2,1268.4,1108.74,1
2022-06-07,SKU00474,1,58.78,102.76,1
2022-06-07,SKU00581,3,2170.86,1265.07,1
2022-06-07,SKU00686,4,2842.82,1242.49,1
2022-06-07,SKU02088,1,39.65,69.31,1
2022-06-07,SKU02538,1,123.88,216.58,1
2022-06-07,SKU03323,5,8584.35,3001.52,1
2022-06-07,SKU03544,2,211.35,184.75,1
2022-06-07,SKU04126,3,2826.17,1646.95,1
2022-06-07,SKU04154,1,201.21,351.77,1
2022-06-07,SKU04348,1,157.16,274.76,1
2022-06-07,SKU04508,1,214.81,375.55,1
2022-06-07,SKU04596,2,383.86,335.55,1
2022-06-07,SKU04608,3,297.61,173.42999999999998,1
2022-06-07,SKU04884,3,402.66,234.65,1
2022-06-08,SKU00384,1,109.17,190.85,1
2022-06-08,SKU01045,2,516.28,451.29,1
2022-06-08,SKU01399,3,477.39,278.2,1
2022-06-08,SKU01735,1,570.39,997.19,1
2022-06-08,SKU02310,3,322.04,187.67,1
2022-06-08,SKU02747,2,642.08,561.26,1
2022-06-08,SKU02840,2,305.49,267.04,1
2022-06-08,SKU03088,1,127.87,223.55,1
2022-06-08,SKU03206,1,168.08,293.85,1
2022-06-08,SKU04012,3,1082.8,631.0,1
2022-06-08,SKU04088,1,83.89,146.66,1
2022-06-08,SKU04835,1,35.52,62.1,1
2022-06-09,SKU00540,1,1948.63,3406.69,1
2022-06-09,SKU01370,2,223.09,195.01,1
2022-06-09,SKU01775,1,116.77,204.15,1
2022-06-09,SKU02648,1,505.33,883.45,1
2022-06-09,SKU02688,1,1064.94,1861.79,1
2022-06-09,SKU02971,1,496.4,867.83,1
2022-06-09,SKU03045,2,4136.33,3615.67,1
2022-06-09,SKU03572,2,749.1,654.81,1
2022-06-09,SKU03727,1,950.05,1660.93,1
2022-06-09,SKU04031,4,1747.99,763.98,1
2022-06-09,SKU04307,1,159.48,278.81,1
2022-06-09,SKU04362,3,400.55,233.42,1
2022-06-09,SKU04452,1,137.74,240.8,1
2022-06-09,SKU04850,2,313.34,273.9,1
2022-06-10,SKU00387,1,362.05,632.96,1
2022-06-10,SKU00893,1,395.06,690.66,1
2022-06-10,SKU01164,2,276.63,241.81,1
2022-06-10,SKU01559,3,140.83,82.07,1
2022-06-10,SKU01751,3,789.03,459.81,1
2022-06-10,SKU02231,4,115.64,50.54,1
2022-06-10,SKU02433,2,102.18,89.32,1
2022-06-10,SKU02682,3,3779.15,2202.3,1
2022-06-10,SKU02729,1,505.36,883.5,1
2022-06-10,SKU02877,3,159.07,92.7,1
2022-06-10,SKU02931,1,73.04,127.7,1
2022-06-10,SKU03077,1,216.07,377.75,1
2022-06-10,SKU03506,5,1547.4,541.05,1
2022-06-10,SKU03978,2,220.3,192.57,1
2022-06-10,SKU03986,2,273.62,239.18,1
2022-06-10,SKU04012,3,1082.8,631.0,1
2022-06-10,SKU04055,1,80.85,141.34,1
2022-06-10,SKU04321,1,549.86,961.3,1
2022-06-10,SKU04761,2,329.14,287.71,1
2022-06-10,SKU04913,3,801.22,466.91,1
2022-06-11,SKU00087,1,132.19,231.1,1
2022-06-11,SKU00467,2,103.39,90.38,1
2022-06-11,SKU00942,2,197.8,172.9,1
2022-06-11,SKU01751,1,263.01,459.81,1
2022-06-11,SKU02141,1,269.92,471.88,1
2022-06-11,SKU02340,1,134.23,234.67,1
2022-06-11,SKU02763,1,69.63,121.73,1
2022-06-11,SKU02930,3,291.99,170.16,1
2022-06-11,SKU02948,2,420.88,367.9,1
2022-06-11,SKU03548,2,194.86,170.33,1
2022-06-11,SKU03739,2,161.17,140.88,1
2022-06-11,SKU03774,5,1099.18,384.33,1
2022-06-11,SKU04321,6,3299.18,961.2999999999998,1
2022-06-11,SKU04362,2,267.03,233.42,1
2022-06-12,SKU00079,1,113.2,197.9,1
2022-06-12,SKU00277,1,334.99,585.64,1
2022-06-12,SKU00953,1,156.72,273.99,1
2022-06-12,SKU01172,1,172.85,302.18,1
2022-06-12,SKU01504,1,736.23,1287.11,1
2022-06-12,SKU01872,1,330.34,577.52,1
2022-06-12,SKU01880,1,291.45,509.53,1
2022-06-12,SKU02819,1,664.02,1160.88,1
2022-06-12,SKU02858,1,51.88,90.7,1
2022-06-12,SKU03727,3,2850.16,1660.93,1
2022-06-12,SKU03845,4,1423.3,622.07,1
2022-06-12,SKU04205,4,728.41,318.36,1
2022-06-12,SKU04321,1,549.86,961.3,1
2022-06-12,SKU04508,1,214.81,375.55,1
2022-06-12,SKU04688,2,317.97,277.95,1
2022-06-12,SKU04730,2,1723.24,1506.33,1
2022-06-13,SKU00241,1,978.46,1710.6,1
2022-06-13,SKU00646,1,132.99,232.5,1
2022-06-13,SKU00994,1,344.42,602.13,1
2022-06-13,SKU01057,1,143.91,251.59,1
2022-06-13,SKU01534,1,1695.73,2964.57,1
2022-06-13,SKU01627,1,64.07,112.01,1
2022-06-13,SKU02077,1,256.38,448.21,1
2022-06-13,SKU02535,2,1127.84,985.87,1
2022-06-13,SKU02849,3,125.78,73.3,1
2022-06-13,SKU03292,3,281.48,164.03,1
2022-06-13,SKU03474,4,1192.12,521.03,1
2022-06-13,SKU03529,2,289.56,253.11,1
2022-06-13,SKU04280,2,364.84,318.92,1
2022-06-13,SKU04321,6,3299.19,961.2999999999998,1
2022-06-13,SKU04648,5,210.64,73.65,1
2022-06-13,SKU04872,1,88.29,154.36,1
2022-06-14,SKU00192,5,474.13,165.78,1
2022-06-14,SKU00644,1,539.29,942.82,1
2022-06-14,SKU00884,3,347.99,202.79,1
2022-06-14,SKU00945,2,150.26,131.35,1
2022-06-14,SKU01605,5,2350.41,821.82,1
2022-06-14,SKU02130,3,1286.62,749.7800000000001,1
2022-06-14,SKU02146,1,1333.89,2331.97,1
2022-06-14,SKU02648,2,1010.67,883.45,1
2022-06-14,SKU02740,1,59.61,104.22,1
2022-06-14,SKU02928,1,1056.07,1846.27,1
2022-06-14,SKU02976,2,958.26,837.64,1
2022-06-14,SKU04321,3,1649.59,961.2999999999998,1
2022-06-14,SKU04596,5,959.67,335.55,1
2022-06-15,SKU00893,1,395.06,690.66,1
2022-06-15,SKU02300,2,109.44,95.66,1
2022-06-15,SKU02517,5,241.96,84.6,1
2022-06-15,SKU02747,1,321.04,561.26,1
2022-06-15,SKU02858,2,103.76,90.7,1
2022-06-15,SKU03020,1,158.23,276.62,1
2022-06-15,SKU03292,1,93.83,164.03,1
2022-06-15,SKU03389,1,331.82,580.11,1
2022-06-15,SKU04080,1,145.13,253.73,1
2022-06-15,SKU04321,6,3299.1800000000003,961.2999999999998,1
2022-06-16,SKU00273,4,922.59,403.23,1
2022-06-16,SKU00577,1,936.36,1637.0,1
2022-06-16,SKU00845,1,383.71,670.83,1
2022-06-16,SKU01359,1,173.53,303.38,1
2022-06-16,SKU01383,3,346.0,201.63,1
2022-06-16,SKU01438,1,170.46,298.01,1
2022-06-16,SKU01784,3,289.68,168.81,1
2022-06-16,SKU02692,1,1198.36,2095.03,1
2022-06-16,SKU03800,1,65.47,114.46,1
2022-06-16,SKU04321,1,549.86,961.3,1
2022-06-16,SKU04329,1,1402.58,2452.07,1
2022-06-16,SKU04459,2,1543.27,1349.01,1
2022-06-16,SKU04642,1,188.95,330.34,1
2022-06-16,SKU04794,3,3806.69,2218.35,1
2022-06-17,SKU00912,3,2142.01,1248.26,1
2022-06-17,SKU01281,2,207.65,181.51,1
2022-06-17,SKU01386,1,158.2,276.58,1
2022-06-17,SKU01775,3,350.32,204.15,1
2022-06-17,SKU02090,1,336.67,588.59,1
2022-06-17,SKU02485,1,130.07,227.4,1
2022-06-17,SKU02648,1,505.33,883.45,1
2022-06-17,SKU03088,1,127.87,223.55,1
2022-06-17,SKU03120,1,107.76,188.39,1
2022-06-17,SKU03336,3,197.08,114.84999999999998,1
2022-06-17,SKU03425,1,115.82,202.48,1
2022-06-17,SKU03611,2,188.74,164.98,1
2022-06-17,SKU03648,3,535.58,312.11,1
2022-06-17,SKU04259,1,72.71,127.11,1
2022-06-17,SKU04571,1,496.79,868.52,1
2022-06-17,SKU04642,4,755.82,330.34,1
2022-06-17,SKU04847,1,360.91,630.96,1
2022-06-18,SKU00203,2,207.84,181.68,1
2022-06-18,SKU00582,2,132.18,115.54,1
2022-06-18,SKU00983,3,2217.64,1292.33,1
2022-06-18,SKU01274,3,958.15,558.36,1
2022-06-18,SKU01628,3,268.0,156.18,1
2022-06-18,SKU02379,2,137.09,119.83,1
2022-06-18,SKU02403,2,229.38,200.51,1
2022-06-18,SKU02740,1,59.61,104.22,1
2022-06-18,SKU02858,1,51.88,90.7,1
2022-06-18,SKU03055,5,373.49,130.59,1
2022-06-18,SKU03397,2,449.67,393.07,1
2022-06-18,SKU03567,4,1050.15,458.98,1
2022-06-18,SKU03876,2,266.3,232.78,1
2022-06-18,SKU04125,1,125.74,219.82,1
2022-06-18,SKU04254,1,60.53,105.82,1
2022-06-18,SKU04321,4,2199.46,961.3,1
2022-06-18,SKU04350,2,451.8,394.93,1
2022-06-18,SKU04523,2,200.82,175.54,1
2022-06-19,SKU00024,2,5422.1,2711.05,
2022-06-19,SKU00845,1,631.92,670.83,1
2022-06-19,SKU01256,1,156.9,156.9,
2022-06-19,SKU01280,3,1779.57,593.19,
2022-06-19,SKU01883,4,250.96,62.74,
2022-06-19,SKU01914,2,3063.9,1531.95,
2022-06-19,SKU01931,1,1441.93,1441.93,
2022-06-19,SKU03027,5,3621.9,724.38,
2022-06-19,SKU03134,1,196.94,196.94,
2022-06-19,SKU03425,3,607.44,202.48,
2022-06-19,SKU03800,1,114.46,114.46,
2022-06-19,SKU04631,1,520.22,520.22,
2022-06-20,SKU01035,2,721.74,360.87,
2022-06-20,SKU02420,1,122.08,122.08,
2022-06-20,SKU02482,1,1297.95,1297.95,
2022-06-20,SKU02486,1,279.85,279.85,
2022-06-20,SKU02503,1,280.9,280.9,
2022-06-20,SKU03190,3,3011.82,1003.94,
2022-06-20,SKU03545,1,401.05,401.05,
2022-06-20,SKU03760,2,1286.92,643.46,
2022-06-20,SKU03895,1,173.56,173.56,
2022-06-21,SKU00151,1,201.86,201.86,
2022-06-21,SKU00190,1,145.42,145.42,
2022-06-21,SKU00310,1,77.52,77.52,
2022-06-21,SKU00500,2,2529.16,1264.58,
2022-06-21,SKU00634,1,64.42,64.42,
2022-06-21,SKU01485,2,952.36,476.18,
2022-06-21,SKU01499,1,317.24,317.24,
2022-06-21,SKU01596,1,251.23,251.23,
2022-06-21,SKU02379,1,119.83,119.83,
2022-06-21,SKU03373,1,1636.4,1636.4,
2022-06-21,SKU04083,3,2172.9,724.2999999999998,
2022-06-21,SKU04305,1,782.22,782.22,
2022-06-21,SKU04321,4,3845.2,961.3,
2022-06-21,SKU04571,1,818.15,868.52,1
2022-06-21,SKU04808,1,492.31,492.31,
2022-06-22,SKU02648,4,3328.84,883.45,1
2022-06-22,SKU03476,2,1362.88,681.44,
2022-06-22,SKU03522,2,225.84,112.92,
2022-06-22,SKU04088,3,439.98,146.66,
2022-06-22,SKU04096,1,155.65,155.65,
2022-06-22,SKU04169,3,5968.38,1989.46,
2022-06-23,SKU00015,1,277.24,277.24,
2022-06-23,SKU00286,3,193.35,64.45,
2022-06-23,SKU00615,2,1241.68,620.84,
2022-06-23,SKU00664,1,186.94,186.94,
2022-06-23,SKU00953,2,547.98,273.99,
2022-06-23,SKU01274,3,1675.08,558.36,
2022-06-23,SKU01485,1,476.18,476.18,
2022-06-23,SKU01888,1,105.0,105.0,
2022-06-23,SKU02247,2,358.6,179.3,
2022-06-23,SKU03476,4,2725.76,681.44,
2022-06-23,SKU04031,2,1527.96,763.98,
2022-06-23,SKU04140,1,331.4,331.4,
2022-06-23,SKU04321,2,1922.6,961.3,
2022-06-24,SKU00296,5,3426.45,685.29,
2022-06-24,SKU00334,2,2954.9,1477.45,
2022-06-24,SKU00483,5,904.0,180.8,
2022-06-24,SKU00980,1,726.14,726.14,
2022-06-24,SKU02545,2,238.66,119.33,
2022-06-24,SKU02898,5,4946.95,989.39,
2022-06-24,SKU03314,2,398.5,199.25,
2022-06-24,SKU03876,2,465.56,232.78,
2022-06-24,SKU04088,1,146.66,146.66,
2022-06-24,SKU04154,1,351.77,351.77,
2022-06-24,SKU04321,3,2883.9,961.2999999999998,
2022-06-25,SKU00207,1,97.45,97.45,
2022-06-25,SKU00285,5,2528.35,505.66999999999996,
2022-06-25,SKU00482,1,212.18,212.18,
2022-06-25,SKU00814,1,76.67,76.67,
2022-06-25,SKU01211,1,261.45,261.45,
2022-06-25,SKU01601,1,137.22,137.22,
2022-06-25,SKU01662,2,991.68,495.84,
2022-06-25,SKU02537,2,322.86,161.43,
2022-06-25,SKU02538,1,204.02,216.58,1
2022-06-25,SKU02618,1,245.99,245.99,
2022-06-25,SKU02640,2,3126.44,1563.22,
2022-06-25,SKU02812,1,300.07,300.07,
2022-06-25,SKU03034,2,465.0,232.5,
2022-06-25,SKU03524,4,565.0,141.25,
2022-06-25,SKU03535,2,357.24,178.62,
2022-06-25,SKU04009,1,63.37,63.37,
2022-06-25,SKU04032,1,203.7,203.7,
2022-06-25,SKU04321,1,961.3,961.3,
2022-06-25,SKU04480,1,584.24,584.24,
2022-06-25,SKU04486,1,1402.38,1402.38,
2022-06-25,SKU04538,2,430.68,215.34,
2022-06-26,SKU00169,2,190.74,95.37,
2022-06-26,SKU00366,3,591.93,197.31000000000003,
2022-06-26,SKU00498,2,1128.34,564.17,
2022-06-26,SKU00782,2,3463.84,1731.92,
2022-06-26,SKU00892,1,1679.83,1679.83,
2022-06-26,SKU01593,1,225.82,225.82,
2022-06-26,SKU01987,3,3234.06,1078.02,
2022-06-26,SKU03727,1,1660.93,1660.93,
2022-06-26,SKU03839,1,598.7,598.7,
2022-06-26,SKU03876,2,465.56,232.78,
2022-06-26,SKU03996,1,304.55,304.55,
2022-06-26,SKU04321,3,2883.9,961.2999999999998,
2022-06-26,SKU04483,3,1011.12,337.04,
2022-06-26,SKU04605,3,546.96,182.32000000000002,
2022-06-27,SKU00177,1,114.65,114.65,
2022-06-27,SKU00780,1,575.16,575.16,
2022-06-27,SKU01009,1,223.42,223.42,
2022-06-27,SKU01014,1,274.5,274.5,
2022-06-27,SKU01181,1,437.11,437.11,
2022-06-27,SKU02046,1,2009.47,2009.47,
2022-06-27,SKU02146,3,6995.91,2331.97,
2022-06-27,SKU02415,2,882.42,441.21,
2022-06-27,SKU02858,2,181.4,90.7,
2022-06-27,SKU03077,1,377.75,377.75,
2022-06-27,SKU03088,1,223.55,223.55,
2022-06-27,SKU03139,4,159.52,39.88,
2022-06-27,SKU03404,1,2511.82,2511.82,
2022-06-27,SKU03444,1,386.65,386.65,
2022-06-27,SKU03977,1,227.8,227.8,
2022-06-27,SKU04004,1,309.68,309.68,
2022-06-27,SKU04321,3,2883.8999999999996,961.2999999999998,
2022-06-27,SKU04344,2,403.62,201.81,
2022-06-27,SKU04926,1,458.92,458.92,
2022-06-28,SKU00328,3,614.91,204.97,
2022-06-28,SKU00942,2,345.8,172.9,
2022-06-28,SKU02706,1,232.82,232.82,
2022-06-28,SKU02866,3,282.78,94.26,
2022-06-28,SKU02954,1,603.3,603.3,
2022-06-28,SKU03323,1,3001.52,3001.52,
2022-06-28,SKU03564,4,423.52,105.88,
2022-06-28,SKU03573,2,3477.38,1738.69,
2022-06-28,SKU04133,1,181.25,181.25,
2022-06-28,SKU04290,4,798.28,199.57,
2022-06-28,SKU04321,3,2883.9,961.2999999999998,
2022-06-28,SKU04646,2,164.76,82.38,
2022-06-29,SKU00378,4,897.92,224.48,
2022-06-29,SKU00726,2,1949.34,974.67,
2022-06-29,SKU00941,1,681.89,681.89,
2022-06-29,SKU01164,1,241.81,241.81,
2022-06-29,SKU02105,1,149.15,149.15,
2022-06-29,SKU02155,1,1113.48,1113.48,
2022-06-29,SKU03292,3,492.09,164.03,
2022-06-29,SKU04321,3,2883.8999999999996,961.2999999999998,
2022-06-29,SKU04677,5,839.25,167.85,
2022-06-29,SKU04985,4,4716.88,1179.22,
2022-06-30,SKU01563,1,2485.52,2485.52,
2022-06-30,SKU01568,1,363.73,363.73,
2022-06-30,SKU02660,2,163.82,81.91,
2022-06-30,SKU03259,1,602.04,602.04,
2022-06-30,SKU03344,4,3767.44,941.86,
2022-06-30,SKU03599,1,160.95,160.95,
2022-06-30,SKU03727,1,1660.93,1660.93,
2022-06-30,SKU04321,2,1922.6,961.3,
2022-06-30,SKU04404,1,240.58,240.58,
2022-06-30,SKU04616,1,223.77,223.77,
2022-06-30,SKU04696,2,3142.66,1571.33,
2022-06-30,SKU04796,3,5923.65,1974.55,
2022-06-30,SKU04905,2,234.08,117.04,
2022-07-01,SKU00006,2,2827.84,1413.92,
2022-07-01,SKU00190,1,145.42,145.42,
2022-07-01,SKU00953,2,547.98,273.99,
2022-07-01,SKU01152,1,486.03,486.03,
2022-07-01,SKU01685,2,270.54,135.27,
2022-07-01,SKU01838,1,125.59,125.59,
2022-07-01,SKU01884,1,1125.1,1125.1,
2022-07-01,SKU01965,5,6303.45,1260.69,
2022-07-01,SKU02060,3,644.22,214.74,
2022-07-01,SKU02328,1,58.96,58.96,
2022-07-01,SKU02824,2,108.26,54.13,
2022-07-01,SKU02858,5,453.5,90.7,
2022-07-01,SKU03488,4,545.76,136.44,
2022-07-01,SKU03813,4,6388.68,1597.17,
2022-07-01,SKU04321,5,4806.5,961.3,
2022-07-01,SKU04390,1,1832.3,1832.3,
2022-07-01,SKU04571,2,1737.04,868.52,
2022-07-01,SKU04598,3,936.78,312.26,
2022-07-01,SKU04718,2,297.18,148.59,
2022-07-02,SKU00396,2,789.92,394.96,
2022-07-02,SKU00486,3,7277.52,2425.84,
2022-07-02,SKU01153,1,897.4,897.4,
2022-07-02,SKU01547,2,331.28,165.64,
2022-07-02,SKU01648,1,46.69,46.69,
2022-07-02,SKU01743,2,2797.72,1398.86,
2022-07-02,SKU01764,2,4034.54,2017.27,
2022-07-02,SKU01960,2,196.2,98.1,
2022-07-02,SKU02079,1,153.65,153.65,
2022-07-02,SKU02150,2,2765.12,1382.56,
2022-07-02,SKU03051,1,202.67,202.67,
2022-07-02,SKU03446,1,142.94,142.94,
2022-07-02,SKU03979,1,823.95,823.95,
2022-07-03,SKU00102,1,111.77,111.77,
2022-07-03,SKU02677,1,412.07,412.07,
2022-07-03,SKU03024,2,560.24,280.12,
2022-07-03,SKU03776,1,335.33,335.33,
2022-07-03,SKU03856,1,115.78,115.78,
2022-07-03,SKU03883,1,181.52,181.52,
2022-07-03,SKU04154,2,396.09,351.77,1
2022-07-03,SKU04337,1,508.17,508.17,
2022-07-03,SKU04479,1,1328.83,1328.83,
2022-07-04,SKU00035,3,645.96,215.32000000000002,
2022-07-04,SKU00369,1,368.93,368.93,
2022-07-04,SKU01037,1,178.07,178.07,
2022-07-04,SKU01782,1,247.79,247.79,
2022-07-04,SKU02298,1,759.4,759.4,
2022-07-04,SKU02314,1,471.33,471.33,
2022-07-04,SKU02486,1,157.56,279.85,1
2022-07-04,SKU02930,2,340.32,170.16,
2022-07-04,SKU03727,1,1660.93,1660.93,
2022-07-04,SKU04183,1,764.94,764.94,
2022-07-04,SKU04321,1,961.3,961.3,
2022-07-05,SKU00977,1,921.45,921.45,
2022-07-05,SKU02028,2,698.14,349.07,
2022-07-05,SKU02248,1,129.3,129.3,
2022-07-05,SKU02543,2,3912.48,1956.24,
2022-07-05,SKU02858,2,181.4,90.7,
2022-07-05,SKU02880,3,8698.32,2899.44,
2022-07-05,SKU02898,2,1978.78,989.39,
2022-07-05,SKU03074,3,8733.63,2911.2100000000005,
2022-07-05,SKU03110,3,914.73,304.91,
2022-07-05,SKU04154,1,198.05,351.77,1
2022-07-05,SKU04639,3,762.12,254.04,
2022-07-06,SKU00573,1,247.12,247.12,
2022-07-06,SKU00693,2,2095.06,1047.53,
2022-07-06,SKU00994,1,602.13,602.13,
2022-07-06,SKU01695,2,2646.86,1323.43,
2022-07-06,SKU01760,1,257.59,257.59,
2022-07-06,SKU02033,1,939.05,939.05,
2022-07-06,SKU02199,3,319.8,106.59999999999998,
2022-07-06,SKU02538,1,216.58,216.58,
2022-07-06,SKU03699,1,2185.11,2185.11,
2022-07-06,SKU04329,3,7356.21,2452.07,
2022-07-06,SKU04340,1,328.65,328.65,
2022-07-06,SKU04860,4,571.8,142.95,
2022-07-06,SKU04869,1,1157.49,1157.49,
2022-07-07,SKU00675,1,942.87,942.87,
2022-07-07,SKU00708,4,249.39,110.74,1
2022-07-07,SKU01036,3,396.6,132.2,
2022-07-07,SKU01136,1,172.56,306.5,1
2022-07-07,SKU01489,1,110.32,110.32,
2022-07-07,SKU01791,1,129.55,129.55,
2022-07-07,SKU02141,1,471.88,471.88,
2022-07-07,SKU02413,1,1072.22,1072.22,
2022-07-07,SKU03446,3,428.82,142.94,
2022-07-07,SKU04165,1,2295.86,2295.86,
2022-07-07,SKU04596,1,335.55,335.55,
2022-07-07,SKU04909,2,381.92,190.96,
2022-07-07,SKU04973,1,909.63,909.63,
2022-07-08,SKU00177,3,343.95,114.65000000000002,
2022-07-08,SKU00270,1,521.54,521.54,
2022-07-08,SKU00454,1,79.58,79.58,
2022-07-08,SKU00678,1,627.15,627.15,
2022-07-08,SKU00953,2,547.98,273.99,
2022-07-08,SKU01370,1,195.01,195.01,
2022-07-08,SKU01466,1,34.29,34.29,
2022-07-08,SKU01491,3,2546.37,848.79,
2022-07-08,SKU01988,3,559.26,331.12,1
2022-07-08,SKU02368,1,849.39,849.39,
2022-07-08,SKU02652,5,455.55,91.11,
2022-07-08,SKU02920,2,77.1,68.47,1
2022-07-08,SKU03142,1,315.7,315.7,
2022-07-08,SKU03281,1,170.76,170.76,
2022-07-08,SKU03305,2,2857.62,1428.81,
2022-07-08,SKU03462,3,4762.35,1587.45,
2022-07-08,SKU03870,1,301.78,301.78,
2022-07-08,SKU04321,4,3845.2,961.3,
2022-07-08,SKU04771,2,153.1,76.55,
2022-07-09,SKU00161,1,501.77,501.77,
2022-07-09,SKU00477,3,394.29,131.43,
2022-07-09,SKU01214,4,370.92,92.73,
2022-07-09,SKU01473,1,67.8,67.8,
2022-07-09,SKU01553,1,1178.57,1178.57,
2022-07-09,SKU01841,1,478.63,478.63,
2022-07-09,SKU01964,1,1160.91,1160.91,
2022-07-09,SKU02537,2,322.86,161.43,
2022-07-09,SKU02644,1,721.55,721.55,
2022-07-09,SKU02790,2,141.92,70.96,
2022-07-09,SKU02966,1,66.34,66.34,
2022-07-09,SKU02985,5,3602.9,720.58,
2022-07-09,SKU03292,1,92.35,164.03,1
2022-07-09,SKU03447,1,329.78,329.78,
2022-07-09,SKU03519,3,420.84,140.28,
2022-07-09,SKU03727,1,1660.93,1660.93,
2022-07-09,SKU04317,5,7993.25,1598.65,
2022-07-09,SKU04321,2,1922.6,961.3,
2022-07-09,SKU04515,4,976.76,244.19,
2022-07-09,SKU04991,1,206.19,206.19,
2022-07-10,SKU00286,1,64.45,64.45,
2022-07-10,SKU00500,3,3793.74,1264.58,
2022-07-10,SKU01236,1,109.0,109.0,
2022-07-10,SKU01300,1,134.05,134.05,
2022-07-10,SKU02401,2,1048.94,524.47,
2022-07-10,SKU02692,2,4190.06,2095.03,
2022-07-10,SKU03274,4,627.8,156.95,
2022-07-10,SKU03800,4,457.84,114.46,
2022-07-10,SKU04321,1,961.3,961.3,
2022-07-10,SKU04633,3,1861.65,620.55,
2022-07-10,SKU04955,1,186.3,186.3,
2022-07-11,SKU00388,1,63.62,63.62,
2022-07-11,SKU00490,3,722.64,240.88,
2022-07-11,SKU00904,1,161.57,161.57,
2022-07-11,SKU01189,3,6899.4,2299.8,
2022-07-11,SKU01438,2,335.56,298.01,1
2022-07-11,SKU02892,1,77.05,77.05,
2022-07-11,SKU03094,1,339.49,339.49,
2022-07-11,SKU04321,1,961.3,961.3,
2022-07-11,SKU04542,4,277.65,123.29,1
2022-07-11,SKU04689,1,1087.98,1087.98,
2022-07-11,SKU04712,1,2174.66,2174.66,
2022-07-12,SKU00087,4,924.4,231.1,
2022-07-12,SKU00108,3,246.21,82.07,
2022-07-12,SKU00286,1,64.45,64.45,
2022-07-12,SKU00953,1,273.99,273.99,
2022-07-12,SKU01054,2,1167.14,583.57,
2022-07-12,SKU01116,3,503.12,297.88,1
2022-07-12,SKU01420,1,213.65,213.65,
2022-07-12,SKU01439,1,987.75,987.75,
2022-07-12,SKU02141,1,471.88,471.88,
2022-07-12,SKU02247,1,179.3,179.3,
2022-07-12,SKU02272,5,12654.2,2530.84,
2022-07-12,SKU02307,1,2067.44,2067.44,
2022-07-12,SKU02556,2,490.0,245.0,
2022-07-12,SKU03011,1,109.09,109.09,
2022-07-12,SKU03476,3,2044.32,681.44,
2022-07-12,SKU04027,4,473.16,118.29,
2022-07-12,SKU04209,1,1922.46,1922.46,
2022-07-12,SKU04315,5,2487.35,497.4700000000001,
2022-07-12,SKU04321,2,1922.6,961.3,
2022-07-12,SKU04381,1,108.14,192.07,1
2022-07-12,SKU04459,2,2698.02,1349.01,
2022-07-12,SKU04480,2,1168.48,584.24,
2022-07-12,SKU04998,1,1238.94,1238.94,
2022-07-13,SKU00060,4,2896.64,724.16,
2022-07-13,SKU00560,2,659.28,329.64,
2022-07-13,SKU00719,1,238.41,238.41,
2022-07-13,SKU01281,2,363.02,181.51,
2022-07-13,SKU01293,2,457.56,228.78,
2022-07-13,SKU01821,3,7631.97,2543.99,
2022-07-13,SKU02034,2,1503.66,751.83,
2022-07-13,SKU03292,2,184.7,164.03,1
2022-07-13,SKU03547,1,99.34,99.34,
2022-07-13,SKU04072,1,174.03,174.03,
2022-07-13,SKU04321,1,961.3,961.3,
2022-07-13,SKU04962,3,4330.56,1443.5199999999998,
2022-07-14,SKU00536,2,6694.58,3347.29,
2022-07-14,SKU00673,1,139.56,139.56,
2022-07-14,SKU01645,1,448.03,448.03,
2022-07-14,SKU03274,3,470.85,156.95,
2022-07-14,SKU03400,2,512.32,256.16,
2022-07-14,SKU03574,2,261.92,130.96,
2022-07-14,SKU04571,3,2605.56,868.52,
2022-07-15,SKU00062,1,499.45,499.45,
2022-07-15,SKU00146,5,3517.3,703.46,
2022-07-15,SKU00285,1,505.67,505.67,
2022-07-15,SKU00774,3,283.83,94.61,
2022-07-15,SKU00953,3,821.97,273.99,
2022-07-15,SKU01030,1,126.39,224.5,1
2022-07-15,SKU01164,1,241.81,241.81,
2022-07-15,SKU01182,2,4731.3,2365.65,
2022-07-15,SKU02913,5,1743.1,348.62,
2022-07-15,SKU02983,4,4250.84,1062.71,
2022-07-15,SKU03277,1,224.28,224.28,
2022-07-15,SKU03426,2,2631.3,1315.65,
2022-07-15,SKU03647,3,4369.62,1456.54,
2022-07-15,SKU03800,1,114.46,114.46,
2022-07-15,SKU04029,5,2801.8,560.36,
2022-07-15,SKU04124,1,93.29,93.29,
2022-07-15,SKU04321,1,961.3,961.3,
2022-07-15,SKU04332,2,283.84,141.92,
2022-07-15,SKU04786,1,1022.18,1022.18,
2022-07-15,SKU04816,1,90.49,90.49,
2022-07-15,SKU04917,1,282.51,282.51,
2022-07-15,SKU04954,2,749.44,374.72,
2022-07-16,SKU00264,2,485.48,242.74,
2022-07-16,SKU00328,2,230.8,204.97,1
2022-07-16,SKU00774,1,94.61,94.61,
2022-07-16,SKU00830,3,870.03,290.01,
2022-07-16,SKU00953,2,547.98,273.99,
2022-07-16,SKU01446,5,964.65,192.93,
2022-07-16,SKU01463,1,1637.46,1637.46,
2022-07-16,SKU01523,2,582.96,291.48,
2022-07-16,SKU02521,1,1790.1,1790.1,
2022-07-16,SKU03077,1,377.75,377.75,
2022-07-16,SKU03329,2,715.64,357.82,
2022-07-16,SKU03599,4,643.8,160.95,
2022-07-16,SKU03775,1,787.79,787.79,
2022-07-16,SKU04058,3,223.98,74.66,
2022-07-16,SKU04095,2,866.9,433.45,
2022-07-16,SKU04154,5,990.23,351.77,1
2022-07-16,SKU04227,1,283.28,283.28,
2022-07-16,SKU04233,2,543.28,271.64,
2022-07-16,SKU04318,3,616.5,205.5,
2022-07-17,SKU00079,2,395.8,197.9,
2022-07-17,SKU00121,1,195.28,195.28,
2022-07-17,SKU00504,1,1466.31,1466.31,
2022-07-17,SKU00774,3,283.83,94.61,
2022-07-17,SKU01106,3,347.64,115.88,
2022-07-17,SKU01122,5,727.6,145.52,
2022-07-17,SKU02192,1,616.15,616.15,
2022-07-17,SKU02389,1,830.82,830.82,
2022-07-17,SKU02449,1,137.83,137.83,
2022-07-17,SKU02961,5,5654.9,1130.98,
2022-07-17,SKU03840,1,255.12,255.12,
2022-07-17,SKU04032,3,611.1,203.69999999999996,
2022-07-17,SKU04042,2,485.58,242.79,
2022-07-17,SKU04351,2,6453.38,3226.69,
2022-07-18,SKU00136,2,994.74,497.37,
2022-07-18,SKU00692,1,235.52,235.52,
2022-07-18,SKU00953,1,273.99,273.99,
2022-07-18,SKU01363,2,6369.2,3184.6,
2022-07-18,SKU01549,1,235.17,235.17,
2022-07-18,SKU02277,5,614.15,122.83,
2022-07-18,SKU02589,1,247.05,247.05,
2022-07-18,SKU02660,1,81.91,81.91,
2022-07-18,SKU02776,1,234.93,234.93,
2022-07-18,SKU02852,1,1937.58,1937.58,
2022-07-18,SKU04051,1,1548.72,1548.72,
2022-07-18,SKU04926,4,1835.68,458.92,
2022-07-18,SKU04936,3,986.67,328.89,
2022-07-19,SKU00763,1,371.03,371.03,
2022-07-19,SKU00766,2,590.14,295.07,
2022-07-19,SKU02368,1,849.39,849.39,
2022-07-19,SKU02532,1,115.67,115.67,
2022-07-19,SKU03041,3,541.43,320.56,1
2022-07-19,SKU03727,1,1660.93,1660.93,
2022-07-19,SKU04178,1,295.35,295.35,
2022-07-19,SKU04321,1,961.3,961.3,
2022-07-20,SKU00144,5,933.9,186.78,
2022-07-20,SKU00376,2,414.9,207.45,
2022-07-20,SKU01983,1,530.92,530.92,
2022-07-20,SKU02804,3,1084.32,361.44,
2022-07-20,SKU03133,2,525.78,262.89,
2022-07-20,SKU03327,5,5590.3,1118.06,
2022-07-20,SKU03591,1,128.36,128.36,
2022-07-20,SKU04154,2,396.09,351.77,1
2022-07-20,SKU04321,1,961.3,961.3,
2022-07-20,SKU04362,1,233.42,233.42,
2022-07-20,SKU04453,3,796.74,265.58,
2022-07-21,SKU00270,2,1043.08,521.54,
2022-07-21,SKU01045,2,902.58,451.29,
2022-07-21,SKU01340,1,704.19,704.19,
2022-07-21,SKU02181,5,464.59,165.04,1
2022-07-21,SKU02314,3,1413.99,471.33,
2022-07-21,SKU02776,1,234.93,234.93,
2022-07-21,SKU03778,3,467.46,155.82,
2022-07-21,SKU04154,1,198.05,351.77,1
2022-07-21,SKU04321,2,1922.6,961.3,
2022-07-21,SKU04799,1,161.33,161.33,
2022-07-22,SKU00158,1,487.98,487.98,
2022-07-22,SKU01667,3,484.41,161.47,
2022-07-22,SKU03138,3,297.75,99.25,
2022-07-22,SKU03500,1,1732.5,1732.5,
2022-07-22,SKU03599,3,482.85,160.95,
2022-07-22,SKU03814,1,390.08,390.08,
2022-07-22,SKU04321,3,2883.8999999999996,961.2999999999998,
2022-07-22,SKU04339,2,3068.14,1534.07,
2022-07-22,SKU04596,1,335.55,335.55,
2022-07-22,SKU04926,2,917.84,458.92,
2022-07-22,SKU04973,3,2728.89,909.63,
2022-07-23,SKU00291,1,190.44,190.44,
2022-07-23,SKU00566,3,3661.41,1220.47,
2022-07-23,SKU00605,2,840.88,420.44,
2022-07-23,SKU00690,1,492.94,492.94,
2022-07-23,SKU00921,2,6727.64,3363.82,
2022-07-23,SKU01045,3,1353.87,451.29,
2022-07-23,SKU01685,3,405.81,135.27,
2022-07-23,SKU02109,2,473.34,420.37,1
2022-07-23,SKU02247,1,179.3,179.3,
2022-07-23,SKU02672,1,1757.36,1757.36,
2022-07-23,SKU03024,1,280.12,280.12,
2022-07-23,SKU03044,2,149.4,74.7,
2022-07-23,SKU03088,1,223.55,223.55,
2022-07-23,SKU03897,1,97.07,97.07,
2022-07-23,SKU04016,1,1492.65,1492.65,
2022-07-23,SKU04438,1,146.23,146.23,
2022-07-24,SKU00069,1,258.89,258.89,
2022-07-24,SKU00106,1,200.8,200.8,
2022-07-24,SKU01100,1,170.38,170.38,
2022-07-24,SKU01162,2,309.6,154.8,
2022-07-24,SKU01331,1,87.75,87.75,
2022-07-24,SKU01370,1,195.01,195.01,
2022-07-24,SKU01589,2,272.28,136.14,
2022-07-24,SKU01901,1,102.51,102.51,
2022-07-24,SKU01978,3,943.05,314.35,
2022-07-24,SKU02604,1,646.52,646.52,
2022-07-24,SKU02896,2,3025.66,1512.83,
2022-07-24,SKU02949,1,157.02,157.02,
2022-07-24,SKU03156,2,400.22,200.11,
2022-07-24,SKU04049,2,658.04,329.02,
2022-07-24,SKU04154,1,351.77,351.77,
2022-07-24,SKU04257,5,1425.45,285.09,
2022-07-24,SKU04321,3,2883.9,961.2999999999998,
2022-07-24,SKU04381,3,576.21,192.07000000000002,
2022-07-24,SKU04596,3,1006.6500000000001,335.55,
2022-07-25,SKU00156,2,328.6,164.3,
2022-07-25,SKU00169,1,95.37,95.37,
2022-07-25,SKU00394,1,102.95,102.95,
2022-07-25,SKU00565,3,1008.93,336.31,
2022-07-25,SKU00731,3,249.42,83.14,
2022-07-25,SKU00762,3,508.26,169.42,
2022-07-25,SKU01069,4,7205.96,1801.49,
2022-07-25,SKU01485,3,1428.54,476.18,
2022-07-25,SKU02362,1,606.58,606.58,
2022-07-25,SKU02660,1,81.91,81.91,
2022-07-25,SKU02731,3,392.88,130.96,
2022-07-25,SKU03053,2,8173.44,4086.72,
2022-07-25,SKU03898,3,590.04,196.67999999999998,
2022-07-25,SKU04154,1,351.77,351.77,
2022-07-25,SKU04321,1,961.3,961.3,
2022-07-25,SKU04476,1,134.95,134.95,
2022-07-25,SKU04564,2,177.02,88.51,
2022-07-25,SKU04596,5,1677.75,335.55,
2022-07-25,SKU04816,1,90.49,90.49,
2022-07-25,SKU04997,2,1175.58,587.79,
2022-07-26,SKU00418,1,55.14,55.14,
2022-07-26,SKU00929,2,316.1,158.05,
2022-07-26,SKU01211,1,261.45,261.45,
2022-07-26,SKU01621,1,876.03,876.03,
2022-07-26,SKU01993,2,284.34,142.17,
2022-07-26,SKU02067,1,290.9,290.9,
2022-07-26,SKU02848,3,1002.03,334.01,
2022-07-26,SKU03201,1,107.6,107.6,
2022-07-26,SKU03476,1,681.44,681.44,
2022-07-26,SKU03763,2,171.86,85.93,
2022-07-26,SKU03800,4,457.84,114.46,
2022-07-26,SKU04154,3,1055.31,351.77,
2022-07-26,SKU04305,1,782.22,782.22,
2022-07-26,SKU04317,2,3197.3,1598.65,
2022-07-26,SKU04321,1,961.3,961.3,
2022-07-26,SKU04448,2,190.62,95.31,
2022-07-26,SKU04748,1,553.81,553.81,
2022-07-27,SKU00108,2,164.14,82.07,
2022-07-27,SKU00238,1,1766.09,1766.09,
2022-07-27,SKU00369,1,368.93,368.93,
2022-07-27,SKU00389,1,644.49,644.49,
2022-07-27,SKU00554,2,176.64,88.32,
2022-07-27,SKU01504,2,2574.22,1287.11,
2022-07-27,SKU01775,1,204.15,204.15,
2022-07-27,SKU02015,2,208.12,104.06,
2022-07-27,SKU02618,1,245.99,245.99,
2022-07-27,SKU02654,2,431.0,215.5,
2022-07-27,SKU02803,2,227.76,113.88,
2022-07-27,SKU02851,3,8562.87,2854.2899999999995,
2022-07-27,SKU03367,3,372.24,124.08,
2022-07-27,SKU03572,4,2619.24,654.81,
2022-07-27,SKU04301,1,522.92,522.92,
2022-07-27,SKU04321,1,961.3,961.3,
2022-07-27,SKU04346,1,970.29,970.29,
2022-07-27,SKU04384,1,1615.0,1615.0,
2022-07-27,SKU04466,3,673.77,224.59,
2022-07-27,SKU04513,1,129.12,129.12,
2022-07-28,SKU00335,1,268.31,268.31,
2022-07-28,SKU00652,1,107.32,107.32,
2022-07-28,SKU00708,3,332.22,110.74,
2022-07-28,SKU00762,2,338.84,169.42,
2022-07-28,SKU00842,2,439.94,219.97,
2022-07-28,SKU00861,2,389.72,194.86,
2022-07-28,SKU00942,1,172.9,172.9,
2022-07-28,SKU00953,1,273.99,273.99,
2022-07-28,SKU01226,1,148.05,148.05,
2022-07-28,SKU01278,2,2313.1,1156.55,
2022-07-28,SKU01513,1,58.86,58.86,
2022-07-28,SKU01775,1,204.15,204.15,
2022-07-28,SKU02311,2,1300.44,650.22,
2022-07-28,SKU02409,1,197.05,197.05,
2022-07-28,SKU03637,1,91.64,91.64,
2022-07-28,SKU03922,3,6286.98,2095.66,
2022-07-28,SKU04068,2,1168.62,584.31,
2022-07-28,SKU04191,1,106.7,106.7,
2022-07-28,SKU04307,2,557.62,278.81,
2022-07-28,SKU04720,2,4461.72,2230.86,
2022-07-29,SKU00254,2,211.1,105.55,
2022-07-29,SKU00545,2,176.36,88.18,
2022-07-29,SKU00951,2,1022.16,511.08,
2022-07-29,SKU00953,1,273.99,273.99,
2022-07-29,SKU01164,1,241.81,241.81,
2022-07-29,SKU01420,1,213.65,213.65,
2022-07-29,SKU01570,2,1520.68,760.34,
2022-07-29,SKU01725,3,712.41,237.47,
2022-07-29,SKU02185,1,644.41,644.41,
2022-07-29,SKU02241,1,189.56,189.56,
2022-07-29,SKU02462,2,343.78,171.89,
2022-07-29,SKU02583,2,548.12,274.06,
2022-07-29,SKU02665,1,142.5,142.5,
2022-07-29,SKU02983,1,1062.71,1062.71,
2022-07-29,SKU03292,1,164.03,164.03,
2022-07-29,SKU03633,1,118.27,118.27,
2022-07-29,SKU03685,1,44.86,44.86,
2022-07-29,SKU03690,1,312.29,312.29,
2022-07-29,SKU03802,1,37.67,37.67,
2022-07-29,SKU04131,1,587.01,587.01,
2022-07-29,SKU04321,1,961.3,961.3,
2022-07-29,SKU04376,1,347.19,347.19,
2022-07-29,SKU04596,1,335.55,335.55,
2022-07-29,SKU04806,1,92.11,92.11,
2022-07-29,SKU04954,1,374.72,374.72,
2022-07-30,SKU00079,1,197.9,197.9,
2022-07-30,SKU00942,2,345.8,172.9,
2022-07-30,SKU01435,3,3113.7,1037.9,
2022-07-30,SKU01438,1,298.01,298.01,
2022-07-30,SKU02417,4,4433.76,1108.44,
2022-07-30,SKU02538,4,866.32,216.58,
2022-07-30,SKU02543,1,1956.24,1956.24,
2022-07-30,SKU02666,1,57.14,57.14,
2022-07-30,SKU03088,1,223.55,223.55,
2022-07-30,SKU03542,2,3132.88,1566.44,
2022-07-30,SKU03550,1,865.57,865.57,
2022-07-30,SKU03661,1,195.37,195.37,
2022-07-30,SKU04157,1,2678.35,2678.35,
2022-07-30,SKU04198,3,368.52,122.83999999999999,
2022-07-30,SKU04596,2,671.1,335.55,
2022-07-30,SKU04604,1,318.32,318.32,
2022-07-31,SKU00101,1,122.57,122.57,
2022-07-31,SKU00776,1,94.31,94.31,
2022-07-31,SKU01233,2,936.0,468.0,
2022-07-31,SKU01297,1,280.29,280.29,
2022-07-31,SKU01438,1,298.01,298.01,
2022-07-31,SKU01834,2,4318.3,2159.15,
2022-07-31,SKU02484,1,567.26,567.26,
2022-07-31,SKU02750,2,565.84,282.92,
2022-07-31,SKU03283,1,93.64,93.64,
2022-07-31,SKU03545,2,802.1,401.05,
2022-07-31,SKU03559,2,243.1,121.55,
2022-07-31,SKU03990,1,690.44,690.44,
2022-07-31,SKU04321,2,1922.6,961.3,
2022-07-31,SKU04755,1,176.07,176.07,
2022-07-31,SKU04913,1,466.91,466.91,
2022-07-31,SKU04927,2,402.68,201.34,
2022-08-01,SKU00278,4,7231.36,1807.84,
2022-08-01,SKU00565,1,336.31,336.31,
2022-08-01,SKU00891,3,2700.42,900.14,
2022-08-01,SKU01045,1,451.29,451.29,
2022-08-01,SKU01218,1,375.09,375.09,
2022-08-01,SKU02308,2,186.7,93.35,
2022-08-01,SKU02683,3,1115.46,371.82,
2022-08-01,SKU03566,1,120.06,120.06,
2022-08-01,SKU04140,1,331.4,331.4,
2022-08-01,SKU04280,2,637.84,318.92,
2022-08-01,SKU04321,5,4806.5,961.3,
2022-08-01,SKU04416,1,600.57,600.57,
2022-08-01,SKU04609,1,575.8,575.8,
2022-08-01,SKU04893,1,764.67,764.67,
2022-08-02,SKU00035,3,645.96,215.32000000000002,
2022-08-02,SKU00774,3,283.83,94.61,
2022-08-02,SKU00817,1,1401.77,1401.77,
2022-08-02,SKU02149,3,217.8,72.6,
2022-08-02,SKU02426,3,573.21,191.07000000000002,
2022-08-02,SKU03133,1,262.89,262.89,
2022-08-02,SKU03565,2,2030.92,1015.46,
2022-08-02,SKU03583,3,918.6,306.2,
2022-08-02,SKU03685,4,179.44,44.86,
2022-08-02,SKU03820,1,961.05,961.05,
2022-08-02,SKU03870,2,603.56,301.78,
2022-08-02,SKU04321,2,1922.6,961.3,
2022-08-02,SKU04340,2,657.3,328.65,
2022-08-02,SKU04585,1,2908.51,2908.51,
2022-08-02,SKU04619,1,297.98,297.98,
2022-08-02,SKU04672,3,6482.79,2160.93,
2022-08-03,SKU00738,2,218.54,109.27,
2022-08-03,SKU00760,2,108.66,54.33,
2022-08-03,SKU01411,1,218.18,218.18,
2022-08-03,SKU01928,5,992.25,198.45,
2022-08-03,SKU01993,4,568.68,142.17,
2022-08-03,SKU02383,1,328.02,328.02,
2022-08-03,SKU02532,2,231.34,115.67,
2022-08-03,SKU03704,2,741.98,370.99,
2022-08-03,SKU03878,1,123.56,123.56,
2022-08-03,SKU03937,1,235.76,235.76,
2022-08-03,SKU04308,3,449.85,149.95,
2022-08-03,SKU04455,3,430.41,143.47,
2022-08-03,SKU04510,1,381.82,381.82,
2022-08-04,SKU00686,2,2484.98,1242.49,
2022-08-04,SKU00792,2,1331.7,665.85,
2022-08-04,SKU00847,1,398.86,398.86,
2022-08-04,SKU00967,3,194.94,64.98,
2022-08-04,SKU01578,1,540.35,540.35,
2022-08-04,SKU01832,1,193.39,193.39,
2022-08-04,SKU02183,1,254.69,254.69,
2022-08-04,SKU02601,1,34.52,34.52,
2022-08-04,SKU02974,1,817.03,817.03,
2022-08-04,SKU03363,1,111.1,111.1,
2022-08-04,SKU03732,1,114.01,114.01,
2022-08-04,SKU04796,2,3949.1,1974.55,
2022-08-05,SKU00376,5,1037.25,207.45,
2022-08-05,SKU00891,1,900.14,900.14,
2022-08-05,SKU01578,1,540.35,540.35,
2022-08-05,SKU01606,3,563.61,187.87,
2022-08-05,SKU01850,1,218.29,218.29,
2022-08-05,SKU01973,1,317.96,317.96,
2022-08-05,SKU02270,4,614.96,153.74,
2022-08-05,SKU03088,2,447.1,223.55,
2022-08-05,SKU03091,1,90.07,90.07,
2022-08-05,SKU03586,2,280.1,140.05,
2022-08-05,SKU03593,1,25.67,25.67,
2022-08-05,SKU03727,1,1660.93,1660.93,
2022-08-05,SKU03884,1,307.65,307.65,
2022-08-05,SKU03897,3,291.21,97.07,
2022-08-05,SKU04321,6,5767.799999999999,961.2999999999998,
2022-08-05,SKU04663,1,715.73,715.73,
2022-08-05,SKU04724,3,3647.94,1215.98,
2022-08-06,SKU00002,1,70.38,70.38,
2022-08-06,SKU00092,1,809.88,809.88,
2022-08-06,SKU00119,2,1927.88,963.94,
2022-08-06,SKU00160,1,202.06,202.06,
2022-08-06,SKU00359,1,210.99,210.99,
2022-08-06,SKU00715,1,1566.97,1566.97,
2022-08-06,SKU00793,2,2100.34,1050.17,
2022-08-06,SKU01087,1,231.99,231.99,
2022-08-06,SKU01551,2,359.1,179.55,
2022-08-06,SKU01570,2,1520.68,760.34,
2022-08-06,SKU01746,2,2146.9,1073.45,
2022-08-06,SKU02802,1,398.56,398.56,
2022-08-06,SKU03399,2,318.0,159.0,
2022-08-06,SKU04121,1,2511.37,2511.37,
2022-08-06,SKU04321,2,1922.6,961.3,
2022-08-06,SKU04720,2,4461.72,2230.86,
2022-08-06,SKU04787,1,161.55,161.55,
2022-08-07,SKU00994,2,1204.26,602.13,
2022-08-07,SKU01122,1,145.52,145.52,
2022-08-07,SKU01281,1,181.51,181.51,
2022-08-07,SKU01420,2,427.3,213.65,
2022-08-07,SKU01469,3,207.69,69.23,
2022-08-07,SKU01890,3,358.29,119.43,
2022-08-07,SKU02376,2,265.6,132.8,
2022-08-07,SKU02903,2,4311.52,2155.76,
2022-08-07,SKU02954,1,603.3,603.3,
2022-08-07,SKU03149,2,1221.16,610.58,
2022-08-07,SKU04172,1,346.11,346.11,
2022-08-07,SKU04321,3,2883.9,961.2999999999998,
2022-08-07,SKU04646,3,247.14,82.38,
2022-08-08,SKU00020,5,547.5,109.5,
2022-08-08,SKU00418,1,55.14,55.14,
2022-08-08,SKU00703,1,154.86,154.86,
2022-08-08,SKU00942,1,172.9,172.9,
2022-08-08,SKU01134,1,1312.85,1312.85,
2022-08-08,SKU01351,1,488.78,488.78,
2022-08-08,SKU01393,3,378.69,126.23,
2022-08-08,SKU01816,4,13297.36,3324.34,
2022-08-08,SKU02298,1,759.4,759.4,
2022-08-08,SKU02595,2,277.7,138.85,
2022-08-08,SKU03259,1,602.04,602.04,
2022-08-08,SKU03840,1,255.12,255.12,
2022-08-08,SKU04539,1,221.53,221.53,
2022-08-09,SKU00322,3,1076.97,358.99,
2022-08-09,SKU00994,1,602.13,602.13,
2022-08-09,SKU01456,2,2164.34,1082.17,
2022-08-09,SKU02141,1,471.88,471.88,
2022-08-09,SKU03052,3,6727.05,2242.35,
2022-08-09,SKU03088,2,447.1,223.55,
2022-08-09,SKU03612,1,290.1,290.1,
2022-08-09,SKU03926,1,411.28,411.28,
2022-08-09,SKU04166,1,263.67,263.67,
2022-08-09,SKU04224,3,7081.83,2360.61,
2022-08-09,SKU04321,3,2883.8999999999996,961.2999999999998,
2022-08-09,SKU04551,2,4996.46,2498.23,
2022-08-09,SKU04596,4,1342.2,335.55,
2022-08-10,SKU00003,1,151.28,151.28,
2022-08-10,SKU00531,3,8849.88,2949.9600000000005,
2022-08-10,SKU00672,1,756.53,756.53,
2022-08-10,SKU00692,2,471.04,235.52,
2022-08-10,SKU00836,1,765.01,765.01,
2022-08-10,SKU01893,2,5853.14,2926.57,
2022-08-10,SKU03388,1,148.3,148.3,
2022-08-10,SKU04035,1,140.98,140.98,
2022-08-10,SKU04321,2,1922.6,961.3,
2022-08-10,SKU04341,2,134.78,67.39,
2022-08-10,SKU04350,1,394.93,394.93,
2022-08-11,SKU00169,1,95.37,95.37,
2022-08-11,SKU00805,2,1918.96,959.48,
2022-08-11,SKU02231,1,50.54,50.54,
2022-08-11,SKU02368,1,849.39,849.39,
2022-08-11,SKU02383,4,1312.08,328.02,
2022-08-11,SKU02439,1,307.32,307.32,
2022-08-11,SKU03276,1,273.21,273.21,
2022-08-11,SKU03327,1,1118.06,1118.06,
2022-08-11,SKU03916,2,299.52,149.76,
2022-08-11,SKU04106,2,184.04,92.02,
2022-08-11,SKU04154,4,1407.08,351.77,
2022-08-11,SKU04321,3,2883.8999999999996,961.2999999999998,
2022-08-11,SKU04339,2,3068.14,1534.07,
2022-08-11,SKU04479,4,5315.32,1328.83,
2022-08-11,SKU04614,5,885.35,177.07,
2022-08-11,SKU04742,1,362.06,362.06,
2022-08-11,SKU04813,1,397.81,397.81,
2022-08-11,SKU04913,1,466.91,466.91,
2022-08-12,SKU00147,3,2336.37,778.79,
2022-08-12,SKU00543,4,1387.4,346.85,
2022-08-12,SKU00570,1,768.86,768.86,
2022-08-12,SKU00953,2,547.98,273.99,
2022-08-12,SKU01551,1,179.55,179.55,
2022-08-12,SKU02609,2,783.7,391.85,
2022-08-12,SKU03425,1,202.48,202.48,
2022-08-12,SKU04260,2,413.4,206.7,
2022-08-12,SKU04677,3,503.55,167.85,
2022-08-13,SKU00079,3,593.7,197.9,
2022-08-13,SKU00264,1,242.74,242.74,
2022-08-13,SKU00312,3,184.68,61.56,
2022-08-13,SKU00774,2,189.22,94.61,
2022-08-13,SKU01021,3,3730.41,1243.47,
2022-08-13,SKU01371,1,1277.61,1277.61,
2022-08-13,SKU01470,1,138.68,138.68,
2022-08-13,SKU02363,1,48.55,48.55,
2022-08-13,SKU03528,1,1680.2,1680.2,
2022-08-13,SKU03702,2,947.3,473.65,
2022-08-13,SKU03872,1,403.77,403.77,
2022-08-13,SKU04362,1,233.42,233.42,
2022-08-13,SKU04571,2,1737.04,868.52,
2022-08-13,SKU04596,4,1342.2,335.55,
2022-08-14,SKU00658,4,606.6,151.65,
2022-08-14,SKU00893,3,2071.98,690.66,
2022-08-14,SKU00953,2,547.98,273.99,
2022-08-14,SKU01170,3,1096.5,365.5,
2022-08-14,SKU01198,3,11009.1,3669.6999999999994,
2022-08-14,SKU02063,1,429.58,429.58,
2022-08-14,SKU02087,1,62.98,62.98,
2022-08-14,SKU02392,1,132.22,132.22,
2022-08-14,SKU02401,1,524.47,524.47,
2022-08-14,SKU02683,1,371.82,371.82,
2022-08-14,SKU03292,1,164.03,164.03,
2022-08-14,SKU03488,1,136.44,136.44,
2022-08-14,SKU03571,2,2087.74,1043.87,
2022-08-14,SKU03926,1,411.28,411.28,
2022-08-14,SKU04069,3,1456.53,485.51,
2022-08-14,SKU04126,1,1646.95,1646.95,
2022-08-14,SKU04596,1,335.55,335.55,
2022-08-14,SKU04835,2,124.2,62.1,
2022-08-15,SKU00353,2,139.14,69.57,
2022-08-15,SKU00486,4,9703.36,2425.84,
2022-08-15,SKU00692,2,471.04,235.52,
2022-08-15,SKU01142,3,1273.47,424.49,
2022-08-15,SKU01411,1,218.18,218.18,
2022-08-15,SKU01432,4,315.24,78.81,
2022-08-15,SKU01942,3,256.92,85.64,
2022-08-15,SKU02133,3,638.1,212.69999999999996,
2022-08-15,SKU02295,1,1019.04,1019.04,
2022-08-15,SKU02972,1,98.84,98.84,
2022-08-15,SKU03027,1,724.38,724.38,
2022-08-15,SKU03055,2,261.18,130.59,
2022-08-15,SKU03275,1,849.13,849.13,
2022-08-15,SKU03335,1,401.36,401.36,
2022-08-15,SKU03353,2,97.22,48.61,
2022-08-15,SKU03366,2,246.84,123.42,
2022-08-15,SKU03571,2,2087.74,1043.87,
2022-08-15,SKU03727,2,3321.86,1660.93,
2022-08-15,SKU03971,1,1736.31,1736.31,
2022-08-16,SKU00929,1,158.05,158.05,
2022-08-16,SKU01388,1,163.36,163.36,
2022-08-16,SKU01514,1,870.11,870.11,
2022-08-16,SKU02529,1,577.42,577.42,
2022-08-16,SKU02858,1,90.7,90.7,
2022-08-16,SKU03030,2,217.26,108.63,
2022-08-16,SKU03426,3,3946.95,1315.65,
2022-08-16,SKU03617,3,5928.24,1976.08,
2022-08-16,SKU04266,1,188.77,188.77,
2022-08-16,SKU04321,1,961.3,961.3,
2022-08-16,SKU04807,1,137.43,137.43,
2022-08-17,SKU00043,1,615.37,615.37,
2022-08-17,SKU00106,5,1004.0,200.8,
2022-08-17,SKU00217,2,580.66,290.33,
2022-08-17,SKU00637,1,228.39,228.39,
2022-08-17,SKU00677,3,9716.43,3238.81,
2022-08-17,SKU00996,3,352.83,117.61,
2022-08-17,SKU01414,1,193.44,193.44,
2022-08-17,SKU01432,1,78.81,78.81,
2022-08-17,SKU01512,1,375.88,375.88,
2022-08-17,SKU01993,5,710.85,142.17,
2022-08-17,SKU03727,2,3321.86,1660.93,
2022-08-17,SKU03766,3,805.32,268.44,
2022-08-17,SKU04321,1,961.3,961.3,
2022-08-17,SKU04396,1,3425.67,3425.67,
2022-08-17,SKU04702,2,4375.32,2187.66,
2022-08-18,SKU00169,2,190.74,95.37,
2022-08-18,SKU00249,1,243.38,243.38,
2022-08-18,SKU00953,4,1095.96,273.99,
2022-08-18,SKU00958,3,940.35,313.45,
2022-08-18,SKU01062,2,1170.46,585.23,
2022-08-18,SKU01172,1,302.18,302.18,
2022-08-18,SKU01791,1,129.55,129.55,
2022-08-18,SKU01794,4,1591.96,397.99,
2022-08-18,SKU01938,1,1070.48,1070.48,
2022-08-18,SKU02353,1,747.09,747.09,
2022-08-18,SKU02883,1,1040.02,1040.02,
2022-08-18,SKU03622,4,1154.4,288.6,
2022-08-18,SKU03642,1,273.44,273.44,
2022-08-18,SKU04321,2,1922.6,961.3,
2022-08-18,SKU04595,2,3485.66,1742.83,
2022-08-19,SKU00286,1,64.45,64.45,
2022-08-19,SKU00562,4,1933.4,483.35,
2022-08-19,SKU00953,3,821.97,273.99,
2022-08-19,SKU00976,1,268.42,268.42,
2022-08-19,SKU00994,1,602.13,602.13,
2022-08-19,SKU01527,1,82.54,82.54,
2022-08-19,SKU02170,1,701.41,701.41,
2022-08-19,SKU02208,2,324.28,162.14,
2022-08-19,SKU02648,1,883.45,883.45,
2022-08-19,SKU02670,1,2234.92,2234.92,
2022-08-19,SKU02846,2,3751.38,1875.69,
2022-08-19,SKU03236,1,160.9,160.9,
2022-08-19,SKU03374,2,141.86,70.93,
2022-08-19,SKU03572,1,654.81,654.81,
2022-08-19,SKU03747,2,823.76,411.88,
2022-08-19,SKU04154,4,1407.08,351.77,
2022-08-20,SKU00016,3,10435.95,3478.65,
2022-08-20,SKU00255,1,158.86,158.86,
2022-08-20,SKU00311,2,4591.76,2295.88,
2022-08-20,SKU00369,1,368.93,368.93,
2022-08-20,SKU00820,1,487.11,487.11,
2022-08-20,SKU01030,1,224.5,224.5,
2022-08-20,SKU01358,5,900.15,180.03,
2022-08-20,SKU01833,2,125.18,62.59,
2022-08-20,SKU01953,1,309.85,309.85,
2022-08-20,SKU02215,3,2194.14,731.38,
2022-08-20,SKU02954,2,1206.6,603.3,
2022-08-20,SKU03064,3,742.62,247.54,
2022-08-20,SKU03228,1,398.21,398.21,
2022-08-20,SKU03285,1,61.67,61.67,
2022-08-20,SKU03425,3,607.44,202.48,
2022-08-20,SKU03727,6,9965.58,1660.93,
2022-08-20,SKU03812,1,1167.25,1167.25,
2022-08-20,SKU04318,2,411.0,205.5,
2022-08-20,SKU04321,3,2883.9,961.2999999999998,
2022-08-20,SKU04476,1,134.95,134.95,
2022-08-20,SKU04568,2,557.8,278.9,
2022-08-21,SKU00076,1,306.25,306.25,
2022-08-21,SKU00134,4,799.44,199.86,
2022-08-21,SKU00559,2,237.62,118.81,
2022-08-21,SKU01147,1,249.35,249.35,
2022-08-21,SKU01353,1,79.89,79.89,
2022-08-21,SKU01507,1,220.84,220.84,
2022-08-21,SKU02144,1,2699.17,2699.17,
2022-08-21,SKU02542,1,327.24,327.24,
2022-08-21,SKU03047,4,787.16,196.79,
2022-08-21,SKU03632,2,174.5,87.25,
2022-08-21,SKU04932,4,1247.72,311.93,
2022-08-22,SKU00686,5,6212.45,1242.49,
2022-08-22,SKU02954,5,3016.5,603.3,
2022-08-22,SKU03421,2,4303.4,2151.7,
2022-08-22,SKU03457,2,415.46,207.73,
2022-08-22,SKU03610,1,462.94,462.94,
2022-08-22,SKU04154,4,1407.08,351.77,
2022-08-22,SKU04162,2,729.78,364.89,
2022-08-22,SKU04321,2,1922.6,961.3,
2022-08-22,SKU04571,1,868.52,868.52,
2022-08-23,SKU00216,3,2035.2,678.4,
2022-08-23,SKU00333,1,61.52,61.52,
2022-08-23,SKU00503,1,114.18,114.18,
2022-08-23,SKU00845,3,2012.49,670.83,
2022-08-23,SKU01258,1,2146.77,2146.77,
2022-08-23,SKU01607,5,1346.2,269.24,
2022-08-23,SKU01825,2,1377.46,688.73,
2022-08-23,SKU02004,1,925.67,925.67,
2022-08-23,SKU02169,1,1126.93,1126.93,
2022-08-23,SKU03861,2,1607.18,803.59,
2022-08-23,SKU04663,1,715.73,715.73,
2022-08-23,SKU04926,6,2753.52,458.92,
2022-08-24,SKU00177,2,229.3,114.65,
2022-08-24,SKU00299,2,1684.12,842.06,
2022-08-24,SKU00708,1,110.74,110.74,
2022-08-24,SKU00994,2,1204.26,602.13,
2022-08-24,SKU01168,2,539.54,269.77,
2022-08-24,SKU01645,1,448.03,448.03,
2022-08-24,SKU01714,1,336.72,336.72,
2022-08-24,SKU01870,1,226.16,226.16,
2022-08-24,SKU02384,3,326.13,108.71,
2022-08-24,SKU02401,1,524.47,524.47,
2022-08-24,SKU03004,1,2087.35,2087.35,
2022-08-24,SKU03024,1,280.12,280.12,
2022-08-24,SKU03727,4,6643.72,1660.93,
2022-08-24,SKU04035,1,140.98,140.98,
2022-08-24,SKU04050,1,118.91,118.91,
2022-08-25,SKU00179,1,85.36,85.36,
2022-08-25,SKU00190,2,290.84,145.42,
2022-08-25,SKU00263,1,443.51,443.51,
2022-08-25,SKU00285,3,1517.01,505.67,
2022-08-25,SKU01045,1,451.29,451.29,
2022-08-25,SKU01466,4,137.16,34.29,
2022-08-25,SKU01540,4,461.16,115.29,
2022-08-25,SKU02046,3,6028.41,2009.47,
2022-08-25,SKU02554,1,658.49,658.49,
2022-08-25,SKU03366,3,370.26,123.42,
2022-08-25,SKU03773,3,457.29,152.43,
2022-08-25,SKU03994,1,281.11,281.11,
2022-08-25,SKU04109,1,345.6,345.6,
2022-08-25,SKU04596,3,1006.6500000000001,335.55,
2022-08-26,SKU00952,4,1152.48,288.12,
2022-08-26,SKU01129,1,329.67,329.67,
2022-08-26,SKU01608,1,171.7,171.7,
2022-08-26,SKU02660,2,163.82,81.91,
2022-08-26,SKU02753,1,796.75,796.75,
2022-08-26,SKU03803,1,989.21,989.21,
2022-08-26,SKU03907,3,2630.19,876.73,
2022-08-26,SKU04240,1,701.01,701.01,
2022-08-26,SKU04321,1,961.3,961.3,
2022-08-26,SKU04550,5,779.6,155.92,
2022-08-26,SKU04691,3,4023.51,1341.17,
2022-08-27,SKU00002,1,64.05,70.38,1
2022-08-27,SKU00484,2,325.85,179.04,1
2022-08-27,SKU01088,1,166.83,183.33,1
2022-08-27,SKU02872,1,70.47,77.44,1
2022-08-27,SKU03034,3,634.72,232.5,1
2022-08-27,SKU04191,1,97.1,106.7,1
2022-08-27,SKU04321,4,3499.13,961.3,1
2022-08-27,SKU04596,2,610.7,335.55,1
2022-08-27,SKU04720,1,2030.08,2230.86,1
2022-08-28,SKU00278,1,1645.13,1807.84,1
2022-08-28,SKU00386,2,253.85,139.48,1
2022-08-28,SKU00554,1,80.37,88.32,1
2022-08-28,SKU00668,2,399.4,219.45,1
2022-08-28,SKU00760,1,49.44,54.33,1
2022-08-28,SKU00919,5,2622.26,576.32,1
2022-08-28,SKU01127,3,2231.88,817.54,1
2022-08-28,SKU02024,4,5862.58,1610.6,1
2022-08-28,SKU02052,1,252.46,277.43,1
2022-08-28,SKU02171,3,151.62,55.54,1
2022-08-28,SKU03274,3,428.47,156.95,1
2022-08-28,SKU03536,1,115.67,127.11,1
2022-08-28,SKU03686,1,1759.73,1933.77,1
2022-08-28,SKU03727,2,3022.89,1660.93,1
2022-08-28,SKU03769,1,87.66,96.33,1
2022-08-28,SKU04038,4,140.32,38.55,1
2022-08-28,SKU04056,1,1077.49,1184.05,1
2022-08-28,SKU04321,1,874.78,961.3,1
2022-08-28,SKU04328,1,141.75,155.77,1
2022-08-28,SKU04508,3,1025.25,375.55,1
2022-08-29,SKU00257,1,280.05,307.75,1
2022-08-29,SKU00264,1,220.89,242.74,1
2022-08-29,SKU00376,5,943.9000000000001,207.45,1
2022-08-29,SKU01092,1,1714.0,1883.52,1
2022-08-29,SKU01248,1,347.43,381.79,1
2022-08-29,SKU02403,1,182.46,200.51,1
2022-08-29,SKU02555,3,1292.68,473.51,1
2022-08-29,SKU03693,2,2514.91,1381.82,1
2022-08-29,SKU04238,1,246.29,270.65,1
2022-08-29,SKU04271,2,2162.71,1188.3,1
2022-08-30,SKU00020,5,498.22,109.5,1
2022-08-30,SKU00099,1,1521.51,1671.99,1
2022-08-30,SKU00394,4,374.74,102.95,1
2022-08-30,SKU00672,4,2753.77,756.53,1
2022-08-30,SKU01549,1,214.0,235.17,1
2022-08-30,SKU01701,2,766.07,420.92,1
2022-08-30,SKU01730,2,183.64,100.9,1
2022-08-30,SKU02392,3,360.96,132.22,1
2022-08-30,SKU02431,1,391.83,430.58,1
2022-08-30,SKU02918,2,4176.19,2294.61,1
2022-08-30,SKU03048,1,1116.06,1226.44,1
2022-08-30,SKU03171,1,131.76,144.79,1
2022-08-30,SKU03743,3,691.35,253.24,1
2022-08-30,SKU03861,1,731.27,803.59,1
2022-08-30,SKU03896,1,345.84,380.04,1
2022-08-30,SKU04032,2,370.73,203.7,1
2022-08-30,SKU04317,2,2909.54,1598.65,1
2022-08-30,SKU04321,3,2624.35,961.2999999999998,1
2022-08-30,SKU04536,2,2721.25,1495.19,1
2022-08-30,SKU04596,2,610.7,335.55,1
2022-08-30,SKU04662,4,678.64,186.44,1
2022-08-30,SKU04730,1,1370.76,1506.33,1
2022-08-30,SKU04980,2,2087.83,1147.16,1
2022-08-31,SKU00623,2,542.09,297.85,1
2022-08-31,SKU00952,2,524.38,288.12,1
2022-08-31,SKU00988,4,826.9,227.17,1
2022-08-31,SKU01583,1,1062.33,1167.4,1
2022-08-31,SKU01755,1,144.24,158.5,1
2022-08-31,SKU01977,1,98.13,107.84,1
2022-08-31,SKU02050,1,82.56,90.73,1
2022-08-31,SKU02242,1,130.38,143.27,1
2022-08-31,SKU02297,1,1161.86,1276.77,1
2022-08-31,SKU02498,4,8659.96,2379.11,1
2022-08-31,SKU02543,1,1780.18,1956.24,1
2022-08-31,SKU02837,1,2436.27,2677.22,1
2022-08-31,SKU02930,4,619.38,170.16,1
2022-08-31,SKU03030,1,98.85,108.63,1
2022-08-31,SKU04154,1,320.11,351.77,1
2022-08-31,SKU04177,1,2403.69,2641.42,1
2022-08-31,SKU04321,2,1749.57,961.3,1
2022-08-31,SKU04789,2,122.09,67.08,1
2022-09-01,SKU00128,1,675.19,741.97,1
2022-09-01,SKU00836,1,696.16,765.01,1
2022-09-01,SKU00953,3,747.99,273.99,1
2022-09-01,SKU01045,1,410.67,451.29,1
2022-09-01,SKU01128,1,2558.89,2811.97,1
2022-09-01,SKU01545,1,169.82,186.61,1
2022-09-01,SKU01992,1,359.14,394.66,1
2022-09-01,SKU02050,2,165.13,90.73,1
2022-09-01,SKU02067,2,529.44,290.9,1
2022-09-01,SKU02158,2,175.67,96.52,1
2022-09-01,SKU02243,5,2680.13,589.04,1
2022-09-01,SKU02661,1,613.71,674.41,1
2022-09-01,SKU02902,5,384.66,84.54,1
2022-09-01,SKU02954,2,1098.01,603.3,1
2022-09-01,SKU03199,1,71.05,78.08,1
2022-09-01,SKU03394,1,922.51,1013.75,1
2022-09-01,SKU03552,3,255.58,93.62,1
2022-09-01,SKU03599,2,292.93,160.95,1
2022-09-01,SKU03907,1,797.82,876.73,1
2022-09-01,SKU04154,2,640.22,351.77,1
2022-09-01,SKU04321,1,874.78,961.3,1
2022-09-01,SKU04575,1,72.97,80.19,1
2022-09-01,SKU04603,4,4872.98,1338.73,1
2022-09-02,SKU00500,3,3452.3,1264.58,1
2022-09-02,SKU00761,3,1447.04,530.05,1
2022-09-02,SKU01037,1,162.04,178.07,1
2022-09-02,SKU01288,5,1788.6,393.1,1
2022-09-02,SKU01775,4,743.11,204.15,1
2022-09-02,SKU02079,1,139.82,153.65,1
2022-09-02,SKU02833,1,3571.32,3924.53,1
2022-09-02,SKU04161,1,172.57,189.64,1
2022-09-02,SKU04321,2,1749.56,961.3,1
2022-09-02,SKU04816,2,164.69,90.49,1
2022-09-02,SKU04847,1,574.17,630.96,1
2022-09-03,SKU00062,4,1818.0,499.45,1
2022-09-03,SKU00129,2,395.27,217.18,1
2022-09-03,SKU00897,2,161.29,88.62,1
2022-09-03,SKU01363,2,5795.97,3184.6,1
2022-09-03,SKU02037,1,203.39,223.51,1
2022-09-03,SKU02825,1,193.13,212.23,1
2022-09-03,SKU03140,1,109.14,119.93,1
2022-09-03,SKU03292,1,149.27,164.03,1
2022-09-03,SKU03310,3,1978.4,724.69,1
2022-09-03,SKU03727,2,3022.89,1660.93,1
2022-09-03,SKU03915,2,3109.52,1708.53,1
2022-09-03,SKU04321,1,874.78,961.3,1
2022-09-03,SKU04868,3,1766.39,647.03,1
2022-09-04,SKU00229,1,383.86,421.82,1
2022-09-04,SKU00278,1,1645.13,1807.84,1
2022-09-04,SKU00729,1,220.8,242.64,1
2022-09-04,SKU00953,1,249.33,273.99,1
2022-09-04,SKU01037,1,162.04,178.07,1
2022-09-04,SKU01775,3,557.33,204.15,1
2022-09-04,SKU02683,2,676.71,371.82,1
2022-09-04,SKU02799,2,955.35,524.92,1
2022-09-04,SKU02987,1,638.54,701.69,1
2022-09-04,SKU03304,2,556.3,305.66,1
2022-09-04,SKU03727,2,3022.89,1660.93,1
2022-09-04,SKU04162,3,996.15,364.89000000000004,1
2022-09-04,SKU04321,1,874.78,961.3,1
2022-09-04,SKU04348,1,250.03,274.76,1
2022-09-05,SKU01143,1,373.91,410.89,1
2022-09-05,SKU01182,5,10763.71,2365.65,1
2022-09-05,SKU01363,3,8693.96,3184.6,1
2022-09-05,SKU01485,1,433.32,476.18,1
2022-09-05,SKU01775,3,557.33,204.15,1
2022-09-05,SKU02660,2,149.08,81.91,1
2022-09-05,SKU02692,1,1906.48,2095.03,1
2022-09-05,SKU02858,1,82.54,90.7,1
2022-09-05,SKU02870,1,723.19,794.71,1
2022-09-05,SKU03044,1,67.98,74.7,1
2022-09-05,SKU03088,3,610.29,223.55000000000004,1
2022-09-05,SKU03122,2,480.21,263.85,1
2022-09-05,SKU03433,1,147.48,162.07,1
2022-09-05,SKU03847,1,91.06,100.07,1
2022-09-05,SKU03951,1,142.73,156.85,1
2022-09-05,SKU04162,4,1328.2,364.89,1
2022-09-05,SKU04245,2,396.36,217.78,1
2022-09-05,SKU04321,3,2624.35,961.2999999999998,1
2022-09-05,SKU04329,1,2231.38,2452.07,1
2022-09-05,SKU04571,1,790.35,868.52,1
2022-09-06,SKU00298,1,348.58,383.06,1
2022-09-06,SKU00418,3,150.53,55.14000000000001,1
2022-09-06,SKU00893,1,628.5,690.66,1
2022-09-06,SKU01045,1,410.67,451.29,1
2022-09-06,SKU01547,1,150.73,165.64,1
2022-09-06,SKU01882,1,63.08,69.32,1
2022-09-06,SKU01908,4,7681.75,2110.37,1
2022-09-06,SKU01986,4,7482.38,2055.6,1
2022-09-06,SKU02100,2,652.94,358.76,1
2022-09-06,SKU03321,1,78.53,86.3,1
2022-09-06,SKU03407,1,2193.25,2410.17,1
2022-09-06,SKU04367,1,330.07,362.71,1
2022-09-06,SKU04596,1,305.35,335.55,1
2022-09-06,SKU04777,1,123.33,135.53,1
2022-09-07,SKU00158,3,1332.19,487.98,1
2022-09-07,SKU00234,2,182.0,100.0,1
2022-09-07,SKU00367,1,1686.29,1853.07,1
2022-09-07,SKU00447,1,180.35,198.19,1
2022-09-07,SKU00576,1,114.81,126.16,1
2022-09-07,SKU00996,2,214.05,117.61,1
2022-09-07,SKU01240,4,4114.8,1130.44,1
2022-09-07,SKU01317,3,1760.39,644.83,1
2022-09-07,SKU01695,1,1204.32,1323.43,1
2022-09-07,SKU01987,1,981.0,1078.02,1
2022-09-07,SKU02410,4,2200.45,604.52,1
2022-09-07,SKU02532,2,210.52,115.67,1
2022-09-07,SKU02824,2,98.52,54.13,1
2022-09-07,SKU02871,1,343.92,377.93,1
2022-09-07,SKU03497,1,476.89,524.06,1
2022-09-07,SKU03667,2,531.11,291.82,1
2022-09-07,SKU03721,1,273.2,300.22,1
2022-09-07,SKU03963,1,115.92,127.38,1
2022-09-07,SKU04082,1,48.21,52.98,1
2022-09-07,SKU04099,2,4100.35,2252.94,1
2022-09-08,SKU00096,2,420.5,210.25,
2022-09-08,SKU00190,2,290.84,145.42,
2022-09-08,SKU00896,2,388.86,194.43,
2022-09-08,SKU00953,1,273.99,273.99,
2022-09-08,SKU01222,3,2012.34,670.78,
2022-09-08,SKU01751,3,1379.43,459.81,
2022-09-08,SKU01949,2,2486.4,1243.2,
2022-09-08,SKU02179,3,586.11,195.37,
2022-09-08,SKU02434,2,1467.22,733.61,
2022-09-08,SKU02769,1,725.22,725.22,
2022-09-08,SKU02798,2,943.42,471.71,
2022-09-08,SKU02869,4,4094.68,1023.67,
2022-09-08,SKU03752,1,119.85,119.85,
2022-09-08,SKU03798,1,531.23,531.23,
2022-09-08,SKU04154,2,703.54,351.77,
2022-09-08,SKU04309,1,126.84,126.84,
2022-09-08,SKU04321,2,1922.6,961.3,
2022-09-08,SKU04562,2,2633.82,1316.91,
2022-09-08,SKU04793,1,582.12,582.12,
2022-09-09,SKU00595,2,5387.94,2693.97,
2022-09-09,SKU00865,1,357.37,357.37,
2022-09-09,SKU01685,2,270.54,135.27,
2022-09-09,SKU01784,2,337.62,168.81,
2022-09-09,SKU01943,1,1053.43,1053.43,
2022-09-09,SKU02798,1,471.71,471.71,
2022-09-09,SKU03228,4,1592.84,398.21,
2022-09-09,SKU04755,1,176.07,176.07,
2022-09-09,SKU04969,2,1316.3,658.15,
2022-09-10,SKU00885,2,377.36,188.68,
2022-09-10,SKU00890,1,539.8,539.8,
2022-09-10,SKU00994,2,1204.26,602.13,
2022-09-10,SKU01079,1,125.88,125.88,
2022-09-10,SKU01274,1,558.36,558.36,
2022-09-10,SKU01281,1,181.51,181.51,
2022-09-10,SKU01347,2,992.9,496.45,
2022-09-10,SKU01420,1,213.65,213.65,
2022-09-10,SKU01775,1,204.15,204.15,
2022-09-10,SKU01890,1,119.43,119.43,
2022-09-10,SKU02314,1,471.33,471.33,
2022-09-10,SKU02323,4,1689.88,422.47,
2022-09-10,SKU02611,1,191.87,191.87,
2022-09-10,SKU03466,2,704.1,352.05,
2022-09-10,SKU04321,1,961.3,961.3,
2022-09-10,SKU04531,3,315.27,105.08999999999999,
2022-09-10,SKU04825,1,1503.66,1503.66,
2022-09-10,SKU04926,2,917.84,458.92,
2022-09-11,SKU00248,1,56.31,56.31,
2022-09-11,SKU00264,3,728.22,242.74,
2022-09-11,SKU01481,3,2240.16,746.7199999999999,
2022-09-11,SKU01557,3,280.95,93.65000000000002,
2022-09-11,SKU01754,2,171.42,85.71,
2022-09-11,SKU02107,2,1621.82,810.91,
2022-09-11,SKU02431,1,430.58,430.58,
2022-09-11,SKU02954,1,603.3,603.3,
2022-09-11,SKU03274,4,627.8,156.95,
2022-09-11,SKU03292,1,164.03,164.03,
2022-09-11,SKU03528,3,5040.6,1680.2,
2022-09-11,SKU03835,1,897.0,897.0,
2022-09-11,SKU04133,1,181.25,181.25,
2022-09-11,SKU04276,2,2424.96,1212.48,
2022-09-11,SKU04350,1,394.93,394.93,
2022-09-11,SKU04481,1,144.61,144.61,
2022-09-11,SKU04562,1,1316.91,1316.91,
2022-09-11,SKU04946,3,128.79,42.93,
2022-09-12,SKU00135,1,191.52,191.52,
2022-09-12,SKU01153,1,897.4,897.4,
2022-09-12,SKU01297,2,560.58,280.29,
2022-09-12,SKU01452,2,3034.98,1517.49,
2022-09-12,SKU01884,1,1125.1,1125.1,
2022-09-12,SKU01928,1,198.45,198.45,
2022-09-12,SKU02116,2,299.72,149.86,
2022-09-12,SKU02484,2,1134.52,567.26,
2022-09-12,SKU02551,2,5398.16,2699.08,
2022-09-12,SKU02575,5,8263.0,1652.6,
2022-09-12,SKU03168,1,171.75,171.75,
2022-09-12,SKU03536,3,381.33,127.11,
2022-09-12,SKU04321,1,961.3,961.3,
2022-09-12,SKU04348,2,549.52,274.76,
2022-09-12,SKU04368,2,606.38,303.19,
2022-09-12,SKU04390,2,3664.6,1832.3,
2022-09-12,SKU04489,3,753.03,251.01,
2022-09-12,SKU04551,1,2498.23,2498.23,
2022-09-13,SKU00079,3,593.7,197.9,
2022-09-13,SKU00165,1,85.81,85.81,
2022-09-13,SKU00405,4,503.76,125.94,
2022-09-13,SKU00647,3,697.41,232.47,
2022-09-13,SKU00882,4,290.72,72.68,
2022-09-13,SKU01432,4,315.24,78.81,
2022-09-13,SKU01439,1,987.75,987.75,
2022-09-13,SKU01775,1,204.15,204.15,
2022-09-13,SKU02486,1,279.85,279.85,
2022-09-13,SKU02998,1,891.24,891.24,
2022-09-13,SKU03288,1,1290.49,1290.49,
2022-09-13,SKU03647,1,1456.54,1456.54,
2022-09-13,SKU03674,1,266.04,266.04,
2022-09-13,SKU03741,1,497.2,497.2,
2022-09-13,SKU04154,4,1407.08,351.77,
2022-09-13,SKU04157,1,2678.35,2678.35,
2022-09-13,SKU04321,3,2883.8999999999996,961.2999999999998,
2022-09-13,SKU04402,1,187.4,187.4,
2022-09-13,SKU04623,4,285.68,71.42,
2022-09-13,SKU04638,3,1016.22,338.74,
2022-09-13,SKU04700,3,4510.59,1503.53,
2022-09-13,SKU04926,1,458.92,458.92,
2022-09-14,SKU00190,1,145.42,145.42,
2022-09-14,SKU00428,1,754.79,754.79,
2022-09-14,SKU00478,5,2249.55,449.91,
2022-09-14,SKU00747,1,807.23,807.23,
2022-09-14,SKU00920,1,114.73,114.73,
2022-09-14,SKU01346,1,308.88,308.88,
2022-09-14,SKU01501,1,99.7,99.7,
2022-09-14,SKU02060,1,214.74,214.74,
2022-09-14,SKU02087,1,62.98,62.98,
2022-09-14,SKU02155,1,1113.48,1113.48,
2022-09-14,SKU03243,1,1144.93,1144.93,
2022-09-14,SKU03447,1,329.78,329.78,
2022-09-14,SKU03727,1,1660.93,1660.93,
2022-09-14,SKU03840,3,765.36,255.12,
2022-09-14,SKU04118,5,1005.65,201.13,
2022-09-14,SKU04321,6,5767.8,961.2999999999998,
2022-09-14,SKU04596,1,335.55,335.55,
2022-09-14,SKU04790,1,155.92,155.92,
2022-09-14,SKU04913,3,1400.73,466.91,
2022-09-15,SKU00038,1,377.52,377.52,
2022-09-15,SKU00286,3,193.35,64.45,
2022-09-15,SKU00415,1,1769.39,1769.39,
2022-09-15,SKU00778,1,296.04,296.04,
2022-09-15,SKU00816,1,169.52,169.52,
2022-09-15,SKU00920,2,229.46,114.73,
2022-09-15,SKU01736,1,73.58,73.58,
2022-09-15,SKU02076,1,1012.51,1012.51,
2022-09-15,SKU02304,2,814.84,407.42,
2022-09-15,SKU02316,1,161.51,161.51,
2022-09-15,SKU02968,3,3034.83,1011.61,
2022-09-15,SKU03605,1,75.17,75.17,
2022-09-15,SKU03727,4,6643.72,1660.93,
2022-09-15,SKU04321,1,961.3,961.3,
2022-09-15,SKU04870,3,984.54,328.18,
2022-09-16,SKU00216,1,678.4,678.4,
2022-09-16,SKU00328,1,204.97,204.97,
2022-09-16,SKU01398,4,2593.36,648.34,
2022-09-16,SKU01516,4,1236.24,309.06,
2022-09-16,SKU01775,2,408.3,204.15,
2022-09-16,SKU02124,1,165.82,165.82,
2022-09-16,SKU02166,4,1739.12,434.78,
2022-09-16,SKU03640,1,331.65,331.65,
2022-09-16,SKU04813,4,1591.24,397.81,
2022-09-17,SKU00264,1,242.74,242.74,
2022-09-17,SKU00929,2,316.1,158.05,
2022-09-17,SKU01027,1,82.61,82.61,
2022-09-17,SKU01595,1,170.68,170.68,
2022-09-17,SKU01677,1,127.3,127.3,
2022-09-17,SKU01811,3,4055.82,1351.94,
2022-09-17,SKU02813,4,1002.08,250.52,
2022-09-17,SKU03486,1,494.17,494.17,
2022-09-17,SKU04321,2,1922.6,961.3,
2022-09-17,SKU04596,5,1677.75,335.55,
2022-09-17,SKU04778,4,1943.28,485.82,
2022-09-18,SKU00729,4,970.56,242.64,
2022-09-18,SKU00786,3,1178.85,392.95,
2022-09-18,SKU01027,1,82.61,82.61,
2022-09-18,SKU01438,1,298.01,298.01,
2022-09-18,SKU01601,2,274.44,137.22,
2022-09-18,SKU02254,1,563.54,563.54,
2022-09-18,SKU02402,2,424.12,212.06,
2022-09-18,SKU02660,3,245.73,81.91,
2022-09-18,SKU03186,3,198.0,66.0,
2022-09-18,SKU04188,1,180.9,180.9,
2022-09-18,SKU04339,4,6136.28,1534.07,
2022-09-18,SKU04400,3,3358.62,1119.54,
2022-09-18,SKU04915,3,2258.88,752.96,
2022-09-19,SKU00206,3,653.28,217.76,
2022-09-19,SKU00503,3,342.54,114.18,
2022-09-19,SKU00504,4,5865.24,1466.31,
2022-09-19,SKU01462,3,193.8,64.6,
2022-09-19,SKU01507,2,441.68,220.84,
2022-09-19,SKU02484,1,567.26,567.26,
2022-09-19,SKU02538,2,433.16,216.58,
2022-09-19,SKU02787,2,3270.16,1635.08,
2022-09-19,SKU02943,3,2729.85,909.9500000000002,
2022-09-19,SKU03460,3,9104.79,3034.93,
2022-09-19,SKU03538,3,257.52,85.83999999999999,
2022-09-19,SKU04041,1,575.93,575.93,
2022-09-19,SKU04321,7,6729.1,961.3,
2022-09-20,SKU00062,3,1498.35,499.45,
2022-09-20,SKU00531,1,2949.96,2949.96,
2022-09-20,SKU00619,1,263.71,263.71,
2022-09-20,SKU00976,1,268.42,268.42,
2022-09-20,SKU01088,2,366.66,183.33,
2022-09-20,SKU01261,1,327.98,327.98,
2022-09-20,SKU02462,3,515.67,171.89,
2022-09-20,SKU02669,1,67.5,67.5,
2022-09-20,SKU02983,1,1062.71,1062.71,
2022-09-20,SKU03068,1,187.88,187.88,
2022-09-20,SKU03149,1,610.58,610.58,
2022-09-20,SKU03505,1,3317.78,3317.78,
2022-09-20,SKU04165,1,2295.86,2295.86,
2022-09-20,SKU04321,10,9613.0,961.3,
2022-09-20,SKU04471,3,4546.08,1515.36,
2022-09-21,SKU00285,1,505.67,505.67,
2022-09-21,SKU00286,2,128.9,64.45,
2022-09-21,SKU00588,1,189.7,189.7,
2022-09-21,SKU00601,2,416.34,208.17,
2022-09-21,SKU00913,1,77.47,77.47,
2022-09-21,SKU00942,1,172.9,172.9,
2022-09-21,SKU01595,1,170.68,170.68,
2022-09-21,SKU02040,2,3126.36,1563.18,
2022-09-21,SKU02297,2,2553.54,1276.77,
2022-09-21,SKU02812,2,600.14,300.07,
2022-09-21,SKU03292,1,164.03,164.03,
2022-09-21,SKU03528,1,1680.2,1680.2,
2022-09-21,SKU03857,1,233.07,233.07,
2022-09-21,SKU04280,1,318.92,318.92,
2022-09-21,SKU04321,2,1922.6,961.3,
2022-09-21,SKU04465,2,614.58,307.29,
2022-09-21,SKU04492,1,166.43,166.43,
2022-09-21,SKU04574,3,215.88,71.96,
2022-09-21,SKU04627,1,630.47,630.47,
2022-09-21,SKU04916,2,3398.2,1699.1,
2022-09-22,SKU00166,2,1661.54,830.77,
2022-09-22,SKU00966,2,722.56,361.28,
2022-09-22,SKU01169,1,146.46,146.46,
2022-09-22,SKU01255,2,365.54,182.77,
2022-09-22,SKU01446,1,192.93,192.93,
2022-09-22,SKU01619,1,237.98,237.98,
2022-09-22,SKU02272,1,2530.84,2530.84,
2022-09-22,SKU02382,1,1233.79,1233.79,
2022-09-22,SKU02526,3,2094.33,698.11,
2022-09-22,SKU02537,1,161.43,161.43,
2022-09-22,SKU02594,2,143.82,71.91,
2022-09-22,SKU03482,3,1001.13,333.71,
2022-09-22,SKU03673,1,619.3,619.3,
2022-09-22,SKU03727,1,1660.93,1660.93,
2022-09-22,SKU03851,2,199.0,99.5,
2022-09-22,SKU04596,2,671.1,335.55,
2022-09-22,SKU04646,5,411.9,82.38,
2022-09-23,SKU00625,1,362.43,362.43,
2022-09-23,SKU01240,1,1130.44,1130.44,
2022-09-23,SKU01524,3,5592.51,1864.17,
2022-09-23,SKU01662,1,495.84,495.84,
2022-09-23,SKU01883,1,62.74,62.74,
2022-09-23,SKU02141,2,943.76,471.88,
2022-09-23,SKU02262,3,588.72,196.24,
2022-09-23,SKU02268,1,205.47,205.47,
2022-09-23,SKU02292,1,283.47,283.47,
2022-09-23,SKU02797,3,1111.17,370.39000000000004,
2022-09-23,SKU02967,2,1470.84,735.42,
2022-09-23,SKU03257,3,1076.43,358.81,
2022-09-23,SKU04305,1,782.22,782.22,
2022-09-23,SKU04332,3,425.76,141.92,
2022-09-23,SKU04479,1,1328.83,1328.83,
2022-09-23,SKU04536,4,5980.76,1495.19,
2022-09-23,SKU04666,1,118.07,118.07,
2022-09-24,SKU00028,1,94.45,94.45,
2022-09-24,SKU00656,2,3741.4,1870.7,
2022-09-24,SKU00901,2,1307.4,653.7,
2022-09-24,SKU00920,1,114.73,114.73,
2022-09-24,SKU01088,3,549.99,183.33,
2022-09-24,SKU01162,2,309.6,154.8,
2022-09-24,SKU01341,1,51.95,51.95,
2022-09-24,SKU01361,2,1457.24,728.62,
2022-09-24,SKU01677,4,509.2,127.3,
2022-09-24,SKU01843,2,814.88,407.44,
2022-09-24,SKU02034,2,1503.66,751.83,
2022-09-24,SKU02068,1,249.89,249.89,
2022-09-24,SKU02079,3,460.95,153.65,
2022-09-24,SKU02141,2,943.76,471.88,
2022-09-24,SKU02484,1,567.26,567.26,
2022-09-24,SKU03080,1,524.39,524.39,
2022-09-24,SKU03511,1,709.78,709.78,
2022-09-24,SKU03680,2,338.28,169.14,
2022-09-24,SKU03687,1,100.41,100.41,
2022-09-24,SKU03896,5,1900.2,380.04,
2022-09-24,SKU03998,4,2502.84,625.71,
2022-09-24,SKU04197,1,358.95,358.95,
2022-09-24,SKU04321,4,3845.2,961.3,
2022-09-24,SKU04658,1,1654.62,1654.62,
2022-09-25,SKU00079,4,791.6,197.9,
2022-09-25,SKU00541,3,483.75,161.25,
2022-09-25,SKU00845,1,670.83,670.83,
2022-09-25,SKU00893,2,1381.32,690.66,
2022-09-25,SKU00925,1,196.68,196.68,
2022-09-25,SKU00952,1,288.12,288.12,
2022-09-25,SKU01037,1,178.07,178.07,
2022-09-25,SKU01312,2,305.52,152.76,
2022-09-25,SKU02433,3,267.96,89.32,
2022-09-25,SKU03727,1,1660.93,1660.93,
2022-09-25,SKU03911,2,178.04,89.02,
2022-09-25,SKU04038,1,38.55,38.55,
2022-09-25,SKU04329,3,7356.21,2452.07,
2022-09-25,SKU04453,4,1062.32,265.58,
2022-09-25,SKU04947,3,1638.51,546.17,
2022-09-25,SKU04968,2,658.82,329.41,
2022-09-26,SKU00190,1,145.42,145.42,
2022-09-26,SKU00823,2,366.06,183.03,
2022-09-26,SKU00896,1,194.43,194.43,
2022-09-26,SKU00941,4,2727.56,681.89,
2022-09-26,SKU03680,1,169.14,169.14,
2022-09-26,SKU04154,1,351.77,351.77,
2022-09-26,SKU04290,2,399.14,199.57,
2022-09-26,SKU04317,1,1598.65,1598.65,
2022-09-26,SKU04381,3,576.21,192.07000000000002,
2022-09-26,SKU04416,1,600.57,600.57,
2022-09-26,SKU04710,1,1632.84,1632.84,
2022-09-27,SKU00076,1,306.25,306.25,
2022-09-27,SKU00242,2,436.98,218.49,
2022-09-27,SKU00264,1,242.74,242.74,
2022-09-27,SKU00744,3,557.88,185.96,
2022-09-27,SKU00845,1,670.83,670.83,
2022-09-27,SKU00857,1,449.3,449.3,
2022-09-27,SKU01353,1,79.89,79.89,
2022-09-27,SKU02442,1,507.66,507.66,
2022-09-27,SKU02513,2,203.14,101.57,
2022-09-27,SKU02929,2,229.22,114.61,
2022-09-27,SKU03292,1,164.03,164.03,
2022-09-27,SKU03476,2,1362.88,681.44,
2022-09-27,SKU04240,1,701.01,701.01,
2022-09-27,SKU04467,1,263.78,263.78,
2022-09-27,SKU04613,1,182.83,182.83,
2022-09-27,SKU04964,2,590.38,295.19,
2022-09-28,SKU00561,1,1956.31,1956.31,
2022-09-28,SKU00755,5,601.8,120.35999999999999,
2022-09-28,SKU01747,1,705.35,705.35,
2022-09-28,SKU02034,1,751.83,751.83,
2022-09-28,SKU02088,3,207.93,69.31,
2022-09-28,SKU02284,2,477.72,238.86,
2022-09-28,SKU02387,2,375.52,187.76,
2022-09-28,SKU02429,1,56.48,56.48,
2022-09-28,SKU02614,1,118.14,118.14,
2022-09-28,SKU02923,3,372.54,124.18,
2022-09-28,SKU03139,1,39.88,39.88,
2022-09-28,SKU03542,3,4699.32,1566.4399999999998,
2022-09-28,SKU03741,2,994.4,497.2,
2022-09-28,SKU04245,1,217.78,217.78,
2022-09-28,SKU04596,1,335.55,335.55,
2022-09-28,SKU04883,1,399.81,399.81,
2022-09-29,SKU00689,1,140.28,140.28,
2022-09-29,SKU00717,1,2112.64,2112.64,
2022-09-29,SKU00942,3,518.7,172.9,
2022-09-29,SKU01420,1,213.65,213.65,
2022-09-29,SKU01800,1,144.95,144.95,
2022-09-29,SKU01907,2,3472.54,1736.27,
2022-09-29,SKU02204,5,3083.95,616.79,
2022-09-29,SKU02431,1,430.58,430.58,
2022-09-29,SKU02538,1,216.58,216.58,
2022-09-29,SKU02655,1,66.91,66.91,
2022-09-29,SKU03460,1,3034.93,3034.93,
2022-09-29,SKU03740,1,2021.49,2021.49,
2022-09-29,SKU04154,1,351.77,351.77,
2022-09-29,SKU04321,3,2883.8999999999996,961.2999999999998,
2022-09-29,SKU04475,5,734.4,146.88,
2022-09-29,SKU04547,2,687.76,343.88,
2022-09-29,SKU04560,2,524.5,262.25,
2022-09-29,SKU04663,2,1431.46,715.73,
2022-09-29,SKU04706,1,625.94,625.94,
2022-09-30,SKU00079,1,197.9,197.9,
2022-09-30,SKU00772,2,579.46,289.73,
2022-09-30,SKU01485,1,476.18,476.18,
2022-09-30,SKU01490,1,82.43,82.43,
2022-09-30,SKU01695,1,1323.43,1323.43,
2022-09-30,SKU02478,1,74.15,74.15,
2022-09-30,SKU02998,2,1782.48,891.24,
2022-09-30,SKU03077,4,1511.0,377.75,
2022-09-30,SKU04321,3,2883.8999999999996,961.2999999999998,
2022-09-30,SKU04562,2,2633.82,1316.91,
2022-09-30,SKU04609,1,575.8,575.8,
2022-09-30,SKU04730,1,1506.33,1506.33,
2022-09-30,SKU04816,2,180.98,90.49,
2022-10-01,SKU00019,1,394.36,394.36,
2022-10-01,SKU00086,1,2786.01,2786.01,
2022-10-01,SKU00123,2,198.26,99.13,
2022-10-01,SKU00498,5,2820.85,564.17,
2022-10-01,SKU01043,1,89.02,89.02,
2022-10-01,SKU01176,3,286.53,95.51,
2022-10-01,SKU01379,4,773.04,193.26,
2022-10-01,SKU02141,1,471.88,471.88,
2022-10-01,SKU02261,3,1406.67,468.89000000000004,
2022-10-01,SKU02930,1,170.16,170.16,
2022-10-01,SKU03135,2,787.64,393.82,
2022-10-01,SKU03775,3,2363.37,787.79,
2022-10-01,SKU04321,7,6729.1,961.3,
2022-10-01,SKU04596,1,335.55,335.55,
2022-10-01,SKU04623,1,71.42,71.42,
2022-10-01,SKU04649,1,541.59,541.59,
2022-10-02,SKU00283,1,560.13,560.13,
2022-10-02,SKU00942,1,172.9,172.9,
2022-10-02,SKU01160,2,1525.24,762.62,
2022-10-02,SKU01166,3,1165.98,388.66,
2022-10-02,SKU01496,3,304.95,101.65000000000002,
2022-10-02,SKU01671,5,513.5,102.7,
2022-10-02,SKU02233,1,260.53,260.53,
2022-10-02,SKU02655,5,334.55,66.91,
2022-10-02,SKU02833,2,7849.06,3924.53,
2022-10-02,SKU02930,4,680.64,170.16,
2022-10-02,SKU03259,2,1204.08,602.04,
2022-10-02,SKU03587,2,505.44,252.72,
2022-10-02,SKU03647,1,1456.54,1456.54,
2022-10-02,SKU03717,5,1201.8,240.36000000000004,
2022-10-02,SKU04321,1,961.3,961.3,
2022-10-02,SKU04346,1,970.29,970.29,
2022-10-02,SKU04362,2,466.84,233.42,
2022-10-02,SKU04476,5,674.75,134.95,
2022-10-02,SKU04508,1,375.55,375.55,
2022-10-02,SKU04538,3,646.02,215.34,
2022-10-02,SKU04596,2,671.1,335.55,
2022-10-03,SKU00660,3,912.66,304.22,
2022-10-03,SKU00692,1,235.52,235.52,
2022-10-03,SKU01170,1,365.5,365.5,
2022-10-03,SKU01590,1,92.68,92.68,
2022-10-03,SKU02198,4,2939.04,734.76,
2022-10-03,SKU02543,1,1956.24,1956.24,
2022-10-03,SKU02676,1,1953.1,1953.1,
2022-10-03,SKU03053,3,12260.16,4086.72,
2022-10-03,SKU03353,3,145.83,48.60999999999999,
2022-10-03,SKU03627,1,1083.01,1083.01,
2022-10-03,SKU03770,4,2765.92,691.48,
2022-10-03,SKU03954,1,378.57,378.57,
2022-10-03,SKU03977,3,683.4,227.80000000000004,
2022-10-03,SKU04000,3,2047.38,682.46,
2022-10-03,SKU04329,3,7356.21,2452.07,
2022-10-04,SKU00044,5,2628.85,525.77,
2022-10-04,SKU00118,1,289.69,289.69,
2022-10-04,SKU00254,1,105.55,105.55,
2022-10-04,SKU00289,3,1618.11,539.37,
2022-10-04,SKU00938,1,47.74,47.74,
2022-10-04,SKU01164,2,483.62,241.81,
2022-10-04,SKU01234,2,4854.14,2427.07,
2022-10-04,SKU01988,2,662.24,331.12,
2022-10-04,SKU03539,1,68.39,68.39,
2022-10-04,SKU03967,4,692.88,173.22,
2022-10-04,SKU04154,1,351.77,351.77,
2022-10-04,SKU04467,1,263.78,263.78,
2022-10-05,SKU00025,1,2441.35,2441.35,
2022-10-05,SKU00190,1,145.42,145.42,
2022-10-05,SKU00264,3,728.22,242.74,
2022-10-05,SKU00445,2,174.3,87.15,
2022-10-05,SKU00902,1,535.55,535.55,
2022-10-05,SKU01357,1,1062.03,1062.03,
2022-10-05,SKU02816,1,1306.34,1306.34,
2022-10-05,SKU04016,3,4477.95,1492.6500000000003,
2022-10-05,SKU04321,1,961.3,961.3,
2022-10-06,SKU00016,2,6957.3,3478.65,
2022-10-06,SKU00260,1,139.74,139.74,
2022-10-06,SKU00264,1,242.74,242.74,
2022-10-06,SKU00683,1,247.21,247.21,
2022-10-06,SKU00950,1,227.07,227.07,
2022-10-06,SKU01252,1,95.29,95.29,
2022-10-06,SKU01338,4,1418.56,354.64,
2022-10-06,SKU01349,3,1028.7,342.8999999999999,
2022-10-06,SKU01992,1,394.66,394.66,
2022-10-06,SKU02176,1,989.87,989.87,
2022-10-06,SKU02653,1,382.55,382.55,
2022-10-06,SKU02720,1,139.98,139.98,
2022-10-06,SKU02858,4,362.8,90.7,
2022-10-06,SKU03727,3,4982.79,1660.93,
2022-10-06,SKU03943,1,216.19,216.19,
2022-10-06,SKU04315,3,1492.41,497.47,
2022-10-06,SKU04321,1,961.3,961.3,
2022-10-06,SKU04596,1,335.55,335.55,
2022-10-06,SKU04622,4,8103.32,2025.83,
2022-10-06,SKU04840,1,639.65,639.65,
2022-10-06,SKU04897,1,904.26,904.26,
2022-10-06,SKU04997,2,1175.58,587.79,
2022-10-07,SKU00580,3,2996.31,998.77,
2022-10-07,SKU00784,3,1191.12,397.04,
2022-10-07,SKU01198,2,7339.4,3669.7,
2022-10-07,SKU01578,1,540.35,540.35,
2022-10-07,SKU01937,1,1685.23,1685.23,
2022-10-07,SKU02141,3,1415.64,471.87999999999994,
2022-10-07,SKU02331,1,631.92,631.92,
2022-10-07,SKU02368,2,1698.78,849.39,
2022-10-07,SKU02538,2,433.16,216.58,
2022-10-07,SKU02765,1,480.9,480.9,
2022-10-07,SKU02858,3,272.1,90.7,
2022-10-07,SKU03016,2,466.6,233.3,
2022-10-07,SKU03373,2,3272.8,1636.4,
2022-10-07,SKU04138,2,4150.32,2075.16,
2022-10-07,SKU04197,2,717.9,358.95,
2022-10-07,SKU04356,3,2356.44,785.48,
2022-10-07,SKU04396,2,6851.34,3425.67,
2022-10-07,SKU04871,3,2283.81,761.27,
2022-10-08,SKU00027,4,2432.96,608.24,
2022-10-08,SKU00092,1,809.88,809.88,
2022-10-08,SKU00190,1,145.42,145.42,
2022-10-08,SKU00479,3,1982.46,660.82,
2022-10-08,SKU00623,1,297.85,297.85,
2022-10-08,SKU00848,2,1409.84,704.92,
2022-10-08,SKU01458,1,551.81,551.81,
2022-10-08,SKU01677,2,254.6,127.3,
2022-10-08,SKU02001,1,79.68,79.68,
2022-10-08,SKU02264,3,2029.8,676.6,
2022-10-08,SKU03355,1,127.47,127.47,
2022-10-08,SKU03708,3,307.92,102.64,
2022-10-08,SKU03891,1,159.69,159.69,
2022-10-08,SKU03912,2,363.26,181.63,
2022-10-08,SKU04159,1,2188.36,2188.36,
2022-10-08,SKU04166,3,791.01,263.67,
2022-10-08,SKU04206,1,667.18,667.18,
2022-10-08,SKU04321,1,961.3,961.3,
2022-10-08,SKU04549,1,106.08,106.08,
2022-10-08,SKU04596,3,1006.65,335.55,
2022-10-08,SKU04833,1,115.48,115.48,
2022-10-09,SKU00605,3,1261.32,420.44,
2022-10-09,SKU00886,1,1510.84,1510.84,
2022-10-09,SKU02998,1,891.24,891.24,
2022-10-09,SKU03406,1,256.16,256.16,
2022-10-09,SKU03969,1,109.07,109.07,
2022-10-09,SKU04321,8,7690.4,961.3,
2022-10-09,SKU04596,1,335.55,335.55,
2022-10-10,SKU00096,1,210.25,210.25,
2022-10-10,SKU00120,2,984.64,492.32,
2022-10-10,SKU00231,1,153.98,153.98,
2022-10-10,SKU00420,1,438.73,438.73,
2022-10-10,SKU00628,1,135.8,135.8,
2022-10-10,SKU00880,1,550.09,550.09,
2022-10-10,SKU01280,1,593.19,593.19,
2022-10-10,SKU01662,1,495.84,495.84,
2022-10-10,SKU01673,1,150.17,150.17,
2022-10-10,SKU02298,3,2278.2,759.4,
2022-10-10,SKU02340,4,938.68,234.67,
2022-10-10,SKU02801,1,288.37,288.37,
2022-10-10,SKU02802,5,1992.8,398.56,
2022-10-10,SKU03453,2,438.02,219.01,
2022-10-10,SKU03843,3,376.65,125.55,
2022-10-10,SKU04492,1,166.43,166.43,
2022-10-10,SKU04596,5,1677.75,335.55,
2022-10-11,SKU00002,2,140.76,70.38,
2022-10-11,SKU00377,3,628.17,209.39,
2022-10-11,SKU00743,1,759.3,759.3,
2022-10-11,SKU00860,5,3400.85,680.17,
2022-10-11,SKU01629,4,376.12,94.03,
2022-10-11,SKU01671,2,205.4,102.7,
2022-10-11,SKU02125,2,225.54,112.77,
2022-10-11,SKU02526,1,698.11,698.11,
2022-10-11,SKU02740,1,104.22,104.22,
2022-10-11,SKU03066,3,643.95,214.65,
2022-10-11,SKU03203,1,182.62,182.62,
2022-10-11,SKU03599,1,160.95,160.95,
2022-10-11,SKU03871,1,35.34,35.34,
2022-10-11,SKU03891,2,319.38,159.69,
2022-10-11,SKU04467,5,1318.9,263.78,
2022-10-11,SKU04942,1,281.75,281.75,
2022-10-12,SKU01866,1,264.81,264.81,
2022-10-12,SKU02042,2,257.44,128.72,
2022-10-12,SKU02812,3,900.21,300.07,
2022-10-12,SKU03292,2,328.06,164.03,
2022-10-12,SKU03682,1,34.13,34.13,
2022-10-12,SKU03859,1,109.65,109.65,
2022-10-12,SKU04321,6,5767.799999999999,961.2999999999998,
2022-10-12,SKU04474,3,504.21,168.07,
2022-10-12,SKU04764,1,1249.29,1249.29,
2022-10-12,SKU04913,1,466.91,466.91,
2022-10-13,SKU00062,1,499.45,499.45,
2022-10-13,SKU01124,2,3329.06,1664.53,
2022-10-13,SKU01317,1,644.83,644.83,
2022-10-13,SKU01815,3,3722.01,1240.67,
2022-10-13,SKU02406,3,634.44,211.48,
2022-10-13,SKU02930,1,170.16,170.16,
2022-10-13,SKU03228,1,398.21,398.21,
2022-10-13,SKU03604,2,245.24,122.62,
2022-10-13,SKU04321,4,3845.2,961.3,
2022-10-13,SKU04511,1,1370.63,1370.63,
2022-10-13,SKU04691,5,6705.85,1341.17,
2022-10-13,SKU04702,3,6562.98,2187.66,
2022-10-14,SKU00311,2,4591.76,2295.88,
2022-10-14,SKU00324,3,1494.81,498.27,
2022-10-14,SKU00372,2,88.94,44.47,
2022-10-14,SKU00538,1,1101.07,1101.07,
2022-10-14,SKU01041,1,395.7,395.7,
2022-10-14,SKU01160,1,762.62,762.62,
2022-10-14,SKU01196,2,248.44,124.22,
2022-10-14,SKU01280,1,593.19,593.19,
2022-10-14,SKU01941,3,1638.51,546.17,
2022-10-14,SKU01993,1,142.17,142.17,
2022-10-14,SKU02389,1,830.82,830.82,
2022-10-14,SKU02538,2,433.16,216.58,
2022-10-14,SKU03133,2,525.78,262.89,
2022-10-14,SKU03289,5,235.05,47.01,
2022-10-14,SKU03883,3,544.56,181.52,
2022-10-14,SKU04245,2,435.56,217.78,
2022-10-14,SKU04329,1,2452.07,2452.07,
2022-10-14,SKU04386,1,837.35,837.35,
2022-10-14,SKU04596,2,671.1,335.55,
2022-10-14,SKU04830,1,258.35,258.35,
2022-10-15,SKU00074,2,395.0,197.5,
2022-10-15,SKU01164,1,241.81,241.81,
2022-10-15,SKU01453,2,2517.72,1258.86,
2022-10-15,SKU01516,2,618.12,309.06,
2022-10-15,SKU01592,1,1748.08,1748.08,
2022-10-15,SKU02434,5,3668.05,733.61,
2022-10-15,SKU02788,1,1455.54,1455.54,
2022-10-15,SKU03256,2,909.98,454.99,
2022-10-15,SKU03998,1,625.71,625.71,
2022-10-15,SKU04016,3,4477.95,1492.6500000000003,
2022-10-15,SKU04154,1,351.77,351.77,
2022-10-15,SKU04489,2,502.02,251.01,
2022-10-15,SKU04596,4,1342.2,335.55,
2022-10-15,SKU04921,1,373.55,373.55,
2022-10-15,SKU04969,3,1974.45,658.15,
2022-10-16,SKU00143,1,64.0,64.0,
2022-10-16,SKU00286,3,193.35,64.45,
2022-10-16,SKU00953,2,547.98,273.99,
2022-10-16,SKU01531,2,461.64,230.82,
2022-10-16,SKU01961,1,250.71,250.71,
2022-10-16,SKU02286,1,486.15,486.15,
2022-10-16,SKU03175,2,321.36,160.68,
2022-10-16,SKU03381,5,880.2,176.04,
2022-10-16,SKU03587,4,1010.88,252.72,
2022-10-16,SKU04285,1,1088.25,1088.25,
2022-10-16,SKU04321,1,961.3,961.3,
2022-10-16,SKU04596,1,335.55,335.55,
2022-10-17,SKU00794,3,361.05,120.34999999999998,
2022-10-17,SKU00846,2,1371.74,685.87,
2022-10-17,SKU01252,2,190.58,95.29,
2022-10-17,SKU01556,2,3402.76,1701.38,
2022-10-17,SKU02531,1,143.49,143.49,
2022-10-17,SKU03126,2,260.58,130.29,
2022-10-17,SKU03213,1,226.59,226.59,
2022-10-17,SKU03840,3,765.36,255.12,
2022-10-17,SKU03943,1,216.19,216.19,
2022-10-17,SKU04105,1,464.78,464.78,
2022-10-17,SKU04362,2,466.84,233.42,
2022-10-17,SKU04511,1,1370.63,1370.63,
2022-10-17,SKU04596,4,1342.2,335.55,
2022-10-17,SKU04625,1,66.1,66.1,
2022-10-17,SKU04649,2,1083.18,541.59,
2022-10-17,SKU04720,1,2230.86,2230.86,
2022-10-18,SKU00015,1,277.24,277.24,
2022-10-18,SKU01751,2,919.62,459.81,
2022-10-18,SKU02341,1,404.64,404.64,
2022-10-18,SKU03004,3,6262.05,2087.35,
2022-10-18,SKU03282,1,1550.85,1550.85,
2022-10-18,SKU03292,1,164.03,164.03,
2022-10-18,SKU03730,2,446.98,223.49,
2022-10-18,SKU03779,3,1914.39,638.13,
2022-10-18,SKU03906,3,376.59,125.53000000000002,
2022-10-18,SKU04154,1,351.77,351.77,
2022-10-18,SKU04321,1,961.3,961.3,
2022-10-18,SKU04357,1,332.16,332.16,
2022-10-19,SKU00002,2,140.76,70.38,
2022-10-19,SKU00680,1,154.23,154.23,
2022-10-19,SKU00875,1,1556.21,1556.21,
2022-10-19,SKU00910,1,313.65,313.65,
2022-10-19,SKU02141,1,471.88,471.88,
2022-10-19,SKU02157,1,182.04,182.04,
2022-10-19,SKU02819,1,1160.88,1160.88,
2022-10-19,SKU03076,2,2183.04,1091.52,
2022-10-19,SKU03077,1,377.75,377.75,
2022-10-19,SKU03606,1,152.07,152.07,
2022-10-19,SKU03702,4,1894.6,473.65,
2022-10-19,SKU03763,2,171.86,85.93,
2022-10-19,SKU04041,3,1727.79,575.93,
2022-10-19,SKU04289,2,1067.94,533.97,
2022-10-19,SKU04321,1,961.3,961.3,
2022-10-19,SKU04596,4,1342.2,335.55,
2022-10-19,SKU04789,2,134.16,67.08,
2022-10-19,SKU04817,1,40.86,40.86,
2022-10-20,SKU00079,1,197.9,197.9,
2022-10-20,SKU00770,1,994.68,994.68,
2022-10-20,SKU01079,1,125.88,125.88,
2022-10-20,SKU02210,2,150.1,101.42,1
2022-10-20,SKU02407,2,992.6,496.3,
2022-10-20,SKU02433,2,178.64,89.32,
2022-10-20,SKU02568,1,1014.43,1014.43,
2022-10-20,SKU02806,5,303.51,82.03,1
2022-10-20,SKU03063,3,1090.77,363.59,
2022-10-20,SKU03727,1,1660.93,1660.93,
2022-10-20,SKU03776,2,670.66,335.33,
2022-10-20,SKU03950,1,318.71,318.71,
2022-10-20,SKU04270,2,303.86,151.93,
2022-10-20,SKU04346,2,1940.58,970.29,
2022-10-20,SKU04596,2,671.1,335.55,
2022-10-21,SKU00404,4,920.32,230.08,
2022-10-21,SKU00877,3,473.04,157.68,
2022-10-21,SKU01048,2,192.36,96.18,
2022-10-21,SKU01438,1,298.01,298.01,
2022-10-21,SKU01595,3,512.04,170.67999999999998,
2022-10-21,SKU02692,1,2095.03,2095.03,
2022-10-21,SKU02745,1,241.52,241.52,
2022-10-21,SKU03084,1,84.57,114.28,1
2022-10-21,SKU03521,1,44.89,44.89,
2022-10-21,SKU03988,3,504.27,227.15,1
2022-10-21,SKU04047,2,1590.22,795.11,
2022-10-21,SKU04166,1,263.67,263.67,
2022-10-21,SKU04557,3,870.42,290.14,
2022-10-21,SKU04571,2,1737.04,868.52,
2022-10-21,SKU04632,1,892.4,892.4,
2022-10-21,SKU04657,3,1186.41,395.47,
2022-10-21,SKU04671,1,205.55,205.55,
2022-10-22,SKU00036,3,566.37,188.79,
2022-10-22,SKU00311,1,2295.88,2295.88,
2022-10-22,SKU01067,1,429.35,429.35,
2022-10-22,SKU01176,3,286.53,95.51,
2022-10-22,SKU01189,2,4599.6,2299.8,
2022-10-22,SKU01244,3,6674.07,2224.69,
2022-10-22,SKU01420,4,854.6,213.65,
2022-10-22,SKU01749,3,5046.96,1682.32,
2022-10-22,SKU02503,3,842.7,280.9,
2022-10-22,SKU02518,1,131.22,131.22,
2022-10-22,SKU02826,1,438.33,438.33,
2022-10-22,SKU03076,1,1091.52,1091.52,
2022-10-22,SKU03292,3,492.09,164.03,
2022-10-22,SKU04321,8,7690.4,961.3,
2022-10-22,SKU04596,2,671.1,335.55,
2022-10-23,SKU00376,1,207.45,207.45,
2022-10-23,SKU00404,1,230.08,230.08,
2022-10-23,SKU00967,1,64.98,64.98,
2022-10-23,SKU02018,1,1042.89,1042.89,
2022-10-23,SKU02086,3,6644.64,2214.88,
2022-10-23,SKU03078,4,1451.36,362.84,
2022-10-23,SKU03353,2,97.22,48.61,
2022-10-23,SKU03666,2,250.92,125.46,
2022-10-23,SKU04318,1,205.5,205.5,
2022-10-23,SKU04381,1,192.07,192.07,
2022-10-24,SKU00226,2,148.56,74.28,
2022-10-24,SKU00369,1,368.93,368.93,
2022-10-24,SKU00613,1,37.48,37.48,
2022-10-24,SKU00701,5,196.2,39.24,
2022-10-24,SKU00715,3,4700.91,1566.97,
2022-10-24,SKU00787,1,134.46,134.46,
2022-10-24,SKU00942,2,345.8,172.9,
2022-10-24,SKU01045,1,451.29,451.29,
2022-10-24,SKU01420,4,854.6,213.65,
2022-10-24,SKU01775,2,408.3,204.15,
2022-10-24,SKU04234,1,823.14,823.14,
2022-10-24,SKU04321,4,3845.2,961.3,
2022-10-24,SKU04432,1,340.8,340.8,
2022-10-24,SKU04588,4,1117.6,279.4,
2022-10-24,SKU04609,3,1278.28,575.8,1
2022-10-24,SKU04926,1,458.92,458.92,
2022-10-25,SKU00280,3,1042.6,469.64000000000004,1
2022-10-25,SKU01045,1,451.29,451.29,
2022-10-25,SKU01281,2,268.63,181.51,1
2022-10-25,SKU01934,2,1343.12,671.56,
2022-10-25,SKU03122,2,527.7,263.85,
2022-10-25,SKU03292,1,164.03,164.03,
2022-10-25,SKU03367,1,124.08,124.08,
2022-10-25,SKU03907,1,876.73,876.73,
2022-10-25,SKU04032,1,203.7,203.7,
2022-10-25,SKU04185,1,79.83,79.83,
2022-10-25,SKU04950,4,1362.32,340.58,
2022-10-26,SKU00028,3,283.35,94.45,
2022-10-26,SKU00116,1,317.12,317.12,
2022-10-26,SKU00285,2,1011.34,505.67,
2022-10-26,SKU00406,1,373.11,373.11,
2022-10-26,SKU00785,1,269.35,269.35,
2022-10-26,SKU00842,4,879.88,219.97,
2022-10-26,SKU00953,1,273.99,273.99,
2022-10-26,SKU01021,1,1243.47,1243.47,
2022-10-26,SKU01136,2,613.0,306.5,
2022-10-26,SKU01701,2,841.84,420.92,
2022-10-26,SKU02258,2,5238.96,2619.48,
2022-10-26,SKU02354,4,363.12,90.78,
2022-10-26,SKU02840,1,267.04,267.04,
2022-10-26,SKU03292,2,328.06,164.03,
2022-10-26,SKU03691,2,1472.72,736.36,
2022-10-26,SKU03720,1,2020.2,2020.2,
2022-10-26,SKU04154,2,703.54,351.77,
2022-10-26,SKU04321,4,3845.2,961.3,
2022-10-26,SKU04489,1,251.01,251.01,
2022-10-26,SKU04933,2,368.72,184.36,
2022-10-27,SKU00079,3,593.7,197.9,
2022-10-27,SKU00190,2,290.84,145.42,
2022-10-27,SKU01132,1,327.79,327.79,
2022-10-27,SKU01152,1,486.03,486.03,
2022-10-27,SKU01163,1,3396.91,3396.91,
2022-10-27,SKU01784,2,337.62,168.81,
2022-10-27,SKU02980,1,1789.14,1789.14,
2022-10-27,SKU03920,2,461.16,230.58,
2022-10-27,SKU04078,1,357.55,357.55,
2022-10-27,SKU04286,1,222.23,222.23,
2022-10-27,SKU04574,1,71.96,71.96,
2022-10-27,SKU04596,1,335.55,335.55,
2022-10-28,SKU01087,2,463.98,231.99,
2022-10-28,SKU01154,2,3095.5,1547.75,
2022-10-28,SKU01371,2,2555.22,1277.61,
2022-10-28,SKU01586,5,18425.65,3685.13,
2022-10-28,SKU01882,1,69.32,69.32,
2022-10-28,SKU02141,1,471.88,471.88,
2022-10-28,SKU03258,1,1275.38,1275.38,
2022-10-28,SKU03538,1,85.84,85.84,
2022-10-28,SKU03556,2,1313.76,656.88,
2022-10-28,SKU03793,1,232.87,232.87,
2022-10-28,SKU04321,2,1922.6,961.3,
2022-10-29,SKU00445,2,174.3,87.15,
2022-10-29,SKU00909,1,403.57,403.57,
2022-10-29,SKU01126,2,3432.46,1716.23,
2022-10-29,SKU01662,1,495.84,495.84,
2022-10-29,SKU02314,2,942.66,471.33,
2022-10-29,SKU02368,2,1698.78,849.39,
2022-10-29,SKU03061,1,234.65,234.65,
2022-10-29,SKU03558,3,4329.09,1950.04,1
2022-10-29,SKU03811,3,717.12,239.04,
2022-10-29,SKU04039,3,1145.07,381.69,
2022-10-29,SKU04321,5,4806.5,961.3,
2022-10-29,SKU04998,2,2477.88,1238.94,
2022-10-30,SKU00879,2,1310.74,655.37,
2022-10-30,SKU00916,2,536.04,268.02,
2022-10-30,SKU01037,2,356.14,178.07,
2022-10-30,SKU01406,1,135.53,135.53,
2022-10-30,SKU01514,2,1740.22,870.11,
2022-10-30,SKU01581,1,791.77,791.77,
2022-10-30,SKU02141,1,471.88,471.88,
2022-10-30,SKU03097,2,3319.6,1659.8,
2022-10-30,SKU03992,1,1113.75,1113.75,
2022-10-31,SKU00016,1,2574.2,3478.65,1
2022-10-31,SKU00129,1,217.18,217.18,
2022-10-31,SKU00953,2,547.98,273.99,
2022-10-31,SKU01711,3,2602.56,867.52,
2022-10-31,SKU01854,4,901.2,225.3,
2022-10-31,SKU01973,1,317.96,317.96,
2022-10-31,SKU02498,1,2379.11,2379.11,
2022-10-31,SKU02654,1,215.5,215.5,
2022-10-31,SKU02738,3,690.48,230.16,
2022-10-31,SKU03006,1,1088.75,1088.75,
2022-10-31,SKU03088,2,447.1,223.55,
2022-10-31,SKU03793,4,931.48,232.87,
2022-10-31,SKU03835,1,897.0,897.0,
2022-10-31,SKU03948,4,272.92,68.23,
2022-10-31,SKU04221,2,886.26,443.13,
2022-10-31,SKU04321,4,3845.2,961.3,
2022-11-01,SKU00157,4,475.04,118.76,
2022-11-01,SKU00386,2,278.96,139.48,
2022-11-01,SKU00637,1,228.39,228.39,
2022-11-01,SKU00841,1,604.4,604.4,
2022-11-01,SKU01180,1,450.33,450.33,
2022-11-01,SKU01259,3,1114.77,371.59,
2022-11-01,SKU01657,1,230.15,230.15,
2022-11-01,SKU01962,1,1750.03,1750.03,
2022-11-01,SKU02286,3,1458.45,486.1499999999999,
2022-11-01,SKU02290,3,521.52,173.84,
2022-11-01,SKU02897,3,7011.9,2337.3,
2022-11-01,SKU03088,1,223.55,223.55,
2022-11-01,SKU03520,1,74.97,101.31,1
2022-11-01,SKU03524,5,706.25,141.25,
2022-11-01,SKU03572,4,2619.24,654.81,
2022-11-01,SKU03879,1,2646.29,2646.29,
2022-11-01,SKU04321,2,1922.6,961.3,
2022-11-02,SKU00020,1,109.5,109.5,
2022-11-02,SKU00050,1,34.08,34.08,
2022-11-02,SKU00286,4,257.8,64.45,
2022-11-02,SKU00693,1,1047.53,1047.53,
2022-11-02,SKU00942,3,518.7,172.9,
2022-11-02,SKU00994,5,3010.65,602.13,
2022-11-02,SKU01189,2,4599.6,2299.8,
2022-11-02,SKU01269,1,2876.02,2876.02,
2022-11-02,SKU02450,2,505.68,252.84,
2022-11-02,SKU02512,2,3218.38,1609.19,
2022-11-02,SKU02572,2,1144.22,572.11,
2022-11-02,SKU02614,1,118.14,118.14,
2022-11-02,SKU03063,1,363.59,363.59,
2022-11-02,SKU03172,1,96.27,96.27,
2022-11-02,SKU03292,1,164.03,164.03,
2022-11-02,SKU04321,3,2883.8999999999996,961.2999999999998,
2022-11-03,SKU00383,2,249.38,124.69,
2022-11-03,SKU00456,2,583.52,291.76,
2022-11-03,SKU00555,1,77.66,77.66,
2022-11-03,SKU00940,1,148.78,148.78,
2022-11-03,SKU01155,1,996.18,996.18,
2022-11-03,SKU01184,2,1782.8,891.4,
2022-11-03,SKU01189,3,6899.4,2299.8,
2022-11-03,SKU01522,1,856.11,856.11,
2022-11-03,SKU01958,1,94.8,94.8,
2022-11-03,SKU02749,4,4418.44,1104.61,
2022-11-03,SKU02821,5,4829.05,965.8099999999998,
2022-11-03,SKU03055,2,261.18,130.59,
2022-11-03,SKU03162,1,365.6,365.6,
2022-11-03,SKU03246,3,7524.54,2508.18,
2022-11-03,SKU03772,3,737.88,245.96,
2022-11-03,SKU03901,2,220.9,110.45,
2022-11-03,SKU04158,1,2594.6,2594.6,
2022-11-03,SKU04321,1,961.3,961.3,
2022-11-03,SKU04840,3,1918.95,639.65,
2022-11-04,SKU00216,3,2035.2,678.4,
2022-11-04,SKU00278,2,3615.68,1807.84,
2022-11-04,SKU00506,1,319.73,319.73,
2022-11-04,SKU00535,1,189.1,189.1,
2022-11-04,SKU00554,1,88.32,88.32,
2022-11-04,SKU00727,4,2339.28,584.82,
2022-11-04,SKU01030,1,224.5,224.5,
2022-11-04,SKU01151,1,1839.22,1839.22,
2022-11-04,SKU01395,2,244.74,122.37,
2022-11-04,SKU02141,2,943.76,471.88,
2022-11-04,SKU02509,6,8089.38,1348.23,
2022-11-04,SKU02980,1,1789.14,1789.14,
2022-11-04,SKU02995,1,676.72,676.72,
2022-11-04,SKU03164,2,111.76,55.88,
2022-11-04,SKU03657,4,1285.96,321.49,
2022-11-04,SKU03658,1,202.55,202.55,
2022-11-04,SKU03727,1,1660.93,1660.93,
2022-11-04,SKU03928,3,1503.54,501.18,
2022-11-04,SKU04084,1,89.59,89.59,
2022-11-04,SKU04122,1,499.33,499.33,
2022-11-04,SKU04321,2,1922.6,961.3,
2022-11-04,SKU04571,4,3474.08,868.52,
2022-11-04,SKU04613,2,365.66,182.83,
2022-11-04,SKU04735,1,604.76,604.76,
2022-11-04,SKU04824,5,5124.7,1024.94,
2022-11-05,SKU00059,1,122.45,122.45,
2022-11-05,SKU00096,3,466.76,210.25,1
2022-11-05,SKU00420,2,877.46,438.73,
2022-11-05,SKU00600,4,431.32,107.83,
2022-11-05,SKU00812,1,799.7,799.7,
2022-11-05,SKU00929,1,158.05,158.05,
2022-11-05,SKU00970,5,1770.2,354.04,
2022-11-05,SKU01438,5,1490.05,298.01,
2022-11-05,SKU01662,1,495.84,495.84,
2022-11-05,SKU02415,2,882.42,441.21,
2022-11-05,SKU02419,2,388.12,194.06,
2022-11-05,SKU02475,2,407.96,203.98,
2022-11-05,SKU02777,1,702.45,702.45,
2022-11-05,SKU02927,1,192.51,192.51,
2022-11-05,SKU02928,1,1846.27,1846.27,
2022-11-05,SKU02955,2,1283.92,641.96,
2022-11-05,SKU03175,1,160.68,160.68,
2022-11-05,SKU03405,1,395.68,395.68,
2022-11-05,SKU03429,4,4448.84,1112.21,
2022-11-05,SKU03535,3,535.86,178.62,
2022-11-05,SKU03550,1,865.57,865.57,
2022-11-05,SKU03693,3,4145.46,1381.82,
2022-11-05,SKU04562,1,1316.91,1316.91,
2022-11-06,SKU00105,4,2012.0,503.0,
2022-11-06,SKU00976,2,536.84,268.42,
2022-11-06,SKU01246,1,526.86,526.86,
2022-11-06,SKU01281,2,268.63,181.51,1
2022-11-06,SKU01905,2,4042.98,2021.49,
2022-11-06,SKU02353,1,747.09,747.09,
2022-11-06,SKU02355,2,642.34,321.17,
2022-11-06,SKU02538,2,433.16,216.58,
2022-11-06,SKU02540,1,309.18,309.18,
2022-11-06,SKU02643,3,12486.15,4162.05,
2022-11-06,SKU03183,3,614.37,204.79,
2022-11-06,SKU03622,2,577.2,288.6,
2022-11-06,SKU03943,2,432.38,216.19,
2022-11-06,SKU03945,2,280.04,140.02,
2022-11-06,SKU04321,4,3845.2,961.3,
2022-11-06,SKU04596,1,335.55,335.55,
2022-11-07,SKU00243,1,483.9,483.9,
2022-11-07,SKU00316,1,93.36,126.16,1
2022-11-07,SKU00393,3,266.25,88.75,
2022-11-07,SKU00790,4,1732.64,433.16,
2022-11-07,SKU00883,3,9363.96,3121.32,
2022-11-07,SKU00934,2,2074.04,1037.02,
2022-11-07,SKU00953,1,273.99,273.99,
2022-11-07,SKU01264,3,3326.85,1108.95,
2022-11-07,SKU01390,1,692.78,692.78,
2022-11-07,SKU01483,3,457.68,152.56,
2022-11-07,SKU01662,3,1487.52,495.84,
2022-11-07,SKU01847,3,2171.22,723.7400000000001,
2022-11-07,SKU02536,3,1218.57,406.19,
2022-11-07,SKU03854,1,482.43,482.43,
2022-11-07,SKU03898,1,196.68,196.68,
2022-11-07,SKU03911,2,178.04,89.02,
2022-11-08,SKU00386,1,139.48,139.48,
2022-11-08,SKU00824,1,391.75,391.75,
2022-11-08,SKU00920,1,114.73,114.73,
2022-11-08,SKU01155,1,996.18,996.18,
2022-11-08,SKU01468,1,645.85,645.85,
2022-11-08,SKU01589,3,408.42,136.14,
2022-11-08,SKU01720,1,2353.73,2353.73,
2022-11-08,SKU01775,3,612.45,204.15,
2022-11-08,SKU01801,2,1897.66,948.83,
2022-11-08,SKU01814,1,887.42,887.42,
2022-11-08,SKU01843,1,407.44,407.44,
2022-11-08,SKU02141,2,943.76,471.88,
2022-11-08,SKU02176,1,989.87,989.87,
2022-11-08,SKU02263,1,175.26,175.26,
2022-11-08,SKU02510,2,289.2,144.6,
2022-11-08,SKU02660,2,163.82,81.91,
2022-11-08,SKU02780,2,1583.84,791.92,
2022-11-08,SKU02863,3,332.67,110.89,
2022-11-08,SKU03119,3,112.68,37.56,
2022-11-08,SKU03207,1,196.37,196.37,
2022-11-08,SKU03800,5,572.3,114.46,
2022-11-08,SKU03812,1,1167.25,1167.25,
2022-11-08,SKU04103,5,523.55,104.71,
2022-11-08,SKU04225,4,666.12,166.53,
2022-11-08,SKU04304,1,393.38,393.38,
2022-11-08,SKU04321,4,3845.2,961.3,
2022-11-09,SKU00668,1,219.45,219.45,
2022-11-09,SKU00845,2,1341.66,670.83,
2022-11-09,SKU00851,1,2160.89,2160.89,
2022-11-09,SKU01199,2,5078.16,2539.08,
2022-11-09,SKU01269,3,8628.06,2876.02,
2022-11-09,SKU01498,1,385.28,385.28,
2022-11-09,SKU01921,1,64.75,64.75,
2022-11-09,SKU01944,1,36.52,36.52,
2022-11-09,SKU02068,2,499.78,249.89,
2022-11-09,SKU02285,1,215.0,215.0,
2022-11-09,SKU03571,1,1043.87,1043.87,
2022-11-09,SKU03600,1,708.02,708.02,
2022-11-09,SKU03843,1,125.55,125.55,
2022-11-09,SKU03943,3,648.57,216.18999999999997,
2022-11-09,SKU04103,3,314.13,104.71,
2022-11-09,SKU04228,1,79.26,79.26,
2022-11-09,SKU04317,3,4795.95,1598.6500000000003,
2022-11-09,SKU04321,6,5767.799999999999,961.2999999999998,
2022-11-09,SKU04329,1,2452.07,2452.07,
2022-11-09,SKU04596,8,2684.4,335.55,
2022-11-09,SKU04668,1,116.64,116.64,
2022-11-09,SKU04871,1,761.27,761.27,
2022-11-10,SKU00372,3,133.41,44.47,
2022-11-10,SKU00678,4,2508.6,627.15,
2022-11-10,SKU01086,1,123.82,123.82,
2022-11-10,SKU01601,3,411.66,137.22,
2022-11-10,SKU01713,2,1488.58,744.29,
2022-11-10,SKU01819,2,2090.88,1045.44,
2022-11-10,SKU02028,5,1745.35,349.07,
2022-11-10,SKU02251,1,183.16,183.16,
2022-11-10,SKU02285,1,215.0,215.0,
2022-11-10,SKU02291,1,218.34,295.06,1
2022-11-10,SKU02333,1,53.1,53.1,
2022-11-10,SKU03174,3,3157.17,1052.39,
2022-11-10,SKU03292,5,820.15,164.03,
2022-11-10,SKU03727,1,1660.93,1660.93,
2022-11-10,SKU03849,2,1227.44,613.72,
2022-11-10,SKU03977,1,227.8,227.8,
2022-11-10,SKU04321,6,5767.799999999999,961.2999999999998,
2022-11-10,SKU04338,1,163.32,163.32,
2022-11-10,SKU04755,1,176.07,176.07,
2022-11-10,SKU04854,1,1401.83,1401.83,
2022-11-11,SKU00032,1,38.41,51.91,1
2022-11-11,SKU00286,1,64.45,64.45,
2022-11-11,SKU00404,5,1150.4,230.08,
2022-11-11,SKU00595,2,5387.94,2693.97,
2022-11-11,SKU00653,1,820.27,820.27,
2022-11-11,SKU00737,1,436.92,436.92,
2022-11-11,SKU00845,1,670.83,670.83,
2022-11-11,SKU01232,1,416.45,416.45,
2022-11-11,SKU01578,1,540.35,540.35,
2022-11-11,SKU01610,1,579.62,579.62,
2022-11-11,SKU02089,1,410.86,410.86,
2022-11-11,SKU02539,2,283.8,191.76,1
2022-11-11,SKU02821,2,1931.62,965.81,
2022-11-11,SKU02850,3,784.74,261.58,
2022-11-11,SKU03044,1,74.7,74.7,
2022-11-11,SKU03088,2,447.1,223.55,
2022-11-11,SKU03657,2,642.98,321.49,
2022-11-11,SKU03659,1,484.55,484.55,
2022-11-11,SKU03693,1,1381.82,1381.82,
2022-11-11,SKU03694,3,986.37,328.79,
2022-11-11,SKU04321,7,6729.1,961.3,
2022-11-11,SKU04596,2,671.1,335.55,
2022-11-11,SKU04954,1,374.72,374.72,
2022-11-12,SKU00073,5,4499.27,1216.02,1
2022-11-12,SKU00177,2,229.3,114.65,
2022-11-12,SKU00190,5,727.1,145.42,
2022-11-12,SKU00625,2,724.86,362.43,
2022-11-12,SKU00701,3,117.72,39.24,
2022-11-12,SKU00920,5,573.65,114.72999999999999,
2022-11-12,SKU00953,5,1369.95,273.99,
2022-11-12,SKU01317,1,644.83,644.83,
2022-11-12,SKU01893,4,11706.28,2926.57,
2022-11-12,SKU02145,3,2148.45,716.15,
2022-11-12,SKU02614,2,236.28,118.14,
2022-11-12,SKU02692,2,4190.06,2095.03,
2022-11-12,SKU04321,3,2883.8999999999996,961.2999999999998,
2022-11-12,SKU04835,1,62.1,62.1,
2022-11-13,SKU00045,3,1058.13,352.71,
2022-11-13,SKU00285,4,2022.68,505.67,
2022-11-13,SKU00443,1,89.0,89.0,
2022-11-13,SKU00512,1,2201.13,2201.13,
2022-11-13,SKU00599,2,93.94,46.97,
2022-11-13,SKU00775,1,52.62,52.62,
2022-11-13,SKU00896,2,287.76,194.43,1
2022-11-13,SKU01030,3,673.5,224.5,
2022-11-13,SKU01044,3,7811.61,2603.87,
2022-11-13,SKU01265,1,1099.45,1099.45,
2022-11-13,SKU01420,3,640.95,213.65,
2022-11-13,SKU01602,1,614.85,614.85,
2022-11-13,SKU01930,5,223.04,60.279999999999994,1
2022-11-13,SKU02111,1,175.31,175.31,
2022-11-13,SKU02296,1,1019.37,1019.37,
2022-11-13,SKU02646,1,561.89,561.89,
2022-11-13,SKU02683,1,371.82,371.82,
2022-11-13,SKU03408,5,1250.65,250.13000000000002,
2022-11-13,SKU03727,2,3321.86,1660.93,
2022-11-13,SKU03947,1,343.84,464.65,1
2022-11-13,SKU04105,3,1394.34,464.78,
2022-11-13,SKU04125,4,879.28,219.82,
2022-11-13,SKU04219,3,594.09,198.03,
2022-11-13,SKU04321,1,961.3,961.3,
2022-11-13,SKU04596,2,671.1,335.55,
2022-11-13,SKU04808,2,728.62,492.31,1
2022-11-13,SKU04847,2,1261.92,630.96,
2022-11-14,SKU00079,2,395.8,197.9,
2022-11-14,SKU00260,2,279.48,139.74,
2022-11-14,SKU00996,1,117.61,117.61,
2022-11-14,SKU01317,2,1289.66,644.83,
2022-11-14,SKU01616,1,63.66,63.66,
2022-11-14,SKU01775,2,408.3,204.15,
2022-11-14,SKU02745,1,241.52,241.52,
2022-11-14,SKU03088,2,447.1,223.55,
2022-11-14,SKU03292,1,164.03,164.03,
2022-11-14,SKU03394,1,1013.75,1013.75,
2022-11-14,SKU03540,3,611.97,203.99,
2022-11-14,SKU03623,1,521.36,521.36,
2022-11-14,SKU03727,1,1660.93,1660.93,
2022-11-14,SKU04005,1,129.46,129.46,
2022-11-14,SKU04321,3,2883.8999999999996,961.2999999999998,
2022-11-15,SKU00470,3,151.65,50.54999999999999,
2022-11-15,SKU00953,5,1369.95,273.99,
2022-11-15,SKU01772,3,757.71,252.57000000000002,
2022-11-15,SKU02003,4,2429.32,607.33,
2022-11-15,SKU02192,1,616.15,616.15,
2022-11-15,SKU02377,1,93.23,93.23,
2022-11-15,SKU02421,1,2671.52,2671.52,
2022-11-15,SKU02515,1,123.38,123.38,
2022-11-15,SKU02548,1,266.26,266.26,
2022-11-15,SKU02660,1,81.91,81.91,
2022-11-15,SKU03198,2,257.7,128.85,
2022-11-15,SKU03233,1,334.11,334.11,
2022-11-15,SKU03240,1,1042.33,1042.33,
2022-11-15,SKU03393,1,70.49,70.49,
2022-11-15,SKU03399,2,318.0,159.0,
2022-11-15,SKU03436,1,186.38,186.38,
2022-11-15,SKU03772,2,491.92,245.96,
2022-11-15,SKU03938,2,264.18,132.09,
2022-11-15,SKU04064,3,11535.96,3845.32,
2022-11-15,SKU04321,7,6729.1,961.3,
2022-11-15,SKU04346,1,970.29,970.29,
2022-11-15,SKU04489,1,251.01,251.01,
2022-11-16,SKU00263,1,443.51,443.51,
2022-11-16,SKU00643,1,490.78,490.78,
2022-11-16,SKU00714,1,1659.76,1659.76,
2022-11-16,SKU01045,3,1353.87,451.29,
2022-11-16,SKU01082,1,513.43,513.43,
2022-11-16,SKU01221,3,6129.69,2043.2300000000002,
2022-11-16,SKU01317,1,644.83,644.83,
2022-11-16,SKU01418,2,2180.18,1090.09,
2022-11-16,SKU02027,1,82.86,152.04,1
2022-11-16,SKU02859,3,760.47,253.49,
2022-11-16,SKU02930,4,680.64,170.16,
2022-11-16,SKU03292,1,164.03,164.03,
2022-11-16,SKU03866,3,206.01,126.0,1
2022-11-16,SKU04000,4,2729.84,682.46,
2022-11-16,SKU04145,1,293.61,293.61,
2022-11-16,SKU04154,1,351.77,351.77,
2022-11-16,SKU04321,1,961.3,961.3,
2022-11-16,SKU04719,1,240.75,240.75,
2022-11-16,SKU04778,1,485.82,485.82,
2022-11-16,SKU04813,1,397.81,397.81,
2022-11-17,SKU00190,1,145.42,145.42,
2022-11-17,SKU00195,2,2279.3,1139.65,
2022-11-17,SKU00264,3,396.88,242.74,1
2022-11-17,SKU00353,2,139.14,69.57,
2022-11-17,SKU00444,1,165.41,165.41,
2022-11-17,SKU00479,1,660.82,660.82,
2022-11-17,SKU00945,1,131.35,131.35,
2022-11-17,SKU00994,4,2408.52,602.13,
2022-11-17,SKU01404,2,2426.56,1213.28,
2022-11-17,SKU01889,1,83.31,83.31,
2022-11-17,SKU02709,3,2672.64,890.88,
2022-11-17,SKU03021,1,1165.36,1165.36,
2022-11-17,SKU03374,2,141.86,70.93,
2022-11-17,SKU03433,3,486.21,162.07,
2022-11-17,SKU03538,3,257.52,85.83999999999999,
2022-11-17,SKU03721,3,900.66,300.22,
2022-11-17,SKU03990,1,690.44,690.44,
2022-11-17,SKU04571,4,3474.08,868.52,
2022-11-18,SKU00311,2,4591.76,2295.88,
2022-11-18,SKU00388,2,69.35,63.62,1
2022-11-18,SKU00538,1,1101.07,1101.07,
2022-11-18,SKU00774,3,154.69,94.61,1
2022-11-18,SKU00854,4,5798.56,1449.64,
2022-11-18,SKU00962,3,364.74,121.58,
2022-11-18,SKU00970,2,708.08,354.04,
2022-11-18,SKU01306,1,271.58,271.58,
2022-11-18,SKU01562,1,474.21,474.21,
2022-11-18,SKU01578,4,2161.4,540.35,
2022-11-18,SKU02102,1,351.31,351.31,
2022-11-18,SKU02850,1,261.58,261.58,
2022-11-18,SKU03298,1,380.92,380.92,
2022-11-18,SKU03386,2,581.24,290.62,
2022-11-18,SKU03571,2,2087.74,1043.87,
2022-11-18,SKU04321,2,1922.6,961.3,
2022-11-18,SKU04646,1,82.38,82.38,
2022-11-18,SKU04767,1,63.36,116.26,1
2022-11-19,SKU00041,1,2490.74,2490.74,
2022-11-19,SKU00599,3,140.91,46.97,
2022-11-19,SKU00696,1,246.47,246.47,
2022-11-19,SKU00920,6,688.38,114.73,
2022-11-19,SKU00953,5,1369.95,273.99,
2022-11-19,SKU01485,1,476.18,476.18,
2022-11-19,SKU01599,1,1657.47,1657.47,
2022-11-19,SKU01650,1,183.35,183.35,
2022-11-19,SKU01662,1,495.84,495.84,
2022-11-19,SKU01984,1,254.86,254.86,
2022-11-19,SKU02096,2,1348.5,674.25,
2022-11-19,SKU02435,1,309.55,309.55,
2022-11-19,SKU02805,3,247.29,82.43,
2022-11-19,SKU03460,3,9104.79,3034.93,
2022-11-19,SKU03461,2,1723.5,861.75,
2022-11-19,SKU04012,1,631.0,631.0,
2022-11-19,SKU04321,2,1922.6,961.3,
2022-11-19,SKU04710,1,1632.84,1632.84,
2022-11-20,SKU00351,2,123.95,113.72,1
2022-11-20,SKU00486,1,2425.84,2425.84,
2022-11-20,SKU00747,2,1614.46,807.23,
2022-11-20,SKU00943,2,4180.98,2090.49,
2022-11-20,SKU00953,2,547.98,273.99,
2022-11-20,SKU01030,4,898.0,224.5,
2022-11-20,SKU01833,5,312.95,62.59000000000001,
2022-11-20,SKU02141,2,943.76,471.88,
2022-11-20,SKU02523,2,2913.16,1456.58,
2022-11-20,SKU02648,2,1766.9,883.45,
2022-11-20,SKU02754,3,2340.81,780.27,
2022-11-20,SKU03181,1,500.79,500.79,
2022-11-20,SKU03724,1,380.37,380.37,
2022-11-20,SKU03779,1,638.13,638.13,
2022-11-20,SKU04016,1,1492.65,1492.65,
2022-11-20,SKU04154,2,703.54,351.77,
2022-11-20,SKU04321,4,3845.2,961.3,
2022-11-20,SKU04435,1,356.87,356.87,
2022-11-20,SKU04487,3,6576.12,2192.04,
2022-11-21,SKU00021,2,127.2,116.7,1
2022-11-21,SKU01136,1,306.5,306.5,
2022-11-21,SKU01164,1,241.81,241.81,
2022-11-21,SKU01362,1,56.5,56.5,
2022-11-21,SKU01581,1,791.77,791.77,
2022-11-21,SKU01598,1,333.41,333.41,
2022-11-21,SKU02357,3,512.97,170.99,
2022-11-21,SKU03088,2,447.1,223.55,
2022-11-21,SKU03196,3,2511.9,837.2999999999998,
2022-11-21,SKU03298,1,380.92,380.92,
2022-11-21,SKU03363,2,121.1,111.1,1
2022-11-21,SKU03739,1,76.78,140.88,1
2022-11-21,SKU04169,1,1989.46,1989.46,
2022-11-21,SKU04206,1,667.18,667.18,
2022-11-21,SKU04259,3,381.33,127.11,
2022-11-21,SKU04321,6,5767.8,961.2999999999998,
2022-11-21,SKU04373,1,1033.69,1033.69,
2022-11-21,SKU04551,4,9992.92,2498.23,
2022-11-21,SKU04596,2,671.1,335.55,
2022-11-21,SKU04934,4,892.64,223.16,
2022-11-22,SKU00262,1,170.92,170.92,
2022-11-22,SKU00920,1,114.73,114.73,
2022-11-22,SKU00942,1,172.9,172.9,
2022-11-22,SKU01042,3,233.67,77.89,
2022-11-22,SKU01234,1,2427.07,2427.07,
2022-11-22,SKU01420,1,213.65,213.65,
2022-11-22,SKU01787,1,444.45,444.45,
2022-11-22,SKU02079,2,307.3,153.65,
2022-11-22,SKU02132,3,1286.55,428.8500000000001,
2022-11-22,SKU02192,4,2464.6,616.15,
2022-11-22,SKU02297,1,1276.77,1276.77,
2022-11-22,SKU02327,1,753.71,753.71,
2022-11-22,SKU02368,1,849.39,849.39,
2022-11-22,SKU02433,3,267.96,89.32,
2022-11-22,SKU02488,1,3504.3,3504.3,
2022-11-22,SKU02682,1,2202.3,2202.3,
2022-11-22,SKU03138,2,198.5,99.25,
2022-11-22,SKU03367,2,248.16,124.08,
2022-11-22,SKU03487,2,380.48,190.24,
2022-11-22,SKU04216,1,1422.8,1422.8,
2022-11-22,SKU04291,2,571.92,285.96,
2022-11-22,SKU04537,1,100.09,100.09,
2022-11-22,SKU04551,1,2498.23,2498.23,
2022-11-22,SKU04655,4,8304.84,2076.21,
2022-11-22,SKU04937,1,1504.37,1504.37,
2022-11-23,SKU00190,1,145.42,145.42,
2022-11-23,SKU00689,1,140.28,140.28,
2022-11-23,SKU01076,1,172.63,172.63,
2022-11-23,SKU01153,2,1794.8,897.4,
2022-11-23,SKU01682,2,508.06,254.03,
2022-11-23,SKU01784,1,168.81,168.81,
2022-11-23,SKU02392,1,132.22,132.22,
2022-11-23,SKU02449,1,137.83,137.83,
2022-11-23,SKU03043,2,8773.42,4386.71,
2022-11-23,SKU03084,2,228.56,114.28,
2022-11-23,SKU03427,2,1305.92,807.12,1
2022-11-23,SKU03468,1,662.07,662.07,
2022-11-23,SKU03577,1,48.37,88.75,1
2022-11-23,SKU03632,5,436.25,87.25,
2022-11-23,SKU03992,2,2227.5,1113.75,
2022-11-23,SKU04280,3,956.76,318.92,
2022-11-23,SKU04321,1,961.3,961.3,
2022-11-23,SKU04479,2,2657.66,1328.83,
2022-11-23,SKU04917,3,847.53,282.51,
2022-11-24,SKU00264,1,242.74,242.74,
2022-11-24,SKU00499,1,110.32,110.32,
2022-11-24,SKU00637,1,228.39,228.39,
2022-11-24,SKU00692,3,571.61,235.52,1
2022-11-24,SKU00731,1,83.14,83.14,
2022-11-24,SKU00735,1,2570.53,2570.53,
2022-11-24,SKU00974,2,94.68,47.34,
2022-11-24,SKU01277,5,7820.4,1564.08,
2022-11-24,SKU01443,1,174.67,174.67,
2022-11-24,SKU01553,1,1178.57,1178.57,
2022-11-24,SKU01687,3,854.64,284.88,
2022-11-24,SKU02318,1,2419.19,2419.19,
2022-11-24,SKU02408,2,3239.1,1619.55,
2022-11-24,SKU03649,3,1353.0,451.0,
2022-11-24,SKU04982,3,760.23,253.41,
2022-11-25,SKU00046,1,154.0,154.0,
2022-11-25,SKU00190,2,290.84,145.42,
2022-11-25,SKU00219,5,705.0,141.0,
2022-11-25,SKU00285,1,505.67,505.67,
2022-11-25,SKU00297,4,690.08,172.52,
2022-11-25,SKU00310,1,77.52,77.52,
2022-11-25,SKU00512,5,11005.65,2201.13,
2022-11-25,SKU00829,3,1946.67,648.89,
2022-11-25,SKU00892,1,1679.83,1679.83,
2022-11-25,SKU01108,1,482.5,482.5,
2022-11-25,SKU01243,1,208.57,208.57,
2022-11-25,SKU01439,1,987.75,987.75,
2022-11-25,SKU01488,3,1485.96,612.26,1
2022-11-25,SKU01794,3,1193.97,397.99,
2022-11-25,SKU01969,1,488.89,488.89,
2022-11-25,SKU02008,5,3784.91,935.7,1
2022-11-25,SKU02648,1,883.45,883.45,
2022-11-25,SKU02754,3,1893.72,780.27,1
2022-11-25,SKU03366,2,246.84,123.42,
2022-11-25,SKU03730,2,446.98,223.49,
2022-11-25,SKU04245,3,653.34,217.78,
2022-11-25,SKU04321,1,961.3,961.3,
2022-11-25,SKU04477,3,292.62,97.54,
2022-11-26,SKU01045,1,451.29,451.29,
2022-11-26,SKU01048,1,96.18,96.18,
2022-11-26,SKU01273,2,1087.86,672.35,1
2022-11-26,SKU01714,2,673.44,336.72,
2022-11-26,SKU01895,5,475.65,95.13,
2022-11-26,SKU02290,1,173.84,173.84,
2022-11-26,SKU02683,3,1115.46,371.82,
2022-11-26,SKU02748,1,335.53,414.75,1
2022-11-26,SKU02916,1,811.15,811.15,
2022-11-26,SKU03854,1,482.43,482.43,
2022-11-26,SKU04089,1,1597.51,1597.51,
2022-11-26,SKU04185,1,79.83,79.83,
2022-11-27,SKU00089,1,316.27,316.27,
2022-11-27,SKU00455,4,5372.84,1343.21,
2022-11-27,SKU00500,1,1264.58,1264.58,
2022-11-27,SKU00748,1,438.67,438.67,
2022-11-27,SKU00942,1,172.9,172.9,
2022-11-27,SKU01155,1,805.91,996.18,1
2022-11-27,SKU01414,2,386.88,193.44,
2022-11-27,SKU01506,1,160.9,160.9,
2022-11-27,SKU01569,1,441.1,441.1,
2022-11-27,SKU01816,3,9973.02,3324.34,
2022-11-27,SKU02557,3,6841.38,2280.46,
2022-11-27,SKU02722,4,901.68,225.42,
2022-11-27,SKU02837,2,5354.44,2677.22,
2022-11-27,SKU03233,2,668.22,334.11,
2022-11-27,SKU03359,1,379.91,379.91,
2022-11-27,SKU03727,2,3321.86,1660.93,
2022-11-28,SKU00685,4,10332.92,2583.23,
2022-11-28,SKU00942,1,172.9,172.9,
2022-11-28,SKU00953,2,547.98,273.99,
2022-11-28,SKU00974,1,47.34,47.34,
2022-11-28,SKU01677,3,381.9,127.3,
2022-11-28,SKU01775,1,204.15,204.15,
2022-11-28,SKU02161,1,130.68,130.68,
2022-11-28,SKU02368,1,849.39,849.39,
2022-11-28,SKU02423,1,3672.71,3672.71,
2022-11-28,SKU04243,1,86.81,86.81,
2022-11-28,SKU04321,2,1922.6,961.3,
2022-11-28,SKU04350,1,394.93,394.93,
2022-11-28,SKU04420,1,128.23,128.23,
2022-11-28,SKU04538,2,430.68,215.34,
2022-11-28,SKU04638,1,338.74,338.74,
2022-11-28,SKU04751,1,210.56,210.56,
2022-11-28,SKU04778,1,393.03,485.82,1
2022-11-28,SKU04870,1,265.5,328.18,1
2022-11-29,SKU00398,3,1267.77,522.36,1
2022-11-29,SKU00626,5,1305.4,261.08,
2022-11-29,SKU01377,5,656.2,131.24,
2022-11-29,SKU01683,1,415.38,513.45,1
2022-11-29,SKU01819,2,2090.88,1045.44,
2022-11-29,SKU02330,1,221.38,221.38,
2022-11-29,SKU03020,5,1118.93,276.62,1
2022-11-29,SKU03166,1,333.83,333.83,
2022-11-29,SKU03834,2,3475.72,1737.86,
2022-11-29,SKU03854,1,482.43,482.43,
2022-11-29,SKU03965,4,326.16,81.54,
2022-11-29,SKU04032,1,203.7,203.7,
2022-11-29,SKU04321,4,3845.2,961.3,
2022-11-29,SKU04329,1,2452.07,2452.07,
2022-11-29,SKU04362,3,700.26,233.42,
2022-11-29,SKU04572,1,1130.67,1130.67,
2022-11-29,SKU04596,1,335.55,335.55,
2022-11-29,SKU04782,4,6556.0,1639.0,
2022-11-29,SKU04898,1,781.67,966.22,1
2022-11-29,SKU04903,1,237.98,237.98,
2022-11-30,SKU00076,1,306.25,306.25,
2022-11-30,SKU00172,2,224.36,112.18,
2022-11-30,SKU00363,1,1103.75,1103.75,
2022-11-30,SKU00586,2,4916.56,2458.28,
2022-11-30,SKU00888,1,244.92,244.92,
2022-11-30,SKU00920,1,114.73,114.73,
2022-11-30,SKU00994,1,602.13,602.13,
2022-11-30,SKU01222,5,3353.9,670.78,
2022-11-30,SKU01244,1,2224.69,2224.69,
2022-11-30,SKU01261,1,327.98,327.98,
2022-11-30,SKU01873,1,604.87,747.67,1
2022-11-30,SKU02687,5,481.25,96.25,
2022-11-30,SKU02898,1,989.39,989.39,
2022-11-30,SKU03213,1,226.59,226.59,
2022-11-30,SKU03737,1,235.68,235.68,
2022-11-30,SKU04105,2,929.56,464.78,
2022-11-30,SKU04321,4,3845.2,961.3,
2022-11-30,SKU04677,4,671.4,167.85,
2022-12-01,SKU00179,2,170.72,85.36,
2022-12-01,SKU00190,2,290.84,145.42,
2022-12-01,SKU00242,1,218.49,218.49,
2022-12-01,SKU00363,1,1103.75,1103.75,
2022-12-01,SKU00643,2,981.56,490.78,
2022-12-01,SKU01485,1,476.18,476.18,
2022-12-01,SKU01741,4,615.24,153.81,
2022-12-01,SKU02088,1,69.31,69.31,
2022-12-01,SKU02392,1,132.22,132.22,
2022-12-01,SKU02431,1,430.58,430.58,
2022-12-01,SKU02544,1,231.91,231.91,
2022-12-01,SKU02752,1,705.99,705.99,
2022-12-01,SKU02824,1,54.13,54.13,
2022-12-01,SKU02923,1,124.18,124.18,
2022-12-01,SKU03017,2,6312.68,3156.34,
2022-12-01,SKU03156,1,200.11,200.11,
2022-12-01,SKU04032,6,1222.1999999999998,203.69999999999996,
2022-12-01,SKU04055,3,424.02,141.34,
2022-12-01,SKU04088,2,293.32,146.66,
2022-12-01,SKU04103,2,209.42,104.71,
2022-12-01,SKU04275,1,240.04,240.04,
2022-12-01,SKU04572,2,2261.34,1130.67,
2022-12-01,SKU04858,1,1174.96,1174.96,
2022-12-02,SKU00002,5,351.9,70.38,
2022-12-02,SKU00060,1,724.16,724.16,
2022-12-02,SKU00333,1,61.52,61.52,
2022-12-02,SKU00974,2,94.68,47.34,
2022-12-02,SKU01036,2,264.4,132.2,
2022-12-02,SKU01507,1,220.84,220.84,
2022-12-02,SKU01516,1,309.06,309.06,
2022-12-02,SKU01677,1,127.3,127.3,
2022-12-02,SKU01872,3,1401.64,577.52,1
2022-12-02,SKU02063,2,695.06,429.58,1
2022-12-02,SKU02858,3,272.1,90.7,
2022-12-02,SKU03292,1,164.03,164.03,
2022-12-02,SKU03513,1,216.89,216.89,
2022-12-02,SKU03630,1,234.93,234.93,
2022-12-02,SKU03763,1,85.93,85.93,
2022-12-02,SKU03779,3,1548.74,638.13,1
2022-12-02,SKU04321,1,961.3,961.3,
2022-12-02,SKU04508,2,751.1,375.55,
2022-12-03,SKU00385,2,760.82,380.41,
2022-12-03,SKU00587,5,22700.9,4540.18,
2022-12-03,SKU01014,2,549.0,274.5,
2022-12-03,SKU01653,1,550.27,550.27,
2022-12-03,SKU02138,1,799.69,799.69,
2022-12-03,SKU02640,3,4689.66,1563.22,
2022-12-03,SKU02778,2,342.38,171.19,
2022-12-03,SKU02912,1,156.0,156.0,
2022-12-03,SKU03053,1,4086.72,4086.72,
2022-12-03,SKU03705,1,254.25,254.25,
2022-12-03,SKU03758,4,474.84,118.71,
2022-12-03,SKU03907,3,2630.19,876.73,
2022-12-03,SKU04032,3,611.1,203.69999999999996,
2022-12-03,SKU04321,1,961.3,961.3,
2022-12-03,SKU04596,4,1342.2,335.55,
2022-12-03,SKU04647,3,864.93,288.31,
2022-12-04,SKU00020,1,109.5,109.5,
2022-12-04,SKU00038,2,755.04,377.52,
2022-12-04,SKU00085,1,372.68,372.68,
2022-12-04,SKU00285,4,2022.68,505.67,
2022-12-04,SKU00314,1,407.17,407.17,
2022-12-04,SKU00419,3,1236.9,509.64000000000004,1
2022-12-04,SKU00483,1,180.8,180.8,
2022-12-04,SKU00618,2,264.54,132.27,
2022-12-04,SKU00857,3,1347.9,449.3,
2022-12-04,SKU00893,2,1381.32,690.66,
2022-12-04,SKU01836,2,3313.16,1656.58,
2022-12-04,SKU02740,1,104.22,104.22,
2022-12-04,SKU03391,1,1440.2,1440.2,
2022-12-04,SKU03727,1,1660.93,1660.93,
2022-12-04,SKU03901,1,110.45,110.45,
2022-12-04,SKU03952,2,765.3,382.65,
2022-12-04,SKU04060,1,795.96,983.88,1
2022-12-04,SKU04093,2,5445.72,2722.86,
2022-12-04,SKU04321,1,961.3,961.3,
2022-12-04,SKU04616,4,895.08,223.77,
2022-12-04,SKU04847,1,630.96,630.96,
2022-12-05,SKU00018,4,375.52,93.88,
2022-12-05,SKU00062,4,1997.8,499.45,
2022-12-05,SKU00391,2,2415.66,1207.83,
2022-12-05,SKU00996,4,470.44,117.61,
2022-12-05,SKU01746,2,2146.9,1073.45,
2022-12-05,SKU02141,1,471.88,471.88,
2022-12-05,SKU02492,1,203.43,203.43,
2022-12-05,SKU03363,1,111.1,111.1,
2022-12-05,SKU03802,3,113.01,37.67,
2022-12-05,SKU03876,5,1163.9,232.78000000000003,
2022-12-05,SKU04127,3,291.87,97.29,
2022-12-05,SKU04154,4,1407.08,351.77,
2022-12-05,SKU04191,1,106.7,106.7,
2022-12-05,SKU04318,2,411.0,205.5,
2022-12-05,SKU04321,1,961.3,961.3,
2022-12-05,SKU04322,3,1533.57,511.19,
2022-12-05,SKU04329,1,2452.07,2452.07,
2022-12-05,SKU04459,1,1349.01,1349.01,
2022-12-05,SKU04748,1,553.81,553.81,
2022-12-05,SKU04778,3,1179.09,485.82,1
2022-12-05,SKU04781,1,79.52,79.52,
2022-12-05,SKU04796,2,3949.1,1974.55,
2022-12-06,SKU00083,1,333.54,333.54,
2022-12-06,SKU00131,1,119.24,119.24,
2022-12-06,SKU00190,1,145.42,145.42,
2022-12-06,SKU00396,1,394.96,394.96,
2022-12-06,SKU00404,5,1150.4,230.08,
2022-12-06,SKU00832,3,2839.59,946.5300000000001,
2022-12-06,SKU00942,1,172.9,172.9,
2022-12-06,SKU01001,3,1489.98,496.66,
2022-12-06,SKU01115,1,124.25,124.25,
2022-12-06,SKU01189,1,2299.8,2299.8,
2022-12-06,SKU01690,1,721.65,721.65,
2022-12-06,SKU02258,2,5238.96,2619.48,
2022-12-06,SKU02776,1,234.93,234.93,
2022-12-06,SKU03077,1,377.75,377.75,
2022-12-06,SKU03149,4,2442.32,610.58,
2022-12-06,SKU03175,1,160.68,160.68,
2022-12-06,SKU03308,3,823.77,274.59,
2022-12-06,SKU03506,1,541.05,541.05,
2022-12-06,SKU03969,1,109.07,109.07,
2022-12-06,SKU04315,4,1989.88,497.47,
2022-12-06,SKU04321,1,961.3,961.3,
2022-12-06,SKU04423,1,225.6,225.6,
2022-12-07,SKU00285,1,505.67,505.67,
2022-12-07,SKU00343,3,7781.01,2593.67,
2022-12-07,SKU00945,2,262.7,131.35,
2022-12-07,SKU01005,1,211.75,211.75,
2022-12-07,SKU01130,1,1764.9,1764.9,
2022-12-07,SKU01253,3,685.71,228.57000000000002,
2022-12-07,SKU01256,1,156.9,156.9,
2022-12-07,SKU01317,2,1043.33,644.83,1
2022-12-07,SKU01469,1,69.23,69.23,
2022-12-07,SKU01957,1,550.16,550.16,
2022-12-07,SKU02154,1,1876.53,1876.53,
2022-12-07,SKU02247,5,896.5,179.3,
2022-12-07,SKU02422,2,755.06,377.53,
2022-12-07,SKU02622,1,346.96,346.96,
2022-12-07,SKU02699,3,284.58,94.86,
2022-12-07,SKU02858,1,90.7,90.7,
2022-12-07,SKU03127,4,992.56,248.14,
2022-12-07,SKU03175,1,160.68,160.68,
2022-12-07,SKU03213,1,226.59,226.59,
2022-12-07,SKU03666,2,250.92,125.46,
2022-12-07,SKU03727,1,1660.93,1660.93,
2022-12-07,SKU03900,4,2067.28,516.82,
2022-12-07,SKU04321,2,1922.6,961.3,
2022-12-07,SKU04547,1,343.88,343.88,
2022-12-07,SKU04596,2,671.1,335.55,
2022-12-07,SKU04972,1,557.37,688.96,1
2022-12-08,SKU00089,2,632.54,316.27,
2022-12-08,SKU00200,2,269.98,134.99,
2022-12-08,SKU01009,3,670.26,223.42,
2022-12-08,SKU01045,2,902.58,451.29,
2022-12-08,SKU01432,1,78.81,78.81,
2022-12-08,SKU02141,1,471.88,471.88,
2022-12-08,SKU02225,1,994.41,1087.98,1
2022-12-08,SKU02702,2,684.16,342.08,
2022-12-08,SKU02839,2,3778.26,1889.13,
2022-12-08,SKU03003,1,141.34,141.34,
2022-12-08,SKU03232,1,2223.84,2223.84,
2022-12-08,SKU03673,2,1238.6,619.3,
2022-12-08,SKU04055,2,282.68,141.34,
2022-12-08,SKU04343,1,2377.93,2601.67,1
2022-12-08,SKU04380,1,286.93,286.93,
2022-12-08,SKU04390,1,1832.3,1832.3,
2022-12-08,SKU04596,5,1677.75,335.55,
2022-12-08,SKU04776,4,875.32,218.83,
2022-12-09,SKU00232,2,192.26,96.13,
2022-12-09,SKU00798,4,555.92,138.98,
2022-12-09,SKU00903,3,1241.25,413.75,
2022-12-09,SKU00961,2,979.55,605.41,1
2022-12-09,SKU01153,2,1640.45,897.4,1
2022-12-09,SKU01420,2,427.3,213.65,
2022-12-09,SKU01926,5,3207.55,641.51,
2022-12-09,SKU02377,1,93.23,93.23,
2022-12-09,SKU02473,1,146.58,146.58,
2022-12-09,SKU02587,4,1996.92,499.23,
2022-12-09,SKU03053,3,12260.16,4086.72,
2022-12-09,SKU03175,2,321.36,160.68,
2022-12-09,SKU03205,4,229.96,57.49,
2022-12-09,SKU03292,2,328.06,164.03,
2022-12-09,SKU03663,2,4523.66,2474.65,1
2022-12-09,SKU04274,1,153.61,153.61,
2022-12-09,SKU04423,1,225.6,225.6,
2022-12-09,SKU04646,1,82.38,82.38,
2022-12-10,SKU00171,2,507.86,253.93,
2022-12-10,SKU00502,3,2179.64,898.08,1
2022-12-10,SKU00667,1,573.95,573.95,
2022-12-10,SKU00750,1,831.38,1027.66,1
2022-12-10,SKU00890,1,539.8,539.8,
2022-12-10,SKU01010,4,1758.12,439.53,
2022-12-10,SKU01414,1,193.44,193.44,
2022-12-10,SKU01500,3,3185.73,1061.91,
2022-12-10,SKU01518,1,2678.03,2930.01,1
2022-12-10,SKU01636,1,179.26,179.26,
2022-12-10,SKU01714,1,336.72,336.72,
2022-12-10,SKU01809,1,867.3,1072.06,1
2022-12-10,SKU02183,3,764.07,254.68999999999997,
2022-12-10,SKU02412,3,2167.71,722.57,
2022-12-10,SKU02582,1,324.56,324.56,
2022-12-10,SKU02950,1,251.09,251.09,
2022-12-10,SKU03167,3,3047.61,1255.71,1
2022-12-10,SKU03252,2,956.66,478.33,
2022-12-10,SKU03348,3,857.7,285.9,
2022-12-10,SKU04211,2,622.72,311.36,
2022-12-10,SKU04286,3,666.69,222.23,
2022-12-10,SKU04321,2,1922.6,961.3,
2022-12-10,SKU04604,2,636.64,318.32,
2022-12-10,SKU04926,4,1835.68,458.92,
2022-12-10,SKU04966,2,243.54,121.77,
2022-12-11,SKU00096,1,210.25,210.25,
2022-12-11,SKU00169,1,95.37,95.37,
2022-12-11,SKU00249,1,243.38,243.38,
2022-12-11,SKU00715,3,4700.91,1566.97,
2022-12-11,SKU01556,2,3402.76,1701.38,
2022-12-11,SKU01685,1,135.27,135.27,
2022-12-11,SKU01824,3,974.79,324.93,
2022-12-11,SKU01845,2,1252.12,626.06,
2022-12-11,SKU03196,1,837.3,837.3,
2022-12-11,SKU03842,1,941.03,941.03,
2022-12-11,SKU04321,5,4806.5,961.3,
2022-12-11,SKU04362,2,466.84,233.42,
2022-12-11,SKU04381,3,576.21,192.07000000000002,
2022-12-11,SKU04514,1,804.2,804.2,
2022-12-11,SKU04627,3,1891.41,630.47,
2022-12-11,SKU04818,1,254.31,254.31,
2022-12-12,SKU00286,1,64.45,64.45,
2022-12-12,SKU00392,1,495.32,495.32,
2022-12-12,SKU00519,1,71.95,71.95,
2022-12-12,SKU00692,1,235.52,235.52,
2022-12-12,SKU01244,2,4066.73,2224.69,1
2022-12-12,SKU01520,2,2035.86,1113.71,1
2022-12-12,SKU01650,1,183.35,183.35,
2022-12-12,SKU01704,2,239.84,119.92,
2022-12-12,SKU01736,4,294.32,73.58,
2022-12-12,SKU01945,1,212.86,212.86,
2022-12-12,SKU02105,1,149.15,149.15,
2022-12-12,SKU02141,1,471.88,471.88,
2022-12-12,SKU02892,1,77.05,77.05,
2022-12-12,SKU03067,1,102.08,102.08,
2022-12-12,SKU03196,1,837.3,837.3,
2022-12-12,SKU03280,2,422.52,211.26,
2022-12-12,SKU04321,4,3845.2,961.3,
2022-12-12,SKU04410,1,1439.57,1439.57,
2022-12-12,SKU04633,1,620.55,620.55,
2022-12-13,SKU00040,1,206.7,206.7,
2022-12-13,SKU00190,1,145.42,145.42,
2022-12-13,SKU00391,1,1103.96,1207.83,1
2022-12-13,SKU00823,1,183.03,183.03,
2022-12-13,SKU00976,2,536.84,268.42,
2022-12-13,SKU01183,1,228.38,228.38,
2022-12-13,SKU01333,1,87.58,87.58,
2022-12-13,SKU01371,2,2555.22,1277.61,
2022-12-13,SKU01470,2,277.36,138.68,
2022-12-13,SKU02155,2,2226.96,1113.48,
2022-12-13,SKU02242,1,143.27,143.27,
2022-12-13,SKU02368,1,849.39,849.39,
2022-12-13,SKU02497,4,1880.12,470.03,
2022-12-13,SKU02890,2,317.24,158.62,
2022-12-13,SKU03109,1,312.25,312.25,
2022-12-13,SKU03249,5,2214.4,442.88,
2022-12-13,SKU03292,1,164.03,164.03,
2022-12-13,SKU03351,3,578.49,192.83,
2022-12-13,SKU03701,2,4737.74,2591.76,1
2022-12-13,SKU03932,1,188.65,188.65,
2022-12-13,SKU03962,4,1193.24,298.31,
2022-12-13,SKU04186,1,176.5,176.5,
2022-12-13,SKU04321,2,1922.6,961.3,
2022-12-13,SKU04490,5,1501.65,300.33,
2022-12-13,SKU04517,2,367.9,183.95,
2022-12-13,SKU04732,2,204.36,102.18,
2022-12-14,SKU00046,3,462.0,154.0,
2022-12-14,SKU00357,2,790.14,395.07,
2022-12-14,SKU00474,3,308.28,102.76,
2022-12-14,SKU00756,1,2410.57,2637.39,1
2022-12-14,SKU00982,1,1348.64,1475.54,1
2022-12-14,SKU01297,1,280.29,280.29,
2022-12-14,SKU01386,1,276.58,276.58,
2022-12-14,SKU01651,1,107.72,107.72,
2022-12-14,SKU01775,1,204.15,204.15,
2022-12-14,SKU02088,1,69.31,69.31,
2022-12-14,SKU02167,2,379.72,189.86,
2022-12-14,SKU02176,1,989.87,989.87,
2022-12-14,SKU02319,2,223.4,111.7,
2022-12-14,SKU02692,1,1914.86,2095.03,1
2022-12-14,SKU02720,2,220.61,139.98,1
2022-12-14,SKU02906,2,319.06,159.53,
2022-12-14,SKU04157,3,7344.04,2678.35,1
2022-12-14,SKU04321,2,1922.6,961.3,
2022-12-14,SKU04551,1,2498.23,2498.23,
2022-12-14,SKU04677,1,132.27,167.85,1
2022-12-15,SKU00449,2,2508.24,1254.12,
2022-12-15,SKU00803,1,1383.89,1383.89,
2022-12-15,SKU01743,4,5595.44,1398.86,
2022-12-15,SKU01774,1,129.33,129.33,
2022-12-15,SKU02067,1,290.9,290.9,
2022-12-15,SKU02266,3,1546.98,515.66,
2022-12-15,SKU02614,1,118.14,118.14,
2022-12-15,SKU02858,1,90.7,90.7,
2022-12-15,SKU02923,2,195.71,124.18,1
2022-12-15,SKU03446,2,285.88,142.94,
2022-12-15,SKU03959,1,316.0,316.0,
2022-12-15,SKU04032,3,611.1,203.69999999999996,
2022-12-15,SKU04116,5,644.65,128.93,
2022-12-15,SKU04228,1,79.26,79.26,
2022-12-15,SKU04321,2,1922.6,961.3,
2022-12-15,SKU04773,2,868.48,434.24,
2022-12-16,SKU00259,2,498.96,249.48,
2022-12-16,SKU00579,2,752.06,376.03,
2022-12-16,SKU01045,2,902.58,451.29,
2022-12-16,SKU02419,1,194.06,194.06,
2022-12-16,SKU02791,1,443.29,485.0,1
2022-12-16,SKU03004,2,4174.7,2087.35,
2022-12-16,SKU03158,2,200.02,100.01,
2022-12-16,SKU03423,1,354.49,387.84,1
2022-12-16,SKU03459,1,797.02,797.02,
2022-12-16,SKU03623,1,521.36,521.36,
2022-12-16,SKU03702,2,947.3,473.65,
2022-12-16,SKU04321,5,4806.5,961.3,
2022-12-17,SKU00190,5,727.1,145.42,
2022-12-17,SKU00391,2,2207.91,1207.83,1
2022-12-17,SKU00994,1,602.13,602.13,
2022-12-17,SKU01374,2,154.18,77.09,
2022-12-17,SKU01439,2,1975.5,987.75,
2022-12-17,SKU02002,1,251.48,251.48,
2022-12-17,SKU02141,2,943.76,471.88,
2022-12-17,SKU02320,4,339.97,107.86,1
2022-12-17,SKU02828,2,3317.98,1658.99,
2022-12-17,SKU03242,1,245.93,245.93,
2022-12-17,SKU03503,2,450.62,225.31,
2022-12-17,SKU04453,2,531.16,265.58,
2022-12-17,SKU04526,1,318.07,318.07,
2022-12-17,SKU04550,2,311.84,155.92,
2022-12-17,SKU04596,4,1342.2,335.55,
2022-12-17,SKU04649,1,541.59,541.59,
2022-12-17,SKU04894,1,262.59,262.59,
2022-12-17,SKU04956,2,1195.7,597.85,
2022-12-18,SKU00159,2,461.86,230.93,
2022-12-18,SKU00190,2,290.84,145.42,
2022-12-18,SKU00845,1,670.83,670.83,
2022-12-18,SKU00883,4,11411.55,3121.32,1
2022-12-18,SKU00981,1,330.37,330.37,
2022-12-18,SKU01150,2,559.14,279.57,
2022-12-18,SKU01379,1,193.26,193.26,
2022-12-18,SKU01398,2,1296.68,648.34,
2022-12-18,SKU02050,1,71.5,90.73,1
2022-12-18,SKU02469,1,1489.36,1489.36,
2022-12-18,SKU02675,1,593.9,593.9,
2022-12-18,SKU02790,3,167.75,70.96,1
2022-12-18,SKU02892,3,231.15,77.05,
2022-12-18,SKU04012,1,631.0,631.0,
2022-12-18,SKU04051,1,1415.53,1548.72,1
2022-12-18,SKU04321,4,3845.2,961.3,
2022-12-18,SKU04647,3,864.93,288.31,
2022-12-18,SKU04659,1,578.23,578.23,
2022-12-19,SKU00064,1,214.86,214.86,
2022-12-19,SKU00099,3,5015.97,1671.99,
2022-12-19,SKU00164,2,227.98,113.99,
2022-12-19,SKU00190,5,727.0999999999999,145.42,
2022-12-19,SKU00893,2,1381.32,690.66,
2022-12-19,SKU01145,3,102.0,34.0,
2022-12-19,SKU01189,3,6899.4,2299.8,
2022-12-19,SKU02163,3,2375.1,791.7000000000002,
2022-12-19,SKU02268,1,205.47,205.47,
2022-12-19,SKU02463,2,108.33,68.74,1
2022-12-19,SKU03835,1,897.0,897.0,
2022-12-19,SKU04191,5,533.5,106.7,
2022-12-19,SKU04321,4,3845.2,961.3,
2022-12-19,SKU04691,3,4023.51,1341.17,
2022-12-19,SKU04720,1,2039.01,2230.86,1
2022-12-19,SKU04926,1,458.92,458.92,
2022-12-20,SKU00288,2,218.0,109.0,
2022-12-20,SKU00745,2,6604.23,3612.82,1
2022-12-20,SKU00845,3,2012.49,670.83,
2022-12-20,SKU01021,1,1243.47,1243.47,
2022-12-20,SKU01284,2,530.48,265.24,
2022-12-20,SKU01371,1,1277.61,1277.61,
2022-12-20,SKU01377,1,131.24,131.24,
2022-12-20,SKU01450,1,1857.16,2031.9,1
2022-12-20,SKU01968,1,599.03,599.03,
2022-12-20,SKU02187,2,484.14,242.07,
2022-12-20,SKU02483,2,2331.62,1165.81,
2022-12-20,SKU02484,1,567.26,567.26,
2022-12-20,SKU02881,1,1621.31,1773.86,1
2022-12-20,SKU03562,1,51.41,51.41,
2022-12-20,SKU04154,3,1055.31,351.77,
2022-12-20,SKU04245,1,217.78,217.78,
2022-12-20,SKU04321,4,3845.2,961.3,
2022-12-20,SKU04571,3,2605.56,868.52,
2022-12-20,SKU04925,1,136.47,136.47,
2022-12-21,SKU00023,5,10144.55,2028.9100000000003,
2022-12-21,SKU00888,1,244.92,244.92,
2022-12-21,SKU01041,1,395.7,395.7,
2022-12-21,SKU01406,1,135.53,135.53,
2022-12-21,SKU01408,1,2419.63,2419.63,
2022-12-21,SKU01843,1,407.44,407.44,
2022-12-21,SKU01903,4,1439.96,359.99,
2022-12-21,SKU02162,4,1603.96,400.99,
2022-12-21,SKU02166,4,1739.12,434.78,
2022-12-21,SKU02327,1,753.71,753.71,
2022-12-21,SKU02340,1,234.67,234.67,
2022-12-21,SKU02417,1,1108.44,1108.44,
2022-12-21,SKU02621,1,898.35,898.35,
2022-12-21,SKU03057,1,206.34,206.34,
2022-12-21,SKU03292,1,164.03,164.03,
2022-12-21,SKU03535,1,178.62,178.62,
2022-12-21,SKU03714,3,3381.93,1127.31,
2022-12-21,SKU04157,1,2448.01,2678.35,1
2022-12-21,SKU04248,1,158.02,158.02,
2022-12-21,SKU04321,2,1922.6,961.3,
2022-12-21,SKU04472,3,461.07,153.69,
2022-12-21,SKU04642,2,660.68,330.34,
2022-12-21,SKU04773,3,1302.72,434.24,
2022-12-22,SKU00062,1,456.5,499.45,1
2022-12-22,SKU00942,2,345.8,172.9,
2022-12-22,SKU01014,2,549.0,274.5,
2022-12-22,SKU01451,1,119.56,119.56,
2022-12-22,SKU01913,1,208.36,208.36,
2022-12-22,SKU02290,1,173.84,173.84,
2022-12-22,SKU02503,1,280.9,280.9,
2022-12-22,SKU02659,1,601.35,601.35,
2022-12-22,SKU03215,5,847.15,169.43,
2022-12-22,SKU03282,1,1550.85,1550.85,
2022-12-22,SKU03571,2,2087.74,1043.87,
2022-12-22,SKU03578,1,225.73,225.73,
2022-12-22,SKU04406,1,101.0,128.17,1
2022-12-22,SKU04411,3,1236.87,412.29,
2022-12-22,SKU04530,2,486.18,243.09,
2022-12-23,SKU00824,3,1175.25,391.75,
2022-12-23,SKU01189,1,2299.8,2299.8,
2022-12-23,SKU01371,2,2555.22,1277.61,
2022-12-23,SKU01652,4,772.28,193.07,
2022-12-23,SKU01655,1,62.18,62.18,
2022-12-23,SKU01775,1,204.15,204.15,
2022-12-23,SKU02156,1,184.79,184.79,
2022-12-23,SKU02648,1,883.45,883.45,
2022-12-23,SKU02655,1,52.73,66.91,1
2022-12-23,SKU02736,2,307.02,153.51,
2022-12-23,SKU03063,1,363.59,363.59,
2022-12-23,SKU03199,3,234.24,78.08,
2022-12-23,SKU04157,1,2448.01,2678.35,1
2022-12-23,SKU04171,1,652.08,652.08,
2022-12-23,SKU04185,1,79.83,79.83,
2022-12-23,SKU04188,1,180.9,180.9,
2022-12-23,SKU04321,1,961.3,961.3,
2022-12-23,SKU04381,4,768.28,192.07,
2022-12-23,SKU04772,4,7811.72,1952.93,
2022-12-24,SKU00283,1,560.13,560.13,
2022-12-24,SKU01027,1,82.61,82.61,
2022-12-24,SKU01189,1,2299.8,2299.8,
2022-12-24,SKU01693,4,5933.16,1483.29,
2022-12-24,SKU02343,2,419.44,209.72,
2022-12-24,SKU02702,2,684.16,342.08,
2022-12-24,SKU02841,3,815.88,271.96,
2022-12-24,SKU02930,2,340.32,170.16,
2022-12-24,SKU03207,1,196.37,196.37,
2022-12-24,SKU03647,4,5325.11,1456.54,1
2022-12-24,SKU03648,2,624.22,312.11,
2022-12-24,SKU03890,2,1318.78,659.39,
2022-12-24,SKU04100,2,304.74,152.37,
2022-12-24,SKU04191,5,533.5,106.7,
2022-12-24,SKU04321,3,2883.9,961.2999999999998,
2022-12-24,SKU04358,1,430.16,430.16,
2022-12-24,SKU04588,1,279.4,279.4,
2022-12-24,SKU04943,1,145.62,145.62,
2022-12-25,SKU00242,2,344.34,218.49,1
2022-12-25,SKU00263,1,443.51,443.51,
2022-12-25,SKU00286,1,64.45,64.45,
2022-12-25,SKU00291,5,952.2,190.44,
2022-12-25,SKU00328,2,409.94,204.97,
2022-12-25,SKU00668,5,1097.25,219.45,
2022-12-25,SKU00801,2,167.84,83.92,
2022-12-25,SKU00823,2,366.06,183.03,
2022-12-25,SKU00921,1,3074.53,3363.82,1
2022-12-25,SKU00984,2,3564.04,1782.02,
2022-12-25,SKU01141,1,86.85,110.22,1
2022-12-25,SKU01153,1,820.22,897.4,1
2022-12-25,SKU01446,2,385.86,192.93,
2022-12-25,SKU01984,1,254.86,254.86,
2022-12-25,SKU02383,1,328.02,328.02,
2022-12-25,SKU02517,1,66.66,84.6,1
2022-12-25,SKU02692,1,1914.86,2095.03,1
2022-12-25,SKU02812,2,600.14,300.07,
2022-12-25,SKU02930,2,340.32,170.16,
2022-12-25,SKU03573,1,1738.69,1738.69,
2022-12-25,SKU03727,2,3036.18,1660.93,1
2022-12-25,SKU03760,2,1286.92,643.46,
2022-12-25,SKU04046,3,344.49,114.83,
2022-12-25,SKU04321,4,3845.2,961.3,
2022-12-26,SKU00469,1,152.95,152.95,
2022-12-26,SKU00484,3,537.12,179.04,
2022-12-26,SKU00552,3,2326.2,775.4,
2022-12-26,SKU02361,2,111.79,70.93,1
2022-12-26,SKU02570,1,179.97,179.97,
2022-12-26,SKU03292,1,164.03,164.03,
2022-12-26,SKU03568,2,504.52,252.26,
2022-12-26,SKU03812,1,1167.25,1167.25,
2022-12-26,SKU03912,1,181.63,181.63,
2022-12-26,SKU04046,1,114.83,114.83,
2022-12-26,SKU04105,1,464.78,464.78,
2022-12-26,SKU04321,1,961.3,961.3,
2022-12-26,SKU04596,3,1006.6500000000001,335.55,
2022-12-26,SKU04895,5,9375.2,1875.0400000000002,
2022-12-27,SKU00315,2,769.08,384.54,
2022-12-27,SKU01045,3,1353.87,451.29,
2022-12-27,SKU01809,2,2144.12,1072.06,
2022-12-27,SKU02479,3,2617.65,872.5499999999998,
2022-12-27,SKU02737,3,945.42,315.14,
2022-12-27,SKU02807,3,555.78,185.26,
2022-12-27,SKU03840,2,510.24,255.12,
2022-12-27,SKU04321,7,6729.099999999999,961.3,
2022-12-27,SKU04416,1,600.57,600.57,
2022-12-28,SKU00411,2,478.14,239.07,
2022-12-28,SKU00509,1,238.23,238.23,
2022-12-28,SKU01059,2,353.98,176.99,
2022-12-28,SKU01091,3,1952.43,650.81,
2022-12-28,SKU01427,1,956.01,956.01,
2022-12-28,SKU01736,3,220.74,73.58,
2022-12-28,SKU01768,2,723.34,361.67,
2022-12-28,SKU02111,2,350.62,175.31,
2022-12-28,SKU02153,3,2030.76,676.92,
2022-12-28,SKU02462,1,171.89,171.89,
2022-12-28,SKU02531,1,143.49,143.49,
2022-12-28,SKU02706,2,465.64,232.82,
2022-12-28,SKU02755,1,805.74,805.74,
2022-12-28,SKU03233,1,334.11,334.11,
2022-12-28,SKU04290,3,598.71,199.57000000000002,
2022-12-28,SKU04321,5,4806.5,961.3,
2022-12-28,SKU04646,1,82.38,82.38,
2022-12-28,SKU04671,1,205.55,205.55,
2022-12-28,SKU04684,1,124.43,124.43,
2022-12-28,SKU04926,1,458.92,458.92,
2022-12-29,SKU00197,3,991.86,330.62,
2022-12-29,SKU00286,1,64.45,64.45,
2022-12-29,SKU00289,1,539.37,539.37,
2022-12-29,SKU00322,3,1076.97,358.99,
2022-12-29,SKU00573,1,247.12,247.12,
2022-12-29,SKU00726,1,974.67,974.67,
2022-12-29,SKU00953,3,821.97,273.99,
2022-12-29,SKU01009,2,446.84,223.42,
2022-12-29,SKU01030,2,449.0,224.5,
2022-12-29,SKU01138,5,905.75,181.15,
2022-12-29,SKU01190,3,1039.44,346.48,
2022-12-29,SKU01371,1,1277.61,1277.61,
2022-12-29,SKU01704,3,359.76,119.92,
2022-12-29,SKU01799,1,244.14,244.14,
2022-12-29,SKU01956,2,520.62,260.31,
2022-12-29,SKU02163,3,2375.1,791.7000000000002,
2022-12-29,SKU02303,1,180.7,180.7,
2022-12-29,SKU02640,3,4689.66,1563.22,
2022-12-29,SKU02984,3,1095.3,365.1000000000001,
2022-12-29,SKU03345,2,265.08,132.54,
2022-12-29,SKU03790,1,745.39,745.39,
2022-12-29,SKU03829,1,660.71,660.71,
2022-12-29,SKU03968,1,119.45,119.45,
2022-12-29,SKU04046,1,114.83,114.83,
2022-12-29,SKU04103,1,104.71,104.71,
2022-12-29,SKU04321,1,961.3,961.3,
2022-12-29,SKU04711,1,291.42,291.42,
2022-12-29,SKU04812,2,503.38,251.69,
2022-12-29,SKU04895,2,3750.08,1875.04,
2022-12-30,SKU00079,4,791.6,197.9,
2022-12-30,SKU00135,3,574.56,191.52,
2022-12-30,SKU00278,3,5423.52,1807.84,
2022-12-30,SKU00286,1,64.45,64.45,
2022-12-30,SKU00668,1,219.45,219.45,
2022-12-30,SKU00698,1,231.37,231.37,
2022-12-30,SKU01111,2,603.0,301.5,
2022-12-30,SKU01331,4,351.0,87.75,
2022-12-30,SKU01550,2,68.96,34.48,
2022-12-30,SKU02107,2,1621.82,810.91,
2022-12-30,SKU02247,3,537.9,179.30000000000004,
2022-12-30,SKU02321,1,1199.36,1199.36,
2022-12-30,SKU02712,1,168.07,168.07,
2022-12-30,SKU02747,3,1683.78,561.26,
2022-12-30,SKU03460,1,2773.93,3034.93,1
2022-12-30,SKU03564,2,211.76,105.88,
2022-12-30,SKU03647,5,6656.39,1456.54,1
2022-12-30,SKU03755,2,2370.84,1185.42,
2022-12-30,SKU04309,4,507.36,126.84,
2022-12-30,SKU04515,5,1220.95,244.19,
2022-12-30,SKU04596,3,1006.65,335.55,
2022-12-30,SKU04677,2,335.7,167.85,
2022-12-31,SKU00190,1,145.42,145.42,
2022-12-31,SKU00407,1,2531.62,2769.83,1
2022-12-31,SKU01110,1,1608.9,1608.9,
2022-12-31,SKU01197,1,2209.52,2209.52,
2022-12-31,SKU01575,2,1000.0,500.0,
2022-12-31,SKU01898,1,304.55,304.55,
2022-12-31,SKU01968,1,599.03,599.03,
2022-12-31,SKU02345,1,335.5,335.5,
2022-12-31,SKU02778,3,513.57,171.18999999999997,
2022-12-31,SKU02858,5,453.5,90.7,
2022-12-31,SKU02887,2,4148.96,2074.48,
2022-12-31,SKU03002,1,52.44,52.44,
2022-12-31,SKU03007,1,2447.79,2447.79,
2022-12-31,SKU03365,4,944.4,236.1,
2022-12-31,SKU03727,1,1518.09,1660.93,1
2022-12-31,SKU03881,1,565.72,565.72,
2022-12-31,SKU03902,1,342.12,342.12,
2022-12-31,SKU04166,3,791.01,263.67,
2022-12-31,SKU04245,2,435.56,217.78,
2022-12-31,SKU04321,1,961.3,961.3,
2022-12-31,SKU04350,1,394.93,394.93,
2022-12-31,SKU04558,1,839.49,839.49,
2022-12-31,SKU04586,5,2406.9,481.38,
2022-12-31,SKU04985,2,2155.61,1179.22,1
2023-01-01,SKU00082,2,960.32,480.16,
2023-01-01,SKU00101,2,245.14,122.57,
2023-01-01,SKU00363,3,3311.25,1103.75,
2023-01-01,SKU00500,4,5058.32,1264.58,
2023-01-01,SKU00635,3,460.02,153.34,
2023-01-01,SKU00996,1,117.61,117.61,
2023-01-01,SKU01695,1,1209.62,1323.43,1
2023-01-01,SKU02475,1,203.98,203.98,
2023-01-01,SKU02850,1,261.58,261.58,
2023-01-01,SKU03166,2,667.66,333.83,
2023-01-01,SKU03417,3,1414.5,471.5,
2023-01-01,SKU04829,3,478.26,159.42,
2023-01-01,SKU04954,4,1498.88,374.72,
2023-01-02,SKU00793,1,1050.17,1050.17,
2023-01-02,SKU01509,1,1268.69,1268.69,
2023-01-02,SKU01635,1,958.36,1048.53,1
2023-01-02,SKU02011,3,3679.23,1226.41,
2023-01-02,SKU02954,3,1809.9,603.3,
2023-01-02,SKU02988,2,505.96,252.98,
2023-01-02,SKU03476,1,622.84,681.44,1
2023-01-02,SKU04032,1,203.7,203.7,
2023-01-02,SKU04321,1,961.3,961.3,
2023-01-03,SKU00052,2,2744.3,1372.15,
2023-01-03,SKU00079,2,395.8,197.9,
2023-01-03,SKU00388,1,63.62,63.62,
2023-01-03,SKU00929,1,158.05,158.05,
2023-01-03,SKU01549,1,235.17,235.17,
2023-01-03,SKU01608,2,343.4,171.7,
2023-01-03,SKU02304,1,407.42,407.42,
2023-01-03,SKU02588,2,187.64,93.82,
2023-01-03,SKU02747,3,1683.78,561.26,
2023-01-03,SKU02954,1,603.3,603.3,
2023-01-03,SKU03162,1,365.6,365.6,
2023-01-03,SKU03226,2,750.3,375.15,
2023-01-03,SKU03588,1,609.28,609.28,
2023-01-03,SKU04255,3,855.36,285.12,
2023-01-04,SKU00164,1,113.99,113.99,
2023-01-04,SKU01207,1,437.42,437.42,
2023-01-04,SKU01331,2,175.5,87.75,
2023-01-04,SKU01485,3,1428.54,476.18,
2023-01-04,SKU01628,2,312.36,156.18,
2023-01-04,SKU01629,2,188.06,94.03,
2023-01-04,SKU01803,5,1580.5,316.1,
2023-01-04,SKU02131,3,3318.21,1106.07,
2023-01-04,SKU02338,1,313.63,313.63,
2023-01-04,SKU02391,1,120.15,120.15,
2023-01-04,SKU02439,1,307.32,307.32,
2023-01-04,SKU02954,1,603.3,603.3,
2023-01-04,SKU03550,1,865.57,865.57,
2023-01-04,SKU03633,1,118.27,118.27,
2023-01-04,SKU03787,5,3473.35,694.67,
2023-01-04,SKU04321,2,1922.6,961.3,
2023-01-04,SKU04430,2,264.3,132.15,
2023-01-05,SKU00049,3,1752.75,584.25,
2023-01-05,SKU00254,2,211.1,105.55,
2023-01-05,SKU00410,1,1081.09,1081.09,
2023-01-05,SKU00453,1,349.65,382.55,1
2023-01-05,SKU00531,3,8088.79,2949.9600000000005,1
2023-01-05,SKU00605,1,420.44,420.44,
2023-01-05,SKU00978,1,524.42,524.42,
2023-01-05,SKU01095,3,3832.68,1277.56,
2023-01-05,SKU01338,3,1063.92,354.64000000000004,
2023-01-05,SKU02503,2,561.8,280.9,
2023-01-05,SKU02660,1,81.91,81.91,
2023-01-05,SKU02984,1,365.1,365.1,
2023-01-05,SKU04183,4,3059.76,764.94,
2023-01-05,SKU04321,2,1922.6,961.3,
2023-01-05,SKU04390,2,3664.6,1832.3,
2023-01-05,SKU04622,4,8103.32,2025.83,
2023-01-06,SKU01037,1,178.07,178.07,
2023-01-06,SKU01061,2,1595.98,797.99,
2023-01-06,SKU02385,1,2269.28,2269.28,
2023-01-06,SKU02968,1,1011.61,1011.61,
2023-01-06,SKU03157,3,501.75,167.25,
2023-01-06,SKU03193,1,259.16,259.16,
2023-01-06,SKU03292,1,164.03,164.03,
2023-01-06,SKU03542,2,3132.88,1566.44,
2023-01-06,SKU04824,1,1024.94,1024.94,
2023-01-07,SKU00376,1,207.45,207.45,
2023-01-07,SKU00415,1,1769.39,1769.39,
2023-01-07,SKU00762,1,169.42,169.42,
2023-01-07,SKU00823,1,183.03,183.03,
2023-01-07,SKU00994,2,1204.26,602.13,
2023-01-07,SKU01294,4,1767.48,441.87,
2023-01-07,SKU02333,1,53.1,53.1,
2023-01-07,SKU02567,2,744.0,372.0,
2023-01-07,SKU03293,1,274.48,274.48,
2023-01-07,SKU03535,4,714.48,178.62,
2023-01-07,SKU04687,1,58.4,58.4,
2023-01-07,SKU04705,3,441.09,147.03,
2023-01-08,SKU01004,1,2343.18,2343.18,
2023-01-08,SKU02141,3,1415.64,471.87999999999994,
2023-01-08,SKU02176,3,2969.61,989.87,
2023-01-08,SKU02317,1,287.3,287.3,
2023-01-08,SKU03171,1,144.79,144.79,
2023-01-08,SKU03354,2,94.88,47.44,
2023-01-08,SKU03546,2,992.34,496.17,
2023-01-08,SKU03955,1,499.04,499.04,
2023-01-08,SKU04159,1,2188.36,2188.36,
2023-01-08,SKU04168,1,701.3,701.3,
2023-01-08,SKU04309,3,380.52,126.83999999999999,
2023-01-08,SKU04318,2,411.0,205.5,
2023-01-08,SKU04321,1,961.3,961.3,
2023-01-08,SKU04377,1,152.67,152.67,
2023-01-08,SKU04954,4,1498.88,374.72,
2023-01-09,SKU00015,1,277.24,277.24,
2023-01-09,SKU00123,1,99.13,99.13,
2023-01-09,SKU00313,3,2636.28,878.7599999999999,
2023-01-09,SKU00404,2,460.16,230.08,
2023-01-09,SKU00633,1,189.01,189.01,
2023-01-09,SKU00657,1,520.54,520.54,
2023-01-09,SKU01089,1,134.77,134.77,
2023-01-09,SKU01296,1,84.47,84.47,
2023-01-09,SKU01730,1,100.9,100.9,
2023-01-09,SKU02079,1,153.65,153.65,
2023-01-09,SKU03193,3,777.48,259.16,
2023-01-09,SKU03271,1,587.02,587.02,
2023-01-09,SKU03891,2,319.38,159.69,
2023-01-09,SKU04021,2,361.06,180.53,
2023-01-09,SKU04046,1,114.83,114.83,
2023-01-09,SKU04321,3,2883.8999999999996,961.2999999999998,
2023-01-09,SKU04571,2,1737.04,868.52,
2023-01-10,SKU00641,1,164.18,164.18,
2023-01-10,SKU00658,2,303.3,151.65,
2023-01-10,SKU00949,1,210.68,210.68,
2023-01-10,SKU01045,2,902.58,451.29,
2023-01-10,SKU01059,3,530.97,176.99,
2023-01-10,SKU01125,3,3437.31,1145.77,
2023-01-10,SKU01819,3,3136.32,1045.44,
2023-01-10,SKU01926,1,641.51,641.51,
2023-01-10,SKU02526,1,698.11,698.11,
2023-01-10,SKU03128,1,58.56,58.56,
2023-01-10,SKU03568,2,504.52,252.26,
2023-01-10,SKU04032,1,203.7,203.7,
2023-01-10,SKU04318,1,205.5,205.5,
2023-01-10,SKU04320,1,2952.52,2952.52,
2023-01-10,SKU04849,2,2915.96,1457.98,
2023-01-11,SKU00896,1,194.43,194.43,
2023-01-11,SKU00942,1,172.9,172.9,
2023-01-11,SKU00953,2,547.98,273.99,
2023-01-11,SKU01168,4,1079.08,269.77,
2023-01-11,SKU02218,2,264.06,132.03,
2023-01-11,SKU02930,2,340.32,170.16,
2023-01-11,SKU03185,2,658.22,329.11,
2023-01-11,SKU03727,3,4982.79,1660.93,
2023-01-11,SKU04321,3,2883.8999999999996,961.2999999999998,
2023-01-11,SKU04609,2,1151.6,575.8,
2023-01-11,SKU04627,2,1260.94,630.47,
2023-01-12,SKU00500,1,1264.58,1264.58,
2023-01-12,SKU00920,2,229.46,114.73,
2023-01-12,SKU01677,1,127.3,127.3,
2023-01-12,SKU01993,2,284.34,142.17,
2023-01-12,SKU02301,2,2042.82,1021.41,
2023-01-12,SKU02381,1,987.93,987.93,
2023-01-12,SKU02389,5,4154.1,830.82,
2023-01-12,SKU02442,1,507.66,507.66,
2023-01-12,SKU02536,4,1624.76,406.19,
2023-01-12,SKU02776,1,234.93,234.93,
2023-01-12,SKU03137,3,495.69,165.23,
2023-01-12,SKU03752,2,239.7,119.85,
2023-01-12,SKU03840,2,510.24,255.12,
2023-01-12,SKU04069,1,485.51,485.51,
2023-01-12,SKU04321,2,1922.6,961.3,
2023-01-12,SKU04447,2,2381.28,1190.64,
2023-01-13,SKU00387,5,3164.8,632.96,
2023-01-13,SKU01254,1,116.86,116.86,
2023-01-13,SKU02046,2,4018.94,2009.47,
2023-01-13,SKU02335,3,1180.68,393.56,
2023-01-13,SKU02532,2,231.34,115.67,
2023-01-13,SKU03267,3,650.22,216.74,
2023-01-13,SKU03310,1,724.69,724.69,
2023-01-13,SKU03404,1,2511.82,2511.82,
2023-01-13,SKU03911,2,178.04,89.02,
2023-01-13,SKU04036,1,952.04,952.04,
2023-01-13,SKU04125,2,439.64,219.82,
2023-01-13,SKU04313,1,644.69,644.69,
2023-01-13,SKU04320,5,14762.6,2952.52,
2023-01-13,SKU04321,3,2883.9,961.2999999999998,
2023-01-13,SKU04529,3,3570.84,1190.28,
2023-01-13,SKU04871,1,761.27,761.27,
2023-01-14,SKU00079,2,395.8,197.9,
2023-01-14,SKU00994,3,1806.39,602.13,
2023-01-14,SKU02403,1,200.51,200.51,
2023-01-14,SKU02531,1,143.49,143.49,
2023-01-14,SKU02789,1,1348.1,1348.1,
2023-01-14,SKU02849,1,73.3,73.3,
2023-01-14,SKU03878,1,123.56,123.56,
2023-01-14,SKU04026,3,722.91,240.97,
2023-01-14,SKU04321,5,4806.5,961.3,
2023-01-14,SKU04367,1,362.71,362.71,
2023-01-14,SKU04596,1,335.55,335.55,
2023-01-14,SKU04677,2,335.7,167.85,
2023-01-15,SKU00196,1,90.98,90.98,
2023-01-15,SKU00272,3,3681.84,1227.28,
2023-01-15,SKU00286,1,64.45,64.45,
2023-01-15,SKU02048,1,520.27,520.27,
2023-01-15,SKU02071,1,179.94,179.94,
2023-01-15,SKU02297,1,1276.77,1276.77,
2023-01-15,SKU03001,2,5430.64,2715.32,
2023-01-15,SKU03461,2,1723.5,861.75,
2023-01-15,SKU03550,4,3462.28,865.57,
2023-01-15,SKU03733,2,1196.56,598.28,
2023-01-15,SKU04042,1,242.79,242.79,
2023-01-15,SKU04056,1,1184.05,1184.05,
2023-01-15,SKU04321,1,961.3,961.3,
2023-01-15,SKU04451,3,181.83,60.60999999999999,
2023-01-16,SKU01079,1,125.88,125.88,
2023-01-16,SKU01199,2,5078.16,2539.08,
2023-01-16,SKU01432,2,157.62,78.81,
2023-01-16,SKU02737,2,630.28,315.14,
2023-01-16,SKU02952,1,158.78,158.78,
2023-01-16,SKU03397,3,1179.21,393.07,
2023-01-16,SKU03475,2,4608.56,2304.28,
2023-01-16,SKU03702,2,947.3,473.65,
2023-01-16,SKU04321,2,1922.6,961.3,
2023-01-16,SKU04610,4,8319.56,2079.89,
2023-01-17,SKU00020,1,109.5,109.5,
2023-01-17,SKU00953,3,821.97,273.99,
2023-01-17,SKU02176,1,989.87,989.87,
2023-01-17,SKU02195,5,2431.5,486.3,
2023-01-17,SKU02407,2,992.6,496.3,
2023-01-17,SKU02920,3,205.41,68.47,
2023-01-17,SKU02973,1,242.96,242.96,
2023-01-17,SKU03196,1,837.3,837.3,
2023-01-17,SKU03756,1,1150.76,1150.76,
2023-01-17,SKU03785,4,933.92,233.48,
2023-01-17,SKU03978,1,192.57,192.57,
2023-01-17,SKU04363,1,151.12,151.12,
2023-01-17,SKU04562,1,1316.91,1316.91,
2023-01-17,SKU04932,2,623.86,311.93,
2023-01-17,SKU04936,1,328.89,328.89,
2023-01-18,SKU00137,2,290.86,145.43,
2023-01-18,SKU00845,2,1341.66,670.83,
2023-01-18,SKU01188,2,562.1,281.05,
2023-01-18,SKU01189,1,2299.8,2299.8,
2023-01-18,SKU01445,1,3469.54,3469.54,
2023-01-18,SKU01664,4,1746.08,436.52,
2023-01-18,SKU02375,2,170.12,85.06,
2023-01-18,SKU02618,2,491.98,245.99,
2023-01-18,SKU02690,1,249.77,249.77,
2023-01-18,SKU02866,1,94.26,94.26,
2023-01-18,SKU03130,1,4194.16,4194.16,
2023-01-18,SKU03170,1,324.84,324.84,
2023-01-18,SKU03292,2,328.06,164.03,
2023-01-18,SKU03836,1,442.52,442.52,
2023-01-18,SKU04321,3,2883.8999999999996,961.2999999999998,
2023-01-18,SKU04423,2,451.2,225.6,
2023-01-19,SKU00131,2,238.48,119.24,
2023-01-19,SKU00324,1,498.27,498.27,
2023-01-19,SKU00539,1,199.63,199.63,
2023-01-19,SKU00753,3,540.06,180.02,
2023-01-19,SKU01343,1,332.15,332.15,
2023-01-19,SKU01579,4,1536.36,384.09,
2023-01-19,SKU01699,1,228.35,228.35,
2023-01-19,SKU02219,1,164.19,164.19,
2023-01-19,SKU02648,4,3533.8,883.45,
2023-01-19,SKU02923,1,124.18,124.18,
2023-01-19,SKU03476,1,681.44,681.44,
2023-01-19,SKU03531,1,1772.13,1772.13,
2023-01-19,SKU04009,1,63.37,63.37,
2023-01-19,SKU04306,4,651.76,162.94,
2023-01-19,SKU04321,1,961.3,961.3,
2023-01-19,SKU04381,1,192.07,192.07,
2023-01-19,SKU04796,1,1974.55,1974.55,
2023-01-19,SKU04847,2,1261.92,630.96,
2023-01-20,SKU00483,1,180.8,180.8,
2023-01-20,SKU01239,3,6446.22,2148.74,
2023-01-20,SKU01420,1,213.65,213.65,
2023-01-20,SKU02648,1,883.45,883.45,
2023-01-20,SKU03134,2,393.88,196.94,
2023-01-20,SKU03587,2,505.44,252.72,
2023-01-20,SKU03751,4,1573.52,393.38,
2023-01-20,SKU03887,4,2057.12,514.28,
2023-01-20,SKU04082,1,52.98,52.98,
2023-01-20,SKU04230,2,328.46,164.23,
2023-01-20,SKU04321,3,2883.8999999999996,961.2999999999998,
2023-01-20,SKU04574,1,71.96,71.96,
2023-01-21,SKU00079,1,197.9,197.9,
2023-01-21,SKU00456,1,291.76,291.76,
2023-01-21,SKU00548,1,910.03,910.03,
2023-01-21,SKU00938,1,47.74,47.74,
2023-01-21,SKU01501,2,199.4,99.7,
2023-01-21,SKU02747,1,561.26,561.26,
2023-01-21,SKU03422,1,1121.44,1121.44,
2023-01-21,SKU03859,4,438.6,109.65,
2023-01-21,SKU04034,1,1575.82,1575.82,
2023-01-21,SKU04321,2,1922.6,961.3,
2023-01-21,SKU04856,1,245.47,245.47,
2023-01-22,SKU01388,1,163.36,163.36,
2023-01-22,SKU01485,3,1428.54,476.18,
2023-01-22,SKU01670,1,280.78,280.78,
2023-01-22,SKU01870,5,1130.8,226.16,
2023-01-22,SKU02414,1,380.1,380.1,
2023-01-22,SKU03088,2,447.1,223.55,
2023-01-22,SKU03292,5,820.15,164.03,
2023-01-22,SKU03535,1,178.62,178.62,
2023-01-22,SKU03727,1,1660.93,1660.93,
2023-01-22,SKU04166,2,527.34,263.67,
2023-01-22,SKU04321,3,2883.9,961.2999999999998,
2023-01-22,SKU04345,1,144.23,144.23,
2023-01-22,SKU04570,1,122.7,122.7,
2023-01-22,SKU04765,3,6927.81,2309.27,
2023-01-23,SKU00096,1,210.25,210.25,
2023-01-23,SKU00694,1,179.71,179.71,
2023-01-23,SKU01397,3,12544.74,4181.58,
2023-01-23,SKU01691,4,970.68,242.67,
2023-01-23,SKU01960,1,98.1,98.1,
2023-01-23,SKU02015,1,104.06,104.06,
2023-01-23,SKU02265,1,846.76,846.76,
2023-01-23,SKU02348,1,1458.3,1458.3,
2023-01-23,SKU02505,3,3964.8,1321.6,
2023-01-23,SKU03537,1,150.25,150.25,
2023-01-23,SKU03576,2,123.94,61.97,
2023-01-23,SKU04032,2,407.4,203.7,
2023-01-23,SKU04141,2,541.6,270.8,
2023-01-23,SKU04321,1,961.3,961.3,
2023-01-23,SKU04564,4,354.04,88.51,
2023-01-24,SKU00278,2,3615.68,1807.84,
2023-01-24,SKU00422,3,829.89,276.63,
2023-01-24,SKU01576,2,1419.08,709.54,
2023-01-24,SKU03163,2,602.02,301.01,
2023-01-24,SKU03883,1,181.52,181.52,
2023-01-25,SKU00004,1,233.64,233.64,
2023-01-25,SKU00263,3,1330.53,443.51,
2023-01-25,SKU00458,1,452.69,452.69,
2023-01-25,SKU00697,2,356.98,178.49,
2023-01-25,SKU01085,3,790.92,263.64,
2023-01-25,SKU02132,1,428.85,428.85,
2023-01-25,SKU02434,2,1467.22,733.61,
2023-01-25,SKU02511,3,513.87,171.29,
2023-01-25,SKU02668,3,3367.47,1122.49,
2023-01-25,SKU03226,2,750.3,375.15,
2023-01-25,SKU03292,1,164.03,164.03,
2023-01-25,SKU04154,2,703.54,351.77,
2023-01-25,SKU04321,7,6729.1,961.3000000000001,
2023-01-25,SKU04571,2,1737.04,868.52,
2023-01-26,SKU00317,2,221.18,110.59,
2023-01-26,SKU00468,3,302.22,100.74,
2023-01-26,SKU00500,1,1264.58,1264.58,
2023-01-26,SKU00643,1,490.78,490.78,
2023-01-26,SKU02141,1,471.88,471.88,
2023-01-26,SKU02311,2,1300.44,650.22,
2023-01-26,SKU02449,1,137.83,137.83,
2023-01-26,SKU02572,1,572.11,572.11,
2023-01-26,SKU02848,1,334.01,334.01,
2023-01-26,SKU04242,5,5463.4,1092.68,
2023-01-26,SKU04321,5,4806.5,961.3,
2023-01-26,SKU04373,1,1033.69,1033.69,
2023-01-26,SKU04663,1,715.73,715.73,
2023-01-27,SKU00366,4,789.24,197.31,
2023-01-27,SKU00692,1,235.52,235.52,
2023-01-27,SKU01003,1,324.39,324.39,
2023-01-27,SKU01281,2,363.02,181.51,
2023-01-27,SKU01811,2,2703.88,1351.94,
2023-01-27,SKU03638,3,399.03,133.01,
2023-01-27,SKU04154,2,703.54,351.77,
2023-01-27,SKU04321,1,961.3,961.3,
2023-01-27,SKU04381,2,384.14,192.07,
2023-01-27,SKU04806,5,460.55,92.11,
2023-01-27,SKU04926,1,458.92,458.92,
2023-01-28,SKU00286,1,64.45,64.45,
2023-01-28,SKU00493,1,391.9,391.9,
2023-01-28,SKU01138,2,362.3,181.15,
2023-01-28,SKU01371,1,1277.61,1277.61,
2023-01-28,SKU01435,1,1037.9,1037.9,
2023-01-28,SKU01886,1,1996.89,1996.89,
2023-01-28,SKU02004,1,925.67,925.67,
2023-01-28,SKU02220,2,293.4,146.7,
2023-01-28,SKU02303,3,542.1,180.69999999999996,
2023-01-28,SKU03586,3,420.15,140.05,
2023-01-28,SKU03910,3,1992.87,664.29,
2023-01-28,SKU04035,1,140.98,140.98,
2023-01-28,SKU04462,1,191.58,191.58,
2023-01-28,SKU04581,2,219.2,109.6,
2023-01-28,SKU04719,2,481.5,240.75,
2023-01-28,SKU04909,2,381.92,190.96,
2023-01-29,SKU00166,3,2492.31,830.77,
2023-01-29,SKU00360,1,86.25,86.25,
2023-01-29,SKU00595,1,2693.97,2693.97,
2023-01-29,SKU00784,1,397.04,397.04,
2023-01-29,SKU01295,2,297.22,148.61,
2023-01-29,SKU01422,2,619.58,309.79,
2023-01-29,SKU01549,1,235.17,235.17,
2023-01-29,SKU01904,1,280.72,280.72,
2023-01-29,SKU01984,2,509.72,254.86,
2023-01-29,SKU02640,4,6252.88,1563.22,
2023-01-29,SKU03193,1,259.16,259.16,
2023-01-29,SKU03599,3,482.85,160.95,
2023-01-29,SKU03727,1,1660.93,1660.93,
2023-01-29,SKU04274,1,153.61,153.61,
2023-01-29,SKU04321,1,961.3,961.3,
2023-01-29,SKU04422,2,136.72,68.36,
2023-01-30,SKU00255,2,317.72,158.86,
2023-01-30,SKU00953,1,273.99,273.99,
2023-01-30,SKU01056,1,2441.35,2441.35,
2023-01-30,SKU01847,1,723.74,723.74,
2023-01-30,SKU02275,3,564.36,188.12,
2023-01-30,SKU02345,2,671.0,335.5,
2023-01-30,SKU02447,1,282.85,282.85,
2023-01-30,SKU02729,1,883.5,883.5,
2023-01-30,SKU02747,1,561.26,561.26,
2023-01-30,SKU02808,1,471.71,471.71,
2023-01-30,SKU02904,3,937.74,312.58,
2023-01-30,SKU03199,3,234.24,78.08,
2023-01-30,SKU03571,1,1043.87,1043.87,
2023-01-30,SKU03693,1,1381.82,1381.82,
2023-01-30,SKU03783,2,2138.4,1069.2,
2023-01-30,SKU03949,1,1149.07,1149.07,
2023-01-30,SKU04596,1,335.55,335.55,
2023-01-30,SKU04813,1,397.81,397.81,
2023-01-30,SKU04924,1,2799.28,2799.28,
2023-01-31,SKU01226,1,148.05,148.05,
2023-01-31,SKU01546,1,562.85,562.85,
2023-01-31,SKU01560,1,41.4,41.4,
2023-01-31,SKU02680,1,268.34,268.34,
2023-01-31,SKU03064,2,495.08,247.54,
2023-01-31,SKU03318,1,348.98,348.98,
2023-01-31,SKU03477,1,1607.13,1607.13,
2023-01-31,SKU03542,1,1566.44,1566.44,
2023-01-31,SKU04046,1,114.83,114.83,
2023-01-31,SKU04078,2,715.1,357.55,
2023-01-31,SKU04156,1,3610.04,3610.04,
2023-01-31,SKU04321,2,1922.6,961.3,
2023-01-31,SKU04476,2,269.9,134.95,
2023-02-01,SKU00079,2,395.8,197.9,
2023-02-01,SKU00369,1,368.93,368.93,
2023-02-01,SKU00953,2,547.98,273.99,
2023-02-01,SKU00994,2,1204.26,602.13,
2023-02-01,SKU02015,1,104.06,104.06,
2023-02-01,SKU02330,1,221.38,221.38,
2023-02-01,SKU03070,1,524.48,524.48,
2023-02-01,SKU03174,3,3157.17,1052.39,
2023-02-01,SKU03433,4,648.28,162.07,
2023-02-01,SKU03538,2,171.68,85.84,
2023-02-01,SKU04076,1,165.54,165.54,
2023-02-01,SKU04321,3,2883.9,961.2999999999998,
2023-02-01,SKU04350,4,1579.72,394.93,
2023-02-02,SKU00264,1,242.74,242.74,
2023-02-02,SKU02141,1,471.88,471.88,
2023-02-02,SKU03057,3,619.02,206.34,
2023-02-02,SKU03119,3,112.68,37.56,
2023-02-02,SKU04321,8,7690.4,961.3,
2023-02-02,SKU04350,3,1184.79,394.93,
2023-02-02,SKU04411,3,1236.87,412.29,
2023-02-03,SKU00286,1,64.45,64.45,
2023-02-03,SKU00639,1,853.59,853.59,
2023-02-03,SKU01197,1,2209.52,2209.52,
2023-02-03,SKU01552,1,215.66,215.66,
2023-02-03,SKU02300,1,95.66,95.66,
2023-02-03,SKU02691,2,618.42,309.21,
2023-02-03,SKU02712,2,336.14,168.07,
2023-02-03,SKU03232,1,2223.84,2223.84,
2023-02-03,SKU03539,2,136.78,68.39,
2023-02-03,SKU03735,2,257.96,128.98,
2023-02-03,SKU03743,1,253.24,253.24,
2023-02-03,SKU03812,2,2334.5,1167.25,
2023-02-03,SKU04140,2,662.8,331.4,
2023-02-03,SKU04295,1,2337.99,2337.99,
2023-02-03,SKU04318,3,616.5,205.5,
2023-02-03,SKU04473,1,1577.0,1577.0,
2023-02-04,SKU00020,1,109.5,109.5,
2023-02-04,SKU00175,1,182.36,182.36,
2023-02-04,SKU00365,2,156.0,78.0,
2023-02-04,SKU01189,1,2299.8,2299.8,
2023-02-04,SKU02211,1,1230.59,1230.59,
2023-02-04,SKU02415,2,882.42,441.21,
2023-02-04,SKU03292,2,328.06,164.03,
2023-02-04,SKU03946,2,1698.0,849.0,
2023-02-04,SKU04478,3,497.85,165.95,
2023-02-05,SKU00008,2,984.22,492.11,
2023-02-05,SKU00452,3,2873.82,957.94,
2023-02-05,SKU02124,1,165.82,165.82,
2023-02-05,SKU02317,1,287.3,287.3,
2023-02-05,SKU02776,1,234.93,234.93,
2023-02-05,SKU03089,1,1571.55,1571.55,
2023-02-05,SKU03164,1,55.88,55.88,
2023-02-05,SKU03569,4,12317.16,3079.29,
2023-02-05,SKU03658,1,202.55,202.55,
2023-02-05,SKU04154,4,1407.08,351.77,
2023-02-05,SKU04453,1,265.58,265.58,
2023-02-06,SKU00565,1,336.31,336.31,
2023-02-06,SKU00767,3,889.5,296.5,
2023-02-06,SKU00905,1,247.57,247.57,
2023-02-06,SKU00996,3,352.83,117.61,
2023-02-06,SKU01189,2,4599.6,2299.8,
2023-02-06,SKU01307,1,141.42,141.42,
2023-02-06,SKU01492,1,117.46,117.46,
2023-02-06,SKU02040,1,1563.18,1563.18,
2023-02-06,SKU02801,3,865.11,288.37,
2023-02-06,SKU03149,1,610.58,610.58,
2023-02-06,SKU03889,2,582.88,291.44,
2023-02-06,SKU04317,2,3197.3,1598.65,
2023-02-06,SKU04531,3,315.27,105.08999999999999,
2023-02-06,SKU04596,2,671.1,335.55,
2023-02-07,SKU00383,3,374.07,124.69,
2023-02-07,SKU01551,1,179.55,179.55,
2023-02-07,SKU02361,5,354.65,70.93,
2023-02-07,SKU02962,1,706.08,706.08,
2023-02-07,SKU03053,3,12260.16,4086.72,
2023-02-07,SKU03584,1,48.59,48.59,
2023-02-07,SKU03699,2,4370.22,2185.11,
2023-02-07,SKU03792,1,235.81,235.81,
2023-02-07,SKU04154,4,1407.08,351.77,
2023-02-08,SKU00435,2,768.9,384.45,
2023-02-08,SKU00454,1,79.58,79.58,
2023-02-08,SKU01117,1,157.6,157.6,
2023-02-08,SKU01245,1,38.18,38.18,
2023-02-08,SKU01351,1,488.78,488.78,
2023-02-08,SKU01859,1,1895.5,1895.5,
2023-02-08,SKU02007,2,474.68,237.34,
2023-02-08,SKU02796,5,615.45,123.09,
2023-02-08,SKU03072,1,201.4,201.4,
2023-02-08,SKU03160,4,1018.56,254.64,
2023-02-08,SKU03727,1,1660.93,1660.93,
2023-02-08,SKU04044,2,602.8,301.4,
2023-02-08,SKU04157,1,2678.35,2678.35,
2023-02-08,SKU04329,1,2452.07,2452.07,
2023-02-08,SKU04368,1,303.19,303.19,
2023-02-08,SKU04982,1,253.41,253.41,
2023-02-09,SKU00002,2,140.76,70.38,
2023-02-09,SKU00092,1,809.88,809.88,
2023-02-09,SKU00796,3,310.2,103.40000000000002,
2023-02-09,SKU01507,2,441.68,220.84,
2023-02-09,SKU01747,2,1410.7,705.35,
2023-02-09,SKU02083,1,133.13,133.13,
2023-02-09,SKU02692,1,2095.03,2095.03,
2023-02-09,SKU03094,4,1357.96,339.49,
2023-02-09,SKU03496,1,377.16,377.16,
2023-02-09,SKU03634,1,2372.1,2372.1,
2023-02-09,SKU03762,3,662.19,220.73,
2023-02-09,SKU04035,1,140.98,140.98,
2023-02-09,SKU04801,1,108.26,108.26,
2023-02-09,SKU04852,2,732.86,366.43,
2023-02-10,SKU00146,1,703.46,703.46,
2023-02-10,SKU00263,1,443.51,443.51,
2023-02-10,SKU00536,1,3347.29,3347.29,
2023-02-10,SKU00658,3,454.95,151.65,
2023-02-10,SKU01248,1,381.79,381.79,
2023-02-10,SKU01395,1,122.37,122.37,
2023-02-10,SKU02318,1,2419.19,2419.19,
2023-02-10,SKU03057,1,206.34,206.34,
2023-02-10,SKU03260,1,199.9,199.9,
2023-02-10,SKU04181,4,252.56,63.14,
2023-02-10,SKU04430,1,132.15,132.15,
2023-02-10,SKU04459,3,4047.03,1349.01,
2023-02-10,SKU04824,1,1024.94,1024.94,
2023-02-11,SKU00953,3,821.97,273.99,
2023-02-11,SKU00996,2,235.22,117.61,
2023-02-11,SKU01079,1,125.88,125.88,
2023-02-11,SKU01507,1,220.84,220.84,
2023-02-11,SKU01751,2,919.62,459.81,
2023-02-11,SKU01758,1,127.26,127.26,
2023-02-11,SKU02201,3,3192.15,1064.05,
2023-02-11,SKU02321,1,1199.36,1199.36,
2023-02-11,SKU02417,5,5542.2,1108.44,
2023-02-11,SKU02692,2,4190.06,2095.03,
2023-02-11,SKU04572,1,1130.67,1130.67,
2023-02-12,SKU00628,3,407.4,135.8,
2023-02-12,SKU01450,1,2031.9,2031.9,
2023-02-12,SKU01466,1,34.29,34.29,
2023-02-12,SKU01730,3,302.70000000000005,100.90000000000002,
2023-02-12,SKU01775,2,408.3,204.15,
2023-02-12,SKU02189,1,100.87,100.87,
2023-02-12,SKU02732,3,148.17,49.39000000000001,
2023-02-12,SKU02747,1,561.26,561.26,
2023-02-12,SKU02939,2,165.32,82.66,
2023-02-12,SKU03490,3,3651.18,1217.06,
2023-02-12,SKU03727,1,1660.93,1660.93,
2023-02-12,SKU03990,5,3452.2,690.44,
2023-02-12,SKU04794,1,2218.35,2218.35,
2023-02-13,SKU00089,3,948.81,316.27,
2023-02-13,SKU01485,1,476.18,476.18,
2023-02-13,SKU01993,5,710.85,142.17,
2023-02-13,SKU02340,2,469.34,234.67,
2023-02-13,SKU02544,1,231.91,231.91,
2023-02-13,SKU03057,3,619.02,206.34,
2023-02-13,SKU03195,2,1220.16,610.08,
2023-02-13,SKU03936,4,6236.28,1559.07,
2023-02-14,SKU00180,1,770.72,770.72,
2023-02-14,SKU00264,1,242.74,242.74,
2023-02-14,SKU00304,2,755.86,377.93,
2023-02-14,SKU01104,2,2178.78,1089.39,
2023-02-14,SKU01720,4,9414.92,2353.73,
2023-02-14,SKU01829,3,1157.31,385.77,
2023-02-14,SKU01927,1,234.12,234.12,
2023-02-14,SKU02306,1,196.62,196.62,
2023-02-14,SKU02434,4,2934.44,733.61,
2023-02-14,SKU02850,3,784.74,261.58,
2023-02-14,SKU04243,3,260.43,86.81,
2023-02-14,SKU04321,2,1922.6,961.3,
2023-02-15,SKU00953,1,273.99,273.99,
2023-02-15,SKU01685,1,135.27,135.27,
2023-02-15,SKU02087,1,62.98,62.98,
2023-02-15,SKU02345,1,335.5,335.5,
2023-02-15,SKU03696,1,211.56,211.56,
2023-02-15,SKU04126,1,1646.95,1646.95,
2023-02-15,SKU04321,3,2883.8999999999996,961.2999999999998,
2023-02-16,SKU00005,1,138.5,138.5,
2023-02-16,SKU00269,1,170.73,170.73,
2023-02-16,SKU00416,1,75.12,75.12,
2023-02-16,SKU01623,4,1774.88,443.72,
2023-02-16,SKU03196,1,837.3,837.3,
2023-02-16,SKU03463,4,2735.64,683.91,
2023-02-16,SKU03866,1,126.0,126.0,
2023-02-16,SKU04317,1,1598.65,1598.65,
2023-02-16,SKU04321,1,961.3,961.3,
2023-02-16,SKU04596,1,335.55,335.55,
2023-02-16,SKU04633,1,620.55,620.55,
2023-02-17,SKU00443,4,356.0,89.0,
2023-02-17,SKU00448,3,3955.44,1318.48,
2023-02-17,SKU00530,2,132.68,66.34,
2023-02-17,SKU00627,4,875.36,218.84,
2023-02-17,SKU00690,1,492.94,492.94,
2023-02-17,SKU00994,3,1806.39,602.13,
2023-02-17,SKU01255,1,182.77,182.77,
2023-02-17,SKU02057,3,501.18,167.06,
2023-02-17,SKU02273,2,425.32,212.66,
2023-02-17,SKU02280,3,1005.36,335.12,
2023-02-17,SKU02850,1,261.58,261.58,
2023-02-17,SKU02954,3,1809.9,603.3,
2023-02-17,SKU03133,4,1051.56,262.89,
2023-02-17,SKU03287,3,481.53,160.51,
2023-02-17,SKU03891,1,159.69,159.69,
2023-02-17,SKU04252,2,232.06,116.03,
2023-02-17,SKU04321,4,3845.2,961.3,
2023-02-18,SKU00062,4,1997.8,499.45,
2023-02-18,SKU00068,1,266.94,266.94,
2023-02-18,SKU00383,1,124.69,124.69,
2023-02-18,SKU00625,2,724.86,362.43,
2023-02-18,SKU00931,1,373.2,373.2,
2023-02-18,SKU01370,2,390.02,195.01,
2023-02-18,SKU01371,1,1277.61,1277.61,
2023-02-18,SKU01578,2,1080.7,540.35,
2023-02-18,SKU01775,3,612.45,204.15,
2023-02-18,SKU01988,4,1324.48,331.12,
2023-02-18,SKU02234,3,927.99,309.33,
2023-02-18,SKU02603,4,1274.72,318.68,
2023-02-18,SKU03727,2,3321.86,1660.93,
2023-02-18,SKU04321,1,961.3,961.3,
2023-02-18,SKU04511,3,4111.89,1370.63,
2023-02-19,SKU00079,1,197.9,197.9,
2023-02-19,SKU00216,1,678.4,678.4,
2023-02-19,SKU00376,1,207.45,207.45,
2023-02-19,SKU00924,1,401.13,401.13,
2023-02-19,SKU01731,2,448.3,224.15,
2023-02-19,SKU01771,1,336.08,336.08,
2023-02-19,SKU01821,1,2543.99,2543.99,
2023-02-19,SKU02189,2,201.74,100.87,
2023-02-19,SKU02432,2,652.9,326.45,
2023-02-19,SKU02928,2,3692.54,1846.27,
2023-02-19,SKU03004,4,8349.4,2087.35,
2023-02-19,SKU03406,1,256.16,256.16,
2023-02-19,SKU03780,1,3123.93,3123.93,
2023-02-19,SKU04032,1,203.7,203.7,
2023-02-19,SKU04178,1,295.35,295.35,
2023-02-19,SKU04596,1,335.55,335.55,
2023-02-20,SKU00238,1,1766.09,1766.09,
2023-02-20,SKU00953,1,273.99,273.99,
2023-02-20,SKU01507,1,220.84,220.84,
2023-02-20,SKU01804,2,441.84,220.92,
2023-02-20,SKU02484,2,1134.52,567.26,
2023-02-20,SKU03854,2,964.86,482.43,
2023-02-20,SKU04275,1,240.04,240.04,
2023-02-20,SKU04306,3,488.82,162.94,
2023-02-20,SKU04847,2,1261.92,630.96,
2023-02-21,SKU00113,1,136.55,136.55,
2023-02-21,SKU00136,1,497.37,497.37,
2023-02-21,SKU00554,3,264.96,88.32,
2023-02-21,SKU00893,3,2071.98,690.66,
2023-02-21,SKU00994,1,602.13,602.13,
2023-02-21,SKU02064,1,45.95,45.95,
2023-02-21,SKU02141,1,471.88,471.88,
2023-02-21,SKU02148,2,529.42,264.71,
2023-02-21,SKU02637,3,306.84,102.28000000000002,
2023-02-21,SKU03748,2,331.34,165.67,
2023-02-21,SKU03785,1,233.48,233.48,
2023-02-21,SKU04245,2,435.56,217.78,
2023-02-21,SKU04278,3,1320.78,440.26,
2023-02-21,SKU04321,5,4806.5,961.3,
2023-02-21,SKU04596,3,1006.65,335.55,
2023-02-22,SKU00475,1,685.08,685.08,
2023-02-22,SKU00600,2,215.66,107.83,
2023-02-22,SKU00694,3,539.13,179.71,
2023-02-22,SKU00788,1,88.38,88.38,
2023-02-22,SKU01034,1,313.23,313.23,
2023-02-22,SKU01600,1,419.03,419.03,
2023-02-22,SKU01785,1,110.74,110.74,
2023-02-22,SKU02024,1,1610.6,1610.6,
2023-02-22,SKU02167,1,189.86,189.86,
2023-02-22,SKU02178,2,376.54,188.27,
2023-02-22,SKU02779,1,118.72,118.72,
2023-02-22,SKU03389,1,580.11,580.11,
2023-02-22,SKU03556,3,1970.64,656.88,
2023-02-22,SKU03574,2,261.92,130.96,
2023-02-22,SKU03978,2,385.14,192.57,
2023-02-22,SKU04119,3,1426.8,475.6000000000001,
2023-02-22,SKU04185,2,159.66,79.83,
2023-02-22,SKU04200,5,2604.2,520.84,
2023-02-22,SKU04321,1,961.3,961.3,
2023-02-22,SKU04596,3,1006.65,335.55,
2023-02-22,SKU04663,1,715.73,715.73,
2023-02-23,SKU00002,2,140.76,70.38,
2023-02-23,SKU00285,1,505.67,505.67,
2023-02-23,SKU00610,1,1954.6,1954.6,
2023-02-23,SKU01420,1,213.65,213.65,
2023-02-23,SKU01707,3,1056.6,352.2,
2023-02-23,SKU02080,1,100.16,100.16,
2023-02-23,SKU02314,5,2356.65,471.33000000000004,
2023-02-23,SKU02815,4,2756.04,689.01,
2023-02-23,SKU03004,2,4174.7,2087.35,
2023-02-23,SKU03193,5,1295.8,259.16,
2023-02-23,SKU03383,2,428.92,214.46,
2023-02-23,SKU04321,6,5767.799999999999,961.2999999999998,
2023-02-23,SKU04596,2,671.1,335.55,
2023-02-23,SKU04782,2,3278.0,1639.0,
2023-02-23,SKU04878,2,300.78,150.39,
2023-02-24,SKU00158,1,487.98,487.98,
2023-02-24,SKU00599,1,46.97,46.97,
2023-02-24,SKU00675,1,942.87,942.87,
2023-02-24,SKU00896,1,194.43,194.43,
2023-02-24,SKU00953,1,273.99,273.99,
2023-02-24,SKU00994,2,1204.26,602.13,
2023-02-24,SKU01414,1,193.44,193.44,
2023-02-24,SKU01595,4,682.72,170.68,
2023-02-24,SKU02692,1,2095.03,2095.03,
2023-02-24,SKU02825,1,212.23,212.23,
2023-02-24,SKU02930,2,340.32,170.16,
2023-02-24,SKU03030,1,108.63,108.63,
2023-02-24,SKU04240,1,701.01,701.01,
2023-02-24,SKU04321,4,3845.2,961.3,
2023-02-25,SKU00190,3,436.26,145.42,
2023-02-25,SKU01371,2,2555.22,1277.61,
2023-02-25,SKU01714,2,673.44,336.72,
2023-02-25,SKU02429,4,225.92,56.48,
2023-02-25,SKU02691,1,309.21,309.21,
2023-02-25,SKU02824,2,108.26,54.13,
2023-02-25,SKU03417,3,1414.5,471.5,
2023-02-25,SKU04710,1,1632.84,1632.84,
2023-02-25,SKU04770,1,343.82,343.82,
2023-02-25,SKU04995,2,2162.7,1081.35,
2023-02-26,SKU00158,2,975.96,487.98,
2023-02-26,SKU00534,1,134.81,171.95,1
2023-02-26,SKU00953,5,1074.04,273.99,1
2023-02-26,SKU01685,1,135.27,135.27,
2023-02-26,SKU01870,3,678.48,226.16,
2023-02-26,SKU02012,3,214.8,71.6,
2023-02-26,SKU02355,1,321.17,321.17,
2023-02-26,SKU02883,5,5200.1,1040.02,
2023-02-26,SKU03134,5,501.21,196.94,1
2023-02-26,SKU03992,2,2227.5,1113.75,
2023-02-26,SKU04027,5,591.45,118.29,
2023-02-26,SKU04204,1,714.36,714.36,
2023-02-26,SKU04321,1,961.3,961.3,
2023-02-26,SKU04910,3,1109.61,369.87000000000006,
2023-02-27,SKU00034,1,2105.17,2105.17,
2023-02-27,SKU00087,1,231.1,231.1,
2023-02-27,SKU00214,1,392.18,392.18,
2023-02-27,SKU00942,2,345.8,172.9,
2023-02-27,SKU01317,2,1289.66,644.83,
2023-02-27,SKU02092,1,420.0,420.0,
2023-02-27,SKU02389,4,3323.28,830.82,
2023-02-27,SKU02988,1,252.98,252.98,
2023-02-27,SKU03088,1,175.26,223.55,1
2023-02-27,SKU03960,1,171.93,171.93,
2023-02-27,SKU04321,2,1922.6,961.3,
2023-02-27,SKU04596,1,335.55,335.55,
2023-02-28,SKU00050,1,26.72,34.08,1
2023-02-28,SKU01169,1,146.46,146.46,
2023-02-28,SKU02088,2,138.62,69.31,
2023-02-28,SKU03970,3,1578.09,526.03,
2023-02-28,SKU04024,1,267.98,267.98,
2023-02-28,SKU04304,1,393.38,393.38,
2023-02-28,SKU04321,2,1922.6,961.3,
2023-02-28,SKU04390,1,1832.3,1832.3,
2023-02-28,SKU04443,1,152.19,152.19,
2023-02-28,SKU04508,3,1126.65,375.55,
2023-02-28,SKU04571,1,868.52,868.52,
2023-02-28,SKU04810,3,78.35,33.31,1
2023-03-01,SKU00830,3,870.03,290.01,
2023-03-01,SKU00909,1,403.57,403.57,
2023-03-01,SKU01420,1,167.5,213.65,1
2023-03-01,SKU01916,1,572.96,572.96,
2023-03-01,SKU02141,3,1415.64,471.87999999999994,
2023-03-01,SKU02155,1,1113.48,1113.48,
2023-03-01,SKU02336,2,674.14,337.07,
2023-03-01,SKU03727,1,1660.93,1660.93,
2023-03-01,SKU03897,1,97.07,97.07,
2023-03-01,SKU04467,2,527.56,263.78,
2023-03-01,SKU04586,2,962.76,481.38,
2023-03-01,SKU04655,2,4152.42,2076.21,
2023-03-01,SKU04783,1,1943.37,1943.37,
2023-03-02,SKU00205,5,873.73,222.88999999999996,1
2023-03-02,SKU00990,2,970.86,485.43,
2023-03-02,SKU01227,2,629.99,401.78,1
2023-03-02,SKU01395,3,367.11,122.37,
2023-03-02,SKU01765,1,184.81,184.81,
2023-03-02,SKU02937,1,175.74,175.74,
2023-03-02,SKU03386,3,871.86,290.62,
2023-03-02,SKU03840,2,510.24,255.12,
2023-03-02,SKU04273,1,1786.15,1786.15,
2023-03-02,SKU04321,4,3845.2,961.3,
2023-03-02,SKU04350,2,789.86,394.93,
2023-03-02,SKU04973,1,909.63,909.63,
2023-03-03,SKU00685,1,2583.23,2583.23,
2023-03-03,SKU00866,1,1323.47,1323.47,
2023-03-03,SKU01071,2,1347.82,673.91,
2023-03-03,SKU01435,2,2075.8,1037.9,
2023-03-03,SKU01628,1,156.18,156.18,
2023-03-03,SKU01789,3,395.21,168.03,1
2023-03-03,SKU02141,1,471.88,471.88,
2023-03-03,SKU02383,1,257.17,328.02,1
2023-03-03,SKU02816,2,2612.68,1306.34,
2023-03-03,SKU03612,1,290.1,290.1,
2023-03-03,SKU03616,1,372.86,372.86,
2023-03-03,SKU03727,8,13287.439999999999,1660.9299999999998,
2023-03-03,SKU04027,3,354.87,118.29,
2023-03-03,SKU04099,3,6758.82,2252.94,
2023-03-03,SKU04110,2,898.94,449.47,
2023-03-03,SKU04403,1,108.77,108.77,
2023-03-03,SKU04510,5,1909.1,381.82,
2023-03-03,SKU04538,1,215.34,215.34,
2023-03-03,SKU04720,1,2230.86,2230.86,
2023-03-03,SKU04739,2,546.64,273.32,
2023-03-04,SKU00264,1,242.74,242.74,
2023-03-04,SKU00531,5,14749.8,2949.96,
2023-03-04,SKU00887,2,940.22,470.11,
2023-03-04,SKU00942,2,345.8,172.9,
2023-03-04,SKU01059,2,353.98,176.99,
2023-03-04,SKU01274,2,1116.72,558.36,
2023-03-04,SKU02141,2,943.76,471.88,
2023-03-04,SKU02247,1,140.57,179.3,1
2023-03-04,SKU02692,3,6285.09,2095.03,
2023-03-04,SKU03640,1,331.65,331.65,
2023-03-04,SKU03768,3,9965.73,3321.91,
2023-03-04,SKU04198,4,491.36,122.84,
2023-03-04,SKU04321,1,961.3,961.3,
2023-03-04,SKU04571,1,868.52,868.52,
2023-03-05,SKU00694,5,898.55,179.71,
2023-03-05,SKU00845,1,670.83,670.83,
2023-03-05,SKU01138,1,181.15,181.15,
2023-03-05,SKU01221,3,3120.01,2043.2300000000002,1
2023-03-05,SKU01343,2,664.3,332.15,
2023-03-05,SKU01925,4,4656.72,1164.18,
2023-03-05,SKU02334,4,962.92,240.73,
2023-03-05,SKU02340,2,469.34,234.67,
2023-03-05,SKU02618,3,578.57,245.99,1
2023-03-05,SKU02944,1,168.3,168.3,
2023-03-05,SKU04226,3,1116.78,372.26,
2023-03-05,SKU04321,1,961.3,961.3,
2023-03-05,SKU04535,1,346.7,346.7,
2023-03-05,SKU04593,4,828.16,207.04,
2023-03-05,SKU04677,1,167.85,167.85,
2023-03-06,SKU00174,1,638.72,638.72,
2023-03-06,SKU00252,1,2006.03,2006.03,
2023-03-06,SKU00264,1,242.74,242.74,
2023-03-06,SKU00506,3,959.19,319.73,
2023-03-06,SKU00846,1,685.87,685.87,
2023-03-06,SKU01628,1,156.18,156.18,
2023-03-06,SKU01908,3,6331.11,2110.37,
2023-03-06,SKU02080,1,78.53,100.16,1
2023-03-06,SKU02121,3,653.82,217.93999999999997,
2023-03-06,SKU02141,1,471.88,471.88,
2023-03-06,SKU02288,4,11256.48,2814.12,
2023-03-06,SKU02533,1,508.42,508.42,
2023-03-06,SKU02614,3,354.42,118.14,
2023-03-06,SKU02930,1,170.16,170.16,
2023-03-06,SKU02954,1,603.3,603.3,
2023-03-06,SKU03612,2,580.2,290.1,
2023-03-06,SKU03708,1,102.64,102.64,
2023-03-06,SKU03998,2,1251.42,625.71,
2023-03-06,SKU04165,1,2295.86,2295.86,
2023-03-06,SKU04197,1,358.95,358.95,
2023-03-06,SKU04538,1,215.34,215.34,
2023-03-07,SKU00036,4,755.16,188.79,
2023-03-07,SKU00200,2,269.98,134.99,
2023-03-07,SKU00443,1,89.0,89.0,
2023-03-07,SKU00888,1,244.92,244.92,
2023-03-07,SKU02077,2,647.22,448.21,1
2023-03-07,SKU02505,1,954.2,1321.6,1
2023-03-07,SKU02529,4,2309.68,577.42,
2023-03-07,SKU02819,2,2321.76,1160.88,
2023-03-07,SKU04321,1,961.3,961.3,
2023-03-07,SKU04913,2,933.82,466.91,
2023-03-08,SKU00050,1,26.72,34.08,1
2023-03-08,SKU00102,1,111.77,111.77,
2023-03-08,SKU00286,1,64.45,64.45,
2023-03-08,SKU00369,1,368.93,368.93,
2023-03-08,SKU00452,2,1915.88,957.94,
2023-03-08,SKU01371,1,922.43,1277.61,1
2023-03-08,SKU01547,4,662.56,165.64,
2023-03-08,SKU01961,4,1002.84,250.71,
2023-03-08,SKU02126,1,313.98,313.98,
2023-03-08,SKU02397,1,1787.5,1787.5,
2023-03-08,SKU02528,2,2848.67,1972.76,1
2023-03-08,SKU03500,1,1732.5,1732.5,
2023-03-08,SKU03599,1,126.18,160.95,1
2023-03-08,SKU03676,1,1005.54,1392.72,1
2023-03-08,SKU04132,1,1628.29,2255.25,1
2023-03-08,SKU04868,1,647.03,647.03,
2023-03-08,SKU04975,1,125.79,125.79,
2023-03-09,SKU00259,2,391.18,249.48,1
2023-03-09,SKU00952,4,1071.81,288.12,1
2023-03-09,SKU01664,1,405.96,436.52,1
2023-03-09,SKU02176,1,920.58,989.87,1
2023-03-09,SKU02848,4,1242.52,334.01,1
2023-03-09,SKU03292,1,152.55,164.03,1
2023-03-09,SKU03546,1,461.44,496.17,1
2023-03-09,SKU03727,2,3089.33,1660.93,1
2023-03-09,SKU04229,2,267.3,143.71,1
2023-03-09,SKU04321,9,8046.09,961.2999999999998,1
2023-03-09,SKU04849,1,1355.92,1457.98,1
2023-03-10,SKU00236,2,193.89,104.24,1
2023-03-10,SKU01047,1,723.91,778.4,1
2023-03-10,SKU01278,2,1670.06,1156.55,1
2023-03-10,SKU01371,5,4612.17,1277.61,1
2023-03-10,SKU01671,2,191.02,102.7,1
2023-03-10,SKU02046,1,1868.81,2009.47,1
2023-03-10,SKU02409,2,366.51,197.05,1
2023-03-10,SKU02415,2,820.65,441.21,1
2023-03-10,SKU02735,5,2760.38,593.63,1
2023-03-10,SKU02858,1,84.35,90.7,1
2023-03-10,SKU03368,1,1275.23,1766.25,1
2023-03-10,SKU03371,1,1324.53,1424.23,1
2023-03-10,SKU04321,5,4470.05,961.3,1
2023-03-10,SKU04366,2,3630.31,1951.78,1
2023-03-10,SKU04469,3,1384.06,496.08,1
2023-03-10,SKU04683,1,447.92,481.63,1
2023-03-11,SKU01045,3,1259.1,451.29,1
2023-03-11,SKU01511,2,928.6,499.25,1
2023-03-11,SKU01685,2,251.6,135.27,1
2023-03-11,SKU01804,2,410.91,220.92,1
2023-03-11,SKU01929,1,74.26,79.85,1
2023-03-11,SKU02777,2,1306.56,702.45,1
2023-03-11,SKU02863,1,103.13,110.89,1
2023-03-11,SKU02898,3,2760.4,989.39,1
2023-03-11,SKU03694,1,305.77,328.79,1
2023-03-11,SKU03716,1,821.83,883.69,1
2023-03-11,SKU04016,3,4164.49,1492.6500000000003,1
2023-03-11,SKU04321,1,894.01,961.3,1
2023-03-11,SKU04390,1,1322.92,1832.3,1
2023-03-11,SKU04540,3,5519.12,1978.18,1
2023-03-11,SKU04744,2,432.99,232.79,1
2023-03-12,SKU00079,2,368.09,197.9,1
2023-03-12,SKU00410,2,1561.09,1081.09,1
2023-03-12,SKU00665,2,2216.32,1191.57,1
2023-03-12,SKU01189,4,8555.26,2299.8,1
2023-03-12,SKU01865,3,4601.97,1649.45,1
2023-03-12,SKU02002,1,233.88,251.48,1
2023-03-12,SKU02484,1,527.55,567.26,1
2023-03-12,SKU02753,2,1150.51,796.75,1
2023-03-12,SKU02783,2,484.2,260.32,1
2023-03-12,SKU03727,1,1544.66,1660.93,1
2023-03-12,SKU04104,3,1596.69,572.29,1
2023-03-12,SKU04166,1,245.21,263.67,1
2023-03-12,SKU04247,2,138.83,74.64,1
2023-03-12,SKU04321,1,894.01,961.3,1
2023-03-12,SKU04390,2,2645.84,1832.3,1
2023-03-12,SKU04596,1,312.06,335.55,1
2023-03-12,SKU04826,2,2995.44,1610.45,1
2023-03-13,SKU00182,3,498.68,178.74,1
2023-03-13,SKU00347,3,430.94,154.46,1
2023-03-13,SKU00845,1,623.87,670.83,1
2023-03-13,SKU01769,2,1073.05,576.91,1
2023-03-13,SKU02247,2,333.5,179.3,1
2023-03-13,SKU02537,1,150.13,161.43,1
2023-03-13,SKU03290,5,5762.69,1672.77,1
2023-03-13,SKU03485,1,87.59,94.18,1
2023-03-13,SKU03652,1,842.22,905.61,1
2023-03-13,SKU03706,1,1976.97,2125.77,1
2023-03-13,SKU03727,3,4633.99,1660.93,1
2023-03-13,SKU03911,1,82.79,89.02,1
2023-03-13,SKU04321,4,3576.04,961.3,1
2023-03-13,SKU04428,4,238.68,64.16,1
2023-03-13,SKU04572,1,779.03,1130.67,1
2023-03-13,SKU04926,1,426.8,458.92,1
2023-03-14,SKU00010,1,1104.32,1602.79,1
2023-03-14,SKU00366,2,367.0,197.31,1
2023-03-14,SKU00872,1,200.06,215.12,1
2023-03-14,SKU01400,1,168.41,181.09,1
2023-03-14,SKU02268,1,191.09,205.47,1
2023-03-14,SKU02478,1,68.96,74.15,1
2023-03-14,SKU02515,3,344.23,123.38,1
2023-03-14,SKU03071,3,3429.16,1229.09,1
2023-03-14,SKU03212,1,1850.11,1989.37,1
2023-03-14,SKU03299,1,963.06,1035.55,1
2023-03-14,SKU03618,1,348.4,374.62,1
2023-03-14,SKU03931,3,3326.98,1536.0,1
2023-03-14,SKU04482,2,207.78,111.71,1
2023-03-14,SKU04505,1,112.23,120.68,1
2023-03-14,SKU04772,1,1410.02,1952.93,1
2023-03-14,SKU04851,1,80.14,86.17,1
2023-03-15,SKU00267,1,117.69,126.55,1
2023-03-15,SKU00617,1,996.34,1071.33,1
2023-03-15,SKU01014,5,1276.42,274.5,1
2023-03-15,SKU01138,1,168.47,181.15,1
2023-03-15,SKU01284,2,493.35,265.24,1
2023-03-15,SKU01483,1,141.88,152.56,1
2023-03-15,SKU01681,2,1012.68,544.45,1
2023-03-15,SKU02201,2,1979.13,1064.05,1
2023-03-15,SKU02747,1,521.97,561.26,1
2023-03-15,SKU02799,1,488.18,524.92,1
2023-03-15,SKU03327,2,2079.59,1118.06,1
2023-03-15,SKU04321,3,2682.0299999999997,961.2999999999998,1
2023-03-15,SKU04571,1,807.72,868.52,1
2023-03-15,SKU04596,1,312.06,335.55,1
2023-03-15,SKU04635,1,496.38,687.51,1
2023-03-16,SKU00237,4,354.29,95.24,1
2023-03-16,SKU00336,1,49.36,53.08,1
2023-03-16,SKU00454,3,222.03,79.58,1
2023-03-16,SKU03067,3,284.8,102.08,1
2023-03-16,SKU03088,1,207.9,223.55,1
2023-03-16,SKU03234,1,555.3,769.12,1
2023-03-16,SKU04171,3,1819.3,652.08,1
2023-03-16,SKU04321,10,8940.08,961.3,1
2023-03-16,SKU04346,1,902.37,970.29,1
2023-03-16,SKU04381,1,178.63,192.07,1
2023-03-16,SKU04478,3,463.0,165.95,1
2023-03-17,SKU00281,1,163.75,176.07,1
2023-03-17,SKU00774,1,87.99,94.61,1
2023-03-17,SKU00886,3,4215.24,1510.84,1
2023-03-17,SKU00980,1,675.31,726.14,1
2023-03-17,SKU01534,1,2042.59,2964.57,1
2023-03-17,SKU02141,3,1316.55,471.87999999999994,1
2023-03-17,SKU02509,4,5015.42,1348.23,1
2023-03-17,SKU02839,4,5455.81,1889.13,1
2023-03-17,SKU03292,5,762.74,164.03,1
2023-03-17,SKU03693,1,1285.09,1381.82,1
2023-03-17,SKU03727,1,1544.66,1660.93,1
2023-03-17,SKU03907,3,1899.0,876.73,1
2023-03-17,SKU04272,2,443.2,238.28,1
2023-03-18,SKU00500,2,1826.05,1264.58,1
2023-03-18,SKU00755,1,111.93,120.36,1
2023-03-18,SKU01190,1,322.23,346.48,1
2023-03-18,SKU01957,2,758.12,550.16,1
2023-03-18,SKU01969,4,1818.67,488.89,1
2023-03-18,SKU02479,3,2434.41,872.5499999999998,1
2023-03-18,SKU02930,4,633.0,170.16,1
2023-03-18,SKU03026,1,694.91,747.22,1
2023-03-18,SKU03077,1,351.31,377.75,1
2023-03-18,SKU03464,3,681.79,244.37,1
2023-03-18,SKU03533,1,30.97,33.3,1
2023-03-18,SKU03539,1,63.6,68.39,1
2023-03-19,SKU00285,2,940.55,505.67,1
2023-03-19,SKU00321,1,685.14,736.71,1
2023-03-19,SKU00690,1,355.9,492.94,1
2023-03-19,SKU00835,2,1558.38,837.84,1
2023-03-19,SKU00953,4,1019.24,273.99,1
2023-03-19,SKU01442,1,344.56,370.49,1
2023-03-19,SKU01625,2,2305.2,1672.86,1
2023-03-19,SKU02412,1,671.99,722.57,1
2023-03-19,SKU02422,1,351.1,377.53,1
2023-03-19,SKU04735,3,1687.28,604.76,1
2023-03-19,SKU04929,3,1540.82,745.44,1
2023-03-20,SKU01045,3,1259.1,451.29,1
2023-03-20,SKU01159,2,671.98,361.28,1
2023-03-20,SKU01324,2,118.35,63.63,1
2023-03-20,SKU01420,4,771.7,213.65,1
2023-03-20,SKU01703,4,1438.3,386.64,1
2023-03-20,SKU02010,1,280.81,301.95,1
2023-03-20,SKU02476,1,703.3,756.24,1
2023-03-20,SKU02765,1,447.24,480.9,1
2023-03-20,SKU03052,1,1618.98,2242.35,1
2023-03-20,SKU03518,2,234.84,126.26,1
2023-03-20,SKU03576,2,111.92,61.97,1
2023-03-20,SKU03727,1,1544.66,1660.93,1
2023-03-20,SKU04154,1,327.15,351.77,1
2023-03-20,SKU04157,1,2490.87,2678.35,1
2023-03-20,SKU04400,1,808.31,1119.54,1
2023-03-20,SKU04562,2,1814.7,1316.91,1
2023-03-20,SKU04627,3,1759.01,630.47,1
2023-03-20,SKU04809,1,198.22,219.51,1
2023-03-20,SKU04982,3,707.01,253.41,1
2023-03-21,SKU00047,1,269.18,289.44,1
2023-03-21,SKU00264,1,225.75,242.74,1
2023-03-21,SKU00450,3,2312.44,828.83,1
2023-03-21,SKU00539,1,185.66,199.63,1
2023-03-21,SKU00953,1,247.41,273.99,1
2023-03-21,SKU00994,1,434.74,602.13,1
2023-03-21,SKU01338,3,989.45,354.64000000000004,1
2023-03-21,SKU01487,2,117.42,63.13,1
2023-03-21,SKU01507,4,637.79,220.84,1
2023-03-21,SKU01937,1,1567.26,1685.23,1
2023-03-21,SKU02015,4,375.86,104.06,1
2023-03-21,SKU02368,3,2369.8,849.39,1
2023-03-21,SKU02569,1,769.03,826.91,1
2023-03-21,SKU02743,1,427.24,459.4,1
2023-03-21,SKU02880,2,4186.79,2899.44,1
2023-03-21,SKU03460,3,8467.45,3034.93,1
2023-03-21,SKU04321,1,894.01,961.3,1
2023-03-21,SKU04508,3,1047.78,375.55,1
2023-03-21,SKU04892,1,102.57,110.29,1
2023-03-22,SKU00273,1,277.83,403.23,1
2023-03-22,SKU00376,1,207.45,207.45,
2023-03-22,SKU01274,1,558.36,558.36,
2023-03-22,SKU01628,2,312.36,156.18,
2023-03-22,SKU01671,2,205.4,102.7,
2023-03-22,SKU02220,1,146.7,146.7,
2023-03-22,SKU02536,1,406.19,406.19,
2023-03-22,SKU02556,5,1225.0,245.0,
2023-03-22,SKU02799,1,524.92,524.92,
2023-03-22,SKU04154,1,351.77,351.77,
2023-03-23,SKU00126,4,1013.76,253.44,
2023-03-23,SKU00210,1,3556.85,3556.85,
2023-03-23,SKU00648,1,216.47,216.47,
2023-03-23,SKU01265,3,3298.35,1099.45,
2023-03-23,SKU01350,1,1013.12,1403.21,1
2023-03-23,SKU02015,4,375.86,104.06,1
2023-03-23,SKU02449,2,248.92,137.83,1
2023-03-23,SKU02635,1,394.88,546.93,1
2023-03-23,SKU02661,2,1348.82,674.41,
2023-03-23,SKU03865,3,800.73,266.91,
2023-03-23,SKU03958,2,1021.96,707.73,1
2023-03-23,SKU04001,1,183.48,183.48,
2023-03-23,SKU04154,1,351.77,351.77,
2023-03-23,SKU04185,3,216.26,79.83,1
2023-03-23,SKU04913,2,933.82,466.91,
2023-03-24,SKU00005,1,138.5,138.5,
2023-03-24,SKU00190,4,525.26,145.42,1
2023-03-24,SKU00445,1,87.15,87.15,
2023-03-24,SKU00612,2,1684.06,842.03,
2023-03-24,SKU00753,2,360.04,180.02,
2023-03-24,SKU00994,1,434.74,602.13,1
2023-03-24,SKU01013,1,696.2,964.27,1
2023-03-24,SKU02229,1,119.05,131.84,1
2023-03-24,SKU02622,1,346.96,346.96,
2023-03-24,SKU02898,2,1363.38,989.39,1
2023-03-24,SKU03049,1,241.46,267.4,1
2023-03-24,SKU03411,2,415.36,207.68,
2023-03-24,SKU04373,1,1033.69,1033.69,
2023-03-25,SKU00151,2,403.72,201.86,
2023-03-25,SKU00521,5,1302.58,288.5,1
2023-03-25,SKU01190,2,692.96,346.48,
2023-03-25,SKU02141,1,471.88,471.88,
2023-03-25,SKU02830,1,150.61,150.61,
2023-03-25,SKU02954,1,603.3,603.3,
2023-03-25,SKU03174,2,2104.78,1052.39,
2023-03-25,SKU03219,3,417.06,139.02,
2023-03-25,SKU03836,1,442.52,442.52,
2023-03-25,SKU03854,3,1447.29,482.43,
2023-03-25,SKU04316,2,149.6,74.8,
2023-03-25,SKU04321,2,1922.6,961.3,
2023-03-25,SKU04451,1,54.73,60.61,1
2023-03-25,SKU04694,3,449.91,149.97,
2023-03-26,SKU00499,1,99.62,110.32,1
2023-03-26,SKU02196,2,607.0,303.5,
2023-03-26,SKU02713,2,3005.18,2081.15,1
2023-03-26,SKU02930,4,680.64,170.16,
2023-03-26,SKU03727,1,1660.93,1660.93,
2023-03-26,SKU04321,2,1922.6,961.3,
2023-03-26,SKU04551,1,1803.72,2498.23,1
2023-03-26,SKU04981,1,149.4,149.4,
2023-03-27,SKU00190,1,131.31,145.42,1
2023-03-27,SKU00801,1,83.92,83.92,
2023-03-27,SKU01210,1,279.72,279.72,
2023-03-27,SKU01486,3,1713.03,571.01,
2023-03-27,SKU02087,2,125.96,62.98,
2023-03-27,SKU02831,1,2870.32,2870.32,
2023-03-27,SKU02858,1,90.7,90.7,
2023-03-27,SKU03227,3,1150.68,383.56,
2023-03-27,SKU03535,1,161.29,178.62,1
2023-03-27,SKU03727,2,3321.86,1660.93,
2023-03-27,SKU03840,2,510.24,255.12,
2023-03-27,SKU04154,1,351.77,351.77,
2023-03-27,SKU04168,2,1402.6,701.3,
2023-03-27,SKU04816,1,90.49,90.49,
2023-03-28,SKU01377,1,131.24,131.24,
2023-03-28,SKU02640,3,3385.93,1563.22,1
2023-03-28,SKU03680,2,338.28,169.14,
2023-03-28,SKU04321,5,4806.5,961.3,
2023-03-28,SKU04346,1,970.29,970.29,
2023-03-29,SKU00050,1,30.77,34.08,1
2023-03-29,SKU00190,1,131.31,145.42,1
2023-03-29,SKU00529,1,604.91,604.91,
2023-03-29,SKU00591,1,497.38,721.88,1
2023-03-29,SKU00885,4,754.72,188.68,
2023-03-29,SKU01127,4,3270.16,817.54,
2023-03-29,SKU01566,1,266.93,369.71,1
2023-03-29,SKU02111,4,701.24,175.31,
2023-03-29,SKU02740,1,104.22,104.22,
2023-03-29,SKU03075,3,3931.68,1310.56,
2023-03-29,SKU03700,3,257.46,85.82,
2023-03-29,SKU04109,5,1728.0,345.6,
2023-03-29,SKU04188,1,180.9,180.9,
2023-03-29,SKU04245,2,435.56,217.78,
2023-03-29,SKU04321,2,1922.6,961.3,
2023-03-29,SKU04350,1,394.93,394.93,
2023-03-30,SKU00994,3,1304.21,602.13,1
2023-03-30,SKU01511,1,499.25,499.25,
2023-03-30,SKU02659,1,414.33,601.35,1
2023-03-30,SKU03154,1,110.82,110.82,
2023-03-30,SKU03727,1,1660.93,1660.93,
2023-03-30,SKU03907,1,633.0,876.73,1
2023-03-30,SKU04012,3,1893.0,631.0,
2023-03-30,SKU04596,1,335.55,335.55,
2023-03-30,SKU04618,5,2167.9,433.58000000000004,
2023-03-31,SKU00007,1,129.75,129.75,
2023-03-31,SKU00020,2,219.0,109.5,
2023-03-31,SKU00355,1,144.21,144.21,
2023-03-31,SKU01005,1,211.75,211.75,
2023-03-31,SKU01783,1,396.76,396.76,
2023-03-31,SKU02036,1,207.39,207.39,
2023-03-31,SKU02141,2,943.76,471.88,
2023-03-31,SKU02268,1,205.47,205.47,
2023-03-31,SKU02439,1,277.51,307.32,1
2023-03-31,SKU02734,1,202.18,202.18,
2023-03-31,SKU02987,3,2105.07,701.69,
2023-03-31,SKU04032,3,611.1,203.69999999999996,
2023-03-31,SKU04154,1,351.77,351.77,
2023-03-31,SKU04166,1,263.67,263.67,
2023-03-31,SKU04278,3,1320.78,440.26,
2023-03-31,SKU04280,1,287.98,318.92,1
2023-03-31,SKU04321,1,961.3,961.3,
2023-03-31,SKU04551,2,4996.46,2498.23,
2023-04-01,SKU00239,2,2159.48,1079.74,
2023-04-01,SKU00822,1,344.04,344.04,
2023-04-01,SKU01406,1,135.53,135.53,
2023-04-01,SKU01409,5,891.71,197.5,1
2023-04-01,SKU03169,3,1043.13,347.71,
2023-04-01,SKU03669,2,2491.08,1245.54,
2023-04-01,SKU04081,1,115.77,115.77,
2023-04-01,SKU04154,2,703.54,351.77,
2023-04-01,SKU04346,1,970.29,970.29,
2023-04-01,SKU04600,2,300.06,150.03,
2023-04-01,SKU04622,2,2791.59,2025.83,1
2023-04-01,SKU04735,1,604.76,604.76,
2023-04-01,SKU04975,2,251.58,125.79,
2023-04-02,SKU00007,1,129.75,129.75,
2023-04-02,SKU00260,1,139.74,139.74,
2023-04-02,SKU00394,1,102.95,102.95,
2023-04-02,SKU00495,1,1161.19,1685.32,1
2023-04-02,SKU00595,1,1856.15,2693.97,1
2023-04-02,SKU00666,1,1825.63,1825.63,
2023-04-02,SKU00898,2,1929.7,964.85,
2023-04-02,SKU01376,1,448.86,448.86,
2023-04-02,SKU01555,2,199.31,110.36,1
2023-04-02,SKU01683,4,2053.8,513.45,
2023-04-02,SKU02141,1,471.88,471.88,
2023-04-02,SKU02178,1,188.27,188.27,
2023-04-02,SKU02366,1,991.87,1439.58,1
2023-04-02,SKU02407,1,341.95,496.3,1
2023-04-02,SKU02646,4,2247.56,561.89,
2023-04-02,SKU02655,2,133.82,66.91,
2023-04-02,SKU02858,1,90.7,90.7,
2023-04-02,SKU03243,3,2366.57,1144.93,1
2023-04-02,SKU03727,1,1660.93,1660.93,
2023-04-02,SKU03918,1,192.73,192.73,
2023-04-02,SKU04275,1,240.04,240.04,
2023-04-02,SKU04926,2,917.84,458.92,
2023-04-03,SKU00322,1,247.34,358.99,1
2023-04-03,SKU00531,1,2949.96,2949.96,
2023-04-03,SKU00731,2,166.28,83.14,
2023-04-03,SKU01048,1,86.85,96.18,1
2023-04-03,SKU01077,1,126.83,126.83,
2023-04-03,SKU01152,1,486.03,486.03,
2023-04-03,SKU02155,3,3340.44,1113.48,
2023-04-03,SKU02327,2,1507.42,753.71,
2023-04-03,SKU02581,2,362.16,200.53,1
2023-04-03,SKU02614,2,236.28,118.14,
2023-04-03,SKU02804,2,722.88,361.44,
2023-04-03,SKU03457,1,207.73,207.73,
2023-04-03,SKU04321,5,4806.5,961.3,
2023-04-04,SKU00052,1,1372.15,1372.15,
2023-04-04,SKU00345,1,289.92,289.92,
2023-04-04,SKU00434,1,206.78,206.78,
2023-04-04,SKU00474,1,102.76,102.76,
2023-04-04,SKU00565,1,303.69,336.31,1
2023-04-04,SKU00591,2,994.75,721.88,1
2023-04-04,SKU00631,3,3912.99,1304.33,
2023-04-04,SKU00994,3,1806.39,602.13,
2023-04-04,SKU01018,2,484.86,242.43,
2023-04-04,SKU01127,2,1635.08,817.54,
2023-04-04,SKU01330,1,183.49,183.49,
2023-04-04,SKU01477,1,296.17,296.17,
2023-04-04,SKU01730,1,100.9,100.9,
2023-04-04,SKU01761,1,308.43,308.43,
2023-04-04,SKU02382,1,850.08,1233.79,1
2023-04-04,SKU02692,1,2095.03,2095.03,
2023-04-04,SKU02756,1,1906.82,1906.82,
2023-04-04,SKU02948,2,735.8,367.9,
2023-04-04,SKU03088,1,201.87,223.55,1
2023-04-04,SKU03393,2,140.98,70.49,
2023-04-04,SKU03423,2,775.68,387.84,
2023-04-04,SKU03647,3,4369.62,1456.54,
2023-04-04,SKU04010,1,253.31,253.31,
2023-04-04,SKU04059,1,111.8,111.8,
2023-04-04,SKU04432,2,615.48,340.8,1
2023-04-04,SKU04596,1,335.55,335.55,
2023-04-05,SKU00474,2,205.52,102.76,
2023-04-05,SKU00735,1,1771.1,2570.53,1
2023-04-05,SKU00757,1,196.4,196.4,
2023-04-05,SKU00920,3,344.19,114.73,
2023-04-05,SKU01048,1,86.85,96.18,1
2023-04-05,SKU01232,2,832.9,416.45,
2023-04-05,SKU01349,2,685.8,342.9,
2023-04-05,SKU01730,1,100.9,100.9,
2023-04-05,SKU01960,1,98.1,98.1,
2023-04-05,SKU02151,1,229.08,229.08,
2023-04-05,SKU02460,1,1129.91,1639.93,1
2023-04-05,SKU03341,3,490.8,163.6,
2023-04-05,SKU03366,1,111.45,123.42,1
2023-04-05,SKU03413,2,629.9,314.95,
2023-04-05,SKU03461,2,1723.5,861.75,
2023-04-05,SKU03734,1,441.41,441.41,
2023-04-05,SKU03907,1,876.73,876.73,
2023-04-05,SKU03931,1,1536.0,1536.0,
2023-04-05,SKU04249,1,151.82,151.82,
2023-04-05,SKU04321,1,961.3,961.3,
2023-04-05,SKU04452,1,217.44,240.8,1
2023-04-06,SKU00256,1,772.17,772.17,
2023-04-06,SKU00445,1,87.15,87.15,
2023-04-06,SKU00994,3,1806.39,602.13,
2023-04-06,SKU01953,3,929.55,309.85,
2023-04-06,SKU02557,1,2280.46,2280.46,
2023-04-06,SKU02649,3,4565.49,1521.83,
2023-04-06,SKU02726,3,2489.58,829.86,
2023-04-06,SKU02816,3,3919.02,1306.34,
2023-04-06,SKU02949,4,628.08,157.02,
2023-04-06,SKU03425,3,548.52,202.48,1
2023-04-06,SKU03457,2,415.46,207.73,
2023-04-06,SKU03826,3,9958.8,3319.6,
2023-04-06,SKU04321,3,2883.8999999999996,961.2999999999998,
2023-04-06,SKU04411,3,1236.87,412.29,
2023-04-06,SKU04596,2,671.1,335.55,
2023-04-06,SKU04783,1,1943.37,1943.37,
2023-04-07,SKU00325,2,1263.0,631.5,
2023-04-07,SKU00915,5,2657.2,771.32,1
2023-04-07,SKU00994,2,1204.26,602.13,
2023-04-07,SKU01392,1,130.77,130.77,
2023-04-07,SKU01921,1,64.75,64.75,
2023-04-07,SKU02180,1,98.03,98.03,
2023-04-07,SKU02309,1,272.44,272.44,
2023-04-07,SKU02449,1,124.46,137.83,1
2023-04-07,SKU02849,4,293.2,73.3,
2023-04-07,SKU02923,2,248.36,124.18,
2023-04-07,SKU02935,3,1296.69,432.23,
2023-04-07,SKU03422,1,1121.44,1121.44,
2023-04-07,SKU03731,3,4798.32,1599.4399999999998,
2023-04-07,SKU03757,4,5085.88,1271.47,
2023-04-07,SKU03800,1,114.46,114.46,
2023-04-07,SKU04110,2,898.94,449.47,
2023-04-07,SKU04368,1,303.19,303.19,
2023-04-07,SKU04489,2,502.02,251.01,
2023-04-07,SKU04517,2,367.9,183.95,
2023-04-08,SKU00518,2,749.38,374.69,
2023-04-08,SKU00941,2,1363.78,681.89,
2023-04-08,SKU00942,2,345.8,172.9,
2023-04-08,SKU01000,2,830.44,415.22,
2023-04-08,SKU01189,3,4753.69,2299.8,1
2023-04-08,SKU01815,1,854.82,1240.67,1
2023-04-08,SKU02129,2,454.56,227.28,
2023-04-08,SKU02247,3,485.72,179.30000000000004,1
2023-04-08,SKU02608,3,3212.34,1070.78,
2023-04-08,SKU02833,2,5408.0,3924.53,1
2023-04-08,SKU03745,2,1149.36,574.68,
2023-04-08,SKU03876,5,1163.9,232.78000000000003,
2023-04-08,SKU04080,1,253.73,253.73,
2023-04-08,SKU04321,4,3845.2,961.3,
2023-04-08,SKU04850,1,273.9,273.9,
2023-04-09,SKU00139,1,617.63,790.82,1
2023-04-09,SKU01578,3,1266.04,540.35,1
2023-04-09,SKU01668,1,165.77,212.25,1
2023-04-09,SKU02333,1,41.47,53.1,1
2023-04-09,SKU02615,1,92.71,118.71,1
2023-04-09,SKU02622,1,270.98,346.96,1
2023-04-09,SKU02840,2,417.12,267.04,1
2023-04-09,SKU03259,1,470.19,602.04,1
2023-04-09,SKU03477,3,3321.94,1607.13,1
2023-04-09,SKU03800,1,89.39,114.46,1
2023-04-09,SKU04321,1,750.78,961.3,1
2023-04-10,SKU00509,1,186.06,238.23,1
2023-04-10,SKU00567,1,414.68,530.96,1
2023-04-10,SKU00711,3,292.44,107.95,1
2023-04-10,SKU00823,1,142.95,183.03,1
2023-04-10,SKU00918,3,3654.12,1559.59,1
2023-04-10,SKU01045,2,704.91,451.29,1
2023-04-10,SKU01214,4,289.69,92.73,1
2023-04-10,SKU01572,4,3697.63,1183.62,1
2023-04-10,SKU01713,1,581.29,744.29,1
2023-04-10,SKU01860,2,330.63,211.67,1
2023-04-10,SKU02611,1,149.85,191.87,1
2023-04-10,SKU02888,1,108.3,138.67,1
2023-04-10,SKU03590,2,4241.48,3078.0,1
2023-04-10,SKU03679,2,3056.79,1956.97,1
2023-04-10,SKU04210,1,37.83,41.89,1
2023-04-10,SKU04221,1,346.08,443.13,1
2023-04-10,SKU04321,4,3003.1099999999997,961.3,1
2023-04-10,SKU04621,1,211.03,270.2,1
2023-04-10,SKU04699,3,336.29,143.53,1
2023-04-10,SKU04916,2,2653.99,1699.1,1
2023-04-11,SKU00188,1,157.3,201.41,1
2023-04-11,SKU00398,2,815.93,522.36,1
2023-04-11,SKU00815,1,39.61,43.87,1
2023-04-11,SKU01526,2,359.72,199.18,1
2023-04-11,SKU01552,1,168.43,215.66,1
2023-04-11,SKU01775,3,478.32,204.15,1
2023-04-11,SKU01993,2,256.76,142.17,1
2023-04-11,SKU02192,1,481.21,616.15,1
2023-04-11,SKU02526,3,1635.67,698.11,1
2023-04-11,SKU02930,2,265.79,170.16,1
2023-04-11,SKU03564,2,165.38,105.88,1
2023-04-11,SKU03727,1,1297.19,1660.93,1
2023-04-11,SKU03979,4,2574.02,823.95,1
2023-04-11,SKU04321,6,4504.65,961.2999999999998,1
2023-04-11,SKU04406,2,200.2,128.17,1
2023-04-11,SKU04796,1,1542.12,1974.55,1
2023-04-11,SKU04926,5,1792.08,458.91999999999996,1
2023-04-11,SKU04999,4,1051.82,336.69,1
2023-04-12,SKU00031,2,273.54,151.46,1
2023-04-12,SKU00685,1,2017.5,2583.23,1
2023-04-12,SKU02312,1,68.1,87.19,1
2023-04-12,SKU02660,1,63.97,81.91,1
2023-04-12,SKU02672,1,1210.82,1757.36,1
2023-04-12,SKU03287,1,125.36,160.51,1
2023-04-12,SKU03508,1,57.11,63.24,1
2023-04-12,SKU04085,3,433.81,185.15,1
2023-04-12,SKU04197,1,280.34,358.95,1
2023-04-12,SKU04321,9,6756.98,961.3000000000001,1
2023-04-12,SKU04446,1,111.11,142.26,1
2023-04-12,SKU04802,1,185.54,237.57,1
2023-04-13,SKU00509,1,186.06,238.23,1
2023-04-13,SKU00696,1,192.49,246.47,1
2023-04-13,SKU00891,2,1406.02,900.14,1
2023-04-13,SKU00942,1,135.03,172.9,1
2023-04-13,SKU01000,1,324.29,415.22,1
2023-04-13,SKU01667,1,126.11,161.47,1
2023-04-13,SKU01684,2,265.99,170.29,1
2023-04-13,SKU01743,2,2185.02,1398.86,1
2023-04-13,SKU01998,3,217.15,92.68,1
2023-04-13,SKU02319,1,87.24,111.7,1
2023-04-13,SKU02759,2,233.93,149.76,1
2023-04-13,SKU02833,1,3065.06,3924.53,1
2023-04-13,SKU02954,3,1413.53,603.3,1
2023-04-13,SKU03057,3,483.45,206.34,1
2023-04-13,SKU03276,2,426.75,273.21,1
2023-04-13,SKU03571,1,815.26,1043.87,1
2023-04-13,SKU03767,3,844.28,360.34,1
2023-04-13,SKU03907,1,684.73,876.73,1
2023-04-13,SKU04008,1,222.14,284.43,1
2023-04-13,SKU04154,1,274.73,351.77,1
2023-04-13,SKU04314,1,443.6,567.99,1
2023-04-13,SKU04321,1,750.78,961.3,1
2023-04-13,SKU04576,4,757.85,242.59,1
2023-04-13,SKU04639,3,595.22,254.04,1
2023-04-14,SKU00062,1,390.07,499.45,1
2023-04-14,SKU00079,5,772.8,197.9,1
2023-04-14,SKU00174,1,498.84,638.72,1
2023-04-14,SKU00508,2,887.0,567.86,1
2023-04-14,SKU00596,1,366.28,468.99,1
2023-04-14,SKU02015,4,325.08,104.06,1
2023-04-14,SKU03727,1,1297.19,1660.93,1
2023-04-14,SKU03745,2,897.65,574.68,1
2023-04-14,SKU03867,1,49.11,62.88,1
2023-04-14,SKU03979,2,1287.01,823.95,1
2023-04-14,SKU03986,1,186.8,239.18,1
2023-04-14,SKU04041,5,2249.01,575.93,1
2023-04-14,SKU04109,1,269.91,345.6,1
2023-04-14,SKU04727,2,767.41,491.3,1
2023-04-14,SKU04769,1,1612.44,2064.58,1
2023-04-15,SKU00285,1,394.93,505.67,1
2023-04-15,SKU00475,1,535.05,685.08,1
2023-04-15,SKU01420,2,333.72,213.65,1
2023-04-15,SKU02039,5,1373.51,351.73,1
2023-04-15,SKU02076,3,2372.31,1012.5099999999999,1
2023-04-15,SKU02518,5,512.41,131.22,1
2023-04-15,SKU03051,2,316.57,202.67,1
2023-04-15,SKU03285,1,48.16,61.67,1
2023-04-15,SKU03350,3,336.83,143.76,1
2023-04-15,SKU03374,1,55.4,70.93,1
2023-04-15,SKU04165,1,1793.07,2295.86,1
2023-04-15,SKU04190,1,212.56,272.17,1
2023-04-15,SKU04450,3,1190.01,507.8999999999999,1
2023-04-15,SKU04719,1,188.03,240.75,1
2023-04-15,SKU04859,5,7827.61,2004.5099999999998,1
2023-04-15,SKU04889,1,136.82,175.19,1
2023-04-16,SKU00002,1,54.97,70.38,1
2023-04-16,SKU00321,5,2876.85,736.71,1
2023-04-16,SKU01093,4,283.97,90.9,1
2023-04-16,SKU01158,3,211.9,90.44,1
2023-04-16,SKU02930,2,265.79,170.16,1
2023-04-16,SKU03010,3,1800.99,768.67,1
2023-04-16,SKU03226,2,585.98,375.15,1
2023-04-16,SKU03349,2,85.11,54.49,1
2023-04-16,SKU03727,2,2594.37,1660.93,1
2023-04-16,SKU04321,2,1501.55,961.3,1
2023-04-17,SKU00079,1,154.56,197.9,1
2023-04-17,SKU00169,1,74.48,95.37,1
2023-04-17,SKU00190,2,227.15,145.42,1
2023-04-17,SKU01341,3,121.72,51.95000000000001,1
2023-04-17,SKU01948,4,4973.6,1592.06,1
2023-04-17,SKU01982,1,69.0,88.35,1
2023-04-17,SKU02265,4,2645.28,846.76,1
2023-04-17,SKU02494,3,239.69,102.3,1
2023-04-17,SKU02858,2,141.67,90.7,1
2023-04-17,SKU03476,3,1596.61,681.44,1
2023-04-17,SKU03666,2,195.97,125.46,1
2023-04-17,SKU04015,1,1326.54,1698.51,1
2023-04-17,SKU04157,1,2091.79,2678.35,1
2023-04-18,SKU00893,1,539.41,690.66,1
2023-04-18,SKU01424,1,462.64,592.37,1
2023-04-18,SKU01601,2,214.34,137.22,1
2023-04-18,SKU01962,3,4100.32,1750.03,1
2023-04-18,SKU02751,2,1012.29,648.07,1
2023-04-18,SKU03018,2,267.93,171.53,1
2023-04-18,SKU03154,3,259.65,110.82,1
2023-04-18,SKU03739,1,110.03,140.88,1
2023-04-18,SKU03781,3,3447.0,1471.1899999999998,1
2023-04-18,SKU03907,1,684.73,876.73,1
2023-04-18,SKU04046,5,448.41,114.83,1
2023-04-18,SKU04154,2,549.46,351.77,1
2023-04-18,SKU04166,2,411.85,263.67,1
2023-04-18,SKU04178,2,461.34,295.35,1
2023-04-18,SKU04276,1,946.95,1212.48,1
2023-04-19,SKU00847,3,1196.58,398.85999999999996,
2023-04-19,SKU01363,3,9553.8,3184.6,
2023-04-19,SKU01418,1,1090.09,1090.09,
2023-04-19,SKU02742,1,573.61,573.61,
2023-04-19,SKU03353,3,145.83,48.60999999999999,
2023-04-19,SKU03727,2,3321.86,1660.93,
2023-04-19,SKU03832,4,430.92,107.73,
2023-04-19,SKU04079,1,226.24,226.24,
2023-04-19,SKU04571,2,1737.04,868.52,
2023-04-19,SKU04845,3,3000.69,1000.23,
2023-04-20,SKU00407,2,5539.66,2769.83,
2023-04-20,SKU00849,1,106.11,106.11,
2023-04-20,SKU01280,1,593.19,593.19,
2023-04-20,SKU01544,3,394.02,131.34,
2023-04-20,SKU01930,1,60.28,60.28,
2023-04-20,SKU02072,1,91.41,91.41,
2023-04-20,SKU02079,2,307.3,153.65,
2023-04-20,SKU02209,4,3921.48,980.37,
2023-04-20,SKU02281,1,91.79,91.79,
2023-04-20,SKU02660,1,81.91,81.91,
2023-04-20,SKU02712,1,168.07,168.07,
2023-04-20,SKU03138,1,99.25,99.25,
2023-04-20,SKU04161,2,379.28,189.64,
2023-04-20,SKU04381,1,192.07,192.07,
2023-04-20,SKU04596,2,671.1,335.55,
2023-04-20,SKU04926,2,917.84,458.92,
2023-04-21,SKU00666,2,3651.26,1825.63,
2023-04-21,SKU01363,1,3184.6,3184.6,
2023-04-21,SKU03055,3,391.77,130.59,
2023-04-21,SKU03302,2,852.14,426.07,
2023-04-21,SKU03476,1,681.44,681.44,
2023-04-21,SKU03531,4,7088.52,1772.13,
2023-04-21,SKU03599,4,643.8,160.95,
2023-04-21,SKU03840,2,510.24,255.12,
2023-04-21,SKU04032,2,407.4,203.7,
2023-04-21,SKU04165,3,6887.58,2295.86,
2023-04-21,SKU04321,3,2883.9,961.2999999999998,
2023-04-21,SKU04411,1,412.29,412.29,
2023-04-21,SKU04647,1,288.31,288.31,
2023-04-21,SKU04666,5,590.35,118.06999999999998,
2023-04-21,SKU04745,1,335.38,335.38,
2023-04-21,SKU04847,2,1261.92,630.96,
2023-04-21,SKU04991,1,206.19,206.19,
2023-04-22,SKU00065,2,1928.24,964.12,
2023-04-22,SKU00326,3,4023.87,1341.29,
2023-04-22,SKU01281,2,363.02,181.51,
2023-04-22,SKU01578,3,1621.05,540.35,
2023-04-22,SKU01869,2,3506.62,1753.31,
2023-04-22,SKU01993,1,142.17,142.17,
2023-04-22,SKU02954,2,1206.6,603.3,
2023-04-22,SKU02990,2,642.48,321.24,
2023-04-22,SKU03540,2,407.98,203.99,
2023-04-22,SKU03727,4,6643.72,1660.93,
2023-04-22,SKU03803,2,1978.42,989.21,
2023-04-22,SKU03855,1,683.9,683.9,
2023-04-22,SKU03998,2,1251.42,625.71,
2023-04-22,SKU04317,1,1598.65,1598.65,
2023-04-22,SKU04321,1,961.3,961.3,
2023-04-22,SKU04329,2,4904.14,2452.07,
2023-04-22,SKU04728,2,435.76,217.88,
2023-04-22,SKU04756,5,3326.6,665.32,
2023-04-22,SKU04853,1,541.65,541.65,
2023-04-23,SKU00087,3,693.3,231.1,
2023-04-23,SKU00190,1,145.42,145.42,
2023-04-23,SKU00359,1,210.99,210.99,
2023-04-23,SKU00774,2,189.22,94.61,
2023-04-23,SKU02892,1,77.05,77.05,
2023-04-23,SKU03710,1,95.93,95.93,
2023-04-23,SKU03779,2,1276.26,638.13,
2023-04-23,SKU03784,1,1234.71,1234.71,
2023-04-23,SKU03842,4,3764.12,941.03,
2023-04-23,SKU04159,1,2188.36,2188.36,
2023-04-23,SKU04185,1,79.83,79.83,
2023-04-23,SKU04209,5,9612.3,1922.4599999999998,
2023-04-23,SKU04261,2,200.82,100.41,
2023-04-23,SKU04423,1,225.6,225.6,
2023-04-24,SKU00575,2,5841.4,2920.7,
2023-04-24,SKU00646,3,697.5,232.5,
2023-04-24,SKU00667,1,573.95,573.95,
2023-04-24,SKU00784,3,1191.12,397.04,
2023-04-24,SKU01000,2,830.44,415.22,
2023-04-24,SKU01261,3,983.94,327.98,
2023-04-24,SKU01415,2,1242.54,621.27,
2023-04-24,SKU01775,3,612.45,204.15,
2023-04-24,SKU02068,1,249.89,249.89,
2023-04-24,SKU02097,1,894.0,894.0,
2023-04-24,SKU02141,2,943.76,471.88,
2023-04-24,SKU02525,2,509.8,254.9,
2023-04-24,SKU02531,1,143.49,143.49,
2023-04-24,SKU02537,1,161.43,161.43,
2023-04-24,SKU02640,1,1563.22,1563.22,
2023-04-24,SKU02950,2,502.18,251.09,
2023-04-24,SKU03214,1,1764.51,1764.51,
2023-04-24,SKU03409,1,117.67,117.67,
2023-04-24,SKU03566,5,600.3,120.05999999999999,
2023-04-24,SKU03797,1,361.59,361.59,
2023-04-24,SKU04321,3,2883.9,961.2999999999998,
2023-04-24,SKU04567,3,4412.85,1470.95,
2023-04-25,SKU00743,1,759.3,759.3,
2023-04-25,SKU00781,1,459.08,459.08,
2023-04-25,SKU01685,2,270.54,135.27,
2023-04-25,SKU01700,2,325.8,162.9,
2023-04-25,SKU01845,1,626.06,626.06,
2023-04-25,SKU01884,3,3375.3,1125.1,
2023-04-25,SKU02115,1,112.03,112.03,
2023-04-25,SKU02538,2,433.16,216.58,
2023-04-25,SKU02683,2,743.64,371.82,
2023-04-25,SKU02849,2,146.6,73.3,
2023-04-25,SKU02892,1,77.05,77.05,
2023-04-25,SKU03772,1,245.96,245.96,
2023-04-25,SKU04069,1,485.51,485.51,
2023-04-26,SKU00062,2,998.9,499.45,
2023-04-26,SKU00079,2,395.8,197.9,
2023-04-26,SKU00539,1,199.63,199.63,
2023-04-26,SKU00540,2,6813.38,3406.69,
2023-04-26,SKU00641,2,328.36,164.18,
2023-04-26,SKU01210,2,559.44,279.72,
2023-04-26,SKU01850,3,654.87,218.29,
2023-04-26,SKU02448,1,2166.71,2166.71,
2023-04-26,SKU03063,1,363.59,363.59,
2023-04-26,SKU03316,3,3097.74,1032.58,
2023-04-26,SKU03727,5,8304.65,1660.9299999999998,
2023-04-26,SKU03908,2,1903.86,951.93,
2023-04-26,SKU04105,3,1394.34,464.78,
2023-04-26,SKU04138,1,2075.16,2075.16,
2023-04-26,SKU04321,5,4806.5,961.3,
2023-04-26,SKU04375,4,7046.72,1761.68,
2023-04-27,SKU00190,2,290.84,145.42,
2023-04-27,SKU00942,4,691.6,172.9,
2023-04-27,SKU00994,3,1806.39,602.13,
2023-04-27,SKU01138,2,362.3,181.15,
2023-04-27,SKU01420,1,213.65,213.65,
2023-04-27,SKU01421,1,248.59,248.59,
2023-04-27,SKU01700,2,325.8,162.9,
2023-04-27,SKU02002,3,754.44,251.48,
2023-04-27,SKU02169,2,2253.86,1126.93,
2023-04-27,SKU02177,1,488.47,488.47,
2023-04-27,SKU02894,1,276.72,276.72,
2023-04-27,SKU03292,1,164.03,164.03,
2023-04-27,SKU03405,1,395.68,395.68,
2023-04-27,SKU03640,4,1326.6,331.65,
2023-04-27,SKU04321,1,961.3,961.3,
2023-04-27,SKU04412,4,2081.48,520.37,
2023-04-27,SKU04508,1,375.55,375.55,
2023-04-27,SKU04571,2,1737.04,868.52,
2023-04-28,SKU00002,3,211.14,70.38,
2023-04-28,SKU00016,3,10435.95,3478.65,
2023-04-28,SKU00500,1,1264.58,1264.58,
2023-04-28,SKU01359,4,1213.52,303.38,
2023-04-28,SKU01592,4,6992.32,1748.08,
2023-04-28,SKU01647,1,247.03,247.03,
2023-04-28,SKU01862,2,879.78,439.89,
2023-04-28,SKU01988,1,331.12,331.12,
2023-04-28,SKU02227,3,3289.44,1096.48,
2023-04-28,SKU02583,2,548.12,274.06,
2023-04-28,SKU02850,2,523.16,261.58,
2023-04-28,SKU03626,1,187.54,187.54,
2023-04-28,SKU03885,1,497.7,497.7,
2023-04-28,SKU04321,2,1922.6,961.3,
2023-04-28,SKU04508,3,1126.65,375.55,
2023-04-28,SKU04524,2,3482.38,1741.19,
2023-04-28,SKU04596,4,1342.2,335.55,
2023-04-28,SKU04609,4,2303.2,575.8,
2023-04-29,SKU01752,1,459.19,459.19,
2023-04-29,SKU01761,1,308.43,308.43,
2023-04-29,SKU01775,1,204.15,204.15,
2023-04-29,SKU02567,1,372.0,372.0,
2023-04-29,SKU02669,2,135.0,67.5,
2023-04-29,SKU02673,5,507.7,101.54,
2023-04-29,SKU03292,1,164.03,164.03,
2023-04-29,SKU03377,5,845.55,169.11,
2023-04-29,SKU03727,1,1660.93,1660.93,
2023-04-29,SKU04095,1,433.45,433.45,
2023-04-29,SKU04321,1,961.3,961.3,
2023-04-29,SKU04340,1,328.65,328.65,
2023-04-30,SKU00254,3,316.65,105.55,
2023-04-30,SKU00363,1,1103.75,1103.75,
2023-04-30,SKU01170,1,365.5,365.5,
2023-04-30,SKU01545,1,186.61,186.61,
2023-04-30,SKU01901,1,102.51,102.51,
2023-04-30,SKU01997,4,315.36,78.84,
2023-04-30,SKU02079,1,153.65,153.65,
2023-04-30,SKU02141,3,1415.64,471.87999999999994,
2023-04-30,SKU02889,2,368.74,184.37,
2023-04-30,SKU03030,3,325.89,108.63,
2023-04-30,SKU03535,2,357.24,178.62,
2023-04-30,SKU03582,1,1131.96,1131.96,
2023-04-30,SKU04321,1,961.3,961.3,
2023-04-30,SKU04596,3,1006.65,335.55,
2023-04-30,SKU04619,1,297.98,297.98,
2023-05-01,SKU01446,2,385.86,192.93,
2023-05-01,SKU01522,4,3424.44,856.11,
2023-05-01,SKU01775,3,612.45,204.15,
2023-05-01,SKU02047,1,319.7,319.7,
2023-05-01,SKU02422,1,377.53,377.53,
2023-05-01,SKU02930,4,680.64,170.16,
2023-05-01,SKU03232,1,2223.84,2223.84,
2023-05-01,SKU03233,1,334.11,334.11,
2023-05-01,SKU03564,2,211.76,105.88,
2023-05-01,SKU04315,1,497.47,497.47,
2023-05-01,SKU04321,1,961.3,961.3,
2023-05-01,SKU04366,3,5855.34,1951.78,
2023-05-01,SKU04500,1,157.68,157.68,
2023-05-02,SKU00070,2,1477.9,738.95,
2023-05-02,SKU00605,2,840.88,420.44,
2023-05-02,SKU00942,1,172.9,172.9,
2023-05-02,SKU01062,1,585.23,585.23,
2023-05-02,SKU01414,4,773.76,193.44,
2023-05-02,SKU01860,1,211.67,211.67,
2023-05-02,SKU02302,1,1747.82,1747.82,
2023-05-02,SKU02609,2,783.7,391.85,
2023-05-02,SKU02920,1,68.47,68.47,
2023-05-02,SKU03044,1,74.7,74.7,
2023-05-02,SKU03283,2,187.28,93.64,
2023-05-02,SKU03671,1,91.48,91.48,
2023-05-02,SKU04238,2,541.3,270.65,
2023-05-02,SKU04317,1,1598.65,1598.65,
2023-05-02,SKU04321,3,2883.8999999999996,961.2999999999998,
2023-05-02,SKU04596,1,335.55,335.55,
2023-05-02,SKU04645,1,155.83,155.83,
2023-05-02,SKU04674,3,485.46,161.82,
2023-05-02,SKU04788,2,1166.36,583.18,
2023-05-03,SKU00210,3,10670.55,3556.85,
2023-05-03,SKU00415,3,5308.17,1769.39,
2023-05-03,SKU00692,5,1177.6,235.52000000000004,
2023-05-03,SKU00731,1,83.14,83.14,
2023-05-03,SKU01435,4,4151.6,1037.9,
2023-05-03,SKU01602,2,1229.7,614.85,
2023-05-03,SKU02138,1,799.69,799.69,
2023-05-03,SKU02529,1,577.42,577.42,
2023-05-03,SKU02738,4,920.64,230.16,
2023-05-03,SKU02975,1,606.78,606.78,
2023-05-03,SKU03149,1,610.58,610.58,
2023-05-03,SKU03292,1,164.03,164.03,
2023-05-03,SKU04154,1,351.77,351.77,
2023-05-03,SKU04321,6,5767.799999999999,961.2999999999998,
2023-05-03,SKU04515,1,244.19,244.19,
2023-05-03,SKU04630,1,118.95,118.95,
2023-05-03,SKU04812,1,251.69,251.69,
2023-05-04,SKU00784,1,397.04,397.04,
2023-05-04,SKU01168,1,269.77,269.77,
2023-05-04,SKU01314,4,1302.12,325.53,
2023-05-04,SKU01363,1,3184.6,3184.6,
2023-05-04,SKU01755,3,475.5,158.5,
2023-05-04,SKU02015,1,104.06,104.06,
2023-05-04,SKU02054,2,297.5,148.75,
2023-05-04,SKU02121,1,217.94,217.94,
2023-05-04,SKU02141,2,943.76,471.88,
2023-05-04,SKU03611,4,659.92,164.98,
2023-05-04,SKU04381,1,192.07,192.07,
2023-05-04,SKU04609,1,575.8,575.8,
2023-05-05,SKU00165,1,85.81,85.81,
2023-05-05,SKU00506,2,639.46,319.73,
2023-05-05,SKU00508,3,1703.58,567.86,
2023-05-05,SKU00728,1,3555.73,3555.73,
2023-05-05,SKU00929,1,158.05,158.05,
2023-05-05,SKU00991,1,226.46,226.46,
2023-05-05,SKU01048,3,288.54,96.18,
2023-05-05,SKU01619,3,713.94,237.98,
2023-05-05,SKU01775,1,204.15,204.15,
2023-05-05,SKU01789,1,168.03,168.03,
2023-05-05,SKU02340,2,469.34,234.67,
2023-05-05,SKU03008,2,562.4,281.2,
2023-05-05,SKU03076,1,1091.52,1091.52,
2023-05-05,SKU03578,3,677.19,225.73,
2023-05-05,SKU03714,1,1127.31,1127.31,
2023-05-05,SKU03840,1,255.12,255.12,
2023-05-05,SKU04321,1,961.3,961.3,
2023-05-05,SKU04783,1,1943.37,1943.37,
2023-05-06,SKU00002,1,70.38,70.38,
2023-05-06,SKU00125,3,1433.25,477.75,
2023-05-06,SKU00190,1,145.42,145.42,
2023-05-06,SKU00517,1,465.51,465.51,
2023-05-06,SKU00629,2,454.8,227.4,
2023-05-06,SKU00692,2,471.04,235.52,
2023-05-06,SKU01259,3,1114.77,371.59,
2023-05-06,SKU02648,3,2650.35,883.4500000000002,
2023-05-06,SKU02660,2,163.82,81.91,
2023-05-06,SKU02947,1,134.5,134.5,
2023-05-06,SKU03392,2,2340.74,1170.37,
2023-05-06,SKU03685,4,179.44,44.86,
2023-05-06,SKU04609,4,2303.2,575.8,
2023-05-07,SKU00687,1,1165.09,1165.09,
2023-05-07,SKU00840,1,2808.27,2808.27,
2023-05-07,SKU00974,2,94.68,47.34,
2023-05-07,SKU01544,2,262.68,131.34,
2023-05-07,SKU01804,1,220.92,220.92,
2023-05-07,SKU02209,2,1960.74,980.37,
2023-05-07,SKU02340,3,704.01,234.67,
2023-05-07,SKU02362,5,3032.9,606.58,
2023-05-07,SKU02923,4,496.72,124.18,
2023-05-07,SKU03323,5,15007.6,3001.52,
2023-05-07,SKU04024,2,535.96,267.98,
2023-05-07,SKU04321,1,961.3,961.3,
2023-05-07,SKU04596,1,335.55,335.55,
2023-05-08,SKU00050,2,68.16,34.08,
2023-05-08,SKU00152,1,1830.31,1830.31,
2023-05-08,SKU00264,2,485.48,242.74,
2023-05-08,SKU00692,1,235.52,235.52,
2023-05-08,SKU00994,1,602.13,602.13,
2023-05-08,SKU01902,1,65.43,65.43,
2023-05-08,SKU02072,3,274.23,91.41000000000001,
2023-05-08,SKU02141,1,471.88,471.88,
2023-05-08,SKU02532,3,347.01,115.67,
2023-05-08,SKU02841,1,271.96,271.96,
2023-05-08,SKU02848,2,668.02,334.01,
2023-05-08,SKU03199,1,78.08,78.08,
2023-05-08,SKU03292,1,164.03,164.03,
2023-05-08,SKU03702,1,473.65,473.65,
2023-05-08,SKU04185,3,239.49,79.83,
2023-05-08,SKU04241,1,38.94,38.94,
2023-05-08,SKU04315,1,497.47,497.47,
2023-05-08,SKU04350,1,394.93,394.93,
2023-05-08,SKU04596,3,1006.65,335.55,
2023-05-08,SKU04702,1,2187.66,2187.66,
2023-05-08,SKU04936,3,986.67,328.89,
2023-05-09,SKU00376,1,207.45,207.45,
2023-05-09,SKU00391,2,2415.66,1207.83,
2023-05-09,SKU02043,2,425.62,212.81,
2023-05-09,SKU02641,1,63.06,63.06,
2023-05-09,SKU03107,1,135.95,135.95,
2023-05-09,SKU03532,2,189.1,94.55,
2023-05-09,SKU04321,2,1922.6,961.3,
2023-05-09,SKU04603,3,4016.19,1338.73,
2023-05-09,SKU04841,3,3568.23,1189.41,
2023-05-10,SKU00079,5,989.5,197.9,
2023-05-10,SKU00375,1,115.0,115.0,
2023-05-10,SKU00953,5,1369.95,273.99,
2023-05-10,SKU01561,2,1284.82,642.41,
2023-05-10,SKU01636,4,717.04,179.26,
2023-05-10,SKU01952,3,3996.18,1332.06,
2023-05-10,SKU01960,1,98.1,98.1,
2023-05-10,SKU02018,1,1042.89,1042.89,
2023-05-10,SKU02297,3,3830.31,1276.77,
2023-05-10,SKU02451,2,1050.32,525.16,
2023-05-10,SKU02888,5,693.35,138.67,
2023-05-10,SKU03300,2,559.56,279.78,
2023-05-10,SKU03638,1,133.01,133.01,
2023-05-10,SKU04310,1,403.96,403.96,
2023-05-10,SKU04321,5,4806.5,961.3,
2023-05-11,SKU00020,1,109.5,109.5,
2023-05-11,SKU00129,2,434.36,217.18,
2023-05-11,SKU00190,3,436.26,145.42,
2023-05-11,SKU00711,1,107.95,107.95,
2023-05-11,SKU01232,5,2082.25,416.45,
2023-05-11,SKU01597,1,327.23,327.23,
2023-05-11,SKU02088,2,138.62,69.31,
2023-05-11,SKU02169,2,2253.86,1126.93,
2023-05-11,SKU02828,1,1658.99,1658.99,
2023-05-11,SKU02840,1,267.04,267.04,
2023-05-11,SKU02922,4,852.56,213.14,
2023-05-11,SKU02982,1,413.73,413.73,
2023-05-11,SKU03080,3,1573.17,524.39,
2023-05-11,SKU03727,4,6643.72,1660.93,
2023-05-11,SKU03791,1,836.9,836.9,
2023-05-12,SKU00640,1,180.34,180.34,
2023-05-12,SKU00824,1,391.75,391.75,
2023-05-12,SKU00831,2,1900.98,950.49,
2023-05-12,SKU01307,2,282.84,141.42,
2023-05-12,SKU01343,1,332.15,332.15,
2023-05-12,SKU02247,1,179.3,179.3,
2023-05-12,SKU02323,1,422.47,422.47,
2023-05-12,SKU02337,5,311.7,62.34000000000001,
2023-05-12,SKU02368,3,2548.17,849.39,
2023-05-12,SKU03088,4,894.2,223.55,
2023-05-12,SKU03274,3,470.85,156.95,
2023-05-12,SKU04321,7,6729.099999999999,961.3,
2023-05-12,SKU04476,4,539.8,134.95,
2023-05-12,SKU04547,1,343.88,343.88,
2023-05-12,SKU04812,1,251.69,251.69,
2023-05-12,SKU04968,1,329.41,329.41,
2023-05-12,SKU04973,2,1819.26,909.63,
2023-05-13,SKU00462,1,241.55,241.55,
2023-05-13,SKU00813,2,3721.32,1860.66,
2023-05-13,SKU01773,2,5922.58,2961.29,
2023-05-13,SKU01827,2,541.16,270.58,
2023-05-13,SKU01870,4,904.64,226.16,
2023-05-13,SKU02539,4,767.04,191.76,
2023-05-13,SKU02556,4,980.0,245.0,
2023-05-13,SKU03766,1,268.44,268.44,
2023-05-13,SKU03949,1,1149.07,1149.07,
2023-05-13,SKU03991,3,8133.99,2711.33,
2023-05-13,SKU04321,3,2883.9,961.2999999999998,
2023-05-13,SKU04791,4,10752.16,2688.04,
2023-05-14,SKU00307,2,419.64,209.82,
2023-05-14,SKU01036,4,528.8,132.2,
2023-05-14,SKU01120,1,213.08,213.08,
2023-05-14,SKU01406,4,542.12,135.53,
2023-05-14,SKU01647,1,247.03,247.03,
2023-05-14,SKU01946,3,9220.02,3073.34,
2023-05-14,SKU02738,1,230.16,230.16,
2023-05-14,SKU02814,1,154.16,154.16,
2023-05-14,SKU03043,2,8773.42,4386.71,
2023-05-14,SKU03787,2,1389.34,694.67,
2023-05-14,SKU03937,4,943.04,235.76,
2023-05-14,SKU04706,1,625.94,625.94,
2023-05-15,SKU00455,4,5372.84,1343.21,
2023-05-15,SKU00538,1,1101.07,1101.07,
2023-05-15,SKU00845,1,670.83,670.83,
2023-05-15,SKU00885,3,566.04,188.67999999999998,
2023-05-15,SKU01483,2,305.12,152.56,
2023-05-15,SKU01832,2,386.78,193.39,
2023-05-15,SKU02141,3,1415.64,471.87999999999994,
2023-05-15,SKU03068,1,187.88,187.88,
2023-05-15,SKU03917,4,6012.84,1503.21,
2023-05-15,SKU04056,1,1184.05,1184.05,
2023-05-15,SKU04065,3,11230.83,3743.61,
2023-05-15,SKU04596,2,671.1,335.55,
2023-05-15,SKU04627,1,630.47,630.47,
2023-05-15,SKU04845,1,1000.23,1000.23,
2023-05-15,SKU04965,1,83.76,83.76,
2023-05-15,SKU04997,1,587.79,587.79,
2023-05-16,SKU00488,2,579.68,289.84,
2023-05-16,SKU00493,1,391.9,391.9,
2023-05-16,SKU00628,1,135.8,135.8,
2023-05-16,SKU01072,1,827.35,827.35,
2023-05-16,SKU01377,1,131.24,131.24,
2023-05-16,SKU01382,1,356.73,356.73,
2023-05-16,SKU01937,3,5055.69,1685.2300000000002,
2023-05-16,SKU02176,1,989.87,989.87,
2023-05-16,SKU02355,1,321.17,321.17,
2023-05-16,SKU02887,5,10372.4,2074.48,
2023-05-16,SKU03053,2,8173.44,4086.72,
2023-05-16,SKU03445,1,53.18,53.18,
2023-05-16,SKU03912,1,181.63,181.63,
2023-05-16,SKU04016,1,1492.65,1492.65,
2023-05-16,SKU04213,1,541.97,541.97,
2023-05-16,SKU04321,2,1922.6,961.3,
2023-05-16,SKU04390,1,1832.3,1832.3,
2023-05-17,SKU00351,3,341.16,113.71999999999998,
2023-05-17,SKU00774,3,283.83,94.61,
2023-05-17,SKU02260,2,510.86,255.43,
2023-05-17,SKU02315,2,1139.32,569.66,
2023-05-17,SKU02409,1,197.05,197.05,
2023-05-17,SKU02633,1,2668.63,2668.63,
2023-05-17,SKU02720,3,419.94,139.98,
2023-05-17,SKU02930,1,170.16,170.16,
2023-05-17,SKU03594,1,477.39,477.39,
2023-05-17,SKU03727,2,3321.86,1660.93,
2023-05-17,SKU03902,3,1026.36,342.12000000000006,
2023-05-17,SKU03982,3,653.43,217.81000000000003,
2023-05-17,SKU04321,1,961.3,961.3,
2023-05-17,SKU04329,1,2452.07,2452.07,
2023-05-17,SKU04571,2,1737.04,868.52,
2023-05-17,SKU04785,1,423.51,423.51,
2023-05-18,SKU00349,4,961.68,240.42,
2023-05-18,SKU00427,2,581.64,290.82,
2023-05-18,SKU00438,2,181.44,90.72,
2023-05-18,SKU01028,1,120.24,120.24,
2023-05-18,SKU01030,1,224.5,224.5,
2023-05-18,SKU01048,3,288.54,96.18,
2023-05-18,SKU01677,3,381.9,127.3,
2023-05-18,SKU02858,2,181.4,90.7,
2023-05-18,SKU03050,1,274.23,274.23,
2023-05-18,SKU03088,1,223.55,223.55,
2023-05-18,SKU03423,1,387.84,387.84,
2023-05-18,SKU03733,1,598.28,598.28,
2023-05-18,SKU03937,1,235.76,235.76,
2023-05-18,SKU04198,1,122.84,122.84,
2023-05-18,SKU04568,2,557.8,278.9,
2023-05-18,SKU04944,1,90.88,90.88,
2023-05-19,SKU00308,1,341.35,341.35,
2023-05-19,SKU00396,1,394.96,394.96,
2023-05-19,SKU00484,5,895.2,179.04,
2023-05-19,SKU00549,2,322.48,161.24,
2023-05-19,SKU01164,3,725.43,241.81000000000003,
2023-05-19,SKU01404,1,1213.28,1213.28,
2023-05-19,SKU01600,1,419.03,419.03,
2023-05-19,SKU01775,1,204.15,204.15,
2023-05-19,SKU02247,1,179.3,179.3,
2023-05-19,SKU02848,1,334.01,334.01,
2023-05-19,SKU02861,1,585.54,585.54,
2023-05-19,SKU03292,3,492.09000000000003,164.03,
2023-05-19,SKU03483,3,1463.1,487.7,
2023-05-19,SKU03506,1,541.05,541.05,
2023-05-19,SKU03727,1,1660.93,1660.93,
2023-05-19,SKU03731,1,1599.44,1599.44,
2023-05-19,SKU03766,2,536.88,268.44,
2023-05-19,SKU04032,1,203.7,203.7,
2023-05-19,SKU04596,1,335.55,335.55,
2023-05-20,SKU00264,1,242.74,242.74,
2023-05-20,SKU00484,3,537.12,179.04,
2023-05-20,SKU01343,1,332.15,332.15,
2023-05-20,SKU01475,1,789.28,789.28,
2023-05-20,SKU01520,1,1113.71,1113.71,
2023-05-20,SKU01521,2,4815.44,2407.72,
2023-05-20,SKU01530,2,591.82,295.91,
2023-05-20,SKU01902,2,130.86,65.43,
2023-05-20,SKU02034,1,751.83,751.83,
2023-05-20,SKU02048,1,520.27,520.27,
2023-05-20,SKU02550,3,601.26,200.42,
2023-05-20,SKU02928,1,1846.27,1846.27,
2023-05-20,SKU03149,1,610.58,610.58,
2023-05-20,SKU03604,1,122.62,122.62,
2023-05-20,SKU04321,5,4806.5,961.3,
2023-05-20,SKU04423,2,451.2,225.6,
2023-05-20,SKU04443,1,152.19,152.19,
2023-05-20,SKU04476,2,269.9,134.95,
2023-05-20,SKU04633,5,3102.75,620.55,
2023-05-20,SKU04647,2,576.62,288.31,
2023-05-20,SKU04652,3,3804.63,1268.21,
2023-05-21,SKU01795,1,262.01,262.01,
2023-05-21,SKU02559,3,6800.13,2266.71,
2023-05-21,SKU02963,2,552.3,276.15,
2023-05-21,SKU03127,2,496.28,248.14,
2023-05-21,SKU03429,1,1112.21,1112.21,
2023-05-21,SKU03749,2,459.68,229.84,
2023-05-21,SKU03978,2,385.14,192.57,
2023-05-21,SKU04209,2,3844.92,1922.46,
2023-05-21,SKU04321,2,1922.6,961.3,
2023-05-21,SKU04913,1,466.91,466.91,
2023-05-22,SKU00591,3,2165.64,721.88,
2023-05-22,SKU00628,1,135.8,135.8,
2023-05-22,SKU00929,2,316.1,158.05,
2023-05-22,SKU01042,1,77.89,77.89,
2023-05-22,SKU01244,2,4449.38,2224.69,
2023-05-22,SKU01536,1,440.4,440.4,
2023-05-22,SKU01625,1,1672.86,1672.86,
2023-05-22,SKU01775,2,408.3,204.15,
2023-05-22,SKU02992,1,368.13,368.13,
2023-05-22,SKU03038,3,612.15,204.05000000000004,
2023-05-22,SKU03426,4,5262.6,1315.65,
2023-05-22,SKU03727,3,4982.79,1660.93,
2023-05-22,SKU04321,6,5767.8,961.3000000000001,
2023-05-22,SKU04626,1,468.52,468.52,
2023-05-22,SKU04772,2,3905.86,1952.93,
2023-05-22,SKU04796,2,3949.1,1974.55,
2023-05-22,SKU04872,5,771.8,154.36,
2023-05-23,SKU00313,1,878.76,878.76,
2023-05-23,SKU00454,1,79.58,79.58,
2023-05-23,SKU00990,1,485.43,485.43,
2023-05-23,SKU01586,3,11055.39,3685.1299999999997,
2023-05-23,SKU02489,1,76.22,76.22,
2023-05-23,SKU02624,1,3182.64,3182.64,
2023-05-23,SKU02628,1,640.18,640.18,
2023-05-23,SKU03601,1,790.24,790.24,
2023-05-23,SKU03819,2,941.08,470.54,
2023-05-23,SKU03838,1,259.95,259.95,
2023-05-23,SKU04379,1,375.7,375.7,
2023-05-23,SKU04386,3,2512.05,837.35,
2023-05-23,SKU04596,1,335.55,335.55,
2023-05-24,SKU00534,2,343.9,171.95,
2023-05-24,SKU01274,1,558.36,558.36,
2023-05-24,SKU01443,1,174.67,174.67,
2023-05-24,SKU01578,1,540.35,540.35,
2023-05-24,SKU02215,1,731.38,731.38,
2023-05-24,SKU02411,2,1045.64,522.82,
2023-05-24,SKU02649,1,1521.83,1521.83,
2023-05-24,SKU02765,1,480.9,480.9,
2023-05-24,SKU02837,2,5354.44,2677.22,
2023-05-24,SKU03044,1,74.7,74.7,
2023-05-24,SKU03515,3,799.02,266.34,
2023-05-24,SKU03577,2,177.5,88.75,
2023-05-24,SKU03886,2,381.3,190.65,
2023-05-24,SKU03907,3,2630.19,876.73,
2023-05-24,SKU04321,1,961.3,961.3,
2023-05-24,SKU04766,2,225.66,112.83,
2023-05-24,SKU04813,1,397.81,397.81,
2023-05-24,SKU04975,3,377.37,125.79,
2023-05-25,SKU00531,1,2949.96,2949.96,
2023-05-25,SKU00818,2,727.58,363.79,
2023-05-25,SKU00942,3,518.7,172.9,
2023-05-25,SKU00994,4,2408.52,602.13,
2023-05-25,SKU01035,3,1082.61,360.87000000000006,
2023-05-25,SKU01037,1,178.07,178.07,
2023-05-25,SKU01201,5,666.4,133.28,
2023-05-25,SKU01774,1,129.33,129.33,
2023-05-25,SKU01784,1,168.81,168.81,
2023-05-25,SKU01890,1,119.43,119.43,
2023-05-25,SKU01961,1,250.71,250.71,
2023-05-25,SKU01971,5,12275.5,2455.1,
2023-05-25,SKU02063,1,429.58,429.58,
2023-05-25,SKU02077,1,448.21,448.21,
2023-05-25,SKU02954,4,2413.2,603.3,
2023-05-25,SKU03299,1,1035.55,1035.55,
2023-05-25,SKU04321,1,961.3,961.3,
2023-05-25,SKU04621,1,270.2,270.2,
2023-05-26,SKU00030,2,804.68,402.34,
2023-05-26,SKU00039,1,124.83,124.83,
2023-05-26,SKU00692,1,235.52,235.52,
2023-05-26,SKU01084,1,2259.43,2259.43,
2023-05-26,SKU01839,2,307.74,153.87,
2023-05-26,SKU02082,3,654.75,218.25,
2023-05-26,SKU02164,1,341.73,341.73,
2023-05-26,SKU02243,1,589.04,589.04,
2023-05-26,SKU03292,2,328.06,164.03,
2023-05-26,SKU03727,1,1660.93,1660.93,
2023-05-26,SKU04041,4,2303.72,575.93,
2023-05-26,SKU04154,1,351.77,351.77,
2023-05-26,SKU04331,1,294.81,294.81,
2023-05-26,SKU04390,1,1832.3,1832.3,
2023-05-26,SKU04469,2,992.16,496.08,
2023-05-26,SKU04651,1,655.85,655.85,
2023-05-26,SKU04828,1,145.98,145.98,
2023-05-27,SKU00373,3,252.96,84.32,
2023-05-27,SKU00538,2,2202.14,1101.07,
2023-05-27,SKU01420,2,427.3,213.65,
2023-05-27,SKU01853,1,206.97,206.97,
2023-05-27,SKU01976,2,711.64,355.82,
2023-05-27,SKU02047,3,959.1,319.7,
2023-05-27,SKU02320,2,215.72,107.86,
2023-05-27,SKU02563,2,360.08,180.04,
2023-05-27,SKU02705,4,13074.2,3268.55,
2023-05-27,SKU02721,4,1039.92,259.98,
2023-05-27,SKU02786,2,139.78,69.89,
2023-05-27,SKU02958,1,521.69,521.69,
2023-05-27,SKU03246,3,7524.54,2508.18,
2023-05-27,SKU03692,2,535.38,267.69,
2023-05-27,SKU03702,3,1420.95,473.6499999999999,
2023-05-27,SKU03926,4,1645.12,411.28,
2023-05-27,SKU04166,1,263.67,263.67,
2023-05-27,SKU04321,9,8651.7,961.2999999999998,
2023-05-27,SKU04390,2,3664.6,1832.3,
2023-05-27,SKU04516,1,1767.67,1767.67,
2023-05-27,SKU04596,1,335.55,335.55,
2023-05-28,SKU00163,1,151.67,151.67,
2023-05-28,SKU00232,2,192.26,96.13,
2023-05-28,SKU00388,1,63.62,63.62,
2023-05-28,SKU00752,1,417.09,417.09,
2023-05-28,SKU01571,2,219.1,109.55,
2023-05-28,SKU01751,1,459.81,459.81,
2023-05-28,SKU01757,1,92.06,92.06,
2023-05-28,SKU03010,2,1537.34,768.67,
2023-05-28,SKU04280,1,318.92,318.92,
2023-05-28,SKU04309,2,253.68,126.84,
2023-05-28,SKU04321,4,3845.2,961.3,
2023-05-28,SKU04474,1,168.07,168.07,
2023-05-28,SKU04538,1,215.34,215.34,
2023-05-28,SKU04604,1,318.32,318.32,
2023-05-29,SKU00285,1,505.67,505.67,
2023-05-29,SKU00559,3,356.43,118.81,
2023-05-29,SKU00714,3,4979.28,1659.76,
2023-05-29,SKU00774,4,378.44,94.61,
2023-05-29,SKU01656,1,553.42,553.42,
2023-05-29,SKU02487,1,363.61,363.61,
2023-05-29,SKU03840,1,255.12,255.12,
2023-05-30,SKU00500,2,2529.16,1264.58,
2023-05-30,SKU00503,1,114.18,114.18,
2023-05-30,SKU00506,1,319.73,319.73,
2023-05-30,SKU00518,1,374.69,374.69,
2023-05-30,SKU01085,1,263.64,263.64,
2023-05-30,SKU02036,3,622.17,207.39,
2023-05-30,SKU02113,1,309.55,309.55,
2023-05-30,SKU02230,2,1957.52,978.76,
2023-05-30,SKU02247,1,179.3,179.3,
2023-05-30,SKU02557,1,2280.46,2280.46,
2023-05-30,SKU03020,3,829.86,276.62,
2023-05-30,SKU03578,3,677.19,225.73,
2023-05-30,SKU04411,2,824.58,412.29,
2023-05-30,SKU04626,1,468.52,468.52,
2023-05-31,SKU00264,4,970.96,242.74,
2023-05-31,SKU00317,1,110.59,110.59,
2023-05-31,SKU01003,1,324.39,324.39,
2023-05-31,SKU01507,1,220.84,220.84,
2023-05-31,SKU02216,1,204.24,204.24,
2023-05-31,SKU02552,2,3245.84,1622.92,
2023-05-31,SKU02790,2,141.92,70.96,
2023-05-31,SKU03622,3,865.8,288.6,
2023-05-31,SKU04010,1,253.31,253.31,
2023-05-31,SKU04321,2,1922.6,961.3,
2023-06-01,SKU00285,2,607.82,505.67,1
2023-06-01,SKU00323,1,162.76,270.82,1
2023-06-01,SKU00422,2,332.51,276.63,1
2023-06-01,SKU00635,2,184.31,153.34,1
2023-06-01,SKU01045,3,813.68,451.29,1
2023-06-01,SKU01545,2,224.31,186.61,1
2023-06-01,SKU01662,1,298.0,495.84,1
2023-06-01,SKU01712,2,317.9,264.48,1
2023-06-01,SKU01870,3,407.77,226.16,1
2023-06-01,SKU03138,1,59.65,99.25,1
2023-06-01,SKU03292,2,197.16,164.03,1
2023-06-01,SKU03999,2,594.69,494.75,1
2023-06-01,SKU04321,2,1155.48,961.3,1
2023-06-02,SKU00395,1,662.98,1103.12,1
2023-06-02,SKU01151,2,2210.74,1839.22,1
2023-06-02,SKU01398,2,779.3,648.34,1
2023-06-02,SKU01576,1,426.43,709.54,1
2023-06-02,SKU01799,4,586.91,244.14,1
2023-06-02,SKU02160,2,366.85,305.2,1
2023-06-02,SKU02307,2,2485.06,2067.44,1
2023-06-02,SKU02344,1,322.77,537.06,1
2023-06-02,SKU02397,2,2148.57,1787.5,1
2023-06-02,SKU02883,2,1250.1,1040.02,1
2023-06-02,SKU02937,1,105.62,175.74,1
2023-06-02,SKU03170,3,585.69,324.84,1
2023-06-02,SKU03697,2,3451.25,2871.26,1
2023-06-02,SKU03748,3,298.7,165.67,1
2023-06-02,SKU03840,1,153.33,255.12,1
2023-06-02,SKU04321,5,2888.7,961.3,1
2023-06-02,SKU04832,3,375.33,208.17,1
2023-06-03,SKU00408,1,901.49,1499.98,1
2023-06-03,SKU00641,2,197.34,164.18,1
2023-06-03,SKU00774,1,56.86,94.61,1
2023-06-03,SKU00994,1,361.88,602.13,1
2023-06-03,SKU01352,3,270.14,149.83,1
2023-06-03,SKU01484,1,345.65,575.12,1
2023-06-03,SKU02279,3,3290.49,1825.01,1
2023-06-03,SKU02538,1,130.16,216.58,1
2023-06-03,SKU02588,4,225.54,93.82,1
2023-06-03,SKU02693,3,2738.56,1518.89,1
2023-06-03,SKU03557,2,185.78,154.56,1
2023-06-03,SKU03915,1,1026.83,1708.53,1
2023-06-03,SKU04231,2,30.95,25.75,1
2023-06-04,SKU00286,1,38.73,64.45,1
2023-06-04,SKU00863,1,110.33,183.57,1
2023-06-04,SKU02299,1,1642.35,2732.69,1
2023-06-04,SKU02792,2,400.73,333.39,1
2023-06-04,SKU02858,1,54.51,90.7,1
2023-06-04,SKU03292,1,98.58,164.03,1
2023-06-04,SKU03394,2,1218.53,1013.75,1
2023-06-04,SKU03530,1,1277.95,2126.37,1
2023-06-04,SKU03779,2,767.03,638.13,1
2023-06-04,SKU04275,2,288.53,240.04,1
2023-06-04,SKU04321,1,577.74,961.3,1
2023-06-04,SKU04551,1,1501.44,2498.23,1
2023-06-04,SKU04596,2,403.33,335.55,1
2023-06-05,SKU00002,2,84.6,70.38,1
2023-06-05,SKU00064,1,129.13,214.86,1
2023-06-05,SKU00282,2,3721.19,3095.83,1
2023-06-05,SKU00833,1,195.46,325.22,1
2023-06-05,SKU00882,2,87.36,72.68,1
2023-06-05,SKU01211,1,157.13,261.45,1
2023-06-05,SKU01677,1,76.51,127.3,1
2023-06-05,SKU01993,1,85.44,142.17,1
2023-06-05,SKU02305,1,1153.44,1919.2,1
2023-06-05,SKU02415,1,265.17,441.21,1
2023-06-05,SKU02711,1,67.04,111.55,1
2023-06-05,SKU02776,1,141.19,234.93,1
2023-06-05,SKU03478,3,120.51,66.84,1
2023-06-05,SKU03722,1,47.21,78.55,1
2023-06-05,SKU04141,2,325.5,270.8,1
2023-06-05,SKU04201,1,423.66,704.93,1
2023-06-05,SKU04315,3,896.94,497.47,1
2023-06-05,SKU04321,1,577.74,961.3,1
2023-06-05,SKU04380,3,517.33,286.93,1
2023-06-05,SKU04400,1,672.84,1119.54,1
2023-06-05,SKU04596,1,201.67,335.55,1
2023-06-05,SKU04713,1,1149.95,1913.4,1
2023-06-06,SKU00001,1,488.86,813.41,1
2023-06-06,SKU00741,2,137.08,114.04,1
2023-06-06,SKU00994,2,723.76,602.13,1
2023-06-06,SKU01132,1,197.0,327.79,1
2023-06-06,SKU01221,3,3683.94,2043.2300000000002,1
2023-06-06,SKU01902,3,117.97,65.43,1
2023-06-06,SKU02922,1,128.1,213.14,1
2023-06-06,SKU03168,1,103.22,171.75,1
2023-06-06,SKU03808,2,1955.61,1626.96,1
2023-06-06,SKU04408,4,1604.81,667.56,1
2023-06-06,SKU04596,1,201.67,335.55,1
2023-06-07,SKU00278,2,3055.25,1807.84,1
2023-06-07,SKU01021,1,747.33,1243.47,1
2023-06-07,SKU01058,1,386.44,642.99,1
2023-06-07,SKU01466,2,41.22,34.29,1
2023-06-07,SKU02353,1,631.29,747.09,1
2023-06-07,SKU02355,1,193.02,321.17,1
2023-06-07,SKU02701,3,328.16,182.01,1
2023-06-07,SKU02858,1,54.51,90.7,1
2023-06-07,SKU03138,2,119.3,99.25,1
2023-06-07,SKU03395,1,163.38,271.84,1
2023-06-07,SKU04275,1,144.26,240.04,1
2023-06-07,SKU04321,4,2310.96,961.3,1
2023-06-08,SKU00379,1,601.46,1000.76,1
2023-06-08,SKU00426,2,727.94,605.61,1
2023-06-08,SKU00590,1,248.01,412.67,1
2023-06-08,SKU01037,1,107.02,178.07,1
2023-06-08,SKU01545,2,224.31,186.61,1
2023-06-08,SKU02109,1,252.64,420.37,1
2023-06-08,SKU02340,1,141.04,234.67,1
2023-06-08,SKU02858,1,54.51,90.7,1
2023-06-08,SKU02977,1,1904.78,2254.18,1
2023-06-08,SKU03374,2,85.26,70.93,1
2023-06-08,SKU03752,2,144.06,119.85,1
2023-06-08,SKU03757,1,764.15,1271.47,1
2023-06-08,SKU03886,3,343.74,190.65,1
2023-06-09,SKU00258,1,55.28,91.98,1
2023-06-09,SKU00393,1,53.34,88.75,1
2023-06-09,SKU00643,3,884.88,490.78,1
2023-06-09,SKU00996,1,70.68,117.61,1
2023-06-09,SKU01026,1,239.16,397.94,1
2023-06-09,SKU01248,3,688.37,381.79,1
2023-06-09,SKU01764,1,1704.59,2017.27,1
2023-06-09,SKU01827,1,162.62,270.58,1
2023-06-09,SKU02079,1,92.34,153.65,1
2023-06-09,SKU02248,2,155.42,129.3,1
2023-06-09,SKU03049,4,642.83,267.4,1
2023-06-09,SKU03847,3,180.43,100.07,1
2023-06-09,SKU03898,1,118.2,196.68,1
2023-06-09,SKU04154,1,211.41,351.77,1
2023-06-09,SKU04240,2,842.61,701.01,1
2023-06-09,SKU04321,8,4621.92,961.3,1
2023-06-09,SKU04329,1,1473.69,2452.07,1
2023-06-09,SKU04559,1,2218.49,2625.43,1
2023-06-09,SKU04575,1,48.19,80.19,1
2023-06-09,SKU04677,3,302.63,167.85,1
2023-06-09,SKU04702,2,2629.57,2187.66,1
2023-06-10,SKU00376,2,249.35,207.45,1
2023-06-10,SKU00888,2,294.39,244.92,1
2023-06-10,SKU00922,1,36.25,60.32,1
2023-06-10,SKU00931,2,448.59,373.2,1
2023-06-10,SKU00994,2,723.76,602.13,1
2023-06-10,SKU01446,1,115.95,192.93,1
2023-06-10,SKU02096,5,2848.71,674.25,1
2023-06-10,SKU02536,1,244.12,406.19,1
2023-06-10,SKU02806,2,98.6,82.03,1
2023-06-10,SKU03587,1,151.88,252.72,1
2023-06-10,SKU03950,2,383.09,318.71,1
2023-06-10,SKU04218,1,57.92,96.37,1
2023-06-10,SKU04321,1,577.74,961.3,1
2023-06-10,SKU04524,1,1046.46,1741.19,1
2023-06-10,SKU04596,1,201.67,335.55,1
2023-06-10,SKU04678,1,129.6,215.64,1
2023-06-11,SKU00039,4,382.48,124.83,1
2023-06-11,SKU00199,1,47.55,62.08,1
2023-06-11,SKU00470,3,116.16,50.54999999999999,1
2023-06-11,SKU00500,1,968.67,1264.58,1
2023-06-11,SKU01293,2,350.49,228.78,1
2023-06-11,SKU01315,5,6493.19,1695.35,1
2023-06-11,SKU01584,1,1039.39,1356.9,1
2023-06-11,SKU01714,1,257.93,336.72,1
2023-06-11,SKU01727,1,83.29,108.74,1
2023-06-11,SKU02094,4,743.27,242.58,1
2023-06-11,SKU02543,1,1498.48,1956.24,1
2023-06-11,SKU02690,2,382.65,249.77,1
2023-06-11,SKU02797,1,283.72,370.39,1
2023-06-11,SKU02835,2,2357.04,1538.54,1
2023-06-11,SKU03734,1,338.12,441.41,1
2023-06-11,SKU03958,1,542.12,707.73,1
2023-06-11,SKU04154,2,538.91,351.77,1
2023-06-11,SKU04245,4,667.28,217.78,1
2023-06-12,SKU00387,2,1265.92,632.96,
2023-06-12,SKU00854,1,1449.64,1449.64,
2023-06-12,SKU00953,2,547.98,273.99,
2023-06-12,SKU01901,4,410.04,102.51,
2023-06-12,SKU02105,4,596.6,149.15,
2023-06-12,SKU02720,4,559.92,139.98,
2023-06-12,SKU02933,1,92.06,92.06,
2023-06-12,SKU02954,1,603.3,603.3,
2023-06-12,SKU03076,1,922.33,1091.52,1
2023-06-12,SKU03973,1,79.3,79.3,
2023-06-12,SKU04042,3,728.37,242.79,
2023-06-12,SKU04154,1,351.77,351.77,
2023-06-12,SKU04650,1,578.07,578.07,
2023-06-12,SKU04832,2,416.34,208.17,
2023-06-12,SKU04994,4,1045.6,261.4,
2023-06-13,SKU00692,1,235.52,235.52,
2023-06-13,SKU00929,1,158.05,158.05,
2023-06-13,SKU00953,3,821.97,273.99,
2023-06-13,SKU01075,1,382.05,382.05,
2023-06-13,SKU01228,1,1160.46,1373.33,1
2023-06-13,SKU01309,1,474.17,474.17,
2023-06-13,SKU01681,1,544.45,544.45,
2023-06-13,SKU01779,1,130.19,130.19,
2023-06-13,SKU01993,2,284.34,142.17,
2023-06-13,SKU02268,1,205.47,205.47,
2023-06-13,SKU02417,1,936.63,1108.44,1
2023-06-13,SKU02536,1,406.19,406.19,
2023-06-13,SKU02740,1,104.22,104.22,
2023-06-13,SKU03040,1,2390.56,2390.56,
2023-06-13,SKU03708,3,307.92,102.64,
2023-06-13,SKU03839,2,1197.4,598.7,
2023-06-13,SKU04197,2,717.9,358.95,
2023-06-13,SKU04274,2,307.22,153.61,
2023-06-13,SKU04280,3,956.76,318.92,
2023-06-13,SKU04331,1,294.81,294.81,
2023-06-13,SKU04744,1,232.79,232.79,
2023-06-14,SKU00083,1,333.54,333.54,
2023-06-14,SKU00445,2,174.3,87.15,
2023-06-14,SKU00504,2,2478.06,1466.31,1
2023-06-14,SKU00996,5,588.05,117.60999999999999,
2023-06-14,SKU02048,1,520.27,520.27,
2023-06-14,SKU02366,1,1216.45,1439.58,1
2023-06-14,SKU02548,4,1065.04,266.26,
2023-06-14,SKU02648,2,1766.9,883.45,
2023-06-14,SKU02661,1,674.41,674.41,
2023-06-14,SKU02829,2,891.24,445.62,
2023-06-14,SKU03174,2,2104.78,1052.39,
2023-06-14,SKU03296,1,3683.62,3683.62,
2023-06-14,SKU04292,1,175.78,175.78,
2023-06-15,SKU00153,4,737.0,184.25,
2023-06-15,SKU01016,2,196.32,98.16,
2023-06-15,SKU01248,1,381.79,381.79,
2023-06-15,SKU01255,1,182.77,182.77,
2023-06-15,SKU01575,2,1000.0,500.0,
2023-06-15,SKU02024,4,5443.83,1610.6,1
2023-06-15,SKU02349,3,1104.36,368.12000000000006,
2023-06-15,SKU02653,1,382.55,382.55,
2023-06-15,SKU02954,3,1809.9,603.3,
2023-06-15,SKU03214,1,1491.01,1764.51,1
2023-06-15,SKU03471,1,281.87,281.87,
2023-06-15,SKU03796,2,3678.92,1839.46,
2023-06-15,SKU04321,5,4806.5,961.3,
2023-06-15,SKU04589,2,804.2,402.1,
2023-06-15,SKU04599,1,1987.33,1987.33,
2023-06-16,SKU00606,5,2833.65,566.73,
2023-06-16,SKU00917,1,182.25,182.25,
2023-06-16,SKU01486,2,1142.02,571.01,
2023-06-16,SKU02954,3,1809.9,603.3,
2023-06-16,SKU03220,3,249.33,83.11,
2023-06-16,SKU03722,1,78.55,78.55,
2023-06-16,SKU04321,3,2883.9,961.2999999999998,
2023-06-16,SKU04704,2,113.84,56.92,
2023-06-16,SKU04943,3,436.86,145.62,
2023-06-17,SKU00016,3,8818.38,3478.65,1
2023-06-17,SKU00530,4,265.36,66.34,
2023-06-17,SKU00690,3,1478.82,492.94,
2023-06-17,SKU00782,1,1731.92,1731.92,
2023-06-17,SKU00964,1,229.0,229.0,
2023-06-17,SKU01206,1,405.83,405.83,
2023-06-17,SKU01311,3,2255.77,889.85,1
2023-06-17,SKU01424,1,500.55,592.37,1
2023-06-17,SKU01843,3,1222.32,407.44,
2023-06-17,SKU02120,3,241.2,80.4,
2023-06-17,SKU02711,1,111.55,111.55,
2023-06-17,SKU02746,1,509.02,509.02,
2023-06-17,SKU02747,1,561.26,561.26,
2023-06-17,SKU02954,1,603.3,603.3,
2023-06-17,SKU03509,1,493.07,493.07,
2023-06-17,SKU04255,3,855.36,285.12,
2023-06-17,SKU04321,1,961.3,961.3,
2023-06-17,SKU04351,1,3226.69,3226.69,
2023-06-17,SKU04372,4,6512.96,1628.24,
2023-06-18,SKU00148,1,357.28,357.28,
2023-06-18,SKU00500,1,1264.58,1264.58,
2023-06-18,SKU00528,2,420.42,210.21,
2023-06-18,SKU00540,1,2878.65,3406.69,1
2023-06-18,SKU00565,1,336.31,336.31,
2023-06-18,SKU00815,1,43.87,43.87,
2023-06-18,SKU00956,1,78.37,78.37,
2023-06-18,SKU01048,1,96.18,96.18,
2023-06-18,SKU01310,3,2206.89,735.63,
2023-06-18,SKU01601,1,137.22,137.22,
2023-06-18,SKU01684,1,170.29,170.29,
2023-06-18,SKU01846,1,189.44,189.44,
2023-06-18,SKU02004,2,1851.34,925.67,
2023-06-18,SKU03037,1,1347.99,1595.26,1
2023-06-18,SKU03292,1,164.03,164.03,
2023-06-18,SKU03546,2,992.34,496.17,
2023-06-18,SKU04404,2,481.16,240.58,
2023-06-18,SKU04743,1,385.89,385.89,
2023-06-19,SKU00286,2,128.9,64.45,
2023-06-19,SKU00468,1,100.74,100.74,
2023-06-19,SKU00953,1,273.99,273.99,
2023-06-19,SKU00970,1,354.04,354.04,
2023-06-19,SKU01764,4,6818.37,2017.27,1
2023-06-19,SKU01940,4,510.88,127.72,
2023-06-19,SKU01973,1,317.96,317.96,
2023-06-19,SKU01993,1,142.17,142.17,
2023-06-19,SKU02030,2,678.4,339.2,
2023-06-19,SKU02165,1,151.01,151.01,
2023-06-19,SKU02660,2,163.82,81.91,
2023-06-19,SKU02717,2,376.6,188.3,
2023-06-19,SKU02806,1,82.03,82.03,
2023-06-19,SKU03053,2,6906.56,4086.72,1
2023-06-19,SKU03149,3,1831.74,610.58,
2023-06-19,SKU03383,1,214.46,214.46,
2023-06-19,SKU03414,5,4051.56,958.95,1
2023-06-19,SKU04061,4,262.4,65.6,
2023-06-19,SKU04094,3,610.95,203.65,
2023-06-19,SKU04350,2,789.86,394.93,
2023-06-19,SKU04596,1,335.55,335.55,
2023-06-20,SKU00015,1,277.24,277.24,
2023-06-20,SKU00285,1,505.67,505.67,
2023-06-20,SKU00313,1,878.76,878.76,
2023-06-20,SKU00365,2,156.0,78.0,
2023-06-20,SKU01289,1,257.68,257.68,
2023-06-20,SKU01619,1,237.98,237.98,
2023-06-20,SKU01713,1,744.29,744.29,
2023-06-20,SKU02554,2,1316.98,658.49,
2023-06-20,SKU03162,3,1096.8,365.6000000000001,
2023-06-20,SKU03292,1,164.03,164.03,
2023-06-20,SKU03393,4,281.96,70.49,
2023-06-20,SKU03915,1,1443.71,1708.53,1
2023-06-20,SKU04321,1,961.3,961.3,
2023-06-20,SKU04596,1,335.55,335.55,
2023-06-20,SKU04683,3,1444.89,481.62999999999994,
2023-06-21,SKU00101,2,245.14,122.57,
2023-06-21,SKU00190,1,145.42,145.42,
2023-06-21,SKU00534,1,171.95,171.95,
2023-06-21,SKU00963,1,108.45,108.45,
2023-06-21,SKU01088,1,183.33,183.33,
2023-06-21,SKU01619,1,237.98,237.98,
2023-06-21,SKU02057,1,167.06,167.06,
2023-06-21,SKU02369,1,162.77,162.77,
2023-06-21,SKU02614,1,118.14,118.14,
2023-06-21,SKU02639,1,166.16,166.16,
2023-06-21,SKU02683,2,743.64,371.82,
2023-06-21,SKU02797,1,370.39,370.39,
2023-06-21,SKU02865,3,1568.25,522.75,
2023-06-21,SKU03194,1,649.38,649.38,
2023-06-21,SKU03241,2,224.38,112.19,
2023-06-21,SKU03383,1,214.46,214.46,
2023-06-21,SKU03512,2,879.16,439.58,
2023-06-21,SKU03546,1,496.17,496.17,
2023-06-21,SKU04321,4,3845.2,961.3,
2023-06-21,SKU04504,1,195.03,195.03,
2023-06-21,SKU04551,1,2498.23,2498.23,
2023-06-21,SKU04903,1,237.98,237.98,
2023-06-21,SKU04996,2,2115.06,1057.53,
2023-06-22,SKU00601,4,832.68,208.17,
2023-06-22,SKU01048,2,192.36,96.18,
2023-06-22,SKU01162,2,309.6,154.8,
2023-06-22,SKU02105,1,149.15,149.15,
2023-06-22,SKU02702,3,1026.24,342.08,
2023-06-22,SKU03070,1,524.48,524.48,
2023-06-22,SKU03260,1,199.9,199.9,
2023-06-22,SKU03372,1,279.34,279.34,
2023-06-22,SKU03622,1,288.6,288.6,
2023-06-22,SKU03759,2,234.74,117.37,
2023-06-22,SKU04321,4,3845.2,961.3,
2023-06-23,SKU00106,2,401.6,200.8,
2023-06-23,SKU00994,3,1806.39,602.13,
2023-06-23,SKU02141,3,1415.64,471.87999999999994,
2023-06-23,SKU02479,1,872.55,872.55,
2023-06-23,SKU02804,3,1084.32,361.44,
2023-06-23,SKU03329,1,357.82,357.82,
2023-06-23,SKU03348,4,1143.6,285.9,
2023-06-23,SKU03626,2,375.08,187.54,
2023-06-23,SKU04016,1,1492.65,1492.65,
2023-06-23,SKU04245,1,217.78,217.78,
2023-06-23,SKU04321,1,961.3,961.3,
2023-06-23,SKU04494,1,82.11,82.11,
2023-06-23,SKU04571,3,2605.56,868.52,
2023-06-23,SKU04825,2,3007.32,1503.66,
2023-06-24,SKU00285,2,1011.34,505.67,
2023-06-24,SKU00810,1,218.62,218.62,
2023-06-24,SKU00893,3,2071.98,690.66,
2023-06-24,SKU00942,4,691.6,172.9,
2023-06-24,SKU01045,2,902.58,451.29,
2023-06-24,SKU01352,3,449.49,149.83,
2023-06-24,SKU01638,1,94.61,94.61,
2023-06-24,SKU02913,2,697.24,348.62,
2023-06-24,SKU03836,1,442.52,442.52,
2023-06-24,SKU04154,5,1758.85,351.77,
2023-06-24,SKU04321,6,5767.8,961.2999999999998,
2023-06-25,SKU00079,1,197.9,197.9,
2023-06-25,SKU00190,3,436.26,145.42,
2023-06-25,SKU00286,1,64.45,64.45,
2023-06-25,SKU00291,1,190.44,190.44,
2023-06-25,SKU00436,1,146.23,146.23,
2023-06-25,SKU00724,2,139.98,69.99,
2023-06-25,SKU01420,1,213.65,213.65,
2023-06-25,SKU02260,3,766.29,255.42999999999998,
2023-06-25,SKU02642,2,383.18,191.59,
2023-06-25,SKU02916,2,1622.3,811.15,
2023-06-25,SKU03150,2,7141.18,3570.59,
2023-06-25,SKU03292,1,164.03,164.03,
2023-06-25,SKU03368,1,1766.25,1766.25,
2023-06-25,SKU03637,1,91.64,91.64,
2023-06-25,SKU03727,4,6643.72,1660.93,
2023-06-25,SKU04321,1,961.3,961.3,
2023-06-25,SKU04690,3,362.82,120.94,
2023-06-26,SKU00142,1,135.03,135.03,
2023-06-26,SKU00601,2,416.34,208.17,
2023-06-26,SKU00782,1,1731.92,1731.92,
2023-06-26,SKU00910,4,1254.6,313.65,
2023-06-26,SKU01740,4,2143.8,535.95,
2023-06-26,SKU01837,1,1716.89,1716.89,
2023-06-26,SKU02141,1,471.88,471.88,
2023-06-26,SKU02345,2,671.0,335.5,
2023-06-26,SKU02513,1,101.57,101.57,
2023-06-26,SKU02639,2,332.32,166.16,
2023-06-26,SKU02892,1,77.05,77.05,
2023-06-26,SKU03228,2,796.42,398.21,
2023-06-26,SKU03369,1,1198.4,1198.4,
2023-06-26,SKU03571,1,1043.87,1043.87,
2023-06-26,SKU03874,1,224.65,224.65,
2023-06-26,SKU04283,1,1868.67,1868.67,
2023-06-26,SKU04321,3,2883.9,961.2999999999998,
2023-06-26,SKU04571,4,3474.08,868.52,
2023-06-26,SKU04596,3,1006.6500000000001,335.55,
2023-06-26,SKU04939,1,173.32,173.32,
2023-06-27,SKU00005,1,138.5,138.5,
2023-06-27,SKU00047,1,289.44,289.44,
2023-06-27,SKU00506,3,959.19,319.73,
2023-06-27,SKU00974,1,47.34,47.34,
2023-06-27,SKU01110,1,1608.9,1608.9,
2023-06-27,SKU01282,1,39.37,39.37,
2023-06-27,SKU01384,1,223.56,223.56,
2023-06-27,SKU01920,3,943.23,314.41,
2023-06-27,SKU02191,1,360.08,360.08,
2023-06-27,SKU02323,3,1267.41,422.47,
2023-06-27,SKU02362,2,1213.16,606.58,
2023-06-27,SKU02720,1,139.98,139.98,
2023-06-27,SKU03248,3,496.11,165.37,
2023-06-27,SKU03513,1,216.89,216.89,
2023-06-27,SKU03524,1,141.25,141.25,
2023-06-27,SKU03818,4,592.96,148.24,
2023-06-27,SKU03915,1,1708.53,1708.53,
2023-06-27,SKU04321,4,3845.2,961.3,
2023-06-27,SKU04384,1,1615.0,1615.0,
2023-06-27,SKU04512,1,391.11,391.11,
2023-06-27,SKU04596,2,671.1,335.55,
2023-06-28,SKU00015,1,277.24,277.24,
2023-06-28,SKU00036,2,377.58,188.79,
2023-06-28,SKU00092,1,809.88,809.88,
2023-06-28,SKU00387,1,632.96,632.96,
2023-06-28,SKU00818,2,727.58,363.79,
2023-06-28,SKU01280,1,593.19,593.19,
2023-06-28,SKU02022,1,1330.54,1330.54,
2023-06-28,SKU02930,5,850.8,170.16,
2023-06-28,SKU03088,2,447.1,223.55,
2023-06-28,SKU03727,1,1660.93,1660.93,
2023-06-28,SKU04055,1,141.34,141.34,
2023-06-28,SKU04318,2,411.0,205.5,
2023-06-28,SKU04321,6,5767.8,961.2999999999998,
2023-06-28,SKU04349,3,207.0,69.0,
2023-06-28,SKU04508,4,1502.2,375.55,
2023-06-28,SKU04596,2,671.1,335.55,
2023-06-28,SKU04702,3,6562.98,2187.66,
2023-06-28,SKU04901,2,451.24,225.62,
2023-06-28,SKU04921,1,373.55,373.55,
2023-06-28,SKU04936,2,657.78,328.89,
2023-06-29,SKU00323,3,812.46,270.82,
2023-06-29,SKU00538,2,2202.14,1101.07,
2023-06-29,SKU00737,4,1606.12,436.92,1
2023-06-29,SKU00953,2,547.98,273.99,
2023-06-29,SKU01332,3,199.86,66.62,
2023-06-29,SKU02167,3,569.58,189.86,
2023-06-29,SKU02685,1,296.83,296.83,
2023-06-29,SKU02776,4,939.72,234.93,
2023-06-29,SKU03578,3,677.19,225.73,
2023-06-29,SKU03805,2,2559.06,1279.53,
2023-06-29,SKU04166,4,1054.68,263.67,
2023-06-29,SKU04227,1,283.28,283.28,
2023-06-29,SKU04317,1,1598.65,1598.65,
2023-06-30,SKU00286,3,193.35,64.45,
2023-06-30,SKU00953,7,1917.93,273.99,
2023-06-30,SKU00990,2,970.86,485.43,
2023-06-30,SKU01578,1,540.35,540.35,
2023-06-30,SKU01640,3,3674.06,1332.63,1
2023-06-30,SKU01690,1,721.65,721.65,
2023-06-30,SKU02412,2,1445.14,722.57,
2023-06-30,SKU02423,1,3672.71,3672.71,
2023-06-30,SKU02647,2,1183.45,643.88,1
2023-06-30,SKU02649,3,4565.49,1521.83,
2023-06-30,SKU03048,1,1226.44,1226.44,
2023-06-30,SKU03219,2,278.04,139.02,
2023-06-30,SKU04083,2,1448.6,724.3,
2023-06-30,SKU04853,2,1083.3,541.65,
2023-06-30,SKU04995,4,4325.4,1081.35,
2023-07-01,SKU00686,1,1242.49,1242.49,
2023-07-01,SKU00836,3,2295.03,765.0099999999999,
2023-07-01,SKU00994,3,1660.07,602.13,1
2023-07-01,SKU01276,1,1990.24,1990.24,
2023-07-01,SKU01578,4,2161.4,540.35,
2023-07-01,SKU01681,2,1088.9,544.45,
2023-07-01,SKU01816,1,3324.34,3324.34,
2023-07-01,SKU01941,1,546.17,546.17,
2023-07-01,SKU02175,1,1631.55,1631.55,
2023-07-01,SKU03299,1,1035.55,1035.55,
2023-07-01,SKU03691,3,2209.08,736.36,
2023-07-01,SKU04155,1,2400.63,2612.22,1
2023-07-01,SKU04157,3,8035.05,2678.35,
2023-07-01,SKU04321,1,961.3,961.3,
2023-07-01,SKU04361,1,257.41,257.41,
2023-07-01,SKU04945,1,204.86,204.86,
2023-07-02,SKU00062,2,998.9,499.45,
2023-07-02,SKU00207,4,358.23,97.45,1
2023-07-02,SKU00447,2,396.38,198.19,
2023-07-02,SKU00666,1,1825.63,1825.63,
2023-07-02,SKU00976,4,1073.68,268.42,
2023-07-02,SKU01176,2,191.02,95.51,
2023-07-02,SKU01388,2,282.94,163.36,1
2023-07-02,SKU01692,1,74.16,74.16,
2023-07-02,SKU02121,1,217.94,217.94,
2023-07-02,SKU02388,2,291.5,145.75,
2023-07-02,SKU02692,5,9071.48,2095.03,1
2023-07-02,SKU03771,2,307.16,153.58,
2023-07-02,SKU04831,2,1712.32,856.16,
2023-07-03,SKU00190,3,436.26,145.42,
2023-07-03,SKU00490,1,240.88,240.88,
2023-07-03,SKU01009,3,670.26,223.42,
2023-07-03,SKU01603,2,3081.72,1540.86,
2023-07-03,SKU01654,4,541.03,147.18,1
2023-07-03,SKU02201,1,1064.05,1064.05,
2023-07-03,SKU02338,1,313.63,313.63,
2023-07-03,SKU02353,1,747.09,747.09,
2023-07-03,SKU02395,2,1646.42,823.21,
2023-07-03,SKU03374,1,70.93,70.93,
2023-07-03,SKU03656,1,1079.71,1079.71,
2023-07-03,SKU03727,3,4982.79,1660.93,
2023-07-03,SKU04321,3,2883.9,961.2999999999998,
2023-07-03,SKU04348,2,549.52,274.76,
2023-07-03,SKU04592,2,200.5,100.25,
2023-07-03,SKU04760,3,650.13,216.71,
2023-07-03,SKU04926,1,458.92,458.92,
2023-07-03,SKU04934,1,223.16,223.16,
2023-07-04,SKU00050,2,68.16,34.08,
2023-07-04,SKU01438,1,298.01,298.01,
2023-07-04,SKU01499,4,1268.96,317.24,
2023-07-04,SKU02718,1,136.71,136.71,
2023-07-04,SKU02825,2,390.08,212.23,1
2023-07-04,SKU03253,2,189.9,94.95,
2023-07-04,SKU03423,1,387.84,387.84,
2023-07-04,SKU03633,1,118.27,118.27,
2023-07-04,SKU04321,5,4806.5,961.3,
2023-07-04,SKU04749,1,1359.35,1569.69,1
2023-07-05,SKU00198,2,680.92,340.46,
2023-07-05,SKU00398,1,522.36,522.36,
2023-07-05,SKU00405,1,125.94,125.94,
2023-07-05,SKU00591,1,721.88,721.88,
2023-07-05,SKU01181,1,437.11,437.11,
2023-07-05,SKU01371,3,3832.83,1277.61,
2023-07-05,SKU01439,1,987.75,987.75,
2023-07-05,SKU01450,1,2031.9,2031.9,
2023-07-05,SKU02227,2,2192.96,1096.48,
2023-07-05,SKU02579,2,1147.0,573.5,
2023-07-05,SKU03209,2,153.2,76.6,
2023-07-05,SKU03557,2,309.12,154.56,
2023-07-05,SKU03826,1,3319.6,3319.6,
2023-07-05,SKU04321,1,961.3,961.3,
2023-07-05,SKU04338,3,489.96,163.32,
2023-07-05,SKU04350,1,394.93,394.93,
2023-07-05,SKU04678,1,215.64,215.64,
2023-07-06,SKU00097,1,1103.71,1103.71,
2023-07-06,SKU00434,1,206.78,206.78,
2023-07-06,SKU00673,3,418.68,139.56,
2023-07-06,SKU00942,3,518.7,172.9,
2023-07-06,SKU01136,1,306.5,306.5,
2023-07-06,SKU01274,1,558.36,558.36,
2023-07-06,SKU01278,1,1156.55,1156.55,
2023-07-06,SKU02355,3,963.51,321.17,
2023-07-06,SKU02356,3,481.08,160.36,
2023-07-06,SKU03391,3,4320.6,1440.2,
2023-07-06,SKU03496,2,754.32,377.16,
2023-07-06,SKU03681,2,1162.38,581.19,
2023-07-06,SKU03727,3,4982.79,1660.93,
2023-07-06,SKU04154,1,351.77,351.77,
2023-07-06,SKU04321,2,1922.6,961.3,
2023-07-06,SKU04719,3,722.25,240.75,
2023-07-06,SKU04754,1,2886.78,2886.78,
2023-07-07,SKU01147,2,498.7,249.35,
2023-07-07,SKU01266,5,4375.0,875.0,
2023-07-07,SKU03054,1,90.66,90.66,
2023-07-07,SKU04105,1,464.78,464.78,
2023-07-07,SKU04321,2,1922.6,961.3,
2023-07-07,SKU04489,1,251.01,251.01,
2023-07-07,SKU04837,3,739.53,246.51,
2023-07-08,SKU00002,1,70.38,70.38,
2023-07-08,SKU00296,1,685.29,685.29,
2023-07-08,SKU01576,3,2128.62,709.54,
2023-07-08,SKU01626,3,411.9,137.3,
2023-07-08,SKU02531,1,143.49,143.49,
2023-07-08,SKU03340,1,2111.32,2111.32,
2023-07-08,SKU03727,1,1660.93,1660.93,
2023-07-08,SKU03851,1,99.5,99.5,
2023-07-08,SKU03957,1,88.38,88.38,
2023-07-08,SKU04321,2,1922.6,961.3,
2023-07-08,SKU04350,5,1974.65,394.93,
2023-07-08,SKU04476,1,134.95,134.95,
2023-07-08,SKU04762,5,2187.25,437.45,
2023-07-08,SKU04898,1,966.22,966.22,
2023-07-08,SKU04962,2,2887.04,1443.52,
2023-07-08,SKU04998,1,1072.92,1238.94,1
2023-07-09,SKU00200,1,134.99,134.99,
2023-07-09,SKU00285,1,505.67,505.67,
2023-07-09,SKU00404,1,230.08,230.08,
2023-07-09,SKU00410,2,2162.18,1081.09,
2023-07-09,SKU00643,1,490.78,490.78,
2023-07-09,SKU01259,1,371.59,371.59,
2023-07-09,SKU02173,1,474.22,474.22,
2023-07-09,SKU02692,1,1814.3,2095.03,1
2023-07-09,SKU04027,3,354.87,118.29,
2023-07-09,SKU04155,3,7836.66,2612.22,
2023-07-09,SKU04321,1,961.3,961.3,
2023-07-09,SKU04676,1,398.8,398.8,
2023-07-09,SKU04907,3,594.33,198.11,
2023-07-10,SKU00002,3,211.14,70.38,
2023-07-10,SKU00062,1,499.45,499.45,
2023-07-10,SKU00178,3,1581.96,527.32,
2023-07-10,SKU00365,4,270.19,78.0,1
2023-07-10,SKU00531,3,8849.88,2949.9600000000005,
2023-07-10,SKU00953,1,273.99,273.99,
2023-07-10,SKU00976,2,536.84,268.42,
2023-07-10,SKU03250,1,972.67,972.67,
2023-07-10,SKU03626,4,750.16,187.54,
2023-07-10,SKU03743,1,253.24,253.24,
2023-07-10,SKU04138,3,6225.48,2075.16,
2023-07-10,SKU04305,1,782.22,782.22,
2023-07-10,SKU04321,1,961.3,961.3,
2023-07-10,SKU04329,2,4904.14,2452.07,
2023-07-10,SKU04350,1,394.93,394.93,
2023-07-10,SKU04513,1,129.12,129.12,
2023-07-10,SKU04619,5,1489.9,297.98,
2023-07-11,SKU00408,1,1499.98,1499.98,
2023-07-11,SKU00499,1,95.54,110.32,1
2023-07-11,SKU01004,3,7029.54,2343.18,
2023-07-11,SKU01045,1,451.29,451.29,
2023-07-11,SKU01290,2,173.24,86.62,
2023-07-11,SKU01371,1,1277.61,1277.61,
2023-07-11,SKU02486,2,559.7,279.85,
2023-07-11,SKU02870,5,3973.55,794.71,
2023-07-11,SKU03209,3,229.8,76.6,
2023-07-11,SKU03727,3,4982.79,1660.93,
2023-07-11,SKU04030,1,327.86,327.86,
2023-07-11,SKU04154,2,703.54,351.77,
2023-07-11,SKU04232,1,98.56,98.56,
2023-07-11,SKU04412,4,2081.48,520.37,
2023-07-11,SKU04555,3,9922.32,3307.44,
2023-07-11,SKU04789,1,67.08,67.08,
2023-07-11,SKU04847,1,630.96,630.96,
2023-07-12,SKU00365,2,135.1,78.0,1
2023-07-12,SKU00394,1,102.95,102.95,
2023-07-12,SKU01153,1,897.4,897.4,
2023-07-12,SKU01523,3,874.44,291.48,
2023-07-12,SKU01601,2,274.44,137.22,
2023-07-12,SKU01602,1,614.85,614.85,
2023-07-12,SKU01961,1,217.11,250.71,1
2023-07-12,SKU02182,1,972.74,972.74,
2023-07-12,SKU02414,1,380.1,380.1,
2023-07-12,SKU02463,1,68.74,68.74,
2023-07-12,SKU03072,1,201.4,201.4,
2023-07-12,SKU03508,2,126.48,63.24,
2023-07-12,SKU04073,1,514.74,514.74,
2023-07-12,SKU04154,1,351.77,351.77,
2023-07-12,SKU04321,1,961.3,961.3,
2023-07-12,SKU04362,3,700.26,233.42,
2023-07-13,SKU00146,3,2110.38,703.46,
2023-07-13,SKU00406,3,1119.33,373.10999999999996,
2023-07-13,SKU00791,2,1130.08,565.04,
2023-07-13,SKU00921,1,3363.82,3363.82,
2023-07-13,SKU00976,3,805.26,268.42,
2023-07-13,SKU01826,4,626.96,156.74,
2023-07-13,SKU02216,1,204.24,204.24,
2023-07-13,SKU02261,1,468.89,468.89,
2023-07-13,SKU02543,1,1956.24,1956.24,
2023-07-13,SKU02697,2,585.36,292.68,
2023-07-13,SKU03292,2,328.06,164.03,
2023-07-13,SKU03549,1,173.56,173.56,
2023-07-13,SKU04105,4,1859.12,464.78,
2023-07-13,SKU04154,1,351.77,351.77,
2023-07-13,SKU04276,1,1212.48,1212.48,
2023-07-13,SKU04321,2,1922.6,961.3,
2023-07-13,SKU04913,1,466.91,466.91,
2023-07-14,SKU00113,2,273.1,136.55,
2023-07-14,SKU00291,1,190.44,190.44,
2023-07-14,SKU00396,1,394.96,394.96,
2023-07-14,SKU00646,1,232.5,232.5,
2023-07-14,SKU00876,3,277.53,92.51,
2023-07-14,SKU01948,1,1592.06,1592.06,
2023-07-14,SKU02087,1,62.98,62.98,
2023-07-14,SKU02100,1,358.76,358.76,
2023-07-14,SKU02484,2,1134.52,567.26,
2023-07-14,SKU02583,3,822.18,274.06,
2023-07-14,SKU03088,1,223.55,223.55,
2023-07-14,SKU03727,1,1660.93,1660.93,
2023-07-14,SKU04207,1,165.9,165.9,
2023-07-14,SKU04507,1,129.78,129.78,
2023-07-14,SKU04596,6,2013.3000000000002,335.55,
2023-07-14,SKU04647,1,288.31,288.31,
2023-07-14,SKU04757,2,637.1,318.55,
2023-07-15,SKU00277,5,2928.2,585.64,
2023-07-15,SKU00373,1,84.32,84.32,
2023-07-15,SKU00615,1,620.84,620.84,
2023-07-15,SKU00835,3,2513.52,837.84,
2023-07-15,SKU00994,1,602.13,602.13,
2023-07-15,SKU01317,1,644.83,644.83,
2023-07-15,SKU01370,1,195.01,195.01,
2023-07-15,SKU01549,1,235.17,235.17,
2023-07-15,SKU02614,2,236.28,118.14,
2023-07-15,SKU03374,2,141.86,70.93,
2023-07-15,SKU03462,2,3174.9,1587.45,
2023-07-15,SKU03692,4,1070.76,267.69,
2023-07-15,SKU03851,1,99.5,99.5,
2023-07-15,SKU03862,4,3860.92,965.23,
2023-07-15,SKU04046,2,198.89,114.83,1
2023-07-15,SKU04161,1,189.64,189.64,
2023-07-15,SKU04397,1,725.16,725.16,
2023-07-16,SKU00079,1,197.9,197.9,
2023-07-16,SKU00747,2,1614.46,807.23,
2023-07-16,SKU00953,2,547.98,273.99,
2023-07-16,SKU01446,1,192.93,192.93,
2023-07-16,SKU01695,4,5293.72,1323.43,
2023-07-16,SKU02019,3,980.07,326.69,
2023-07-16,SKU02257,1,608.65,809.38,1
2023-07-16,SKU02826,1,438.33,438.33,
2023-07-16,SKU02892,2,154.1,77.05,
2023-07-16,SKU03077,1,377.75,377.75,
2023-07-16,SKU03669,1,1245.54,1245.54,
2023-07-16,SKU04156,4,14440.16,3610.04,
2023-07-16,SKU04321,1,722.9,961.3,1
2023-07-16,SKU04638,1,338.74,338.74,
2023-07-17,SKU00597,1,655.29,655.29,
2023-07-17,SKU00921,1,3363.82,3363.82,
2023-07-17,SKU01030,1,224.5,224.5,
2023-07-17,SKU01102,4,1023.83,340.37,1
2023-07-17,SKU01414,3,580.32,193.43999999999997,
2023-07-17,SKU02297,1,1276.77,1276.77,
2023-07-17,SKU02654,1,215.5,215.5,
2023-07-17,SKU03414,2,1917.9,958.95,
2023-07-17,SKU03642,1,273.44,273.44,
2023-07-17,SKU03702,1,473.65,473.65,
2023-07-17,SKU03842,3,2823.09,941.0300000000001,
2023-07-17,SKU04590,4,3843.84,960.96,
2023-07-17,SKU04596,3,1006.65,335.55,
2023-07-17,SKU04749,3,4078.05,1569.6899999999998,1
2023-07-17,SKU04978,3,692.79,230.92999999999998,
2023-07-18,SKU00079,1,197.9,197.9,
2023-07-18,SKU00355,2,288.42,144.21,
2023-07-18,SKU00612,1,842.03,842.03,
2023-07-18,SKU00792,1,500.72,665.85,1
2023-07-18,SKU01045,2,902.58,451.29,
2023-07-18,SKU01244,3,6674.07,2224.69,
2023-07-18,SKU02080,1,100.16,100.16,
2023-07-18,SKU02338,2,627.26,313.63,
2023-07-18,SKU03030,2,217.26,108.63,
2023-07-18,SKU03693,2,2763.64,1381.82,
2023-07-18,SKU03720,1,2020.2,2020.2,
2023-07-18,SKU03870,1,301.78,301.78,
2023-07-18,SKU04381,2,384.14,192.07,
2023-07-18,SKU04913,1,466.91,466.91,
2023-07-18,SKU04922,1,1250.82,1250.82,
2023-07-19,SKU00484,4,538.55,179.04,1
2023-07-19,SKU00836,1,765.01,765.01,
2023-07-19,SKU00920,4,458.92,114.73,
2023-07-19,SKU00996,1,117.61,117.61,
2023-07-19,SKU01079,2,251.76,125.88,
2023-07-19,SKU01842,2,696.66,348.33,
2023-07-19,SKU03461,3,2585.25,861.75,
2023-07-19,SKU03743,5,1266.2,253.24,
2023-07-19,SKU04089,2,3195.02,1597.51,
2023-07-19,SKU04321,2,1445.8,961.3,1
2023-07-19,SKU04339,2,3068.14,1534.07,
2023-07-20,SKU00255,2,317.72,158.86,
2023-07-20,SKU00578,2,229.84,114.92,
2023-07-20,SKU00761,1,530.05,530.05,
2023-07-20,SKU01662,1,495.84,495.84,
2023-07-20,SKU01921,2,129.5,64.75,
2023-07-20,SKU02951,2,577.57,384.02,1
2023-07-20,SKU03037,1,1595.26,1595.26,
2023-07-20,SKU03356,1,1150.81,1150.81,
2023-07-20,SKU03425,2,404.96,202.48,
2023-07-20,SKU04321,2,1445.8,961.3,1
2023-07-20,SKU04329,1,2452.07,2452.07,
2023-07-20,SKU04346,4,3881.16,970.29,
2023-07-20,SKU04973,2,1819.26,909.63,
2023-07-21,SKU00755,2,240.72,120.36,
2023-07-21,SKU01411,1,218.18,218.18,
2023-07-21,SKU01585,1,1147.66,1147.66,
2023-07-21,SKU01993,2,284.34,142.17,
2023-07-21,SKU02289,1,806.83,806.83,
2023-07-21,SKU02516,1,474.12,474.12,
2023-07-21,SKU02526,1,698.11,698.11,
2023-07-21,SKU03231,4,6822.2,1705.55,
2023-07-21,SKU03626,2,375.08,187.54,
2023-07-21,SKU04114,1,1503.26,1503.26,
2023-07-21,SKU04257,1,285.09,285.09,
2023-07-21,SKU04321,3,2168.7,961.2999999999998,1
2023-07-21,SKU04596,2,671.1,335.55,
2023-07-22,SKU00286,2,128.9,64.45,
2023-07-22,SKU00743,1,759.3,759.3,
2023-07-22,SKU00929,4,632.2,158.05,
2023-07-22,SKU01339,1,241.91,241.91,
2023-07-22,SKU01371,2,2555.22,1277.61,
2023-07-22,SKU01775,1,153.52,204.15,1
2023-07-22,SKU02047,2,639.4,319.7,
2023-07-22,SKU02141,2,709.71,471.88,1
2023-07-22,SKU02210,1,101.42,101.42,
2023-07-22,SKU02412,4,2173.49,722.57,1
2023-07-22,SKU02477,1,234.35,234.35,
2023-07-22,SKU02696,2,307.04,153.52,
2023-07-22,SKU02923,3,372.54,124.18,
2023-07-22,SKU03063,2,546.84,363.59,1
2023-07-22,SKU03274,1,118.03,156.95,1
2023-07-22,SKU03727,3,4982.79,1660.93,
2023-07-22,SKU04321,1,722.9,961.3,1
2023-07-22,SKU04366,1,1951.78,1951.78,
2023-07-22,SKU04663,3,2147.19,715.73,
2023-07-22,SKU04778,1,485.82,485.82,
2023-07-22,SKU04782,1,1639.0,1639.0,
2023-07-22,SKU04919,3,1122.27,374.09,
2023-07-23,SKU00002,2,70.8,70.38,1
2023-07-23,SKU00119,1,484.86,963.94,1
2023-07-23,SKU00254,1,53.09,105.55,1
2023-07-23,SKU00854,1,729.17,1449.64,1
2023-07-23,SKU01127,1,411.22,817.54,1
2023-07-23,SKU01244,2,2238.04,2224.69,1
2023-07-23,SKU01895,4,191.4,95.13,1
2023-07-23,SKU02072,4,183.92,91.41,1
2023-07-23,SKU03472,1,98.55,195.92,1
2023-07-23,SKU04309,1,63.8,126.84,1
2023-07-23,SKU04720,4,4488.49,2230.86,1
2023-07-23,SKU04772,3,2946.97,1952.93,1
2023-07-24,SKU02333,2,53.42,53.1,1
2023-07-24,SKU04321,2,1445.8,961.3,1
2023-07-24,SKU04328,3,351.42,155.77,1
2023-07-24,SKU04512,1,196.73,391.11,1
2023-07-24,SKU04562,1,662.41,1316.91,1
2023-07-25,SKU00168,1,1123.86,2234.32,1
2023-07-25,SKU00264,1,122.1,242.74,1
2023-07-25,SKU00633,3,285.22,189.01,1
2023-07-25,SKU01463,1,823.64,1637.46,1
2023-07-25,SKU01755,1,79.73,158.5,1
2023-07-25,SKU01823,3,1883.82,1248.39,1
2023-07-25,SKU02655,3,100.97,66.91,1
2023-07-25,SKU02682,1,1107.76,2202.3,1
2023-07-25,SKU02858,1,45.62,90.7,1
2023-07-25,SKU02960,1,31.07,61.77,1
2023-07-25,SKU03727,2,1670.9,1660.93,1
2023-07-25,SKU04157,2,2694.42,2678.35,1
2023-07-25,SKU04321,2,1445.8,961.3,1
2023-07-25,SKU04359,1,116.61,231.83,1
2023-07-25,SKU04509,1,154.88,307.91,1
2023-07-25,SKU04571,2,873.73,868.52,1
2023-07-25,SKU04626,3,707.0,468.52,1
2023-07-25,SKU04977,4,83.68,41.59,1
2023-07-26,SKU00190,4,292.59,145.42,1
2023-07-26,SKU00285,2,508.7,505.67,1
2023-07-26,SKU00826,2,187.5,186.38,1
2023-07-26,SKU00974,1,23.81,47.34,1
2023-07-26,SKU01045,3,681.0,451.29,1
2023-07-26,SKU01089,3,203.37,134.77,1
2023-07-26,SKU01210,4,841.4,279.72,1
2023-07-26,SKU01354,2,100.18,99.58,1
2023-07-26,SKU02462,5,432.3,171.89,1
2023-07-26,SKU03584,1,24.44,48.59,1
2023-07-26,SKU03735,1,64.88,128.98,1
2023-07-26,SKU03799,4,547.34,272.04,1
2023-07-26,SKU04245,3,328.63,217.78,1
2023-07-26,SKU04296,2,474.23,315.31,1
2023-07-26,SKU04321,10,7228.98,961.3,1
2023-07-26,SKU04596,3,506.34,335.55,1
2023-07-27,SKU00079,3,298.63,197.9,1
2023-07-27,SKU00190,1,73.15,145.42,1
2023-07-27,SKU00319,2,129.82,129.05,1
2023-07-27,SKU00499,3,166.47,110.32,1
2023-07-27,SKU00907,2,368.18,365.98,1
2023-07-27,SKU00980,1,365.25,726.14,1
2023-07-27,SKU01085,2,265.22,263.64,1
2023-07-27,SKU01383,5,507.1,201.63,1
2023-07-27,SKU01821,1,1279.63,2543.99,1
2023-07-27,SKU02564,1,145.11,288.49,1
2023-07-27,SKU03891,4,321.3,159.69,1
2023-07-27,SKU04562,1,662.41,1316.91,1
2023-07-28,SKU00285,3,763.06,505.67,1
2023-07-28,SKU00286,5,162.09,64.45,1
2023-07-28,SKU00479,1,332.39,660.82,1
2023-07-28,SKU00835,3,1264.3,837.84,1
2023-07-28,SKU00939,1,375.89,747.3,1
2023-07-28,SKU00994,1,302.87,602.13,1
2023-07-28,SKU01420,5,537.3299999999999,213.65,1
2023-07-28,SKU01778,3,189.03,125.27,1
2023-07-28,SKU02308,3,140.87,93.34999999999998,1
2023-07-28,SKU02330,3,334.06,221.38,1
2023-07-28,SKU02747,1,282.31,561.26,1
2023-07-28,SKU02883,3,1569.39,1040.02,1
2023-07-28,SKU02930,1,85.59,170.16,1
2023-07-28,SKU03271,3,885.81,587.02,1
2023-07-28,SKU03727,2,1670.9,1660.93,1
2023-07-28,SKU03999,1,248.86,494.75,1
2023-07-28,SKU04018,1,48.36,96.14,1
2023-07-28,SKU04317,1,804.12,1598.65,1
2023-07-28,SKU04321,4,2891.6,961.3,1
2023-07-28,SKU04750,1,460.04,914.6,1
2023-07-28,SKU04988,1,158.9,315.9,1
2023-07-29,SKU00390,1,220.12,437.62,1
2023-07-29,SKU01398,1,326.12,648.34,1
2023-07-29,SKU01621,1,658.77,876.03,1
2023-07-29,SKU02747,4,1129.26,561.26,1
2023-07-29,SKU02816,3,1971.27,1306.34,1
2023-07-29,SKU02852,1,974.6,1937.58,1
2023-07-29,SKU03302,1,214.31,426.07,1
2023-07-29,SKU04320,3,4455.36,2952.52,1
2023-07-29,SKU04321,2,1445.8,961.3,1
2023-07-30,SKU00092,2,814.74,809.88,1
2023-07-30,SKU00362,4,3578.0,1778.33,1
2023-07-30,SKU00654,1,36.53,72.62,1
2023-07-30,SKU01363,1,1601.85,3184.6,1
2023-07-30,SKU01434,3,1647.83,730.42,1
2023-07-30,SKU02930,1,85.59,170.16,1
2023-07-30,SKU03038,4,613.78,204.05,1
2023-07-30,SKU03998,2,629.46,625.71,1
2023-07-30,SKU04321,2,1445.8,961.3,1
2023-07-30,SKU04324,2,87.01,86.49,1
2023-07-30,SKU04326,4,333.25,165.63,1
2023-07-30,SKU04819,3,335.92,222.61,1
2023-07-31,SKU00190,1,73.15,145.42,1
2023-07-31,SKU00376,2,208.69,207.45,1
2023-07-31,SKU00688,1,110.74,220.16,1
2023-07-31,SKU00726,1,490.26,974.67,1
2023-07-31,SKU00837,3,212.77,141.0,1
2023-07-31,SKU01870,4,455.03,226.16,1
2023-07-31,SKU01889,3,125.71,83.31,1
2023-07-31,SKU02392,3,199.52,132.22,1
2023-07-31,SKU02526,1,351.15,698.11,1
2023-07-31,SKU02556,1,123.23,245.0,1
2023-07-31,SKU03171,2,145.66,144.79,1
2023-07-31,SKU03292,1,82.51,164.03,1
2023-07-31,SKU04166,3,397.88,263.67,1
2023-07-31,SKU04321,3,2168.69,961.2999999999998,1
2023-07-31,SKU04329,3,3700.17,2452.07,1
2023-07-31,SKU04348,1,206.62,274.76,1
2023-07-31,SKU04571,3,1310.6,868.52,1
2023-07-31,SKU04872,3,232.93,154.36,1
2023-08-01,SKU00169,1,47.97,95.37,1
2023-08-01,SKU00190,1,73.15,145.42,1
2023-08-01,SKU00942,1,86.97,172.9,1
2023-08-01,SKU01365,1,29.05,57.76,1
2023-08-01,SKU01572,3,1786.08,1183.62,1
2023-08-01,SKU01700,3,245.82,162.9,1
2023-08-01,SKU02538,2,217.88,216.58,1
2023-08-01,SKU03244,1,58.75,116.8,1
2023-08-01,SKU03292,1,82.51,164.03,1
2023-08-01,SKU03397,2,591.18,393.07,1
2023-08-01,SKU03501,1,84.53,168.06,1
2023-08-01,SKU04054,1,17.58,34.95,1
2023-08-01,SKU04321,5,3614.4900000000002,961.3,1
2023-08-02,SKU00127,2,225.03,223.69,1
2023-08-02,SKU00325,2,635.29,631.5,1
2023-08-02,SKU00352,4,1642.13,816.17,1
2023-08-02,SKU00445,1,43.84,87.15,1
2023-08-02,SKU01045,1,227.0,451.29,1
2023-08-02,SKU01251,2,2629.53,2613.85,1
2023-08-02,SKU01373,1,37.22,74.0,1
2023-08-02,SKU01381,2,296.33,294.56,1
2023-08-02,SKU01395,1,61.55,122.37,1
2023-08-02,SKU01545,1,93.86,186.61,1
2023-08-02,SKU01610,5,1457.74,579.62,1
2023-08-02,SKU01872,1,290.49,577.52,1
2023-08-02,SKU02898,1,497.66,989.39,1
2023-08-02,SKU02998,1,448.29,891.24,1
2023-08-02,SKU03303,2,241.93,240.49,1
2023-08-02,SKU03640,1,166.82,331.65,1
2023-08-02,SKU04277,3,435.69,288.73,1
2023-08-02,SKU04321,2,1445.8,961.3,1
2023-08-02,SKU04448,2,95.88,95.31,1
2023-08-03,SKU00283,3,845.24,560.13,1
2023-08-03,SKU01353,1,40.18,79.89,1
2023-08-03,SKU01420,1,107.47,213.65,1
2023-08-03,SKU01842,3,525.63,348.33,1
2023-08-03,SKU02431,1,323.8,430.58,1
2023-08-03,SKU02526,1,351.15,698.11,1
2023-08-03,SKU02935,2,650.07,432.23,1
2023-08-03,SKU03436,1,93.75,186.38,1
2023-08-03,SKU03727,1,835.45,1660.93,1
2023-08-03,SKU03865,1,134.26,266.91,1
2023-08-03,SKU04245,1,109.54,217.78,1
2023-08-03,SKU04321,3,2168.7,961.2999999999998,1
2023-08-03,SKU04527,4,1924.64,956.58,1
2023-08-03,SKU04596,4,675.13,335.55,1
2023-08-03,SKU04677,1,84.43,167.85,1
2023-08-03,SKU04774,1,190.52,378.76,1
2023-08-04,SKU00190,1,73.15,145.42,1
2023-08-04,SKU00274,1,536.6,1066.8,1
2023-08-04,SKU00518,2,376.94,374.69,1
2023-08-04,SKU00714,3,2504.58,1659.76,1
2023-08-04,SKU01336,2,809.26,804.43,1
2023-08-04,SKU01420,2,214.93,213.65,1
2023-08-04,SKU02791,1,243.95,485.0,1
2023-08-04,SKU02858,2,91.24,90.7,1
2023-08-04,SKU03380,2,41.4,41.15,1
2023-08-04,SKU03383,1,107.87,214.46,1
2023-08-04,SKU04321,3,2168.69,961.2999999999998,1
2023-08-04,SKU04538,1,108.32,215.34,1
2023-08-04,SKU04596,1,168.78,335.55,1
2023-08-05,SKU00102,1,56.22,111.77,1
2023-08-05,SKU00190,1,110.37,145.42,1
2023-08-05,SKU00286,4,129.67,64.45,1
2023-08-05,SKU00308,3,515.1,341.3500000000001,1
2023-08-05,SKU00405,1,95.59,125.94,1
2023-08-05,SKU00429,1,293.19,582.88,1
2023-08-05,SKU00685,2,2598.73,2583.23,1
2023-08-05,SKU00797,1,89.67,118.14,1
2023-08-05,SKU00926,1,143.58,285.44,1
2023-08-05,SKU01126,1,863.26,1716.23,1
2023-08-05,SKU01147,2,250.85,249.35,1
2023-08-05,SKU01250,2,56.89,56.55,1
2023-08-05,SKU01366,1,167.89,221.2,1
2023-08-05,SKU02183,4,512.44,254.69,1
2023-08-05,SKU02776,1,118.17,234.93,1
2023-08-05,SKU02858,1,45.62,90.7,1
2023-08-05,SKU04288,4,523.53,172.44,1
2023-08-05,SKU04321,3,2168.69,961.2999999999998,1
2023-08-05,SKU04346,3,1464.17,970.29,1
2023-08-05,SKU04375,1,886.13,1761.68,1
2023-08-05,SKU04572,1,568.73,1130.67,1
2023-08-06,SKU00002,4,141.6,70.38,1
2023-08-06,SKU00190,1,110.37,145.42,1
2023-08-06,SKU00763,2,558.03,371.03,1
2023-08-06,SKU01170,2,549.71,365.5,1
2023-08-06,SKU01379,2,194.42,193.26,1
2023-08-06,SKU01420,2,324.32,213.65,1
2023-08-06,SKU01513,1,29.61,58.86,1
2023-08-06,SKU02298,2,763.96,759.4,1
2023-08-06,SKU03216,1,1085.23,2157.51,1
2023-08-06,SKU03348,2,287.62,285.9,1
2023-08-06,SKU03727,1,835.45,1660.93,1
2023-08-06,SKU03786,1,689.87,1371.52,1
2023-08-06,SKU04321,5,3614.4900000000002,961.3,1
2023-08-07,SKU00421,2,79.25,52.21,1
2023-08-07,SKU01491,1,426.94,848.79,1
2023-08-07,SKU01595,1,85.85,170.68,1
2023-08-07,SKU01601,2,208.3,137.22,1
2023-08-07,SKU03464,1,122.92,244.37,1
2023-08-07,SKU03535,1,135.57,178.62,1
2023-08-07,SKU03727,1,835.45,1660.93,1
2023-08-07,SKU03750,1,112.66,148.43,1
2023-08-07,SKU04237,2,249.99,248.5,1
2023-08-07,SKU04321,1,722.9,961.3,1
2023-08-07,SKU04339,1,771.64,1534.07,1
2023-08-07,SKU04649,2,814.55,541.59,1
2023-08-07,SKU04838,1,84.14,110.85,1
2023-08-07,SKU04868,1,325.46,647.03,1
2023-08-08,SKU00209,1,44.58,88.63,1
2023-08-08,SKU00285,3,763.06,505.67,1
2023-08-08,SKU00500,1,636.08,1264.58,1
2023-08-08,SKU00607,5,6892.56,2740.58,1
2023-08-08,SKU00779,1,334.22,664.45,1
2023-08-08,SKU01202,1,248.5,330.45,1
2023-08-08,SKU01418,1,548.32,1090.09,1
2023-08-08,SKU02013,1,180.34,239.82,1
2023-08-08,SKU02088,1,34.86,69.31,1
2023-08-08,SKU02396,5,2528.3,672.42,1
2023-08-08,SKU02747,3,846.94,561.26,1
2023-08-08,SKU03045,3,5456.05,3615.67,1
2023-08-08,SKU03305,3,2156.07,1428.8100000000002,1
2023-08-08,SKU04750,1,460.04,914.6,1
2023-08-08,SKU04913,3,704.57,466.91,1
2023-08-09,SKU00123,1,99.13,99.13,
2023-08-09,SKU00469,1,152.95,152.95,
2023-08-09,SKU00825,1,79.31,79.31,
2023-08-09,SKU01775,2,307.04,204.15,1
2023-08-09,SKU01823,1,1248.39,1248.39,
2023-08-09,SKU01872,2,1155.04,577.52,
2023-08-09,SKU01932,3,545.94,181.98,
2023-08-09,SKU01940,2,255.44,127.72,
2023-08-09,SKU01990,2,243.56,161.94,1
2023-08-09,SKU02714,2,1389.34,694.67,
2023-08-09,SKU02816,1,1306.34,1306.34,
2023-08-09,SKU03145,2,94.88,47.44,
2023-08-09,SKU03328,1,617.66,617.66,
2023-08-09,SKU03482,4,1334.84,333.71,
2023-08-09,SKU03617,1,1976.08,1976.08,
2023-08-09,SKU04031,1,763.98,763.98,
2023-08-09,SKU04132,4,9021.0,2255.25,
2023-08-09,SKU04321,1,722.9,961.3,1
2023-08-09,SKU04884,2,469.3,234.65,
2023-08-10,SKU00147,1,778.79,778.79,
2023-08-10,SKU00618,1,132.27,132.27,
2023-08-10,SKU00982,2,2951.08,1475.54,
2023-08-10,SKU01156,2,4213.76,2106.88,
2023-08-10,SKU01369,5,686.6,137.32,
2023-08-10,SKU01798,4,445.44,146.72,1
2023-08-10,SKU02954,1,603.3,603.3,
2023-08-10,SKU03088,2,339.35,223.55,1
2023-08-10,SKU03205,4,174.54,57.49,1
2023-08-10,SKU04105,1,349.51,464.78,1
2023-08-10,SKU04154,1,351.77,351.77,
2023-08-10,SKU04350,1,296.99,394.93,1
2023-08-10,SKU04683,1,362.19,481.63,1
2023-08-10,SKU04861,1,1503.58,1503.58,
2023-08-11,SKU00016,1,3478.65,3478.65,
2023-08-11,SKU00445,3,261.45,87.15000000000002,
2023-08-11,SKU00851,4,8643.56,2160.89,
2023-08-11,SKU00920,3,344.19,114.73,
2023-08-11,SKU00942,1,172.9,172.9,
2023-08-11,SKU01371,3,3832.83,1277.61,
2023-08-11,SKU03483,1,487.7,487.7,
2023-08-11,SKU03727,1,1660.93,1660.93,
2023-08-11,SKU04321,12,11535.6,961.2999999999998,
2023-08-11,SKU04596,2,671.1,335.55,
2023-08-11,SKU04623,1,71.42,71.42,
2023-08-11,SKU04783,1,1943.37,1943.37,
2023-08-11,SKU04787,2,245.23,161.55,1
2023-08-12,SKU00261,2,124.36,62.18,
2023-08-12,SKU00751,1,91.09,91.09,
2023-08-12,SKU00782,1,1731.92,1731.92,
2023-08-12,SKU00947,3,1902.15,634.05,
2023-08-12,SKU01507,2,441.68,220.84,
2023-08-12,SKU01956,2,520.62,260.31,
2023-08-12,SKU02401,1,524.47,524.47,
2023-08-12,SKU02808,1,471.71,471.71,
2023-08-12,SKU03515,2,532.68,266.34,
2023-08-12,SKU03853,1,326.25,326.25,
2023-08-12,SKU04259,3,381.33,127.11,
2023-08-12,SKU04486,2,2804.76,1402.38,
2023-08-12,SKU04937,4,6017.48,1504.37,
2023-08-13,SKU00144,1,186.78,186.78,
2023-08-13,SKU00799,1,124.85,164.49,1
2023-08-13,SKU00921,1,3363.82,3363.82,
2023-08-13,SKU00976,2,536.84,268.42,
2023-08-13,SKU00994,4,2408.52,602.13,
2023-08-13,SKU01547,3,496.92,165.64,
2023-08-13,SKU01709,3,1396.14,465.37999999999994,
2023-08-13,SKU01775,2,408.3,204.15,
2023-08-13,SKU02556,1,245.0,245.0,
2023-08-13,SKU02740,3,312.66,104.21999999999998,
2023-08-13,SKU02868,1,181.68,181.68,
2023-08-13,SKU03098,2,284.72,142.36,
2023-08-13,SKU03156,3,600.33,200.11,
2023-08-13,SKU03622,3,865.8,288.6,
2023-08-13,SKU04133,1,181.25,181.25,
2023-08-13,SKU04321,7,6729.099999999999,961.3,
2023-08-13,SKU04329,2,4904.14,2452.07,
2023-08-14,SKU01009,3,670.26,223.42,
2023-08-14,SKU01189,3,6899.4,2299.8,
2023-08-14,SKU01374,1,77.09,77.09,
2023-08-14,SKU01699,2,456.7,228.35,
2023-08-14,SKU01713,1,744.29,744.29,
2023-08-14,SKU02470,1,124.03,163.41,1
2023-08-14,SKU02543,3,5868.72,1956.24,
2023-08-14,SKU02598,1,1336.35,1336.35,
2023-08-14,SKU02702,1,342.08,342.08,
2023-08-14,SKU03542,3,4699.32,1566.4399999999998,
2023-08-14,SKU03682,1,34.13,34.13,
2023-08-14,SKU03727,1,1660.93,1660.93,
2023-08-14,SKU04042,1,242.79,242.79,
2023-08-14,SKU04154,1,351.77,351.77,
2023-08-14,SKU04321,2,1922.6,961.3,
2023-08-14,SKU04538,1,215.34,215.34,
2023-08-14,SKU04596,4,1342.2,335.55,
2023-08-15,SKU00190,2,220.75,145.42,1
2023-08-15,SKU00285,2,1011.34,505.67,
2023-08-15,SKU01092,1,1883.52,1883.52,
2023-08-15,SKU01574,1,1362.67,1362.67,
2023-08-15,SKU01654,1,147.18,147.18,
2023-08-15,SKU01820,1,89.1,89.1,
2023-08-15,SKU01842,2,696.66,348.33,
2023-08-15,SKU02086,1,2214.88,2214.88,
2023-08-15,SKU02141,1,471.88,471.88,
2023-08-15,SKU02361,2,141.86,70.93,
2023-08-15,SKU02482,1,1297.95,1297.95,
2023-08-15,SKU02673,1,101.54,101.54,
2023-08-15,SKU03213,1,226.59,226.59,
2023-08-15,SKU03815,1,160.57,160.57,
2023-08-15,SKU04321,4,3845.2,961.3,
2023-08-15,SKU04632,1,892.4,892.4,
2023-08-16,SKU00082,1,480.16,480.16,
2023-08-16,SKU00193,2,617.1,308.55,
2023-08-16,SKU01147,2,498.7,249.35,
2023-08-16,SKU01926,3,1924.53,641.51,
2023-08-16,SKU01960,4,392.4,98.1,
2023-08-16,SKU01982,1,67.06,88.35,1
2023-08-16,SKU01990,1,161.94,161.94,
2023-08-16,SKU02002,4,1005.92,251.48,
2023-08-16,SKU02167,1,189.86,189.86,
2023-08-16,SKU02791,1,485.0,485.0,
2023-08-16,SKU04010,3,759.93,253.31000000000003,
2023-08-16,SKU04321,3,2883.8999999999996,961.2999999999998,
2023-08-16,SKU04621,1,270.2,270.2,
2023-08-17,SKU00854,1,1449.64,1449.64,
2023-08-17,SKU00940,3,446.34,148.78,
2023-08-17,SKU02302,1,1747.82,1747.82,
2023-08-17,SKU02705,1,3268.55,3268.55,
2023-08-17,SKU02898,4,3957.56,989.39,
2023-08-17,SKU03184,1,1264.26,1264.26,
2023-08-17,SKU03380,1,41.15,41.15,
2023-08-17,SKU03613,4,1739.92,434.98,
2023-08-17,SKU03665,1,311.73,311.73,
2023-08-17,SKU04321,4,3845.2,961.3,
2023-08-17,SKU04680,4,570.36,142.59,
2023-08-18,SKU00298,3,872.23,383.06,1
2023-08-18,SKU00544,3,450.91,198.03,1
2023-08-18,SKU00994,4,2408.52,602.13,
2023-08-18,SKU01079,2,251.76,125.88,
2023-08-18,SKU01170,2,731.0,365.5,
2023-08-18,SKU01387,1,236.41,236.41,
2023-08-18,SKU01737,1,768.37,768.37,
2023-08-18,SKU02660,1,81.91,81.91,
2023-08-18,SKU02717,1,188.3,188.3,
2023-08-18,SKU03285,1,61.67,61.67,
2023-08-18,SKU03478,2,133.68,66.84,
2023-08-18,SKU03587,1,252.72,252.72,
2023-08-18,SKU03601,1,790.24,790.24,
2023-08-18,SKU04321,1,961.3,961.3,
2023-08-18,SKU04384,3,4845.0,1615.0,
2023-08-18,SKU04596,1,256.7,335.55,1
2023-08-18,SKU04627,1,630.47,630.47,
2023-08-19,SKU00079,4,691.07,197.9,1
2023-08-19,SKU00201,4,2962.33,848.32,1
2023-08-19,SKU00285,1,441.45,505.67,1
2023-08-19,SKU01310,3,1926.61,735.63,1
2023-08-19,SKU01357,2,1854.3,1062.03,1
2023-08-19,SKU02017,1,91.94,105.32,1
2023-08-19,SKU02621,2,1568.52,898.35,1
2023-08-19,SKU02892,1,67.26,77.05,1
2023-08-19,SKU03854,2,842.32,482.43,1
2023-08-19,SKU03876,1,203.22,232.78,1
2023-08-19,SKU04061,4,229.08,65.6,1
2023-08-19,SKU04168,2,1224.47,701.3,1
2023-08-19,SKU04318,1,155.97,205.5,1
2023-08-19,SKU04321,4,3356.86,961.3,1
2023-08-19,SKU04625,1,57.71,66.1,1
2023-08-19,SKU04658,1,1444.48,1654.62,1
2023-08-19,SKU04728,3,570.63,217.88,1
2023-08-20,SKU00283,2,977.99,560.13,1
2023-08-20,SKU00286,2,112.53,64.45,1
2023-08-20,SKU00565,1,255.26,336.31,1
2023-08-20,SKU00596,1,409.43,468.99,1
2023-08-20,SKU00621,1,899.99,1030.92,1
2023-08-20,SKU01197,4,7715.64,2209.52,1
2023-08-20,SKU02141,3,1235.85,471.87999999999994,1
2023-08-20,SKU03698,1,369.16,422.86,1
2023-08-20,SKU03727,5,7249.96,1660.9299999999998,1
2023-08-20,SKU03847,1,87.36,100.07,1
2023-08-20,SKU03876,3,609.65,232.78,1
2023-08-20,SKU04290,4,696.9,199.57,1
2023-08-20,SKU04321,3,2517.64,961.2999999999998,1
2023-08-20,SKU04576,3,635.34,242.59,1
2023-08-21,SKU00190,1,110.37,145.42,1
2023-08-21,SKU00393,5,387.39,88.75,1
2023-08-21,SKU00569,1,39.16,44.86,1
2023-08-21,SKU00893,2,1205.89,690.66,1
2023-08-21,SKU00903,1,361.2,413.75,1
2023-08-21,SKU01775,3,534.67,204.15,1
2023-08-21,SKU02605,1,51.07,67.28,1
2023-08-21,SKU02957,2,1822.67,1043.91,1
2023-08-21,SKU03292,1,143.2,164.03,1
2023-08-21,SKU03857,1,203.47,233.07,1
2023-08-21,SKU04321,1,839.21,961.3,1
2023-08-21,SKU04550,3,408.35,155.92,1
2023-08-21,SKU04923,1,56.34,64.54,1
2023-08-22,SKU00289,2,941.74,539.37,1
2023-08-22,SKU00760,2,94.86,54.33,1
2023-08-22,SKU00901,1,570.68,653.7,1
2023-08-22,SKU01265,1,959.82,1099.45,1
2023-08-22,SKU01411,1,190.47,218.18,1
2023-08-22,SKU01579,1,335.31,384.09,1
2023-08-22,SKU02247,2,272.18,179.3,1
2023-08-22,SKU02833,1,3426.11,3924.53,1
2023-08-22,SKU02947,1,117.42,134.5,1
2023-08-22,SKU03528,1,1466.81,1680.2,1
2023-08-22,SKU03911,3,233.14,89.02,1
2023-08-22,SKU03915,2,2983.09,1708.53,1
2023-08-22,SKU03943,2,377.47,216.19,1
2023-08-22,SKU04035,1,107.85,140.98,1
2023-08-22,SKU04064,1,3356.96,3845.32,1
2023-08-22,SKU04226,3,974.95,372.26,1
2023-08-22,SKU04321,1,839.21,961.3,1
2023-08-22,SKU04655,1,1812.53,2076.21,1
2023-08-22,SKU04824,1,894.77,1024.94,1
2023-08-23,SKU00079,1,172.77,197.9,1
2023-08-23,SKU00190,2,220.75,145.42,1
2023-08-23,SKU00333,1,53.71,61.52,1
2023-08-23,SKU00451,2,1884.32,1079.22,1
2023-08-23,SKU00660,2,461.81,304.22,1
2023-08-23,SKU00768,2,1452.08,831.66,1
2023-08-23,SKU00893,1,602.95,690.66,1
2023-08-23,SKU00901,1,570.68,653.7,1
2023-08-23,SKU01384,4,780.67,223.56,1
2023-08-23,SKU01606,4,656.04,187.87,1
2023-08-23,SKU02130,3,1963.67,749.7800000000001,1
2023-08-23,SKU03474,3,1364.58,521.03,1
2023-08-23,SKU03603,2,337.18,222.12,1
2023-08-23,SKU04321,3,2517.6400000000003,961.2999999999998,1
2023-08-23,SKU04596,1,256.7,335.55,1
2023-08-23,SKU04876,2,115.72,66.28,1
2023-08-24,SKU00043,1,537.22,615.37,1
2023-08-24,SKU00097,2,1927.08,1103.71,1
2023-08-24,SKU00582,1,100.87,115.54,1
2023-08-24,SKU00794,3,315.2,120.34999999999998,1
2023-08-24,SKU01014,1,239.64,274.5,1
2023-08-24,SKU01990,1,141.37,161.94,1
2023-08-24,SKU02350,2,294.61,194.08,1
2023-08-24,SKU02532,2,201.96,115.67,1
2023-08-24,SKU02848,1,291.59,334.01,1
2023-08-24,SKU02887,1,1811.02,2074.48,1
2023-08-24,SKU03038,1,178.14,204.05,1
2023-08-24,SKU03594,2,833.52,477.39,1
2023-08-24,SKU03870,1,263.45,301.78,1
2023-08-24,SKU03929,1,110.43,126.5,1
2023-08-24,SKU04415,2,1161.11,665.01,1
2023-08-24,SKU04437,1,21.31,24.41,1
2023-08-24,SKU04596,1,256.7,335.55,1
2023-08-25,SKU00454,5,347.37,79.58,1
2023-08-25,SKU00910,1,273.82,313.65,1
2023-08-25,SKU01138,4,632.58,181.15,1
2023-08-25,SKU01152,1,424.3,486.03,1
2023-08-25,SKU01250,3,148.1,56.54999999999999,1
2023-08-25,SKU01982,4,268.23,88.35,1
2023-08-25,SKU02008,1,816.87,935.7,1
2023-08-25,SKU02048,3,1362.59,520.27,1
2023-08-25,SKU02712,1,127.57,168.07,1
2023-08-25,SKU02856,1,184.6,211.45,1
2023-08-25,SKU02950,1,219.2,251.09,1
2023-08-25,SKU03394,1,885.0,1013.75,1
2023-08-25,SKU03656,2,1885.17,1079.71,1
2023-08-25,SKU03658,1,176.83,202.55,1
2023-08-25,SKU03902,1,298.67,342.12,1
2023-08-25,SKU04321,3,2517.6400000000003,961.2999999999998,1
2023-08-25,SKU04539,4,773.58,221.53,1
2023-08-25,SKU04571,1,758.22,868.52,1
2023-08-25,SKU04604,3,833.68,318.32,1
2023-08-25,SKU04995,2,1888.04,1081.35,1
2023-08-26,SKU00264,2,423.82,242.74,1
2023-08-26,SKU00605,1,367.04,420.44,1
2023-08-26,SKU00685,2,4510.32,2583.23,1
2023-08-26,SKU00994,1,525.66,602.13,1
2023-08-26,SKU01245,1,33.33,38.18,1
2023-08-26,SKU01351,1,426.7,488.78,1
2023-08-26,SKU01450,2,3547.7,2031.9,1
2023-08-26,SKU01544,1,114.66,131.34,1
2023-08-26,SKU02141,1,411.95,471.88,1
2023-08-26,SKU02209,1,855.86,980.37,1
2023-08-26,SKU02678,1,120.73,159.07,1
2023-08-26,SKU03119,5,163.95,37.56,1
2023-08-26,SKU03253,1,82.89,94.95,1
2023-08-26,SKU04045,1,537.03,615.16,1
2023-08-26,SKU04321,1,839.21,961.3,1
2023-08-27,SKU00200,1,117.85,134.99,1
2023-08-27,SKU00286,1,56.26,64.45,1
2023-08-27,SKU00445,3,228.25,87.15000000000002,1
2023-08-27,SKU00686,4,4338.78,1242.49,1
2023-08-27,SKU00724,2,122.2,69.99,1
2023-08-27,SKU01016,1,85.69,98.16,1
2023-08-27,SKU01055,3,2400.0,916.38,1
2023-08-27,SKU01370,3,510.73,195.01,1
2023-08-27,SKU01714,2,587.91,336.72,1
2023-08-27,SKU02340,1,204.87,234.67,1
2023-08-27,SKU02642,4,669.03,191.59,1
2023-08-27,SKU03422,2,1958.03,1121.44,1
2023-08-27,SKU03672,4,675.0,193.3,1
2023-08-27,SKU03851,2,173.73,99.5,1
2023-08-27,SKU04104,1,499.61,572.29,1
2023-08-27,SKU04154,3,921.29,351.77,1
2023-08-27,SKU04198,2,214.48,122.84,1
2023-08-27,SKU04321,5,4196.07,961.3,1
2023-08-27,SKU04501,1,279.32,365.13,1
2023-08-27,SKU04520,2,451.25,258.45,1
2023-08-28,SKU00263,1,387.18,443.51,1
2023-08-28,SKU00526,1,2509.77,2874.88,1
2023-08-28,SKU00626,1,227.92,261.08,1
2023-08-28,SKU01027,3,216.36,82.61,1
2023-08-28,SKU01169,1,127.86,146.46,1
2023-08-28,SKU01677,1,97.38,127.3,1
2023-08-28,SKU01775,1,178.22,204.15,1
2023-08-28,SKU02141,1,411.95,471.88,1
2023-08-28,SKU02158,1,84.26,96.52,1
2023-08-28,SKU02339,2,690.37,395.4,1
2023-08-28,SKU02414,4,1327.31,380.1,1
2023-08-28,SKU02526,1,609.45,698.11,1
2023-08-28,SKU02786,1,61.01,69.89,1
2023-08-28,SKU02926,1,1910.2,2188.09,1
2023-08-28,SKU03572,2,1143.3,654.81,1
2023-08-28,SKU03598,2,145.06,83.08,1
2023-08-28,SKU03891,1,139.41,159.69,1
2023-08-28,SKU04575,2,140.01,80.19,1
2023-08-28,SKU04701,1,149.89,171.7,1
2023-08-29,SKU00103,1,156.88,179.7,1
2023-08-29,SKU00182,1,156.04,178.74,1
2023-08-29,SKU00446,2,4516.61,2586.83,1
2023-08-29,SKU00484,2,312.6,179.04,1
2023-08-29,SKU00864,3,585.06,223.39,1
2023-08-29,SKU00931,1,325.8,373.2,1
2023-08-29,SKU01634,2,304.4,174.34,1
2023-08-29,SKU02484,1,495.22,567.26,1
2023-08-29,SKU02858,3,237.54,90.7,1
2023-08-29,SKU02930,1,148.55,170.16,1
2023-08-29,SKU03500,1,1512.47,1732.5,1
2023-08-29,SKU03704,3,971.62,370.99,1
2023-08-29,SKU03995,1,155.18,177.76,1
2023-08-29,SKU04321,6,5035.27,961.2999999999998,1
2023-08-29,SKU04570,1,107.12,122.7,1
2023-08-30,SKU00060,3,1896.58,724.16,1
2023-08-30,SKU00177,2,200.18,114.65,1
2023-08-30,SKU00692,3,616.83,235.52,1
2023-08-30,SKU00893,2,1205.89,690.66,1
2023-08-30,SKU00953,1,239.19,273.99,1
2023-08-30,SKU00972,1,202.95,232.47,1
2023-08-30,SKU00992,2,329.14,188.51,1
2023-08-30,SKU01162,1,135.14,154.8,1
2023-08-30,SKU01189,2,4015.45,2299.8,1
2023-08-30,SKU01201,2,232.71,133.28,1
2023-08-30,SKU02093,1,145.09,166.2,1
2023-08-30,SKU02318,1,2111.95,2419.19,1
2023-08-30,SKU02583,2,478.51,274.06,1
2023-08-30,SKU02791,4,1693.62,485.0,1
2023-08-30,SKU02951,1,335.25,384.02,1
2023-08-30,SKU03292,3,429.59,164.03,1
2023-08-30,SKU03308,1,239.72,274.59,1
2023-08-30,SKU03719,1,117.18,134.23,1
2023-08-30,SKU03928,3,1312.59,501.18,1
2023-08-30,SKU04060,1,858.93,983.88,1
2023-08-30,SKU04329,2,4281.31,2452.07,1
2023-08-30,SKU04381,3,503.03,192.07000000000002,1
2023-08-30,SKU04570,1,107.12,122.7,1
2023-08-30,SKU04847,2,965.37,630.96,1
2023-08-31,SKU00501,2,696.97,399.18,1
2023-08-31,SKU01390,1,604.8,692.78,1
2023-08-31,SKU01434,2,1275.31,730.42,1
2023-08-31,SKU01517,5,3478.29,796.86,1
2023-08-31,SKU01916,2,1000.39,572.96,1
2023-08-31,SKU01955,2,655.94,375.68,1
2023-08-31,SKU02901,1,944.38,1081.76,1
2023-08-31,SKU03198,3,337.46,128.85,1
2023-08-31,SKU03457,1,181.35,207.73,1
2023-08-31,SKU03507,1,607.04,695.35,1
2023-08-31,SKU03923,1,1390.11,1592.34,1
2023-08-31,SKU04321,6,5035.28,961.2999999999998,1
2023-08-31,SKU04414,1,146.29,167.57,1
2023-08-31,SKU04568,3,730.44,278.9,1
2023-08-31,SKU04596,1,256.7,335.55,1
2023-09-01,SKU00131,1,104.1,119.24,1
2023-09-01,SKU00857,1,392.24,449.3,1
2023-09-01,SKU00884,2,354.07,202.79,1
2023-09-01,SKU00972,2,405.89,232.47,1
2023-09-01,SKU00996,1,102.67,117.61,1
2023-09-01,SKU01183,1,199.38,228.38,1
2023-09-01,SKU01371,1,1115.35,1277.61,1
2023-09-01,SKU01739,1,437.62,501.28,1
2023-09-01,SKU01747,1,615.77,705.35,1
2023-09-01,SKU02051,3,1043.17,454.54,1
2023-09-01,SKU02093,2,290.19,166.2,1
2023-09-01,SKU02134,1,574.76,658.37,1
2023-09-01,SKU02303,1,157.75,180.7,1
2023-09-01,SKU02463,1,60.01,68.74,1
2023-09-01,SKU02521,1,1562.76,1790.1,1
2023-09-01,SKU02640,4,5458.76,1563.22,1
2023-09-01,SKU02883,1,907.94,1040.02,1
2023-09-01,SKU03011,2,190.47,109.09,1
2023-09-01,SKU03274,1,137.02,156.95,1
2023-09-01,SKU03305,1,1247.35,1428.81,1
2023-09-01,SKU03782,4,179.1,58.53,1
2023-09-01,SKU04321,3,2517.6400000000003,961.2999999999998,1
2023-09-01,SKU04622,2,3537.1,2025.83,1
2023-09-02,SKU00169,1,83.26,95.37,1
2023-09-02,SKU00179,1,74.52,85.36,1
2023-09-02,SKU00799,1,143.6,164.49,1
2023-09-02,SKU00957,3,417.0,159.22,1
2023-09-02,SKU02335,2,687.16,393.56,1
2023-09-02,SKU02407,1,433.27,496.3,1
2023-09-02,SKU03271,1,512.47,587.02,1
2023-09-02,SKU03679,1,1708.43,1956.97,1
2023-09-02,SKU03727,1,1449.99,1660.93,1
2023-09-02,SKU03998,1,546.24,625.71,1
2023-09-02,SKU04321,1,839.21,961.3,1
2023-09-02,SKU04596,3,770.09,335.55,1
2023-09-03,SKU00399,1,435.94,499.36,1
2023-09-03,SKU00834,1,659.04,754.91,1
2023-09-03,SKU01030,1,195.99,224.5,1
2023-09-03,SKU01377,2,229.15,131.24,1
2023-09-03,SKU02167,1,165.75,189.86,1
2023-09-03,SKU02389,4,2901.22,830.82,1
2023-09-03,SKU02407,1,433.27,496.3,1
2023-09-03,SKU02570,3,471.34,179.97,1
2023-09-03,SKU02634,1,2089.45,2393.41,1
2023-09-03,SKU02866,1,82.29,94.26,1
2023-09-03,SKU03569,4,10752.88,3079.29,1
2023-09-03,SKU03905,1,352.79,404.11,1
2023-09-03,SKU04290,1,174.22,199.57,1
2023-09-03,SKU04321,2,1678.43,961.3,1
2023-09-03,SKU04350,5,1723.87,394.93,1
2023-09-03,SKU04376,2,606.19,347.19,1
2023-09-03,SKU04835,2,108.43,62.1,1
2023-09-04,SKU00499,2,192.62,110.32,1
2023-09-04,SKU00685,2,4510.32,2583.23,1
2023-09-04,SKU00702,1,1415.18,1621.05,1
2023-09-04,SKU00708,1,96.68,110.74,1
2023-09-04,SKU00817,2,2447.49,1401.77,1
2023-09-04,SKU01179,1,1162.46,1331.57,1
2023-09-04,SKU01414,1,168.87,193.44,1
2023-09-04,SKU01674,3,4472.6,1707.75,1
2023-09-04,SKU02268,3,538.13,205.47,1
2023-09-04,SKU02355,3,841.14,321.17,1
2023-09-04,SKU02363,1,42.38,48.55,1
2023-09-04,SKU02368,1,741.52,849.39,1
2023-09-04,SKU02657,2,224.8,128.75,1
2023-09-04,SKU02747,2,979.96,561.26,1
2023-09-04,SKU03068,3,492.06,187.88,1
2023-09-04,SKU03134,3,515.79,196.93999999999997,1
2023-09-04,SKU03727,5,7249.96,1660.9299999999998,1
2023-09-04,SKU04027,2,206.53,118.29,1
2023-09-04,SKU04087,3,207.42,79.2,1
2023-09-04,SKU04157,4,9352.8,2678.35,1
2023-09-04,SKU04318,1,179.4,205.5,1
2023-09-04,SKU04321,1,839.21,961.3,1
2023-09-04,SKU04361,3,674.16,257.41,1
2023-09-04,SKU04581,4,382.72,109.6,1
2023-09-04,SKU04694,1,130.92,149.97,1
2023-09-05,SKU00190,5,634.76,145.42,1
2023-09-05,SKU02188,1,2354.16,2696.63,1
2023-09-05,SKU02453,3,5633.91,2151.17,1
2023-09-05,SKU02489,3,199.62,76.22,1
2023-09-05,SKU02820,2,1500.34,859.3,1
2023-09-05,SKU03683,1,1215.67,1392.52,1
2023-09-05,SKU04321,2,1678.42,961.3,1
2023-09-05,SKU04341,3,176.49,67.39,1
2023-09-05,SKU04508,1,327.86,375.55,1
2023-09-05,SKU04847,1,550.83,630.96,1
2023-09-06,SKU00221,1,504.73,578.16,1
2023-09-06,SKU00397,1,105.6,120.96,1
2023-09-06,SKU00482,2,370.47,212.18,1
2023-09-06,SKU00506,1,279.12,319.73,1
2023-09-06,SKU00696,3,645.5,246.47,1
2023-09-06,SKU00885,2,329.44,188.68,1
2023-09-06,SKU01530,2,516.66,295.91,1
2023-09-06,SKU02245,2,278.17,159.32,1
2023-09-06,SKU02950,1,219.2,251.09,1
2023-09-06,SKU03292,1,143.2,164.03,1
2023-09-06,SKU03693,4,4825.32,1381.82,1
2023-09-06,SKU04048,1,77.99,89.34,1
2023-09-06,SKU04290,1,174.22,199.57,1
2023-09-06,SKU04321,1,839.21,961.3,1
2023-09-07,SKU00888,2,427.63,244.92,1
2023-09-07,SKU01757,1,80.37,92.06,1
2023-09-07,SKU01928,1,173.25,198.45,1
2023-09-07,SKU02283,3,230.0,87.82,1
2023-09-07,SKU02405,2,265.53,152.08,1
2023-09-07,SKU02640,3,4094.07,1563.22,1
2023-09-07,SKU04140,1,289.31,331.4,1
2023-09-07,SKU04258,2,82.32,47.15,1
2023-09-07,SKU04305,1,682.88,782.22,1
2023-09-08,SKU00534,1,150.11,171.95,1
2023-09-08,SKU00745,1,3153.99,3612.82,1
2023-09-08,SKU01988,1,289.07,331.12,1
2023-09-08,SKU02141,2,823.9,471.88,1
2023-09-08,SKU02248,1,112.88,129.3,1
2023-09-08,SKU02622,1,302.9,346.96,1
2023-09-08,SKU02776,2,410.19,234.93,1
2023-09-08,SKU03171,2,252.8,144.79,1
2023-09-08,SKU03225,1,1435.73,1644.59,1
2023-09-08,SKU03240,1,909.95,1042.33,1
2023-09-08,SKU03626,3,491.17,187.54,1
2023-09-08,SKU03769,3,252.29,96.33,1
2023-09-08,SKU04273,1,1559.31,1786.15,1
2023-09-08,SKU04321,2,1678.42,961.3,1
2023-09-08,SKU04596,1,292.94,335.55,1
2023-09-08,SKU04685,1,151.04,173.01,1
2023-09-08,SKU04801,2,189.02,108.26,1
2023-09-08,SKU04862,1,64.87,74.31,1
2023-09-08,SKU04926,1,400.64,458.92,1
2023-09-08,SKU04992,3,284.53,108.64,1
2023-09-08,SKU04998,1,1081.59,1238.94,1
2023-09-09,SKU00313,1,767.16,878.76,1
2023-09-09,SKU00382,3,273.84,104.56,1
2023-09-09,SKU01421,1,217.02,248.59,1
2023-09-09,SKU02791,2,846.81,485.0,1
2023-09-09,SKU02922,1,186.07,213.14,1
2023-09-09,SKU03049,3,700.32,267.4,1
2023-09-09,SKU03133,3,688.51,262.89,1
2023-09-09,SKU03353,3,127.31,48.60999999999999,1
2023-09-09,SKU03934,2,3453.22,1977.79,1
2023-09-09,SKU04571,1,758.22,868.52,1
2023-09-09,SKU04924,2,4887.54,2799.28,1
2023-09-10,SKU00554,2,154.21,88.32,1
2023-09-10,SKU00596,2,818.86,468.99,1
2023-09-10,SKU01027,2,144.24,82.61,1
2023-09-10,SKU01110,3,4213.71,1608.9000000000003,1
2023-09-10,SKU01113,1,261.0,298.97,1
2023-09-10,SKU02046,1,1754.27,2009.47,1
2023-09-10,SKU02684,1,460.92,527.97,1
2023-09-10,SKU02923,1,108.41,124.18,1
2023-09-10,SKU03292,5,715.99,164.03,1
2023-09-10,SKU03371,3,3730.06,1424.2300000000002,1
2023-09-10,SKU03571,1,911.3,1043.87,1
2023-09-10,SKU03727,2,2899.98,1660.93,1
2023-09-10,SKU03906,1,109.59,125.53,1
2023-09-10,SKU04162,4,1274.2,364.89,1
2023-09-10,SKU04295,2,4082.13,2337.99,1
2023-09-10,SKU04311,1,91.79,105.14,1
2023-09-10,SKU04315,1,434.29,497.47,1
2023-09-10,SKU04321,3,2517.6400000000003,961.2999999999998,1
2023-09-10,SKU04331,2,514.74,294.81,1
2023-09-10,SKU04465,2,536.53,307.29,1
2023-09-10,SKU04494,1,71.68,82.11,1
2023-09-10,SKU04596,1,292.94,335.55,1
2023-09-10,SKU04605,3,477.5,182.32000000000002,1
2023-09-11,SKU00263,2,774.37,443.51,1
2023-09-11,SKU00408,2,2618.97,1499.98,1
2023-09-11,SKU00692,1,205.61,235.52,1
2023-09-11,SKU00870,2,476.4,272.85,1
2023-09-11,SKU01054,1,509.46,583.57,1
2023-09-11,SKU01449,1,1948.84,2232.35,1
2023-09-11,SKU01671,3,268.97,102.7,1
2023-09-11,SKU01889,2,145.46,83.31,1
2023-09-11,SKU02156,2,322.64,184.79,1
2023-09-11,SKU02232,2,705.94,404.32,1
2023-09-11,SKU02308,1,81.49,93.35,1
2023-09-11,SKU02379,1,104.61,119.83,1
2023-09-11,SKU02493,2,371.72,212.9,1
2023-09-11,SKU02498,4,8307.85,2379.11,1
2023-09-11,SKU02666,2,99.77,57.14,1
2023-09-11,SKU02796,2,214.92,123.09,1
2023-09-11,SKU03370,2,98.13,56.2,1
2023-09-11,SKU03430,2,607.92,348.18,1
2023-09-11,SKU03693,1,1206.33,1381.82,1
2023-09-11,SKU03705,1,221.96,254.25,1
2023-09-11,SKU04779,1,167.81,192.22,1
2023-09-11,SKU04825,2,2625.39,1503.66,1
2023-09-12,SKU00082,3,1257.54,480.16,1
2023-09-12,SKU00540,3,8922.12,3406.69,1
2023-09-12,SKU00999,1,738.14,845.52,1
2023-09-12,SKU01226,2,258.5,148.05,1
2023-09-12,SKU01882,4,242.07,69.32,1
2023-09-12,SKU02155,1,848.47,1113.48,1
2023-09-12,SKU03464,2,426.67,244.37,1
2023-09-12,SKU04016,2,2606.17,1492.65,1
2023-09-12,SKU04051,2,2704.07,1548.72,1
2023-09-12,SKU04321,1,839.21,961.3,1
2023-09-12,SKU04711,1,254.41,291.42,1
2023-09-13,SKU00742,1,2232.28,2557.02,1
2023-09-13,SKU00976,2,468.66,268.42,1
2023-09-13,SKU01317,2,1125.87,644.83,1
2023-09-13,SKU01377,1,114.57,131.24,1
2023-09-13,SKU01490,1,71.96,82.43,1
2023-09-13,SKU02556,1,213.88,245.0,1
2023-09-13,SKU02740,3,272.95,104.21999999999998,1
2023-09-13,SKU03296,2,6431.6,3683.62,1
2023-09-13,SKU03799,2,474.98,272.04,1
2023-09-13,SKU03929,1,110.43,126.5,1
2023-09-13,SKU04063,4,1646.44,471.49,1
2023-09-13,SKU04634,3,2548.84,973.21,1
2023-09-14,SKU00169,1,83.26,95.37,1
2023-09-14,SKU00678,2,1095.0,627.15,1
2023-09-14,SKU00976,1,234.33,268.42,1
2023-09-14,SKU01631,3,789.86,301.59,1
2023-09-14,SKU01774,4,451.62,129.33,1
2023-09-14,SKU01786,2,522.11,299.03,1
2023-09-14,SKU01938,3,2803.59,1070.48,1
2023-09-14,SKU02164,2,596.66,341.73,1
2023-09-14,SKU02616,2,985.3,564.32,1
2023-09-14,SKU02974,2,1426.53,817.03,1
2023-09-14,SKU03092,1,94.48,108.22,1
2023-09-14,SKU03273,1,1102.51,1262.9,1
2023-09-14,SKU04156,2,6303.13,3610.04,1
2023-09-15,SKU00115,1,40.0,45.82,1
2023-09-15,SKU00198,3,891.66,340.46,1
2023-09-15,SKU00484,3,468.91,179.04,1
2023-09-15,SKU01038,1,1168.59,1338.59,1
2023-09-15,SKU01420,1,186.52,213.65,1
2023-09-15,SKU01519,3,1156.05,441.41,1
2023-09-15,SKU01680,5,713.07,163.36,1
2023-09-15,SKU02155,2,1696.94,1113.48,1
2023-09-15,SKU02778,1,149.45,171.19,1
2023-09-15,SKU02858,1,79.18,90.7,1
2023-09-15,SKU03274,1,137.02,156.95,1
2023-09-15,SKU03291,5,126.06,28.880000000000003,1
2023-09-15,SKU03430,4,1215.84,348.18,1
2023-09-15,SKU03601,1,689.88,790.24,1
2023-09-15,SKU04046,1,100.25,114.83,1
2023-09-15,SKU04317,1,1395.62,1598.65,1
2023-09-15,SKU04321,2,1678.43,961.3,1
2023-09-15,SKU04359,4,809.55,231.83,1
2023-09-15,SKU04666,1,103.08,118.07,1
2023-09-16,SKU00887,1,470.11,470.11,
2023-09-16,SKU01079,1,125.88,125.88,
2023-09-16,SKU01462,1,64.6,64.6,
2023-09-16,SKU01688,2,317.3,158.65,
2023-09-16,SKU01836,1,1656.58,1656.58,
2023-09-16,SKU01945,1,212.86,212.86,
2023-09-16,SKU02015,1,104.06,104.06,
2023-09-16,SKU02351,1,1847.9,1847.9,
2023-09-16,SKU02382,3,3701.37,1233.79,
2023-09-16,SKU02489,2,152.44,76.22,
2023-09-16,SKU02640,1,1563.22,1563.22,
2023-09-16,SKU03605,1,75.17,75.17,
2023-09-16,SKU03928,4,2004.72,501.18,
2023-09-16,SKU03970,1,526.03,526.03,
2023-09-16,SKU04032,2,407.4,203.7,
2023-09-16,SKU04321,3,2883.8999999999996,961.2999999999998,
2023-09-16,SKU04344,3,605.43,201.81000000000003,
2023-09-16,SKU04571,2,1737.04,868.52,
2023-09-17,SKU00286,1,64.45,64.45,
2023-09-17,SKU00404,1,230.08,230.08,
2023-09-17,SKU00778,2,592.08,296.04,
2023-09-17,SKU00859,1,2293.14,2293.14,
2023-09-17,SKU01900,3,990.72,330.24,
2023-09-17,SKU02067,1,290.9,290.9,
2023-09-17,SKU02144,1,2699.17,2699.17,
2023-09-17,SKU02339,1,395.4,395.4,
2023-09-17,SKU02747,2,1122.52,561.26,
2023-09-17,SKU02785,2,2273.16,1136.58,
2023-09-17,SKU02813,1,250.52,250.52,
2023-09-17,SKU03048,1,1226.44,1226.44,
2023-09-17,SKU03205,3,172.47,57.49,
2023-09-17,SKU03566,2,240.12,120.06,
2023-09-17,SKU03727,1,1660.93,1660.93,
2023-09-17,SKU04105,3,1394.34,464.78,
2023-09-17,SKU04280,2,637.84,318.92,
2023-09-17,SKU04321,2,1922.6,961.3,
2023-09-18,SKU00286,3,193.35,64.45,
2023-09-18,SKU00368,3,767.7,255.9,
2023-09-18,SKU00578,2,229.84,114.92,
2023-09-18,SKU01190,2,692.96,346.48,
2023-09-18,SKU01466,1,34.29,34.29,
2023-09-18,SKU01916,3,1718.88,572.96,
2023-09-18,SKU02009,4,7881.84,1970.46,
2023-09-18,SKU02983,1,1062.71,1062.71,
2023-09-18,SKU03734,1,441.41,441.41,
2023-09-18,SKU03893,2,3287.1,1643.55,
2023-09-18,SKU04554,1,2001.13,2001.13,
2023-09-18,SKU04596,3,1006.6500000000001,335.55,
2023-09-18,SKU04761,1,287.71,287.71,
2023-09-18,SKU04830,1,258.35,258.35,
2023-09-19,SKU00169,1,95.37,95.37,
2023-09-19,SKU00293,1,132.02,132.02,
2023-09-19,SKU00857,1,449.3,449.3,
2023-09-19,SKU00953,1,273.99,273.99,
2023-09-19,SKU01315,2,3390.7,1695.35,
2023-09-19,SKU01498,1,385.28,385.28,
2023-09-19,SKU01833,1,62.59,62.59,
2023-09-19,SKU01921,3,194.25,64.75,
2023-09-19,SKU02515,2,246.76,123.38,
2023-09-19,SKU02914,2,305.88,152.94,
2023-09-19,SKU04046,3,344.49,114.83,
2023-09-19,SKU04092,5,1037.85,207.57,
2023-09-19,SKU04348,1,274.76,274.76,
2023-09-19,SKU04440,1,267.24,267.24,
2023-09-19,SKU04571,1,868.52,868.52,
2023-09-20,SKU00190,1,145.42,145.42,
2023-09-20,SKU00285,2,1011.34,505.67,
2023-09-20,SKU00376,3,622.35,207.44999999999996,
2023-09-20,SKU00533,1,114.47,114.47,
2023-09-20,SKU01860,3,635.01,211.67,
2023-09-20,SKU02003,1,607.33,607.33,
2023-09-20,SKU02314,1,471.33,471.33,
2023-09-20,SKU02848,2,668.02,334.01,
2023-09-20,SKU02920,1,68.47,68.47,
2023-09-20,SKU02957,1,1043.91,1043.91,
2023-09-20,SKU03377,1,169.11,169.11,
2023-09-20,SKU03532,1,94.55,94.55,
2023-09-20,SKU04140,1,331.4,331.4,
2023-09-20,SKU04321,5,4806.5,961.3,
2023-09-20,SKU04573,4,1079.72,269.93,
2023-09-21,SKU00177,2,229.3,114.65,
2023-09-21,SKU00232,1,96.13,96.13,
2023-09-21,SKU00363,1,1103.75,1103.75,
2023-09-21,SKU00814,4,306.68,76.67,
2023-09-21,SKU01070,1,202.07,202.07,
2023-09-21,SKU01475,2,1578.56,789.28,
2023-09-21,SKU02191,2,720.16,360.08,
2023-09-21,SKU02340,1,234.67,234.67,
2023-09-21,SKU02544,2,463.82,231.91,
2023-09-21,SKU02944,3,504.9,168.3,
2023-09-21,SKU02966,3,199.02,66.34,
2023-09-21,SKU03088,1,223.55,223.55,
2023-09-21,SKU04080,1,253.73,253.73,
2023-09-21,SKU04321,3,2883.9,961.2999999999998,
2023-09-21,SKU04365,1,1774.69,1774.69,
2023-09-22,SKU00334,1,1477.45,1477.45,
2023-09-22,SKU00506,1,319.73,319.73,
2023-09-22,SKU00619,3,791.1299999999999,263.71,
2023-09-22,SKU00901,5,3268.5,653.7,
2023-09-22,SKU00916,1,268.02,268.02,
2023-09-22,SKU00920,5,573.65,114.72999999999999,
2023-09-22,SKU00929,1,158.05,158.05,
2023-09-22,SKU00942,2,345.8,172.9,
2023-09-22,SKU01361,2,1457.24,728.62,
2023-09-22,SKU01683,1,513.45,513.45,
2023-09-22,SKU01866,1,264.81,264.81,
2023-09-22,SKU02153,1,676.92,676.92,
2023-09-22,SKU02390,1,271.6,271.6,
2023-09-22,SKU02503,1,280.9,280.9,
2023-09-22,SKU02634,1,2393.41,2393.41,
2023-09-22,SKU02930,3,510.48,170.16,
2023-09-22,SKU03194,3,1948.14,649.38,
2023-09-22,SKU03711,2,1043.6,521.8,
2023-09-22,SKU03769,2,192.66,96.33,
2023-09-22,SKU03791,1,836.9,836.9,
2023-09-22,SKU04305,2,1564.44,782.22,
2023-09-22,SKU04321,4,3845.2,961.3,
2023-09-22,SKU04596,1,335.55,335.55,
2023-09-22,SKU04624,1,61.27,61.27,
2023-09-23,SKU00456,2,543.84,291.76,1
2023-09-23,SKU00465,1,1563.0,1563.0,
2023-09-23,SKU00528,1,210.21,210.21,
2023-09-23,SKU01153,1,897.4,897.4,
2023-09-23,SKU01549,1,235.17,235.17,
2023-09-23,SKU01662,1,495.84,495.84,
2023-09-23,SKU02108,1,610.6,610.6,
2023-09-23,SKU02141,1,471.88,471.88,
2023-09-23,SKU02324,1,102.02,102.02,
2023-09-23,SKU02441,1,135.57,135.57,
2023-09-23,SKU02640,1,1563.22,1563.22,
2023-09-23,SKU02648,1,883.45,883.45,
2023-09-23,SKU02817,1,142.98,142.98,
2023-09-23,SKU03088,3,670.65,223.55000000000004,
2023-09-23,SKU03159,1,134.99,134.99,
2023-09-23,SKU03524,2,282.5,141.25,
2023-09-23,SKU03671,1,91.48,91.48,
2023-09-23,SKU04275,1,240.04,240.04,
2023-09-23,SKU04321,1,961.3,961.3,
2023-09-23,SKU04424,2,2401.06,1200.53,
2023-09-23,SKU04789,2,134.16,67.08,
2023-09-24,SKU00286,4,257.8,64.45,
2023-09-24,SKU00436,1,146.23,146.23,
2023-09-24,SKU00862,5,8727.5,1745.5,
2023-09-24,SKU01045,1,451.29,451.29,
2023-09-24,SKU01257,1,362.06,362.06,
2023-09-24,SKU01420,1,213.65,213.65,
2023-09-24,SKU01839,4,615.48,153.87,
2023-09-24,SKU02569,1,826.91,826.91,
2023-09-24,SKU02606,1,1572.99,1572.99,
2023-09-24,SKU02858,4,362.8,90.7,
2023-09-24,SKU03292,5,820.15,164.03,
2023-09-24,SKU04154,2,703.54,351.77,
2023-09-24,SKU04165,1,2295.86,2295.86,
2023-09-24,SKU04266,1,188.77,188.77,
2023-09-24,SKU04321,1,961.3,961.3,
2023-09-24,SKU04359,1,231.83,231.83,
2023-09-24,SKU04553,2,596.42,298.21,
2023-09-24,SKU04883,3,1199.43,399.81,
2023-09-25,SKU00166,1,830.77,830.77,
2023-09-25,SKU00209,1,88.63,88.63,
2023-09-25,SKU00285,2,1011.34,505.67,
2023-09-25,SKU00363,2,2207.5,1103.75,
2023-09-25,SKU01500,1,1061.91,1061.91,
2023-09-25,SKU02052,2,554.86,277.43,
2023-09-25,SKU02056,1,1399.72,1399.72,
2023-09-25,SKU02731,2,261.92,130.96,
2023-09-25,SKU02776,3,656.86,234.92999999999998,1
2023-09-25,SKU02849,3,219.9,73.3,
2023-09-25,SKU02954,5,3016.5,603.3,
2023-09-25,SKU03232,1,2223.84,2223.84,
2023-09-25,SKU03289,1,47.01,47.01,
2023-09-25,SKU03292,1,164.03,164.03,
2023-09-25,SKU03625,1,126.37,135.59,1
2023-09-25,SKU03820,3,2883.15,961.0499999999998,
2023-09-25,SKU04321,5,4806.5,961.3,
2023-09-25,SKU04920,1,31.96,31.96,
2023-09-26,SKU00692,2,471.04,235.52,
2023-09-26,SKU00886,1,1510.84,1510.84,
2023-09-26,SKU00994,2,1204.26,602.13,
2023-09-26,SKU02082,4,873.0,218.25,
2023-09-26,SKU02382,1,1233.79,1233.79,
2023-09-26,SKU02417,1,1108.44,1108.44,
2023-09-26,SKU02544,1,231.91,231.91,
2023-09-26,SKU02883,1,1040.02,1040.02,
2023-09-26,SKU02954,2,1206.6,603.3,
2023-09-26,SKU03352,1,538.86,538.86,
2023-09-26,SKU04355,1,84.69,84.69,
2023-09-26,SKU04373,1,1033.69,1033.69,
2023-09-26,SKU04596,2,671.1,335.55,
2023-09-26,SKU04618,2,867.16,433.58,
2023-09-26,SKU04720,4,8923.44,2230.86,
2023-09-26,SKU04788,3,1749.54,583.18,
2023-09-27,SKU00079,4,791.6,197.9,
2023-09-27,SKU00108,3,246.21,82.07,
2023-09-27,SKU00559,1,118.81,118.81,
2023-09-27,SKU00980,1,726.14,726.14,
2023-09-27,SKU01414,1,193.44,193.44,
2023-09-27,SKU01644,1,68.26,68.26,
2023-09-27,SKU01993,3,426.51,142.17,
2023-09-27,SKU02167,1,189.86,189.86,
2023-09-27,SKU02538,4,866.32,216.58,
2023-09-27,SKU02846,1,1875.69,1875.69,
2023-09-27,SKU03024,1,280.12,280.12,
2023-09-27,SKU04191,4,426.8,106.7,
2023-09-27,SKU04321,1,961.3,961.3,
2023-09-27,SKU04324,2,172.98,86.49,
2023-09-27,SKU04351,1,3226.69,3226.69,
2023-09-28,SKU00363,1,1103.75,1103.75,
2023-09-28,SKU00426,4,2422.44,605.61,
2023-09-28,SKU00539,1,199.63,199.63,
2023-09-28,SKU00587,1,4540.18,4540.18,
2023-09-28,SKU00974,3,142.02,47.34,
2023-09-28,SKU01170,2,731.0,365.5,
2023-09-28,SKU01267,2,1949.54,974.77,
2023-09-28,SKU01860,1,211.67,211.67,
2023-09-28,SKU02339,1,395.4,395.4,
2023-09-28,SKU02983,1,990.45,1062.71,1
2023-09-28,SKU03578,1,225.73,225.73,
2023-09-28,SKU04318,2,411.0,205.5,
2023-09-28,SKU04321,5,4806.5,961.3,
2023-09-28,SKU04476,1,134.95,134.95,
2023-09-28,SKU04596,2,671.1,335.55,
2023-09-28,SKU04847,3,1892.88,630.96,
2023-09-29,SKU00127,1,223.69,223.69,
2023-09-29,SKU00148,1,357.28,357.28,
2023-09-29,SKU00216,1,678.4,678.4,
2023-09-29,SKU00294,3,705.06,235.02,
2023-09-29,SKU00992,1,188.51,188.51,
2023-09-29,SKU01376,2,897.72,448.86,
2023-09-29,SKU02462,3,515.67,171.89,
2023-09-29,SKU02486,3,782.46,279.85,1
2023-09-29,SKU03522,3,338.76,112.92,
2023-09-29,SKU03558,1,1950.04,1950.04,
2023-09-29,SKU03785,2,466.96,233.48,
2023-09-29,SKU04036,2,1904.08,952.04,
2023-09-29,SKU04245,2,435.56,217.78,
2023-09-29,SKU04321,4,3845.2,961.3,
2023-09-29,SKU04799,1,161.33,161.33,
2023-09-30,SKU01014,1,274.5,274.5,
2023-09-30,SKU01271,1,230.92,230.92,
2023-09-30,SKU02648,1,883.45,883.45,
2023-09-30,SKU02756,1,1906.82,1906.82,
2023-09-30,SKU03072,3,563.11,201.4,1
2023-09-30,SKU03660,1,340.18,340.18,
2023-09-30,SKU03926,3,1233.84,411.28,
2023-09-30,SKU04321,3,2883.9,961.2999999999998,
2023-09-30,SKU04329,1,2452.07,2452.07,
2023-09-30,SKU04574,3,215.88,71.96,
2023-10-01,SKU00020,1,109.5,109.5,
2023-10-01,SKU00190,1,145.42,145.42,
2023-10-01,SKU00263,1,443.51,443.51,
2023-10-01,SKU00791,2,1130.08,565.04,
2023-10-01,SKU00921,1,3363.82,3363.82,
2023-10-01,SKU01317,1,644.83,644.83,
2023-10-01,SKU01545,3,559.83,186.61,
2023-10-01,SKU01655,2,115.9,62.18,1
2023-10-01,SKU01966,2,221.2,110.6,
2023-10-01,SKU02065,1,70.19,70.19,
2023-10-01,SKU02128,2,368.4,184.2,
2023-10-01,SKU02950,1,251.09,251.09,
2023-10-01,SKU03261,2,184.72,92.36,
2023-10-01,SKU03542,2,3132.88,1566.44,
2023-10-01,SKU03906,1,125.53,125.53,
2023-10-01,SKU04321,6,5767.8,961.2999999999998,
2023-10-01,SKU04390,2,3664.6,1832.3,
2023-10-01,SKU04596,3,1006.6500000000001,335.55,
2023-10-02,SKU00845,1,670.83,670.83,
2023-10-02,SKU01379,1,193.26,193.26,
2023-10-02,SKU01879,3,1247.25,415.75,
2023-10-02,SKU02003,3,1698.09,607.33,1
2023-10-02,SKU02258,2,5238.96,2619.48,
2023-10-02,SKU02683,1,371.82,371.82,
2023-10-02,SKU02930,1,170.16,170.16,
2023-10-02,SKU03397,1,393.07,393.07,
2023-10-02,SKU03840,1,255.12,255.12,
2023-10-02,SKU03945,1,140.02,140.02,
2023-10-02,SKU04362,2,466.84,233.42,
2023-10-02,SKU04957,2,2297.1,1148.55,
2023-10-03,SKU00171,1,253.93,253.93,
2023-10-03,SKU00285,4,2022.68,505.67,
2023-10-03,SKU00376,4,829.8,207.45,
2023-10-03,SKU00400,2,3598.34,1799.17,
2023-10-03,SKU01122,1,145.52,145.52,
2023-10-03,SKU01244,1,2224.69,2224.69,
2023-10-03,SKU01414,1,193.44,193.44,
2023-10-03,SKU01434,2,1460.84,730.42,
2023-10-03,SKU01663,1,2718.53,2718.53,
2023-10-03,SKU01701,2,841.84,420.92,
2023-10-03,SKU01989,1,367.67,367.67,
2023-10-03,SKU02201,1,1064.05,1064.05,
2023-10-03,SKU02335,2,787.12,393.56,
2023-10-03,SKU02337,1,62.34,62.34,
2023-10-03,SKU02841,2,543.92,271.96,
2023-10-03,SKU02858,1,90.7,90.7,
2023-10-03,SKU03053,1,4086.72,4086.72,
2023-10-03,SKU03090,1,140.89,140.89,
2023-10-03,SKU03886,1,190.65,190.65,
2023-10-03,SKU04046,1,114.83,114.83,
2023-10-03,SKU04321,7,6729.1,961.3,
2023-10-03,SKU04498,1,338.51,338.51,
2023-10-03,SKU04710,1,1632.84,1632.84,
2023-10-03,SKU04853,1,541.65,541.65,
2023-10-04,SKU00079,1,197.9,197.9,
2023-10-04,SKU00190,1,145.42,145.42,
2023-10-04,SKU00291,2,380.88,190.44,
2023-10-04,SKU00572,4,1196.8,299.2,
2023-10-04,SKU00611,3,342.78,114.26,
2023-10-04,SKU00808,2,2443.02,1221.51,
2023-10-04,SKU01291,4,2517.8,629.45,
2023-10-04,SKU01576,1,709.54,709.54,
2023-10-04,SKU01682,3,762.09,254.03,
2023-10-04,SKU01749,3,5046.96,1682.32,
2023-10-04,SKU02141,3,1415.64,471.87999999999994,
2023-10-04,SKU02333,2,106.2,53.1,
2023-10-04,SKU02457,1,822.17,822.17,
2023-10-04,SKU02870,1,794.71,794.71,
2023-10-04,SKU03259,2,1204.08,602.04,
2023-10-04,SKU04166,1,263.67,263.67,
2023-10-04,SKU04243,2,173.62,86.81,
2023-10-04,SKU04321,1,961.3,961.3,
2023-10-04,SKU04453,1,265.58,265.58,
2023-10-04,SKU04615,2,555.5,277.75,
2023-10-05,SKU00500,1,1264.58,1264.58,
2023-10-05,SKU00628,2,271.6,135.8,
2023-10-05,SKU00669,1,631.77,631.77,
2023-10-05,SKU00783,1,196.79,196.79,
2023-10-05,SKU00832,3,2839.59,946.5300000000001,
2023-10-05,SKU01040,4,1525.4,381.35,
2023-10-05,SKU01152,1,486.03,486.03,
2023-10-05,SKU01664,5,2182.6,436.52,
2023-10-05,SKU02141,1,471.88,471.88,
2023-10-05,SKU02317,2,574.6,287.3,
2023-10-05,SKU02365,1,138.08,138.08,
2023-10-05,SKU02434,2,1467.22,733.61,
2023-10-05,SKU02471,1,1364.83,1364.83,
2023-10-05,SKU02683,2,743.64,371.82,
2023-10-05,SKU02720,3,419.94,139.98,
2023-10-05,SKU02930,5,850.8,170.16,
2023-10-05,SKU02934,2,225.18,112.59,
2023-10-05,SKU03021,1,1165.36,1165.36,
2023-10-05,SKU03258,1,1275.38,1275.38,
2023-10-05,SKU03623,3,1564.08,521.36,
2023-10-05,SKU03851,2,199.0,99.5,
2023-10-05,SKU04598,1,312.26,312.26,
2023-10-05,SKU04666,2,236.14,118.07,
2023-10-05,SKU04926,3,1376.76,458.92,
2023-10-06,SKU00285,1,505.67,505.67,
2023-10-06,SKU00369,3,1106.79,368.93,
2023-10-06,SKU00982,1,1475.54,1475.54,
2023-10-06,SKU01512,1,375.88,375.88,
2023-10-06,SKU01556,2,3402.76,1701.38,
2023-10-06,SKU01815,1,1240.67,1240.67,
2023-10-06,SKU03019,2,2188.08,1094.04,
2023-10-06,SKU03203,1,182.62,182.62,
2023-10-06,SKU03626,1,187.54,187.54,
2023-10-06,SKU03693,3,4145.46,1381.82,
2023-10-06,SKU03760,1,599.7,643.46,1
2023-10-06,SKU03934,2,3955.58,1977.79,
2023-10-06,SKU04124,1,93.29,93.29,
2023-10-06,SKU04998,3,3716.82,1238.94,
2023-10-07,SKU00225,3,3449.09,1233.58,1
2023-10-07,SKU00479,2,1321.64,660.82,
2023-10-07,SKU00611,4,457.04,114.26,
2023-10-07,SKU01101,3,378.66,126.21999999999998,
2023-10-07,SKU01192,2,298.44,149.22,
2023-10-07,SKU01506,1,160.9,160.9,
2023-10-07,SKU01775,1,204.15,204.15,
2023-10-07,SKU02342,1,143.15,143.15,
2023-10-07,SKU03019,1,1094.04,1094.04,
2023-10-07,SKU03193,1,259.16,259.16,
2023-10-07,SKU03292,3,492.09,164.03,
2023-10-07,SKU03522,1,112.92,112.92,
2023-10-07,SKU03582,1,1131.96,1131.96,
2023-10-07,SKU03727,1,1660.93,1660.93,
2023-10-07,SKU04154,1,351.77,351.77,
2023-10-07,SKU04321,4,3845.2,961.3,
2023-10-07,SKU04350,1,394.93,394.93,
2023-10-07,SKU04976,2,831.12,415.56,
2023-10-08,SKU00973,3,451.05,150.35,
2023-10-08,SKU01317,1,644.83,644.83,
2023-10-08,SKU01547,1,154.38,165.64,1
2023-10-08,SKU01549,4,940.68,235.17,
2023-10-08,SKU02071,1,179.94,179.94,
2023-10-08,SKU02556,1,245.0,245.0,
2023-10-08,SKU03853,2,652.5,326.25,
2023-10-08,SKU03902,1,342.12,342.12,
2023-10-08,SKU03989,2,1089.3,544.65,
2023-10-08,SKU04369,2,3362.9,1681.45,
2023-10-08,SKU04651,1,655.85,655.85,
2023-10-08,SKU04705,2,294.06,147.03,
2023-10-08,SKU04746,2,728.66,364.33,
2023-10-09,SKU00326,5,6706.45,1341.29,
2023-10-09,SKU01165,1,996.52,996.52,
2023-10-09,SKU01242,1,414.93,414.93,
2023-10-09,SKU01499,1,317.24,317.24,
2023-10-09,SKU01791,3,388.65,129.55,
2023-10-09,SKU02146,1,2331.97,2331.97,
2023-10-09,SKU02449,2,275.66,137.83,
2023-10-09,SKU02640,2,3126.44,1563.22,
2023-10-09,SKU03546,3,1488.51,496.17,
2023-10-09,SKU03567,4,1835.92,458.98,
2023-10-09,SKU04181,4,252.56,63.14,
2023-10-09,SKU04321,2,1922.6,961.3,
2023-10-09,SKU04381,1,192.07,192.07,
2023-10-09,SKU04400,1,1043.41,1119.54,1
2023-10-10,SKU00162,3,8340.78,2780.26,
2023-10-10,SKU00278,1,1807.84,1807.84,
2023-10-10,SKU00804,2,241.94,120.97,
2023-10-10,SKU00833,5,1626.1,325.22,
2023-10-10,SKU00901,1,653.7,653.7,
2023-10-10,SKU00966,1,361.28,361.28,
2023-10-10,SKU00980,1,726.14,726.14,
2023-10-10,SKU00994,8,4817.04,602.13,
2023-10-10,SKU01167,5,9186.7,1837.3399999999997,
2023-10-10,SKU01310,1,735.63,735.63,
2023-10-10,SKU01369,1,137.32,137.32,
2023-10-10,SKU01394,2,1118.56,559.28,
2023-10-10,SKU02097,2,1788.0,894.0,
2023-10-10,SKU02135,5,6028.05,1205.61,
2023-10-10,SKU02141,1,471.88,471.88,
2023-10-10,SKU02146,3,6995.91,2331.97,
2023-10-10,SKU02242,2,286.54,143.27,
2023-10-10,SKU02480,3,485.73,161.91,
2023-10-10,SKU02617,1,764.09,764.09,
2023-10-10,SKU03297,3,556.68,185.56000000000003,
2023-10-10,SKU03546,3,1488.51,496.17,
2023-10-10,SKU03727,1,1660.93,1660.93,
2023-10-10,SKU04308,2,299.9,149.95,
2023-10-10,SKU04321,4,3845.2,961.3,
2023-10-10,SKU04872,3,463.08,154.36,
2023-10-11,SKU00398,1,522.36,522.36,
2023-10-11,SKU01870,3,678.48,226.16,
2023-10-11,SKU02283,1,87.82,87.82,
2023-10-11,SKU02462,2,343.78,171.89,
2023-10-11,SKU02627,1,190.96,190.96,
2023-10-11,SKU02785,1,1136.58,1136.58,
2023-10-11,SKU02829,2,891.24,445.62,
2023-10-11,SKU02836,1,1144.77,1144.77,
2023-10-11,SKU03704,1,370.99,370.99,
2023-10-11,SKU04076,4,662.16,165.54,
2023-10-11,SKU04305,2,1564.44,782.22,
2023-10-11,SKU04321,7,6729.1,961.3000000000001,
2023-10-11,SKU04571,1,868.52,868.52,
2023-10-11,SKU04914,2,847.58,423.79,
2023-10-11,SKU04924,1,2799.28,2799.28,
2023-10-12,SKU00038,4,1510.08,377.52,
2023-10-12,SKU00363,3,3311.25,1103.75,
2023-10-12,SKU00751,2,182.18,91.09,
2023-10-12,SKU01280,1,593.19,593.19,
2023-10-12,SKU01317,1,644.83,644.83,
2023-10-12,SKU01523,2,582.96,291.48,
2023-10-12,SKU02406,1,211.48,211.48,
2023-10-12,SKU03052,2,4484.7,2242.35,
2023-10-12,SKU03116,1,804.33,804.33,
2023-10-12,SKU03263,2,149.28,74.64,
2023-10-12,SKU03646,2,685.66,342.83,
2023-10-12,SKU04321,5,4806.5,961.3,
2023-10-12,SKU04626,1,468.52,468.52,
2023-10-12,SKU04749,2,3139.38,1569.69,
2023-10-12,SKU04880,3,375.81,134.41,1
2023-10-13,SKU00342,1,229.07,229.07,
2023-10-13,SKU00685,1,2583.23,2583.23,
2023-10-13,SKU01040,2,762.7,381.35,
2023-10-13,SKU01653,2,1100.54,550.27,
2023-10-13,SKU02487,5,1818.05,363.61,
2023-10-13,SKU02548,1,266.26,266.26,
2023-10-13,SKU02642,2,383.18,191.59,
2023-10-13,SKU03062,3,751.41,250.47,
2023-10-13,SKU03379,1,57.39,57.39,
2023-10-13,SKU03686,2,3867.54,1933.77,
2023-10-13,SKU04035,1,140.98,140.98,
2023-10-13,SKU04166,1,263.67,263.67,
2023-10-13,SKU04321,1,961.3,961.3,
2023-10-13,SKU04350,1,394.93,394.93,
2023-10-13,SKU04355,3,254.07,84.69,
2023-10-14,SKU00152,4,7321.24,1830.31,
2023-10-14,SKU00164,1,113.99,113.99,
2023-10-14,SKU00224,3,485.58,161.86,
2023-10-14,SKU00285,1,505.67,505.67,
2023-10-14,SKU00426,1,605.61,605.61,
2023-10-14,SKU00506,3,959.19,319.73,
2023-10-14,SKU01405,2,1158.68,579.34,
2023-10-14,SKU02737,1,315.14,315.14,
2023-10-14,SKU03225,1,1644.59,1644.59,
2023-10-14,SKU03546,2,992.34,496.17,
2023-10-14,SKU03691,3,2209.08,736.36,
2023-10-14,SKU03727,1,1660.93,1660.93,
2023-10-14,SKU03836,1,442.52,442.52,
2023-10-14,SKU03840,3,765.36,255.12,
2023-10-14,SKU04321,3,2883.8999999999996,961.2999999999998,
2023-10-14,SKU04401,1,194.32,194.32,
2023-10-14,SKU04496,5,1391.15,278.23,
2023-10-14,SKU04596,3,1006.65,335.55,
2023-10-15,SKU00190,1,145.42,145.42,
2023-10-15,SKU00800,3,623.49,207.83,
2023-10-15,SKU01117,1,157.6,157.6,
2023-10-15,SKU01507,2,246.02,220.84,1
2023-10-15,SKU01535,1,296.6,296.6,
2023-10-15,SKU01751,1,459.81,459.81,
2023-10-15,SKU01902,1,65.43,65.43,
2023-10-15,SKU02431,3,1291.74,430.58,
2023-10-15,SKU02888,3,416.01,138.67,
2023-10-15,SKU02905,1,867.68,867.68,
2023-10-15,SKU03318,1,348.98,348.98,
2023-10-15,SKU03452,2,2338.62,1169.31,
2023-10-15,SKU03458,5,6555.1,1311.02,
2023-10-15,SKU04321,5,4806.5,961.3,
2023-10-15,SKU04596,2,671.1,335.55,
2023-10-16,SKU00125,1,477.75,477.75,
2023-10-16,SKU00177,2,229.3,114.65,
2023-10-16,SKU00285,2,1011.34,505.67,
2023-10-16,SKU00355,1,144.21,144.21,
2023-10-16,SKU00835,5,4189.2,837.8399999999999,
2023-10-16,SKU02099,2,320.3,160.15,
2023-10-16,SKU02462,7,1203.23,171.89000000000001,
2023-10-16,SKU03119,2,75.12,37.56,
2023-10-16,SKU03196,2,1674.6,837.3,
2023-10-16,SKU03647,4,5826.16,1456.54,
2023-10-16,SKU03737,2,471.36,235.68,
2023-10-16,SKU04664,1,729.2,729.2,
2023-10-17,SKU00169,1,95.37,95.37,
2023-10-17,SKU00190,1,145.42,145.42,
2023-10-17,SKU00282,1,3095.83,3095.83,
2023-10-17,SKU00503,5,570.9,114.18000000000002,
2023-10-17,SKU01045,5,2256.45,451.2900000000001,
2023-10-17,SKU01536,1,440.4,440.4,
2023-10-17,SKU01775,3,612.45,204.15,
2023-10-17,SKU01890,1,119.43,119.43,
2023-10-17,SKU02139,1,278.4,278.4,
2023-10-17,SKU02173,3,1422.66,474.22,
2023-10-17,SKU02503,3,842.7,280.9,
2023-10-17,SKU02538,1,216.58,216.58,
2023-10-17,SKU02804,4,1445.76,361.44,
2023-10-17,SKU03022,1,86.56,86.56,
2023-10-17,SKU03174,3,3157.17,1052.39,
2023-10-17,SKU04178,1,295.35,295.35,
2023-10-17,SKU04321,2,1922.6,961.3,
2023-10-17,SKU04667,2,983.91,883.22,1
2023-10-17,SKU04837,1,246.51,246.51,
2023-10-17,SKU04843,2,545.94,272.97,
2023-10-17,SKU04856,1,245.47,245.47,
2023-10-18,SKU00002,1,70.38,70.38,
2023-10-18,SKU00079,2,395.8,197.9,
2023-10-18,SKU00737,1,436.92,436.92,
2023-10-18,SKU00743,3,2277.9,759.2999999999998,
2023-10-18,SKU01008,3,1388.47,830.92,1
2023-10-18,SKU01043,2,178.04,89.02,
2023-10-18,SKU01274,3,1675.08,558.36,
2023-10-18,SKU01561,2,1284.82,642.41,
2023-10-18,SKU02088,3,207.93,69.31,
2023-10-18,SKU02532,2,231.34,115.67,
2023-10-18,SKU02609,1,391.85,391.85,
2023-10-18,SKU02956,1,261.17,261.17,
2023-10-18,SKU03669,2,2491.08,1245.54,
2023-10-18,SKU03906,2,251.06,125.53,
2023-10-18,SKU04154,5,1758.85,351.77,
2023-10-18,SKU04321,1,961.3,961.3,
2023-10-18,SKU04596,2,671.1,335.55,
2023-10-18,SKU04702,2,4375.32,2187.66,
2023-10-19,SKU00285,4,2022.68,505.67,
2023-10-19,SKU00361,1,76.71,150.12,1
2023-10-19,SKU01357,2,1183.1,1062.03,1
2023-10-19,SKU02179,2,390.74,195.37,
2023-10-19,SKU03957,2,176.76,88.38,
2023-10-19,SKU04321,3,2883.8999999999996,961.2999999999998,
2023-10-19,SKU04396,2,6851.34,3425.67,
2023-10-19,SKU04688,1,277.95,277.95,
2023-10-19,SKU04797,1,297.66,297.66,
2023-10-19,SKU04868,1,647.03,647.03,
2023-10-20,SKU00120,4,1969.28,492.32,
2023-10-20,SKU00678,2,698.65,627.15,1
2023-10-20,SKU00903,1,413.75,413.75,
2023-10-20,SKU01115,1,124.25,124.25,
2023-10-20,SKU01632,4,1418.04,354.51,
2023-10-20,SKU02198,1,734.76,734.76,
2023-10-20,SKU02383,3,502.85,328.02,1
2023-10-20,SKU02591,1,124.36,124.36,
2023-10-20,SKU02597,4,492.36,123.09,
2023-10-20,SKU02655,1,66.91,66.91,
2023-10-20,SKU02737,1,161.04,315.14,1
2023-10-20,SKU02923,4,496.72,124.18,
2023-10-20,SKU03130,1,4194.16,4194.16,
2023-10-20,SKU03653,2,5494.5,2747.25,
2023-10-20,SKU03693,1,1381.82,1381.82,
2023-10-20,SKU03727,1,1660.93,1660.93,
2023-10-20,SKU04044,2,602.8,301.4,
2023-10-20,SKU04321,3,2883.8999999999996,961.2999999999998,
2023-10-20,SKU04766,1,112.83,112.83,
2023-10-21,SKU00133,2,3445.86,1722.93,
2023-10-21,SKU00304,2,755.86,377.93,
2023-10-21,SKU00389,1,644.49,644.49,
2023-10-21,SKU00503,1,114.18,114.18,
2023-10-21,SKU00750,1,1027.66,1027.66,
2023-10-21,SKU00940,1,148.78,148.78,
2023-10-21,SKU01037,1,178.07,178.07,
2023-10-21,SKU01317,1,644.83,644.83,
2023-10-21,SKU01884,1,1125.1,1125.1,
2023-10-21,SKU02644,2,1443.1,721.55,
2023-10-21,SKU03064,5,632.46,247.54000000000002,1
2023-10-21,SKU03137,1,165.23,165.23,
2023-10-22,SKU00055,3,1228.14,409.37999999999994,
2023-10-22,SKU00285,2,1011.34,505.67,
2023-10-22,SKU00496,3,940.32,313.44,
2023-10-22,SKU00619,1,263.71,263.71,
2023-10-22,SKU00628,1,135.8,135.8,
2023-10-22,SKU00639,1,853.59,853.59,
2023-10-22,SKU00845,2,1341.66,670.83,
2023-10-22,SKU00942,4,691.6,172.9,
2023-10-22,SKU01414,1,98.85,193.44,1
2023-10-22,SKU02648,1,883.45,883.45,
2023-10-22,SKU02660,2,163.82,81.91,
2023-10-22,SKU03678,1,508.25,508.25,
2023-10-23,SKU00263,1,443.51,443.51,
2023-10-23,SKU00286,3,193.35,64.45,
2023-10-23,SKU00445,1,87.15,87.15,
2023-10-23,SKU01432,1,78.81,78.81,
2023-10-23,SKU01526,1,101.78,199.18,1
2023-10-23,SKU01802,2,1627.86,813.93,
2023-10-23,SKU01840,1,60.14,117.69,1
2023-10-23,SKU01853,1,206.97,206.97,
2023-10-23,SKU01904,1,143.45,280.72,1
2023-10-23,SKU02360,2,131.98,65.99,
2023-10-23,SKU02434,2,1467.22,733.61,
2023-10-23,SKU02655,3,200.73,66.91,
2023-10-23,SKU03292,3,492.09,164.03,
2023-10-23,SKU03552,2,187.24,93.62,
2023-10-23,SKU03708,1,102.64,102.64,
2023-10-23,SKU04321,1,961.3,961.3,
2023-10-23,SKU04575,2,160.38,80.19,
2023-10-23,SKU04715,2,1421.95,1276.44,1
2023-10-24,SKU00286,2,128.9,64.45,
2023-10-24,SKU00809,5,138.43,54.17999999999999,1
2023-10-24,SKU00953,2,280.02,273.99,1
2023-10-24,SKU00976,1,149.51,268.42,1
2023-10-24,SKU01223,1,271.98,271.98,
2023-10-24,SKU01420,1,109.18,213.65,1
2023-10-24,SKU01897,2,984.44,492.22,
2023-10-24,SKU02016,2,199.26,194.97,1
2023-10-24,SKU02194,1,1082.06,1082.06,
2023-10-24,SKU02449,1,70.43,137.83,1
2023-10-24,SKU02896,1,842.65,1512.83,1
2023-10-24,SKU03168,3,515.25,171.75,
2023-10-24,SKU04321,4,3845.2,961.3,
2023-10-24,SKU04734,4,638.0,159.5,
2023-10-25,SKU00062,2,998.9,499.45,
2023-10-25,SKU00484,1,179.04,179.04,
2023-10-25,SKU00678,2,698.65,627.15,1
2023-10-25,SKU00758,1,109.39,109.39,
2023-10-25,SKU00994,2,670.77,602.13,1
2023-10-25,SKU01317,2,1289.66,644.83,
2023-10-25,SKU02065,4,280.76,70.19,
2023-10-25,SKU02207,1,318.58,318.58,
2023-10-25,SKU02287,1,665.21,665.21,
2023-10-25,SKU02705,3,9805.65,3268.5500000000006,
2023-10-25,SKU02843,1,87.14,87.14,
2023-10-25,SKU02892,1,77.05,77.05,
2023-10-25,SKU03196,1,837.3,837.3,
2023-10-25,SKU03415,1,1197.64,1197.64,
2023-10-25,SKU03700,3,257.46,85.82,
2023-10-25,SKU03727,1,1660.93,1660.93,
2023-10-25,SKU03976,1,451.64,451.64,
2023-10-25,SKU03994,1,281.11,281.11,
2023-10-25,SKU04050,3,356.73,118.91000000000001,
2023-10-25,SKU04191,2,213.4,106.7,
2023-10-25,SKU04273,1,1786.15,1786.15,
2023-10-25,SKU04531,2,210.18,105.09,
2023-10-26,SKU00316,1,126.16,126.16,
2023-10-26,SKU00379,2,1114.85,1000.76,1
2023-10-26,SKU00686,2,2484.98,1242.49,
2023-10-26,SKU00852,1,872.61,872.61,
2023-10-26,SKU00920,1,114.73,114.73,
2023-10-26,SKU01490,2,164.86,82.43,
2023-10-26,SKU02587,1,499.23,499.23,
2023-10-26,SKU02962,1,706.08,706.08,
2023-10-26,SKU03145,5,237.2,47.44,
2023-10-26,SKU03497,1,524.06,524.06,
2023-10-26,SKU03507,1,695.35,695.35,
2023-10-26,SKU04000,2,1364.92,682.46,
2023-10-26,SKU04129,1,823.72,823.72,
2023-10-26,SKU04191,4,426.8,106.7,
2023-10-26,SKU04321,1,961.3,961.3,
2023-10-26,SKU04476,1,134.95,134.95,
2023-10-26,SKU04516,3,5303.01,1767.67,
2023-10-26,SKU04596,4,1342.2,335.55,
2023-10-26,SKU04955,3,558.9,186.30000000000004,
2023-10-27,SKU00264,3,728.22,242.74,
2023-10-27,SKU00435,1,384.45,384.45,
2023-10-27,SKU00538,2,2202.14,1101.07,
2023-10-27,SKU00953,1,273.99,273.99,
2023-10-27,SKU01202,5,1652.25,330.45,
2023-10-27,SKU01530,1,295.91,295.91,
2023-10-27,SKU01636,1,179.26,179.26,
2023-10-27,SKU02029,1,463.23,463.23,
2023-10-27,SKU02035,1,900.31,900.31,
2023-10-27,SKU02140,1,278.82,278.82,
2023-10-27,SKU02176,1,989.87,989.87,
2023-10-27,SKU02311,1,650.22,650.22,
2023-10-27,SKU02657,1,128.75,128.75,
2023-10-27,SKU03292,6,984.1800000000001,164.03,
2023-10-27,SKU03421,1,2151.7,2151.7,
2023-10-27,SKU03546,1,496.17,496.17,
2023-10-27,SKU04154,2,703.54,351.77,
2023-10-27,SKU04321,1,961.3,961.3,
2023-10-27,SKU04508,5,1877.75,375.55,
2023-10-28,SKU00134,1,199.86,199.86,
2023-10-28,SKU00291,2,380.88,190.44,
2023-10-28,SKU00540,1,3406.69,3406.69,
2023-10-28,SKU00953,1,273.99,273.99,
2023-10-28,SKU01018,2,484.86,242.43,
2023-10-28,SKU01091,1,650.81,650.81,
2023-10-28,SKU01222,1,670.78,670.78,
2023-10-28,SKU01438,1,298.01,298.01,
2023-10-28,SKU02273,1,212.66,212.66,
2023-10-28,SKU02494,3,306.9,102.3,
2023-10-28,SKU02840,1,267.04,267.04,
2023-10-28,SKU03024,2,560.24,280.12,
2023-10-28,SKU03053,2,8173.44,4086.72,
2023-10-28,SKU03535,1,178.62,178.62,
2023-10-28,SKU03886,1,190.65,190.65,
2023-10-28,SKU04280,2,637.84,318.92,
2023-10-28,SKU04596,3,1006.6500000000001,335.55,
2023-10-29,SKU01305,1,741.4,741.4,
2023-10-29,SKU01489,4,441.28,110.32,
2023-10-29,SKU01730,3,302.7,100.90000000000002,
2023-10-29,SKU02074,3,330.09,110.03000000000002,
2023-10-29,SKU02602,1,220.61,220.61,
2023-10-29,SKU03100,1,403.04,403.04,
2023-10-29,SKU03367,2,248.16,124.08,
2023-10-29,SKU03616,2,745.72,372.86,
2023-10-29,SKU04321,1,961.3,961.3,
2023-10-29,SKU04508,2,751.1,375.55,
2023-10-30,SKU00500,2,1408.74,1264.58,1
2023-10-30,SKU00503,1,114.18,114.18,
2023-10-30,SKU00941,4,2727.56,681.89,
2023-10-30,SKU01404,2,2426.56,1213.28,
2023-10-30,SKU01428,1,2772.39,2772.39,
2023-10-30,SKU02475,2,407.96,203.98,
2023-10-30,SKU03292,1,164.03,164.03,
2023-10-30,SKU03907,3,1465.02,876.73,1
2023-10-30,SKU04125,2,439.64,219.82,
2023-10-30,SKU04321,10,9613.0,961.3,
2023-10-31,SKU00222,3,1476.78,492.26,
2023-10-31,SKU00264,5,1213.7,242.74,
2023-10-31,SKU00296,2,1370.58,685.29,
2023-10-31,SKU01278,1,644.2,1156.55,1
2023-10-31,SKU02858,3,272.1,90.7,
2023-10-31,SKU03423,1,387.84,387.84,
2023-10-31,SKU03907,1,488.34,876.73,1
2023-10-31,SKU03912,4,726.52,181.63,
2023-10-31,SKU04097,3,1216.44,405.48,
2023-10-31,SKU04140,1,331.4,331.4,
2023-10-31,SKU04321,1,961.3,961.3,
2023-10-31,SKU04381,1,192.07,192.07,
2023-10-31,SKU04714,1,2007.28,2007.28,
2023-11-01,SKU00916,4,1072.08,268.02,
2023-11-01,SKU01033,2,3291.22,1645.61,
2023-11-01,SKU01332,1,66.62,66.62,
2023-11-01,SKU01438,1,298.01,298.01,
2023-11-01,SKU02141,2,943.76,471.88,
2023-11-01,SKU02368,1,849.39,849.39,
2023-11-01,SKU02400,2,344.28,172.14,
2023-11-01,SKU02478,3,222.45,74.15,
2023-11-01,SKU02658,1,111.06,111.06,
2023-11-01,SKU02684,4,2111.88,527.97,
2023-11-01,SKU02954,1,603.3,603.3,
2023-11-01,SKU03138,1,99.25,99.25,
2023-11-01,SKU03727,5,8304.65,1660.9299999999998,
2023-11-01,SKU03891,1,159.69,159.69,
2023-11-01,SKU04171,2,1304.16,652.08,
2023-11-01,SKU04345,3,432.69,144.23,
2023-11-01,SKU04390,2,2041.18,1832.3,1
2023-11-02,SKU01189,4,9199.2,2299.8,
2023-11-02,SKU01334,5,575.05,115.01000000000002,
2023-11-02,SKU01851,3,2142.67,1282.27,1
2023-11-02,SKU01864,3,686.13,228.71,
2023-11-02,SKU01940,2,255.44,127.72,
2023-11-02,SKU03385,1,153.8,153.8,
2023-11-02,SKU03694,1,328.79,328.79,
2023-11-02,SKU03844,2,201.28,100.64,
2023-11-02,SKU04105,2,929.56,464.78,
2023-11-02,SKU04321,2,1922.6,961.3,
2023-11-02,SKU04354,1,1741.96,1741.96,
2023-11-02,SKU04432,1,340.8,340.8,
2023-11-03,SKU00143,1,64.0,64.0,
2023-11-03,SKU00422,1,276.63,276.63,
2023-11-03,SKU00484,1,179.04,179.04,
2023-11-03,SKU00654,2,145.24,72.62,
2023-11-03,SKU01164,2,269.38,241.81,1
2023-11-03,SKU01189,2,4599.6,2299.8,
2023-11-03,SKU01221,1,1138.08,2043.23,1
2023-11-03,SKU01515,1,478.96,478.96,
2023-11-03,SKU01905,1,2021.49,2021.49,
2023-11-03,SKU02148,1,264.71,264.71,
2023-11-03,SKU02407,2,992.6,496.3,
2023-11-03,SKU03171,3,434.37,144.79,
2023-11-03,SKU03734,1,441.41,441.41,
2023-11-03,SKU03742,1,83.18,83.18,
2023-11-03,SKU03789,1,1048.14,1048.14,
2023-11-03,SKU04321,5,4806.5,961.3,
2023-11-03,SKU04619,3,893.94,297.98,
2023-11-03,SKU04622,1,2025.83,2025.83,
2023-11-03,SKU04646,3,247.14,82.38,
2023-11-04,SKU00088,1,148.62,148.62,
2023-11-04,SKU00359,1,210.99,210.99,
2023-11-04,SKU00478,3,1349.73,449.91,
2023-11-04,SKU01037,1,178.07,178.07,
2023-11-04,SKU01680,1,163.36,163.36,
2023-11-04,SKU01733,1,41.71,41.71,
2023-11-04,SKU02275,3,564.36,188.12,
2023-11-04,SKU02401,2,1048.94,524.47,
2023-11-04,SKU02806,3,246.09,82.03,
2023-11-04,SKU02930,1,170.16,170.16,
2023-11-04,SKU03509,2,986.14,493.07,
2023-11-04,SKU03715,1,930.79,930.79,
2023-11-04,SKU03738,1,62.53,62.53,
2023-11-04,SKU03875,2,406.82,203.41,
2023-11-04,SKU04314,3,1703.97,567.99,
2023-11-04,SKU04954,1,374.72,374.72,
2023-11-04,SKU04998,2,2477.88,1238.94,
2023-11-05,SKU00062,1,499.45,499.45,
2023-11-05,SKU00458,1,452.69,452.69,
2023-11-05,SKU00508,2,1135.72,567.86,
2023-11-05,SKU00942,1,172.9,172.9,
2023-11-05,SKU00953,1,273.99,273.99,
2023-11-05,SKU01843,2,814.88,407.44,
2023-11-05,SKU02474,1,145.89,145.89,
2023-11-05,SKU02614,2,236.28,118.14,
2023-11-05,SKU02954,1,603.3,603.3,
2023-11-05,SKU03055,1,130.59,130.59,
2023-11-05,SKU03253,4,379.8,94.95,
2023-11-05,SKU03545,1,401.05,401.05,
2023-11-05,SKU04318,1,205.5,205.5,
2023-11-05,SKU04596,1,335.55,335.55,
2023-11-06,SKU00111,2,4633.7,2316.85,
2023-11-06,SKU00169,1,95.37,95.37,
2023-11-06,SKU00484,1,179.04,179.04,
2023-11-06,SKU00599,1,46.97,46.97,
2023-11-06,SKU00609,2,273.72,136.86,
2023-11-06,SKU00662,1,311.18,366.53,1
2023-11-06,SKU00942,2,345.8,172.9,
2023-11-06,SKU00990,1,485.43,485.43,
2023-11-06,SKU01079,1,125.88,125.88,
2023-11-06,SKU01371,4,4338.76,1277.61,1
2023-11-06,SKU01823,3,3745.17,1248.39,
2023-11-06,SKU01983,1,530.92,530.92,
2023-11-06,SKU02036,1,207.39,207.39,
2023-11-06,SKU02657,4,515.0,128.75,
2023-11-06,SKU02834,2,3638.62,1819.31,
2023-11-06,SKU03063,1,363.59,363.59,
2023-11-06,SKU03348,1,285.9,285.9,
2023-11-06,SKU03775,3,2363.37,787.79,
2023-11-06,SKU03874,1,224.65,224.65,
2023-11-06,SKU03933,5,12336.85,2467.37,
2023-11-06,SKU04154,2,703.54,351.77,
2023-11-06,SKU04166,2,527.34,263.67,
2023-11-06,SKU04321,7,6729.1,961.3000000000001,
2023-11-06,SKU04450,5,2539.5,507.9,
2023-11-06,SKU04596,1,335.55,335.55,
2023-11-06,SKU04598,1,312.26,312.26,
2023-11-06,SKU04895,1,1875.04,1875.04,
2023-11-07,SKU00388,2,127.24,63.62,
2023-11-07,SKU00418,2,110.28,55.14,
2023-11-07,SKU00476,1,206.08,206.08,
2023-11-07,SKU00947,1,538.31,634.05,1
2023-11-07,SKU01049,2,1769.96,884.98,
2023-11-07,SKU01609,1,600.87,600.87,
2023-11-07,SKU01996,4,1334.68,333.67,
2023-11-07,SKU02231,1,50.54,50.54,
2023-11-07,SKU02402,2,424.12,212.06,
2023-11-07,SKU02468,2,349.7,174.85,
2023-11-07,SKU02603,3,956.04,318.68,
2023-11-07,SKU02892,2,154.1,77.05,
2023-11-07,SKU02962,1,706.08,706.08,
2023-11-07,SKU03148,1,1540.74,1814.77,1
2023-11-07,SKU03193,3,777.48,259.16,
2023-11-07,SKU03328,1,617.66,617.66,
2023-11-07,SKU03572,1,654.81,654.81,
2023-11-07,SKU03800,1,114.46,114.46,
2023-11-07,SKU03851,2,199.0,99.5,
2023-11-07,SKU04135,1,128.12,128.12,
2023-11-07,SKU04154,2,703.54,351.77,
2023-11-07,SKU04508,1,375.55,375.55,
2023-11-07,SKU04912,1,191.17,191.17,
2023-11-08,SKU00079,2,395.8,197.9,
2023-11-08,SKU00416,1,75.12,75.12,
2023-11-08,SKU00515,1,1273.91,1273.91,
2023-11-08,SKU00769,1,241.93,241.93,
2023-11-08,SKU00845,1,670.83,670.83,
2023-11-08,SKU00912,2,2496.52,1248.26,
2023-11-08,SKU00953,6,1643.94,273.99,
2023-11-08,SKU01037,2,356.14,178.07,
2023-11-08,SKU01443,2,349.34,174.67,
2023-11-08,SKU01569,1,441.1,441.1,
2023-11-08,SKU01953,2,619.7,309.85,
2023-11-08,SKU02293,1,171.48,171.48,
2023-11-08,SKU02377,2,186.46,93.23,
2023-11-08,SKU02583,1,274.06,274.06,
2023-11-08,SKU02784,1,149.12,149.12,
2023-11-08,SKU03660,1,340.18,340.18,
2023-11-08,SKU03743,2,506.48,253.24,
2023-11-08,SKU04080,1,253.73,253.73,
2023-11-08,SKU04339,1,1534.07,1534.07,
2023-11-08,SKU04341,1,67.39,67.39,
2023-11-09,SKU00156,3,492.9,164.3,
2023-11-09,SKU00330,1,87.32,87.32,
2023-11-09,SKU00546,1,130.86,130.86,
2023-11-09,SKU00692,3,706.56,235.52,
2023-11-09,SKU00819,2,375.94,187.97,
2023-11-09,SKU00823,1,183.03,183.03,
2023-11-09,SKU00824,1,391.75,391.75,
2023-11-09,SKU00920,1,114.73,114.73,
2023-11-09,SKU01371,1,1084.69,1277.61,1
2023-11-09,SKU01420,4,854.6,213.65,
2023-11-09,SKU01534,1,2964.57,2964.57,
2023-11-09,SKU01784,2,337.62,168.81,
2023-11-09,SKU02247,1,179.3,179.3,
2023-11-09,SKU02340,1,234.67,234.67,
2023-11-09,SKU02353,1,747.09,747.09,
2023-11-09,SKU02403,2,401.02,200.51,
2023-11-09,SKU02415,1,441.21,441.21,
2023-11-09,SKU03498,4,2861.6,715.4,
2023-11-09,SKU03719,2,268.46,134.23,
2023-11-09,SKU03785,4,933.92,233.48,
2023-11-09,SKU04096,1,155.65,155.65,
2023-11-09,SKU04321,2,1922.6,961.3,
2023-11-09,SKU04464,3,844.68,281.56,
2023-11-09,SKU04733,1,486.39,486.39,
2023-11-10,SKU00494,2,641.94,320.97,
2023-11-10,SKU01485,4,1904.72,476.18,
2023-11-10,SKU01741,1,153.81,153.81,
2023-11-10,SKU01775,1,204.15,204.15,
2023-11-10,SKU01784,1,168.81,168.81,
2023-11-10,SKU02082,1,218.25,218.25,
2023-11-10,SKU02362,1,514.99,606.58,1
2023-11-10,SKU02503,2,561.8,280.9,
2023-11-10,SKU02890,2,317.24,158.62,
2023-11-10,SKU03046,2,219.74,109.87,
2023-11-10,SKU03088,2,447.1,223.55,
2023-11-10,SKU03149,2,1221.16,610.58,
2023-11-10,SKU03870,1,301.78,301.78,
2023-11-10,SKU04321,1,961.3,961.3,
2023-11-10,SKU04329,2,4163.61,2452.07,1
2023-11-11,SKU00169,2,190.74,95.37,
2023-11-11,SKU00190,1,145.42,145.42,
2023-11-11,SKU00473,1,111.63,111.63,
2023-11-11,SKU00538,2,2202.14,1101.07,
2023-11-11,SKU00936,3,4555.18,1788.45,1
2023-11-11,SKU01153,3,2692.2,897.4,
2023-11-11,SKU01317,1,644.83,644.83,
2023-11-11,SKU01389,1,3609.79,3609.79,
2023-11-11,SKU01435,2,2075.8,1037.9,
2023-11-11,SKU02366,1,1439.58,1439.58,
2023-11-11,SKU02482,2,2595.9,1297.95,
2023-11-11,SKU02954,3,1809.9,603.3,
2023-11-11,SKU03033,3,4173.99,1391.33,
2023-11-11,SKU03372,1,279.34,279.34,
2023-11-11,SKU03572,2,1309.62,654.81,
2023-11-11,SKU03674,5,1330.2,266.04,
2023-11-11,SKU03680,1,169.14,169.14,
2023-11-11,SKU03923,1,1351.9,1592.34,1
2023-11-11,SKU04185,2,159.66,79.83,
2023-11-11,SKU04321,1,961.3,961.3,
2023-11-11,SKU04627,1,630.47,630.47,
2023-11-11,SKU04649,1,541.59,541.59,
2023-11-11,SKU04704,1,56.92,56.92,
2023-11-11,SKU04816,2,180.98,90.49,
2023-11-11,SKU04913,1,466.91,466.91,
2023-11-12,SKU00079,1,197.9,197.9,
2023-11-12,SKU00117,1,258.96,258.96,
2023-11-12,SKU00577,3,4911.0,1637.0,
2023-11-12,SKU00864,1,223.39,223.39,
2023-11-12,SKU00942,3,518.7,172.9,
2023-11-12,SKU00994,4,2044.83,602.13,1
2023-11-12,SKU01410,1,1130.16,1331.17,1
2023-11-12,SKU01658,1,238.38,238.38,
2023-11-12,SKU01888,1,105.0,105.0,
2023-11-12,SKU02141,3,1415.64,471.87999999999994,
2023-11-12,SKU02223,4,1030.32,257.58,
2023-11-12,SKU02583,4,1096.24,274.06,
2023-11-12,SKU02614,1,118.14,118.14,
2023-11-12,SKU03693,2,2763.64,1381.82,
2023-11-12,SKU03851,2,199.0,99.5,
2023-11-12,SKU03876,5,1163.9,232.78000000000003,
2023-11-12,SKU04010,2,506.62,253.31,
2023-11-12,SKU04035,1,140.98,140.98,
2023-11-12,SKU04321,1,961.3,961.3,
2023-11-12,SKU04356,1,785.48,785.48,
2023-11-12,SKU04464,3,844.68,281.56,
2023-11-12,SKU04508,2,751.1,375.55,
2023-11-12,SKU04596,4,1342.2,335.55,
2023-11-12,SKU04762,1,437.45,437.45,
2023-11-13,SKU00264,3,728.22,242.74,
2023-11-13,SKU00642,1,417.52,417.52,
2023-11-13,SKU00838,2,600.2,300.1,
2023-11-13,SKU00908,4,8434.68,2108.67,
2023-11-13,SKU01115,1,124.25,124.25,
2023-11-13,SKU01639,3,1103.85,367.95,
2023-11-13,SKU01992,2,670.13,394.66,1
2023-11-13,SKU02163,1,791.7,791.7,
2023-11-13,SKU02215,2,1462.76,731.38,
2023-11-13,SKU02427,3,354.3,118.09999999999998,
2023-11-13,SKU02892,2,154.1,77.05,
2023-11-13,SKU02917,1,1064.57,1064.57,
2023-11-13,SKU03281,2,341.52,170.76,
2023-11-13,SKU03284,2,497.34,248.67,
2023-11-13,SKU03292,1,164.03,164.03,
2023-11-13,SKU03411,3,623.04,207.67999999999998,
2023-11-13,SKU04105,1,464.78,464.78,
2023-11-13,SKU04164,3,479.04,159.68,
2023-11-13,SKU04245,2,435.56,217.78,
2023-11-13,SKU04321,3,2883.9,961.2999999999998,
2023-11-13,SKU04657,1,395.47,395.47,
2023-11-13,SKU04936,3,986.67,328.89,
2023-11-14,SKU00254,1,105.55,105.55,
2023-11-14,SKU00832,1,946.53,946.53,
2023-11-14,SKU00877,4,630.72,157.68,
2023-11-14,SKU01005,1,211.75,211.75,
2023-11-14,SKU01287,1,399.07,399.07,
2023-11-14,SKU01340,3,2112.57,704.19,
2023-11-14,SKU01420,1,213.65,213.65,
2023-11-14,SKU01743,1,1187.63,1398.86,1
2023-11-14,SKU02338,1,313.63,313.63,
2023-11-14,SKU02521,2,3580.2,1790.1,
2023-11-14,SKU02578,1,237.93,237.93,
2023-11-14,SKU02740,1,104.22,104.22,
2023-11-14,SKU02745,3,724.56,241.52,
2023-11-14,SKU03666,2,250.92,125.46,
2023-11-14,SKU03727,1,1660.93,1660.93,
2023-11-14,SKU03978,1,192.57,192.57,
2023-11-14,SKU04026,3,722.91,240.97,
2023-11-14,SKU04159,1,2188.36,2188.36,
2023-11-14,SKU04188,3,542.7,180.9,
2023-11-14,SKU04321,8,7690.4,961.3,
2023-11-14,SKU04343,1,2601.67,2601.67,
2023-11-15,SKU00076,2,612.5,306.25,
2023-11-15,SKU00953,4,1095.96,273.99,
2023-11-15,SKU00994,1,511.21,602.13,1
2023-11-15,SKU01000,2,705.04,415.22,1
2023-11-15,SKU01045,3,1353.87,451.29,
2023-11-15,SKU01048,1,96.18,96.18,
2023-11-15,SKU01223,1,271.98,271.98,
2023-11-15,SKU01501,3,299.1,99.7,
2023-11-15,SKU01731,1,224.15,224.15,
2023-11-15,SKU01819,3,2662.74,1045.44,1
2023-11-15,SKU01882,1,69.32,69.32,
2023-11-15,SKU02141,1,471.88,471.88,
2023-11-15,SKU02741,2,172.4,86.2,
2023-11-15,SKU02749,1,1104.61,1104.61,
2023-11-15,SKU03622,3,865.8,288.6,
2023-11-15,SKU04000,1,682.46,682.46,
2023-11-15,SKU04140,1,331.4,331.4,
2023-11-15,SKU04800,1,816.44,816.44,
2023-11-16,SKU00079,1,197.9,197.9,
2023-11-16,SKU00286,2,128.9,64.45,
2023-11-16,SKU00388,1,63.62,63.62,
2023-11-16,SKU00687,1,1165.09,1165.09,
2023-11-16,SKU01081,4,10720.64,2680.16,
2023-11-16,SKU01318,3,1044.12,348.04,
2023-11-16,SKU02972,2,197.68,98.84,
2023-11-16,SKU03053,1,4086.72,4086.72,
2023-11-16,SKU03082,1,29.69,29.69,
2023-11-16,SKU03292,1,164.03,164.03,
2023-11-16,SKU03820,1,961.05,961.05,
2023-11-16,SKU04076,2,331.08,165.54,
2023-11-16,SKU04157,1,2678.35,2678.35,
2023-11-16,SKU04321,3,2883.9,961.2999999999998,
2023-11-16,SKU04453,1,265.58,265.58,
2023-11-16,SKU04596,1,335.55,335.55,
2023-11-16,SKU04865,1,1576.52,1576.52,
2023-11-17,SKU00126,1,253.44,253.44,
2023-11-17,SKU00133,1,1722.93,1722.93,
2023-11-17,SKU00350,1,492.43,492.43,
2023-11-17,SKU00646,4,930.0,232.5,
2023-11-17,SKU00830,2,580.02,290.01,
2023-11-17,SKU00920,3,344.19,114.73,
2023-11-17,SKU00947,1,538.31,634.05,1
2023-11-17,SKU01535,1,296.6,296.6,
2023-11-17,SKU01679,1,1739.03,1739.03,
2023-11-17,SKU02260,1,255.43,255.43,
2023-11-17,SKU02669,2,135.0,67.5,
2023-11-17,SKU02971,1,867.83,867.83,
2023-11-17,SKU03437,1,275.11,275.11,
2023-11-17,SKU03550,1,865.57,865.57,
2023-11-17,SKU03727,2,3321.86,1660.93,
2023-11-17,SKU03770,1,691.48,691.48,
2023-11-17,SKU03854,1,482.43,482.43,
2023-11-17,SKU04321,1,961.3,961.3,
2023-11-17,SKU04472,4,614.76,153.69,
2023-11-17,SKU04575,2,160.38,80.19,
2023-11-18,SKU00190,1,145.42,145.42,
2023-11-18,SKU00845,1,670.83,670.83,
2023-11-18,SKU01087,1,231.99,231.99,
2023-11-18,SKU01234,1,2060.58,2427.07,1
2023-11-18,SKU01639,1,367.95,367.95,
2023-11-18,SKU01879,1,415.75,415.75,
2023-11-18,SKU01987,3,3234.06,1078.02,
2023-11-18,SKU02004,2,1851.34,925.67,
2023-11-18,SKU03108,1,124.21,124.21,
2023-11-18,SKU03485,1,94.18,94.18,
2023-11-18,SKU03917,4,5104.9,1503.21,1
2023-11-18,SKU04008,1,284.43,284.43,
2023-11-18,SKU04153,2,273.54,136.77,
2023-11-18,SKU04321,3,2883.9,961.2999999999998,
2023-11-18,SKU04381,1,192.07,192.07,
2023-11-18,SKU04801,2,216.52,108.26,
2023-11-19,SKU00270,1,521.54,521.54,
2023-11-19,SKU00404,1,230.08,230.08,
2023-11-19,SKU00692,3,706.56,235.52,
2023-11-19,SKU00861,1,194.86,194.86,
2023-11-19,SKU01184,2,1782.8,891.4,
2023-11-19,SKU01315,2,2878.7,1695.35,1
2023-11-19,SKU01370,5,975.05,195.01,
2023-11-19,SKU01678,4,911.32,227.83,
2023-11-19,SKU01982,4,353.4,88.35,
2023-11-19,SKU02271,1,334.93,334.93,
2023-11-19,SKU02320,1,107.86,107.86,
2023-11-19,SKU02378,1,319.92,319.92,
2023-11-19,SKU02406,2,422.96,211.48,
2023-11-19,SKU02431,2,861.16,430.58,
2023-11-19,SKU02632,1,178.45,178.45,
2023-11-19,SKU03396,1,661.74,661.74,
2023-11-19,SKU04321,3,2883.8999999999996,961.2999999999998,
2023-11-19,SKU04839,1,51.2,51.2,
2023-11-20,SKU00060,1,724.16,724.16,
2023-11-20,SKU00292,1,210.98,210.98,
2023-11-20,SKU00929,1,158.05,158.05,
2023-11-20,SKU01008,1,705.45,830.92,1
2023-11-20,SKU01164,1,205.3,241.81,1
2023-11-20,SKU01446,2,385.86,192.93,
2023-11-20,SKU01507,5,937.47,220.84,1
2023-11-20,SKU01547,2,331.28,165.64,
2023-11-20,SKU01576,1,709.54,709.54,
2023-11-20,SKU01716,3,1863.09,621.03,
2023-11-20,SKU01775,4,816.6,204.15,
2023-11-20,SKU01786,1,299.03,299.03,
2023-11-20,SKU02733,2,773.62,386.81,
2023-11-20,SKU03169,2,695.42,347.71,
2023-11-20,SKU03292,1,164.03,164.03,
2023-11-20,SKU03510,1,143.24,143.24,
2023-11-20,SKU03550,2,1731.14,865.57,
2023-11-20,SKU04321,3,2883.8999999999996,961.2999999999998,
2023-11-20,SKU04551,1,2121.0,2498.23,1
2023-11-20,SKU04585,2,5817.02,2908.51,
2023-11-20,SKU04596,4,1342.2,335.55,
2023-11-20,SKU04621,2,540.4,270.2,
2023-11-20,SKU04936,1,328.89,328.89,
2023-11-21,SKU00079,2,395.8,197.9,
2023-11-21,SKU00500,1,1073.63,1264.58,1
2023-11-21,SKU00689,3,420.84,140.28,
2023-11-21,SKU01274,4,2233.44,558.36,
2023-11-21,SKU01297,1,280.29,280.29,
2023-11-21,SKU02141,2,943.76,471.88,
2023-11-21,SKU02220,2,293.4,146.7,
2023-11-21,SKU02515,1,123.38,123.38,
2023-11-21,SKU03354,3,142.32,47.44,
2023-11-21,SKU03445,1,53.18,53.18,
2023-11-21,SKU03578,1,225.73,225.73,
2023-11-21,SKU03727,1,1660.93,1660.93,
2023-11-21,SKU03804,1,257.43,257.43,
2023-11-21,SKU04113,3,701.4,233.80000000000004,
2023-11-21,SKU04304,2,786.76,393.38,
2023-11-21,SKU04321,5,4806.5,961.3,
2023-11-21,SKU04350,1,394.93,394.93,
2023-11-21,SKU04596,1,335.55,335.55,
2023-11-21,SKU04995,1,1081.35,1081.35,
2023-11-22,SKU00123,1,99.13,99.13,
2023-11-22,SKU00177,1,114.65,114.65,
2023-11-22,SKU00530,2,132.68,66.34,
2023-11-22,SKU00845,1,670.83,670.83,
2023-11-22,SKU00862,1,1745.5,1745.5,
2023-11-22,SKU01045,1,451.29,451.29,
2023-11-22,SKU01122,2,291.04,145.52,
2023-11-22,SKU01189,1,2299.8,2299.8,
2023-11-22,SKU01317,5,3224.15,644.83,
2023-11-22,SKU01993,2,284.34,142.17,
2023-11-22,SKU02134,2,1316.74,658.37,
2023-11-22,SKU02259,1,246.16,246.16,
2023-11-22,SKU02355,1,321.17,321.17,
2023-11-22,SKU02826,1,438.33,438.33,
2023-11-22,SKU03001,4,10861.28,2715.32,
2023-11-22,SKU03604,1,122.62,122.62,
2023-11-22,SKU04197,1,358.95,358.95,
2023-11-22,SKU04321,2,1922.6,961.3,
2023-11-22,SKU04562,2,2633.82,1316.91,
2023-11-22,SKU04571,1,868.52,868.52,
2023-11-22,SKU04738,1,768.39,768.39,
2023-11-22,SKU04843,3,818.91,272.97,
2023-11-23,SKU00264,1,242.74,242.74,
2023-11-23,SKU00286,2,128.9,64.45,
2023-11-23,SKU00391,1,1207.83,1207.83,
2023-11-23,SKU00396,3,1184.88,394.96,
2023-11-23,SKU00453,1,382.55,382.55,
2023-11-23,SKU00607,5,13702.9,2740.58,
2023-11-23,SKU00942,2,345.8,172.9,
2023-11-23,SKU00965,1,92.42,92.42,
2023-11-23,SKU00996,2,235.22,117.61,
2023-11-23,SKU01153,1,897.4,897.4,
2023-11-23,SKU01582,2,2494.8,1469.26,1
2023-11-23,SKU01926,1,641.51,641.51,
2023-11-23,SKU02390,1,271.6,271.6,
2023-11-23,SKU02401,1,524.47,524.47,
2023-11-23,SKU02614,2,236.28,118.14,
2023-11-23,SKU02802,1,398.56,398.56,
2023-11-23,SKU02898,4,3957.56,989.39,
2023-11-23,SKU03010,1,652.6,768.67,1
2023-11-23,SKU03273,1,1262.9,1262.9,
2023-11-23,SKU03594,2,954.78,477.39,
2023-11-23,SKU03718,3,6917.79,2305.93,
2023-11-23,SKU03910,4,2657.16,664.29,
2023-11-23,SKU04088,3,439.98,146.66,
2023-11-23,SKU04154,1,351.77,351.77,
2023-11-23,SKU04166,1,263.67,263.67,
2023-11-23,SKU04188,2,361.8,180.9,
2023-11-23,SKU04321,4,3845.2,961.3,
2023-11-23,SKU04329,3,6245.42,2452.07,1
2023-11-23,SKU04377,3,458.01,152.67,
2023-11-23,SKU04650,1,578.07,578.07,
2023-11-24,SKU00806,1,186.07,186.07,
2023-11-24,SKU01136,2,613.0,306.5,
2023-11-24,SKU01771,1,336.08,336.08,
2023-11-24,SKU01847,1,723.74,723.74,
2023-11-24,SKU01961,2,501.42,250.71,
2023-11-24,SKU02156,3,554.37,184.79,
2023-11-24,SKU02163,2,1583.4,791.7,
2023-11-24,SKU02338,2,627.26,313.63,
2023-11-24,SKU02355,2,642.34,321.17,
2023-11-24,SKU02409,1,197.05,197.05,
2023-11-24,SKU02554,1,559.06,658.49,1
2023-11-24,SKU02624,1,3182.64,3182.64,
2023-11-24,SKU02909,2,1185.12,592.56,
2023-11-24,SKU03101,3,727.44,242.48,
2023-11-24,SKU03160,2,509.28,254.64,
2023-11-24,SKU03423,1,387.84,387.84,
2023-11-24,SKU03520,1,101.31,101.31,
2023-11-24,SKU03552,1,93.62,93.62,
2023-11-24,SKU04128,3,5131.32,1710.4399999999998,
2023-11-24,SKU04459,1,1145.31,1349.01,1
2023-11-24,SKU04596,1,335.55,335.55,
2023-11-24,SKU04620,1,206.16,206.16,
2023-11-24,SKU04855,2,3514.16,1757.08,
2023-11-25,SKU00315,2,769.08,384.54,
2023-11-25,SKU01295,1,148.61,148.61,
2023-11-25,SKU01590,2,185.36,92.68,
2023-11-25,SKU01729,4,9754.76,2438.69,
2023-11-25,SKU02028,2,698.14,349.07,
2023-11-25,SKU02067,5,1454.5,290.9,
2023-11-25,SKU02532,1,115.67,115.67,
2023-11-25,SKU02771,1,79.2,79.2,
2023-11-25,SKU02923,2,248.36,124.18,
2023-11-25,SKU03640,3,994.95,331.65,
2023-11-25,SKU04029,4,2241.44,560.36,
2023-11-25,SKU04080,1,253.73,253.73,
2023-11-25,SKU04321,7,6729.099999999999,961.3,
2023-11-25,SKU04596,3,1006.65,335.55,
2023-11-26,SKU00032,1,51.91,51.91,
2023-11-26,SKU00640,2,360.68,180.34,
2023-11-26,SKU00836,2,1530.02,765.01,
2023-11-26,SKU01018,4,969.72,242.43,
2023-11-26,SKU01152,1,486.03,486.03,
2023-11-26,SKU01654,3,441.54,147.18,
2023-11-26,SKU01751,1,459.81,459.81,
2023-11-26,SKU01775,1,204.15,204.15,
2023-11-26,SKU01784,1,168.81,168.81,
2023-11-26,SKU01819,3,2662.74,1045.44,1
2023-11-26,SKU02480,1,161.91,161.91,
2023-11-26,SKU02531,1,143.49,143.49,
2023-11-26,SKU02809,1,532.18,532.18,
2023-11-26,SKU02954,1,603.3,603.3,
2023-11-26,SKU03028,1,242.32,242.32,
2023-11-26,SKU03130,1,4194.16,4194.16,
2023-11-26,SKU03160,2,509.28,254.64,
2023-11-26,SKU03516,1,143.34,143.34,
2023-11-26,SKU03699,2,4370.22,2185.11,
2023-11-26,SKU03726,2,822.38,411.19,
2023-11-26,SKU03886,1,190.65,190.65,
2023-11-26,SKU03996,1,304.55,304.55,
2023-11-26,SKU04160,2,733.66,366.83,
2023-11-26,SKU04321,3,2883.8999999999996,961.2999999999998,
2023-11-26,SKU04448,1,95.31,95.31,
2023-11-26,SKU04650,1,578.07,578.07,
2023-11-26,SKU04871,1,646.32,761.27,1
2023-11-27,SKU00276,3,150.81,50.27,
2023-11-27,SKU00328,3,614.91,204.97,
2023-11-27,SKU01651,3,323.16,107.71999999999998,
2023-11-27,SKU01700,3,488.7,162.9,
2023-11-27,SKU01823,3,3745.17,1248.39,
2023-11-27,SKU01915,1,677.32,677.32,
2023-11-27,SKU01988,1,331.12,331.12,
2023-11-27,SKU02067,1,290.9,290.9,
2023-11-27,SKU02141,2,943.76,471.88,
2023-11-27,SKU02219,1,164.19,164.19,
2023-11-27,SKU02382,1,1233.79,1233.79,
2023-11-27,SKU02396,1,672.42,672.42,
2023-11-27,SKU02460,2,3279.86,1639.93,
2023-11-27,SKU03024,2,560.24,280.12,
2023-11-27,SKU03426,2,2631.3,1315.65,
2023-11-27,SKU03468,1,662.07,662.07,
2023-11-27,SKU04575,1,80.19,80.19,
2023-11-27,SKU04913,1,466.91,466.91,
2023-11-27,SKU04973,1,909.63,909.63,
2023-11-28,SKU00260,1,139.74,139.74,
2023-11-28,SKU00424,1,389.99,389.99,
2023-11-28,SKU00451,2,2158.44,1079.22,
2023-11-28,SKU00612,5,4210.15,842.03,
2023-11-28,SKU01048,1,96.18,96.18,
2023-11-28,SKU01680,1,163.36,163.36,
2023-11-28,SKU02003,3,1546.87,607.33,1
2023-11-28,SKU02220,1,146.7,146.7,
2023-11-28,SKU02714,1,694.67,694.67,
2023-11-28,SKU02858,1,90.7,90.7,
2023-11-28,SKU02950,1,251.09,251.09,
2023-11-28,SKU02954,3,1809.9,603.3,
2023-11-28,SKU03030,2,217.26,108.63,
2023-11-28,SKU03089,1,1334.25,1571.55,1
2023-11-28,SKU03292,3,492.09,164.03,
2023-11-28,SKU03581,3,6811.29,2270.43,
2023-11-28,SKU03680,1,169.14,169.14,
2023-11-28,SKU03808,1,1626.96,1626.96,
2023-11-28,SKU03903,1,1303.15,1303.15,
2023-11-28,SKU04038,1,38.55,38.55,
2023-11-28,SKU04055,2,282.68,141.34,
2023-11-28,SKU04211,2,622.72,311.36,
2023-11-28,SKU04273,2,3572.3,1786.15,
2023-11-28,SKU04275,3,720.12,240.04,
2023-11-28,SKU04321,6,5767.8,961.2999999999998,
2023-11-28,SKU04596,1,335.55,335.55,
2023-11-28,SKU04948,2,576.36,288.18,
2023-11-29,SKU00279,2,219.6,109.8,
2023-11-29,SKU00396,3,1184.88,394.96,
2023-11-29,SKU00923,1,1212.74,1212.74,
2023-11-29,SKU01080,2,334.4,167.2,
2023-11-29,SKU01276,1,1990.24,1990.24,
2023-11-29,SKU01511,2,998.5,499.25,
2023-11-29,SKU02072,2,182.82,91.41,
2023-11-29,SKU02127,3,379.89,126.63,
2023-11-29,SKU02141,1,471.88,471.88,
2023-11-29,SKU02294,1,61.11,61.11,
2023-11-29,SKU02434,2,1467.22,733.61,
2023-11-29,SKU02673,5,507.7,101.54,
2023-11-29,SKU02820,1,859.3,859.3,
2023-11-29,SKU03616,1,372.86,372.86,
2023-11-29,SKU03800,1,114.46,114.46,
2023-11-29,SKU03907,4,2977.38,876.73,1
2023-11-29,SKU04321,3,2883.9,961.2999999999998,
2023-11-29,SKU04408,1,566.76,667.56,1
2023-11-29,SKU04571,1,868.52,868.52,
2023-11-29,SKU04596,1,335.55,335.55,
2023-11-30,SKU00116,1,317.12,317.12,
2023-11-30,SKU00249,1,243.38,243.38,
2023-11-30,SKU00480,1,217.56,217.56,
2023-11-30,SKU01292,5,3009.65,601.93,
2023-11-30,SKU02372,2,802.2,401.1,
2023-11-30,SKU03139,3,119.64,39.88,
2023-11-30,SKU03650,4,1002.84,250.71,
2023-11-30,SKU04552,1,207.59,207.59,
2023-11-30,SKU04699,3,430.59,143.53,
2023-11-30,SKU04814,1,53.95,53.95,
2023-12-01,SKU00001,1,813.41,813.41,
2023-12-01,SKU00043,2,1230.74,615.37,
2023-12-01,SKU00443,1,89.0,89.0,
2023-12-01,SKU00836,2,1530.02,765.01,
2023-12-01,SKU00994,1,602.13,602.13,
2023-12-01,SKU01142,1,424.49,424.49,
2023-12-01,SKU01371,2,2555.22,1277.61,
2023-12-01,SKU01673,2,300.34,150.17,
2023-12-01,SKU01911,2,2233.96,1116.98,
2023-12-01,SKU02398,1,682.66,682.66,
2023-12-01,SKU02430,1,690.87,690.87,
2023-12-01,SKU02526,1,698.11,698.11,
2023-12-01,SKU02583,2,548.12,274.06,
2023-12-01,SKU02712,1,168.07,168.07,
2023-12-01,SKU02920,2,136.94,68.47,
2023-12-01,SKU03000,1,172.96,172.96,
2023-12-01,SKU03160,1,254.64,254.64,
2023-12-01,SKU03186,2,132.0,66.0,
2023-12-01,SKU03374,2,141.86,70.93,
2023-12-01,SKU03572,3,1964.43,654.81,
2023-12-01,SKU04058,2,149.32,74.66,
2023-12-01,SKU04245,1,217.78,217.78,
2023-12-01,SKU04305,3,2346.66,782.2199999999999,
2023-12-01,SKU04407,5,1075.2,215.04000000000002,
2023-12-01,SKU04417,1,1557.6,1557.6,
2023-12-01,SKU04547,3,1031.64,343.87999999999994,
2023-12-01,SKU04733,1,486.39,486.39,
2023-12-01,SKU04973,1,909.63,909.63,
2023-12-02,SKU00190,4,581.68,145.42,
2023-12-02,SKU00426,2,1211.22,605.61,
2023-12-02,SKU00576,2,252.32,126.16,
2023-12-02,SKU00628,3,407.4,135.8,
2023-12-02,SKU00883,1,3121.32,3121.32,
2023-12-02,SKU00953,3,821.97,273.99,
2023-12-02,SKU01039,1,418.6,418.6,
2023-12-02,SKU01253,1,228.57,228.57,
2023-12-02,SKU01298,1,187.71,187.71,
2023-12-02,SKU01660,1,138.0,138.0,
2023-12-02,SKU02141,1,471.88,471.88,
2023-12-02,SKU02255,1,234.37,234.37,
2023-12-02,SKU02537,3,484.29,161.43,
2023-12-02,SKU02603,1,318.68,318.68,
2023-12-02,SKU02613,4,1095.76,273.94,
2023-12-02,SKU02898,1,989.39,989.39,
2023-12-02,SKU02942,2,1245.88,622.94,
2023-12-02,SKU03142,1,315.7,315.7,
2023-12-02,SKU03587,2,505.44,252.72,
2023-12-02,SKU03857,3,699.21,233.07000000000002,
2023-12-02,SKU04026,1,240.97,240.97,
2023-12-02,SKU04095,4,1733.8,433.45,
2023-12-02,SKU04195,1,435.0,435.0,
2023-12-02,SKU04318,1,205.5,205.5,
2023-12-02,SKU04321,1,961.3,961.3,
2023-12-02,SKU04596,2,671.1,335.55,
2023-12-02,SKU04992,1,108.64,108.64,
2023-12-03,SKU00190,3,436.26,145.42,
2023-12-03,SKU00429,4,2331.52,582.88,
2023-12-03,SKU00606,2,1133.46,566.73,
2023-12-03,SKU00779,1,664.45,664.45,
2023-12-03,SKU00822,2,688.08,344.04,
2023-12-03,SKU01110,2,3217.8,1608.9,
2023-12-03,SKU01500,2,2123.82,1061.91,
2023-12-03,SKU01544,5,656.7,131.34,
2023-12-03,SKU01599,5,8287.35,1657.47,
2023-12-03,SKU02026,1,1823.87,1823.87,
2023-12-03,SKU02141,2,943.76,471.88,
2023-12-03,SKU02683,1,371.82,371.82,
2023-12-03,SKU03088,3,670.6500000000001,223.55000000000004,
2023-12-03,SKU03325,3,188.07,62.69,
2023-12-03,SKU03578,3,677.19,225.73,
2023-12-03,SKU03727,1,1660.93,1660.93,
2023-12-03,SKU03861,3,2410.77,803.59,
2023-12-03,SKU04042,1,242.79,242.79,
2023-12-03,SKU04105,4,1859.12,464.78,
2023-12-03,SKU04321,4,3845.2,961.3,
2023-12-03,SKU04325,1,2888.57,2888.57,
2023-12-03,SKU04453,3,796.74,265.58,
2023-12-03,SKU04568,2,557.8,278.9,
2023-12-03,SKU04581,1,109.6,109.6,
2023-12-03,SKU04665,3,4815.06,1605.0199999999998,
2023-12-04,SKU00190,1,145.42,145.42,
2023-12-04,SKU00396,1,394.96,394.96,
2023-12-04,SKU00500,2,2529.16,1264.58,
2023-12-04,SKU00855,1,141.42,141.42,
2023-12-04,SKU01420,1,213.65,213.65,
2023-12-04,SKU01939,2,595.86,297.93,
2023-12-04,SKU02124,2,331.64,165.82,
2023-12-04,SKU02660,2,163.82,81.91,
2023-12-04,SKU02728,5,1236.85,247.36999999999998,
2023-12-04,SKU02751,2,1296.14,648.07,
2023-12-04,SKU02786,1,69.89,69.89,
2023-12-04,SKU02930,1,170.16,170.16,
2023-12-04,SKU03169,5,1738.55,347.71,
2023-12-04,SKU03800,1,114.46,114.46,
2023-12-04,SKU04041,2,1151.86,575.93,
2023-12-04,SKU04108,4,1054.32,263.58,
2023-12-04,SKU04154,3,1055.31,351.77,
2023-12-04,SKU04315,3,1492.41,497.47,
2023-12-04,SKU04321,1,961.3,961.3,
2023-12-04,SKU04324,1,86.49,86.49,
2023-12-04,SKU04350,3,1184.79,394.93,
2023-12-04,SKU04507,1,129.78,129.78,
2023-12-04,SKU04592,3,300.75,100.25,
2023-12-04,SKU04925,2,272.94,136.47,
2023-12-05,SKU00286,2,128.9,64.45,
2023-12-05,SKU00297,1,172.52,172.52,
2023-12-05,SKU00500,3,3793.74,1264.58,
2023-12-05,SKU00769,4,967.72,241.93,
2023-12-05,SKU01042,1,77.89,77.89,
2023-12-05,SKU01138,3,543.45,181.15,
2023-12-05,SKU01370,3,585.03,195.01,
2023-12-05,SKU01677,1,127.3,127.3,
2023-12-05,SKU01775,2,408.3,204.15,
2023-12-05,SKU01783,1,396.76,396.76,
2023-12-05,SKU02016,2,389.94,194.97,
2023-12-05,SKU02245,4,637.28,159.32,
2023-12-05,SKU02496,1,324.75,324.75,
2023-12-05,SKU03021,2,2330.72,1165.36,
2023-12-05,SKU03159,3,404.97,134.99,
2023-12-05,SKU03292,1,164.03,164.03,
2023-12-05,SKU03306,2,3099.52,1549.76,
2023-12-05,SKU03341,1,163.6,163.6,
2023-12-05,SKU03355,3,382.41,127.46999999999998,
2023-12-05,SKU03563,1,793.38,793.38,
2023-12-05,SKU03579,5,2867.6,573.52,
2023-12-05,SKU03761,4,565.92,141.48,
2023-12-05,SKU03871,1,35.34,35.34,
2023-12-05,SKU04016,3,4477.95,1492.6500000000003,
2023-12-05,SKU04157,3,8035.05,2678.35,
2023-12-05,SKU04321,2,1922.6,961.3,
2023-12-05,SKU04349,5,345.0,69.0,
2023-12-05,SKU04590,1,960.96,960.96,
2023-12-05,SKU04596,1,335.55,335.55,
2023-12-06,SKU00297,1,172.52,172.52,
2023-12-06,SKU00376,1,207.45,207.45,
2023-12-06,SKU00729,1,242.64,242.64,
2023-12-06,SKU01030,4,898.0,224.5,
2023-12-06,SKU01211,1,261.45,261.45,
2023-12-06,SKU01371,2,2555.22,1277.61,
2023-12-06,SKU01435,3,3113.7,1037.9,
2023-12-06,SKU01485,1,476.18,476.18,
2023-12-06,SKU02052,2,554.86,277.43,
2023-12-06,SKU02141,1,471.88,471.88,
2023-12-06,SKU02368,5,4246.95,849.39,
2023-12-06,SKU02677,2,824.14,412.07,
2023-12-06,SKU02763,1,121.73,121.73,
2023-12-06,SKU03390,2,3826.1,1913.05,
2023-12-06,SKU04048,2,178.68,89.34,
2023-12-06,SKU04087,1,79.2,79.2,
2023-12-06,SKU04166,1,263.67,263.67,
2023-12-06,SKU04321,6,5767.799999999999,961.2999999999998,
2023-12-06,SKU04508,1,375.55,375.55,
2023-12-06,SKU04523,1,175.54,175.54,
2023-12-07,SKU00153,1,184.25,184.25,
2023-12-07,SKU00601,1,208.17,208.17,
2023-12-07,SKU00628,1,135.8,135.8,
2023-12-07,SKU02084,1,118.48,118.48,
2023-12-07,SKU02307,1,2067.44,2067.44,
2023-12-07,SKU02539,1,191.76,191.76,
2023-12-07,SKU02648,2,1766.9,883.45,
2023-12-07,SKU02777,2,1404.9,702.45,
2023-12-07,SKU03146,2,2559.58,1279.79,
2023-12-07,SKU03193,1,259.16,259.16,
2023-12-07,SKU03840,1,255.12,255.12,
2023-12-07,SKU03936,1,1559.07,1559.07,
2023-12-07,SKU04012,1,631.0,631.0,
2023-12-07,SKU04021,1,180.53,180.53,
2023-12-07,SKU04110,2,898.94,449.47,
2023-12-07,SKU04203,2,1419.48,709.74,
2023-12-07,SKU04250,1,1351.22,1351.22,
2023-12-07,SKU04299,4,2709.84,677.46,
2023-12-07,SKU04321,5,4806.5,961.3,
2023-12-07,SKU04633,1,620.55,620.55,
2023-12-07,SKU04669,1,508.26,508.26,
2023-12-07,SKU04724,1,1215.98,1215.98,
2023-12-07,SKU04727,2,982.6,491.3,
2023-12-07,SKU04815,5,1438.2,287.64,
2023-12-08,SKU00363,1,1103.75,1103.75,
2023-12-08,SKU00920,3,344.19,114.73,
2023-12-08,SKU00953,2,547.98,273.99,
2023-12-08,SKU01048,1,96.18,96.18,
2023-12-08,SKU01551,5,897.75,179.55,
2023-12-08,SKU01685,1,135.27,135.27,
2023-12-08,SKU02141,4,1887.52,471.88,
2023-12-08,SKU02314,1,471.33,471.33,
2023-12-08,SKU02450,1,252.84,252.84,
2023-12-08,SKU02615,1,118.71,118.71,
2023-12-08,SKU02624,3,9547.92,3182.64,
2023-12-08,SKU02802,2,797.12,398.56,
2023-12-08,SKU03292,1,164.03,164.03,
2023-12-08,SKU03727,1,1660.93,1660.93,
2023-12-08,SKU04057,1,1531.28,1531.28,
2023-12-08,SKU04527,2,1913.16,956.58,
2023-12-08,SKU04589,3,1206.3,402.1000000000001,
2023-12-08,SKU04666,1,118.07,118.07,
2023-12-08,SKU04750,2,1829.2,914.6,
2023-12-08,SKU04755,4,704.28,176.07,
2023-12-09,SKU00002,5,351.9,70.38,
2023-12-09,SKU00016,1,3478.65,3478.65,
2023-12-09,SKU00639,1,853.59,853.59,
2023-12-09,SKU00940,2,297.56,148.78,
2023-12-09,SKU01357,3,3186.09,1062.03,
2023-12-09,SKU01784,1,168.81,168.81,
2023-12-09,SKU01807,1,288.3,288.3,
2023-12-09,SKU01900,3,990.72,330.24,
2023-12-09,SKU02003,2,1214.66,607.33,
2023-12-09,SKU02146,1,2331.97,2331.97,
2023-12-09,SKU02148,1,264.71,264.71,
2023-12-09,SKU02670,1,2234.92,2234.92,
2023-12-09,SKU02691,1,309.21,309.21,
2023-12-09,SKU02805,3,247.29,82.43,
2023-12-09,SKU02858,1,90.7,90.7,
2023-12-09,SKU02956,1,261.17,261.17,
2023-12-09,SKU02971,2,1735.66,867.83,
2023-12-09,SKU02995,1,676.72,676.72,
2023-12-09,SKU03100,1,403.04,403.04,
2023-12-09,SKU03176,2,2473.3,1236.65,
2023-12-09,SKU03560,1,3326.74,3326.74,
2023-12-09,SKU04321,6,5767.799999999999,961.2999999999998,
2023-12-09,SKU04438,2,292.46,146.23,
2023-12-09,SKU04561,1,192.67,192.67,
2023-12-09,SKU04592,3,300.75,100.25,
2023-12-09,SKU04596,1,335.55,335.55,
2023-12-10,SKU00019,1,394.36,394.36,
2023-12-10,SKU00805,1,959.48,959.48,
2023-12-10,SKU00985,1,1003.36,1003.36,
2023-12-10,SKU02050,1,90.73,90.73,
2023-12-10,SKU02054,3,446.25,148.75,
2023-12-10,SKU02745,1,241.52,241.52,
2023-12-10,SKU02747,2,1122.52,561.26,
2023-12-10,SKU02773,1,108.88,108.88,
2023-12-10,SKU03292,1,164.03,164.03,
2023-12-10,SKU04154,3,1055.31,351.77,
2023-12-10,SKU04447,1,1190.64,1190.64,
2023-12-10,SKU04476,2,269.9,134.95,
2023-12-10,SKU04543,1,62.88,62.88,
2023-12-10,SKU04622,3,6077.49,2025.83,
2023-12-10,SKU04638,1,338.74,338.74,
2023-12-10,SKU04661,1,81.09,81.09,
2023-12-11,SKU00286,1,64.45,64.45,
2023-12-11,SKU00639,1,853.59,853.59,
2023-12-11,SKU00707,1,56.56,56.56,
2023-12-11,SKU00723,2,440.12,220.06,
2023-12-11,SKU00832,1,946.53,946.53,
2023-12-11,SKU01420,1,213.65,213.65,
2023-12-11,SKU01662,2,991.68,495.84,
2023-12-11,SKU01695,2,2646.86,1323.43,
2023-12-11,SKU01920,2,628.82,314.41,
2023-12-11,SKU02077,1,448.21,448.21,
2023-12-11,SKU02841,1,271.96,271.96,
2023-12-11,SKU02896,2,3025.66,1512.83,
2023-12-11,SKU02950,2,502.18,251.09,
2023-12-11,SKU03292,1,164.03,164.03,
2023-12-11,SKU03344,1,941.86,941.86,
2023-12-11,SKU03374,2,141.86,70.93,
2023-12-11,SKU03577,1,88.75,88.75,
2023-12-11,SKU03584,1,48.59,48.59,
2023-12-11,SKU03694,1,328.79,328.79,
2023-12-11,SKU03727,1,1660.93,1660.93,
2023-12-11,SKU03842,4,3764.12,941.03,
2023-12-11,SKU03923,3,4777.02,1592.34,
2023-12-11,SKU03965,1,81.54,81.54,
2023-12-11,SKU04032,1,203.7,203.7,
2023-12-11,SKU04114,1,1503.26,1503.26,
2023-12-11,SKU04321,5,4806.5,961.3,
2023-12-11,SKU04381,4,768.28,192.07,
2023-12-11,SKU04502,1,44.87,44.87,
2023-12-11,SKU04709,3,582.72,194.24,
2023-12-11,SKU04783,1,1943.37,1943.37,
2023-12-11,SKU04787,1,161.55,161.55,
2023-12-11,SKU04796,1,1974.55,1974.55,
2023-12-11,SKU04969,2,1316.3,658.15,
2023-12-12,SKU00065,2,1928.24,964.12,
2023-12-12,SKU00554,2,176.64,88.32,
2023-12-12,SKU00623,3,893.55,297.85,
2023-12-12,SKU00718,3,3042.24,1014.08,
2023-12-12,SKU00942,1,172.9,172.9,
2023-12-12,SKU00953,1,273.99,273.99,
2023-12-12,SKU02191,4,1440.32,360.08,
2023-12-12,SKU02353,1,747.09,747.09,
2023-12-12,SKU02672,1,1757.36,1757.36,
2023-12-12,SKU02685,1,296.83,296.83,
2023-12-12,SKU02828,5,8294.95,1658.9900000000002,
2023-12-12,SKU02833,2,7849.06,3924.53,
2023-12-12,SKU02930,4,680.64,170.16,
2023-12-12,SKU02990,3,963.72,321.24,
2023-12-12,SKU03075,1,1310.56,1310.56,
2023-12-12,SKU03727,2,3321.86,1660.93,
2023-12-12,SKU04154,1,351.77,351.77,
2023-12-12,SKU04321,9,8651.7,961.3000000000001,
2023-12-12,SKU04359,2,463.66,231.83,
2023-12-12,SKU04954,2,749.44,374.72,
2023-12-13,SKU00264,1,242.74,242.74,
2023-12-13,SKU00266,2,8638.84,4319.42,
2023-12-13,SKU00285,1,505.67,505.67,
2023-12-13,SKU00291,1,190.44,190.44,
2023-12-13,SKU00574,2,240.96,120.48,
2023-12-13,SKU01037,1,178.07,178.07,
2023-12-13,SKU01274,1,558.36,558.36,
2023-12-13,SKU01774,2,258.66,129.33,
2023-12-13,SKU02082,1,218.25,218.25,
2023-12-13,SKU02266,1,515.66,515.66,
2023-12-13,SKU02858,3,272.1,90.7,
2023-12-13,SKU02870,1,794.71,794.71,
2023-12-13,SKU03288,2,2580.98,1290.49,
2023-12-13,SKU03289,1,47.01,47.01,
2023-12-13,SKU03292,1,164.03,164.03,
2023-12-13,SKU03379,1,57.39,57.39,
2023-12-13,SKU03383,2,428.92,214.46,
2023-12-13,SKU03633,4,473.08,118.27,
2023-12-13,SKU04074,1,340.42,340.42,
2023-12-13,SKU04321,2,1922.6,961.3,
2023-12-13,SKU04431,1,38.21,38.21,
2023-12-13,SKU04532,1,89.87,89.87,
2023-12-13,SKU04538,3,646.02,215.34,
2023-12-13,SKU04665,1,1605.02,1605.02,
2023-12-14,SKU00040,4,826.8,206.7,
2023-12-14,SKU00180,1,770.72,770.72,
2023-12-14,SKU00325,1,631.5,631.5,
2023-12-14,SKU00422,1,276.63,276.63,
2023-12-14,SKU00450,1,828.83,828.83,
2023-12-14,SKU00538,1,1101.07,1101.07,
2023-12-14,SKU00866,2,2646.94,1323.47,
2023-12-14,SKU00942,1,172.9,172.9,
2023-12-14,SKU01193,1,253.89,253.89,
2023-12-14,SKU01272,2,772.16,386.08,
2023-12-14,SKU01458,1,551.81,551.81,
2023-12-14,SKU01677,2,254.6,127.3,
2023-12-14,SKU01843,2,814.88,407.44,
2023-12-14,SKU02052,1,277.43,277.43,
2023-12-14,SKU02078,1,161.99,161.99,
2023-12-14,SKU02801,2,576.74,288.37,
2023-12-14,SKU03271,3,1761.06,587.02,
2023-12-14,SKU03727,1,1660.93,1660.93,
2023-12-14,SKU03846,1,245.51,245.51,
2023-12-14,SKU03881,1,565.72,565.72,
2023-12-14,SKU04065,1,3743.61,3743.61,
2023-12-14,SKU04318,1,205.5,205.5,
2023-12-14,SKU04321,5,4806.5,961.3,
2023-12-14,SKU04536,1,1495.19,1495.19,
2023-12-14,SKU04546,1,1929.18,1929.18,
2023-12-14,SKU04551,1,2498.23,2498.23,
2023-12-14,SKU04899,1,222.1,222.1,
2023-12-14,SKU04990,2,264.48,132.24,
2023-12-15,SKU00190,2,290.84,145.42,
2023-12-15,SKU00286,2,128.9,64.45,
2023-12-15,SKU00826,1,186.38,186.38,
2023-12-15,SKU00970,1,354.04,354.04,
2023-12-15,SKU02035,1,900.31,900.31,
2023-12-15,SKU02155,1,1113.48,1113.48,
2023-12-15,SKU02223,1,257.58,257.58,
2023-12-15,SKU02247,3,537.9,179.30000000000004,
2023-12-15,SKU02314,1,471.33,471.33,
2023-12-15,SKU02994,1,708.55,708.55,
2023-12-15,SKU03088,1,223.55,223.55,
2023-12-15,SKU03149,1,610.58,610.58,
2023-12-15,SKU03199,1,78.08,78.08,
2023-12-15,SKU03209,1,76.6,76.6,
2023-12-15,SKU03840,3,765.36,255.12,
2023-12-15,SKU04136,5,6744.65,1348.93,
2023-12-15,SKU04154,2,703.54,351.77,
2023-12-15,SKU04213,1,541.97,541.97,
2023-12-15,SKU04296,2,630.62,315.31,
2023-12-15,SKU04526,1,318.07,318.07,
2023-12-15,SKU04560,3,786.75,262.25,
2023-12-15,SKU04824,2,2049.88,1024.94,
2023-12-16,SKU00071,2,546.38,273.19,
2023-12-16,SKU00465,2,3126.0,1563.0,
2023-12-16,SKU00864,2,446.78,223.39,
2023-12-16,SKU00893,2,1381.32,690.66,
2023-12-16,SKU01109,1,486.1,486.1,
2023-12-16,SKU01420,1,213.65,213.65,
2023-12-16,SKU01456,1,1082.17,1082.17,
2023-12-16,SKU01677,1,127.3,127.3,
2023-12-16,SKU01870,1,226.16,226.16,
2023-12-16,SKU02330,2,442.76,221.38,
2023-12-16,SKU02335,1,393.56,393.56,
2023-12-16,SKU02407,1,496.3,496.3,
2023-12-16,SKU02740,2,208.44,104.22,
2023-12-16,SKU02799,1,524.92,524.92,
2023-12-16,SKU03546,1,496.17,496.17,
2023-12-16,SKU03702,2,947.3,473.65,
2023-12-16,SKU03840,2,510.24,255.12,
2023-12-16,SKU04147,3,519.48,173.16,
2023-12-16,SKU04318,1,205.5,205.5,
2023-12-16,SKU04321,1,961.3,961.3,
2023-12-16,SKU04596,5,1677.75,335.55,
2023-12-16,SKU04924,2,5598.56,2799.28,
2023-12-17,SKU00200,2,269.98,134.99,
2023-12-17,SKU00325,1,631.5,631.5,
2023-12-17,SKU00328,1,204.97,204.97,
2023-12-17,SKU00690,2,985.88,492.94,
2023-12-17,SKU01274,1,558.36,558.36,
2023-12-17,SKU01317,1,644.83,644.83,
2023-12-17,SKU01344,2,438.8,219.4,
2023-12-17,SKU01490,3,247.29,82.43,
2023-12-17,SKU01514,2,1740.22,870.11,
2023-12-17,SKU01982,1,88.35,88.35,
2023-12-17,SKU02003,1,607.33,607.33,
2023-12-17,SKU02063,4,1718.32,429.58,
2023-12-17,SKU02276,1,681.53,681.53,
2023-12-17,SKU02565,3,775.17,258.39,
2023-12-17,SKU02670,1,2234.92,2234.92,
2023-12-17,SKU03019,2,2188.08,1094.04,
2023-12-17,SKU03107,1,135.95,135.95,
2023-12-17,SKU03566,1,120.06,120.06,
2023-12-17,SKU03727,1,1660.93,1660.93,
2023-12-17,SKU04126,2,3293.9,1646.95,
2023-12-17,SKU04362,3,700.26,233.42,
2023-12-17,SKU04456,2,359.0,179.5,
2023-12-17,SKU04596,1,335.55,335.55,
2023-12-17,SKU04913,2,933.82,466.91,
2023-12-18,SKU00002,2,140.76,70.38,
2023-12-18,SKU00286,4,257.8,64.45,
2023-12-18,SKU00484,1,179.04,179.04,
2023-12-18,SKU00690,2,985.88,492.94,
2023-12-18,SKU01365,3,173.28,57.76,
2023-12-18,SKU01683,2,1026.9,513.45,
2023-12-18,SKU01917,1,986.08,986.08,
2023-12-18,SKU01997,1,78.84,78.84,
2023-12-18,SKU02124,3,497.46,165.82,
2023-12-18,SKU02737,2,630.28,315.14,
2023-12-18,SKU03007,4,9791.16,2447.79,
2023-12-18,SKU03030,1,108.63,108.63,
2023-12-18,SKU03439,1,1316.84,1316.84,
2023-12-18,SKU03507,1,695.35,695.35,
2023-12-18,SKU03650,3,752.13,250.71,
2023-12-18,SKU03727,3,4982.79,1660.93,
2023-12-18,SKU04044,1,301.4,301.4,
2023-12-18,SKU04132,1,2255.25,2255.25,
2023-12-18,SKU04234,1,823.14,823.14,
2023-12-18,SKU04321,5,4806.5,961.3,
2023-12-18,SKU04359,1,231.83,231.83,
2023-12-18,SKU04427,1,149.59,149.59,
2023-12-18,SKU04626,1,468.52,468.52,
2023-12-19,SKU00243,1,483.9,483.9,
2023-12-19,SKU00994,1,602.13,602.13,
2023-12-19,SKU01045,1,451.29,451.29,
2023-12-19,SKU01420,5,1068.25,213.65,
2023-12-19,SKU01535,3,889.8,296.6,
2023-12-19,SKU01939,1,297.93,297.93,
2023-12-19,SKU01993,1,142.17,142.17,
2023-12-19,SKU02086,1,2214.88,2214.88,
2023-12-19,SKU02141,3,1415.6399999999999,471.87999999999994,
2023-12-19,SKU02826,1,438.33,438.33,
2023-12-19,SKU03339,3,269.04,89.68,
2023-12-19,SKU03449,2,701.66,350.83,
2023-12-19,SKU03699,1,2185.11,2185.11,
2023-12-19,SKU04016,1,1492.65,1492.65,
2023-12-19,SKU04321,7,6729.099999999999,961.3,
2023-12-19,SKU04476,1,134.95,134.95,
2023-12-19,SKU04604,1,318.32,318.32,
2023-12-19,SKU04640,4,2707.96,676.99,
2023-12-20,SKU00079,2,395.8,197.9,
2023-12-20,SKU00190,4,581.68,145.42,
2023-12-20,SKU00457,1,265.45,265.45,
2023-12-20,SKU00725,5,8689.55,1737.9100000000003,
2023-12-20,SKU00802,1,196.6,196.6,
2023-12-20,SKU00804,1,120.97,120.97,
2023-12-20,SKU01482,1,1578.89,1578.89,
2023-12-20,SKU02079,3,460.95,153.65,
2023-12-20,SKU02362,2,1213.16,606.58,
2023-12-20,SKU02482,5,6489.75,1297.95,
2023-12-20,SKU02912,2,312.0,156.0,
2023-12-20,SKU03027,1,724.38,724.38,
2023-12-20,SKU03314,3,597.75,199.25,
2023-12-20,SKU03696,1,211.56,211.56,
2023-12-20,SKU03727,3,4982.79,1660.93,
2023-12-20,SKU04596,2,671.1,335.55,
2023-12-21,SKU00007,1,129.75,129.75,
2023-12-21,SKU00051,1,336.75,336.75,
2023-12-21,SKU00128,2,1483.94,741.97,
2023-12-21,SKU00155,5,2928.9,585.78,
2023-12-21,SKU00605,2,840.88,420.44,
2023-12-21,SKU00667,2,1147.9,573.95,
2023-12-21,SKU00990,2,970.86,485.43,
2023-12-21,SKU01037,2,356.14,178.07,
2023-12-21,SKU01715,1,2315.8,2315.8,
2023-12-21,SKU01878,1,98.98,98.98,
2023-12-21,SKU02016,1,194.97,194.97,
2023-12-21,SKU02155,1,1113.48,1113.48,
2023-12-21,SKU02918,1,2294.61,2294.61,
2023-12-21,SKU03081,1,1594.44,1594.44,
2023-12-21,SKU03518,2,252.52,126.26,
2023-12-21,SKU03529,1,253.11,253.11,
2023-12-21,SKU04288,2,344.88,172.44,
2023-12-21,SKU04321,6,5767.799999999999,961.2999999999998,
2023-12-21,SKU04344,3,605.43,201.81000000000003,
2023-12-21,SKU04350,1,394.93,394.93,
2023-12-21,SKU04395,1,421.34,421.34,
2023-12-21,SKU04489,1,251.01,251.01,
2023-12-21,SKU04880,2,268.82,134.41,
2023-12-22,SKU00145,1,478.26,478.26,
2023-12-22,SKU00416,5,375.6,75.12,
2023-12-22,SKU00686,4,4969.96,1242.49,
2023-12-22,SKU00748,3,1316.01,438.67,
2023-12-22,SKU00845,2,1341.66,670.83,
2023-12-22,SKU01301,3,1434.81,478.27,
2023-12-22,SKU01743,1,1398.86,1398.86,
2023-12-22,SKU01988,1,331.12,331.12,
2023-12-22,SKU02201,1,1064.05,1064.05,
2023-12-22,SKU02282,1,199.33,199.33,
2023-12-22,SKU02382,4,4935.16,1233.79,
2023-12-22,SKU02453,1,2151.17,2151.17,
2023-12-22,SKU02648,1,883.45,883.45,
2023-12-22,SKU02836,2,2289.54,1144.77,
2023-12-22,SKU03030,1,108.63,108.63,
2023-12-22,SKU03071,1,1229.09,1229.09,
2023-12-22,SKU03552,3,280.86,93.62,
2023-12-22,SKU03571,1,1043.87,1043.87,
2023-12-22,SKU03636,3,897.93,299.31,
2023-12-22,SKU04321,3,2883.8999999999996,961.2999999999998,
2023-12-22,SKU04326,3,496.89,165.63,
2023-12-22,SKU04382,1,75.31,75.31,
2023-12-22,SKU04596,1,335.55,335.55,
2023-12-23,SKU00030,2,564.08,402.34,1
2023-12-23,SKU00285,2,708.95,505.67,1
2023-12-23,SKU00719,4,668.5,238.41,1
2023-12-23,SKU01045,2,632.71,451.29,1
2023-12-23,SKU01335,1,165.74,236.44,1
2023-12-23,SKU01775,3,429.33,204.15,1
2023-12-23,SKU01814,2,1244.16,887.42,1
2023-12-23,SKU01958,2,132.91,94.8,1
2023-12-23,SKU02201,1,745.9,1064.05,1
2023-12-23,SKU02264,1,474.3,676.6,1
2023-12-23,SKU02816,1,915.74,1306.34,1
2023-12-23,SKU03210,3,2372.04,1127.93,1
2023-12-23,SKU03817,3,1425.6,677.89,1
2023-12-23,SKU04012,2,884.66,631.0,1
2023-12-23,SKU04091,5,2069.8500000000004,590.54,1
2023-12-23,SKU04321,4,2695.48,961.3,1
2023-12-23,SKU04568,3,586.53,278.9,1
2023-12-23,SKU04610,1,1458.0,2079.89,1
2023-12-23,SKU04760,2,303.83,216.71,1
2023-12-24,SKU00104,4,1093.25,389.89,1
2023-12-24,SKU00115,1,32.12,45.82,1
2023-12-24,SKU00190,1,101.94,145.42,1
2023-12-24,SKU00365,1,54.68,78.0,1
2023-12-24,SKU00953,1,192.07,273.99,1
2023-12-24,SKU01048,1,67.42,96.18,1
2023-12-24,SKU01190,3,728.65,346.48,1
2023-12-24,SKU01420,3,449.31,213.65,1
2023-12-24,SKU02010,2,423.33,301.95,1
2023-12-24,SKU02141,1,330.79,471.88,1
2023-12-24,SKU02504,1,517.0,737.52,1
2023-12-24,SKU02856,1,148.23,211.45,1
2023-12-24,SKU03077,1,264.8,377.75,1
2023-12-24,SKU04159,4,6136.16,2188.36,1
2023-12-24,SKU04596,1,235.22,335.55,1
2023-12-24,SKU04952,1,425.8,607.42,1
2023-12-25,SKU00213,4,324.59,115.76,1
2023-12-25,SKU00340,1,164.5,234.66,1
2023-12-25,SKU00920,4,321.7,114.73,1
2023-12-25,SKU00976,3,564.49,268.42,1
2023-12-25,SKU01041,3,832.16,395.7,1
2023-12-25,SKU01073,4,933.12,332.78,1
2023-12-25,SKU01357,1,744.48,1062.03,1
2023-12-25,SKU01547,2,232.23,165.64,1
2023-12-25,SKU01774,2,181.32,129.33,1
2023-12-25,SKU01836,1,1161.26,1656.58,1
2023-12-25,SKU01907,1,1217.13,1736.27,1
2023-12-25,SKU02003,1,425.74,607.33,1
2023-12-25,SKU02297,2,1790.03,1276.77,1
2023-12-25,SKU02687,1,67.47,96.25,1
2023-12-25,SKU02840,1,187.2,267.04,1
2023-12-25,SKU03004,1,1463.23,2087.35,1
2023-12-25,SKU03733,2,838.79,598.28,1
2023-12-25,SKU03907,2,1229.18,876.73,1
2023-12-25,SKU03947,2,651.44,464.65,1
2023-12-25,SKU04154,2,493.18,351.77,1
2023-12-25,SKU04164,5,559.68,159.68,1
2023-12-25,SKU04321,1,673.87,961.3,1
2023-12-25,SKU04615,3,584.11,277.75,1
2023-12-25,SKU04755,2,246.85,176.07,1
2023-12-25,SKU04940,1,432.73,617.3,1
2023-12-26,SKU00117,2,363.06,258.96,1
2023-12-26,SKU00190,3,305.82,145.42,1
2023-12-26,SKU01248,1,267.63,381.79,1
2023-12-26,SKU01297,1,196.48,280.29,1
2023-12-26,SKU01485,3,1001.41,476.18,1
2023-12-26,SKU01601,1,96.19,137.22,1
2023-12-26,SKU01655,1,43.59,62.18,1
2023-12-26,SKU01780,1,265.58,378.86,1
2023-12-26,SKU01895,1,66.69,95.13,1
2023-12-26,SKU01988,1,232.12,331.12,1
2023-12-26,SKU02586,1,34.42,49.1,1
2023-12-26,SKU03219,3,292.36,139.02,1
2023-12-26,SKU03546,3,1043.45,496.17,1
2023-12-26,SKU03632,1,61.16,87.25,1
2023-12-26,SKU03643,2,363.15,259.02,1
2023-12-26,SKU03870,3,634.64,301.78,1
2023-12-26,SKU04321,8,5390.97,961.3,1
2023-12-26,SKU04513,1,90.51,129.12,1
2023-12-26,SKU04551,1,1751.26,2498.23,1
2023-12-26,SKU04560,5,919.19,262.25,1
2023-12-27,SKU00121,1,136.89,195.28,1
2023-12-27,SKU00382,1,73.3,104.56,1
2023-12-27,SKU00396,1,276.87,394.96,1
2023-12-27,SKU00415,1,1240.34,1769.39,1
2023-12-27,SKU00539,2,279.88,199.63,1
2023-12-27,SKU00596,1,328.76,468.99,1
2023-12-27,SKU00830,3,609.89,290.01,1
2023-12-27,SKU00845,4,1881.01,670.83,1
2023-12-27,SKU01030,3,472.12,224.5,1
2023-12-27,SKU01140,2,655.11,467.27,1
2023-12-27,SKU01274,4,1565.64,558.36,1
2023-12-27,SKU01357,1,744.48,1062.03,1
2023-12-27,SKU01555,2,154.72,110.36,1
2023-12-27,SKU02953,1,145.09,206.97,1
2023-12-27,SKU03040,1,1675.78,2390.56,1
2023-12-27,SKU03094,1,237.98,339.49,1
2023-12-27,SKU03159,1,94.63,134.99,1
2023-12-27,SKU03789,1,734.75,1048.14,1
2023-12-27,SKU03846,3,516.31,245.51,1
2023-12-27,SKU03861,1,563.32,803.59,1
2023-12-27,SKU03906,1,88.0,125.53,1
2023-12-27,SKU04005,4,363.01,129.46,1
2023-12-27,SKU04352,3,1285.5,611.27,1
2023-12-27,SKU04508,1,263.26,375.55,1
2023-12-27,SKU04655,1,1455.42,2076.21,1
2023-12-27,SKU04744,1,163.19,232.79,1
2023-12-27,SKU04916,1,1191.07,1699.1,1
2023-12-27,SKU04976,2,582.62,415.56,1
2023-12-28,SKU00079,1,138.73,197.9,1
2023-12-28,SKU00285,1,354.47,505.67,1
2023-12-28,SKU00763,2,520.18,371.03,1
2023-12-28,SKU00972,5,814.81,232.46999999999997,1
2023-12-28,SKU01020,2,214.09,152.7,1
2023-12-28,SKU01138,1,126.99,181.15,1
2023-12-28,SKU01370,1,136.7,195.01,1
2023-12-28,SKU01987,2,1511.38,1078.02,1
2023-12-28,SKU02208,2,227.32,162.14,1
2023-12-28,SKU02651,1,596.84,851.41,1
2023-12-28,SKU02968,3,2127.42,1011.61,1
2023-12-28,SKU03727,2,2328.62,1660.93,1
2023-12-28,SKU03798,1,372.39,531.23,1
2023-12-28,SKU03927,1,201.71,287.74,1
2023-12-28,SKU04085,1,129.79,185.15,1
2023-12-28,SKU04311,2,147.41,105.14,1
2023-12-28,SKU04321,4,2695.48,961.3,1
2023-12-28,SKU04618,2,607.88,433.58,1
2023-12-28,SKU04621,3,568.23,270.2,1
2023-12-28,SKU04627,1,441.96,630.47,1
2023-12-29,SKU00079,2,277.46,197.9,1
2023-12-29,SKU00420,1,307.55,438.73,1
2023-12-29,SKU00554,2,123.82,88.32,1
2023-12-29,SKU00596,3,986.29,468.99,1
2023-12-29,SKU00845,3,1410.76,670.83,1
2023-12-29,SKU01775,1,143.11,204.15,1
2023-12-29,SKU02381,2,1385.08,987.93,1
2023-12-29,SKU02912,1,109.36,156.0,1
2023-12-29,SKU02930,1,119.28,170.16,1
2023-12-29,SKU03248,1,115.92,165.37,1
2023-12-29,SKU03693,1,968.66,1381.82,1
2023-12-29,SKU04321,3,2021.6100000000001,961.2999999999998,1
2023-12-29,SKU04394,1,182.9,260.92,1
2023-12-29,SKU04596,1,235.22,335.55,1
2023-12-30,SKU00369,2,517.24,368.93,1
2023-12-30,SKU00942,3,363.61,172.9,1
2023-12-30,SKU01045,1,316.35,451.29,1
2023-12-30,SKU01049,3,1861.11,884.98,1
2023-12-30,SKU01292,4,1687.81,601.93,1
2023-12-30,SKU01514,3,1829.84,870.11,1
2023-12-30,SKU01534,2,4156.33,2964.57,1
2023-12-30,SKU01615,1,315.07,449.46,1
2023-12-30,SKU01890,5,418.6,119.43000000000002,1
2023-12-30,SKU02000,2,3964.44,2827.7,1
2023-12-30,SKU02038,5,292.88,83.56,1
2023-12-30,SKU02158,3,202.98,96.52,1
2023-12-30,SKU03447,2,462.35,329.78,1
2023-12-30,SKU03578,1,158.24,225.73,1
2023-12-30,SKU03748,1,116.13,165.67,1
2023-12-30,SKU04105,5,1629.05,464.7799999999999,1
2023-12-30,SKU04224,1,1654.79,2360.61,1
2023-12-30,SKU04228,1,55.56,79.26,1
2023-12-30,SKU04247,2,104.65,74.64,1
2023-12-30,SKU04321,4,2695.48,961.3,1
2023-12-30,SKU04466,2,314.88,224.59,1
2023-12-30,SKU04487,2,3073.24,2192.04,1
2023-12-30,SKU04596,1,235.22,335.55,1
2023-12-31,SKU00011,1,86.48,123.36,1
2023-12-31,SKU00197,5,1158.82,330.62,1
2023-12-31,SKU00348,2,962.16,686.28,1
2023-12-31,SKU00444,2,231.9,165.41,1
2023-12-31,SKU00622,2,115.47,82.36,1
2023-12-31,SKU00823,2,256.61,183.03,1
2023-12-31,SKU00875,1,1090.9,1556.21,1
2023-12-31,SKU00994,2,844.19,602.13,1
2023-12-31,SKU01048,2,134.84,96.18,1
2023-12-31,SKU01562,2,664.84,474.21,1
2023-12-31,SKU01616,2,89.25,63.66,1
2023-12-31,SKU01919,2,124.22,88.6,1
2023-12-31,SKU02240,1,1307.86,1865.7,1
2023-12-31,SKU02303,3,380.01,180.69999999999996,1
2023-12-31,SKU02660,1,57.42,81.91,1
2023-12-31,SKU02747,3,1180.33,561.26,1
2023-12-31,SKU03464,3,513.91,244.37,1
2023-12-31,SKU03893,1,1152.13,1643.55,1
2023-12-31,SKU04092,4,582.03,207.57,1
2023-12-31,SKU04155,1,1831.17,2612.22,1
2023-12-31,SKU04315,2,697.45,497.47,1
2023-12-31,SKU04321,3,2021.6100000000001,961.2999999999998,1
2023-12-31,SKU04460,2,451.71,322.19,1
2023-12-31,SKU04534,4,261.39,93.22,1
2023-12-31,SKU04673,1,744.38,1061.88,1
2023-12-31,SKU04844,1,181.57,259.02,1
2024-01-01,SKU00291,3,400.5,190.43999999999997,1
2024-01-01,SKU00771,4,1437.72,512.74,1
2024-01-01,SKU00832,3,1990.55,946.5300000000001,1
2024-01-01,SKU00942,1,121.2,172.9,1
2024-01-01,SKU01045,2,632.71,451.29,1
2024-01-01,SKU01395,1,85.78,122.37,1
2024-01-01,SKU01420,1,149.77,213.65,1
2024-01-01,SKU02317,1,201.4,287.3,1
2024-01-01,SKU02345,5,1175.93,335.5,1
2024-01-01,SKU02463,1,48.19,68.74,1
2024-01-01,SKU02532,1,81.08,115.67,1
2024-01-01,SKU02938,1,58.56,83.54,1
2024-01-01,SKU03145,1,33.26,47.44,1
2024-01-01,SKU03292,3,344.96,164.03,1
2024-01-01,SKU03394,3,2131.92,1013.75,1
2024-01-01,SKU03739,3,296.27,140.88,1
2024-01-01,SKU03995,3,373.83,177.76,1
2024-01-01,SKU04273,1,1252.09,1786.15,1
2024-01-01,SKU04321,4,2695.49,961.3,1
2024-01-02,SKU00006,3,2973.47,1413.92,1
2024-01-02,SKU00140,1,103.83,148.11,1
2024-01-02,SKU01358,2,252.4,180.03,1
2024-01-02,SKU01412,2,271.01,193.3,1
2024-01-02,SKU01662,1,347.58,495.84,1
2024-01-02,SKU01773,4,8303.46,2961.29,1
2024-01-02,SKU02168,2,676.72,482.68,1
2024-01-02,SKU02538,3,455.47,216.58,1
2024-01-02,SKU02678,5,557.54,159.07,1
2024-01-02,SKU02795,2,2818.5,2010.34,1
2024-01-02,SKU03088,2,313.42,223.55,1
2024-01-02,SKU03385,2,215.63,153.8,1
2024-01-02,SKU03528,3,3533.46,1680.2,1
2024-01-02,SKU03538,1,60.17,85.84,1
2024-01-02,SKU03693,1,968.66,1381.82,1
2024-01-02,SKU04196,4,1267.94,452.19,1
2024-01-02,SKU04245,1,152.66,217.78,1
2024-01-02,SKU04321,1,673.87,961.3,1
2024-01-03,SKU00131,2,167.17,119.24,1
2024-01-03,SKU00285,2,708.95,505.67,1
2024-01-03,SKU01220,1,611.31,872.06,1
2024-01-03,SKU02330,1,155.19,221.38,1
2024-01-03,SKU02953,1,145.09,206.97,1
2024-01-03,SKU03769,3,202.58,96.33,1
2024-01-03,SKU03981,2,400.37,285.57,1
2024-01-03,SKU04149,1,160.97,229.63,1
2024-01-03,SKU04321,2,1347.74,961.3,1
2024-01-04,SKU00484,1,179.04,179.04,
2024-01-04,SKU00793,3,3150.51,1050.17,
2024-01-04,SKU01420,5,1068.25,213.65,
2024-01-04,SKU01672,1,2494.85,2494.85,
2024-01-04,SKU02166,1,434.78,434.78,
2024-01-04,SKU02858,1,90.7,90.7,
2024-01-04,SKU03136,2,449.68,224.84,
2024-01-04,SKU03154,1,110.82,110.82,
2024-01-04,SKU03207,1,196.37,196.37,
2024-01-04,SKU03292,4,656.12,164.03,
2024-01-04,SKU03326,3,126.39,42.13,
2024-01-04,SKU03484,1,1430.82,1430.82,
2024-01-04,SKU03546,2,992.34,496.17,
2024-01-04,SKU03840,1,255.12,255.12,
2024-01-04,SKU04317,1,1598.65,1598.65,
2024-01-04,SKU04381,1,192.07,192.07,
2024-01-04,SKU04476,3,404.85,134.95,
2024-01-04,SKU04626,1,468.52,468.52,
2024-01-05,SKU00369,1,368.93,368.93,
2024-01-05,SKU00692,3,706.56,235.52,
2024-01-05,SKU00953,3,821.97,273.99,
2024-01-05,SKU01197,1,2209.52,2209.52,
2024-01-05,SKU01790,1,128.94,128.94,
2024-01-05,SKU01945,1,212.86,212.86,
2024-01-05,SKU01997,2,157.68,78.84,
2024-01-05,SKU04321,10,9613.0,961.3,
2024-01-05,SKU04362,2,466.84,233.42,
2024-01-05,SKU04710,1,1632.84,1632.84,
2024-01-06,SKU00286,1,64.45,64.45,
2024-01-06,SKU00504,1,1466.31,1466.31,
2024-01-06,SKU00539,5,998.15,199.63,
2024-01-06,SKU01044,3,7811.61,2603.87,
2024-01-06,SKU01293,1,228.78,228.78,
2024-01-06,SKU01409,4,790.0,197.5,
2024-01-06,SKU04321,2,1922.6,961.3,
2024-01-07,SKU00187,1,252.44,252.44,
2024-01-07,SKU00644,1,942.82,942.82,
2024-01-07,SKU00994,2,1204.26,602.13,
2024-01-07,SKU01221,2,4086.46,2043.23,
2024-01-07,SKU01695,4,5293.72,1323.43,
2024-01-07,SKU02300,4,382.64,95.66,
2024-01-07,SKU02336,5,1685.35,337.07,
2024-01-07,SKU02482,2,2595.9,1297.95,
2024-01-07,SKU02543,1,1956.24,1956.24,
2024-01-07,SKU02889,3,553.11,184.37,
2024-01-07,SKU02954,2,1206.6,603.3,
2024-01-07,SKU03727,1,1660.93,1660.93,
2024-01-07,SKU03926,1,411.28,411.28,
2024-01-07,SKU04191,2,213.4,106.7,
2024-01-07,SKU04350,5,1974.65,394.93,
2024-01-08,SKU00149,1,149.69,149.69,
2024-01-08,SKU00628,1,135.8,135.8,
2024-01-08,SKU00700,2,1623.08,811.54,
2024-01-08,SKU00945,3,394.05,131.35,
2024-01-08,SKU00994,2,1204.26,602.13,
2024-01-08,SKU01177,1,1402.34,1402.34,
2024-01-08,SKU01419,1,699.31,699.31,
2024-01-08,SKU01784,5,844.05,168.81,
2024-01-08,SKU02449,2,275.66,137.83,
2024-01-08,SKU02692,2,4190.06,2095.03,
2024-01-08,SKU03374,1,70.93,70.93,
2024-01-08,SKU03727,3,4982.79,1660.93,
2024-01-08,SKU03779,2,1276.26,638.13,
2024-01-08,SKU04125,2,439.64,219.82,
2024-01-08,SKU04166,3,791.01,263.67,
2024-01-08,SKU04973,5,4548.15,909.6299999999999,
2024-01-09,SKU00163,4,606.68,151.67,
2024-01-09,SKU00329,1,1198.32,1198.32,
2024-01-09,SKU00678,2,1254.3,627.15,
2024-01-09,SKU00845,2,1341.66,670.83,
2024-01-09,SKU00880,1,550.09,550.09,
2024-01-09,SKU00921,1,3363.82,3363.82,
2024-01-09,SKU00924,2,802.26,401.13,
2024-01-09,SKU00973,1,150.35,150.35,
2024-01-09,SKU01208,1,116.35,116.35,
2024-01-09,SKU02022,3,3991.62,1330.54,
2024-01-09,SKU02068,2,499.78,249.89,
2024-01-09,SKU02461,1,230.1,230.1,
2024-01-09,SKU02605,3,201.84,67.28,
2024-01-09,SKU03458,1,1311.02,1311.02,
2024-01-09,SKU04154,1,351.77,351.77,
2024-01-09,SKU04279,4,1866.04,466.51,
2024-01-09,SKU04321,3,2883.8999999999996,961.2999999999998,
2024-01-10,SKU00056,4,319.2,79.8,
2024-01-10,SKU00062,1,499.45,499.45,
2024-01-10,SKU00079,1,197.9,197.9,
2024-01-10,SKU00190,4,581.68,145.42,
2024-01-10,SKU00373,1,84.32,84.32,
2024-01-10,SKU00756,1,2637.39,2637.39,
2024-01-10,SKU01603,5,7704.3,1540.86,
2024-01-10,SKU02050,1,90.73,90.73,
2024-01-10,SKU02068,1,249.89,249.89,
2024-01-10,SKU02365,2,276.16,138.08,
2024-01-10,SKU02734,1,202.18,202.18,
2024-01-10,SKU02856,1,211.45,211.45,
2024-01-10,SKU03213,3,679.77,226.59,
2024-01-10,SKU03397,4,1572.28,393.07,
2024-01-10,SKU04321,2,1922.6,961.3,
2024-01-11,SKU00373,1,84.32,84.32,
2024-01-11,SKU00565,1,336.31,336.31,
2024-01-11,SKU00780,1,575.16,575.16,
2024-01-11,SKU00953,2,547.98,273.99,
2024-01-11,SKU01420,1,213.65,213.65,
2024-01-11,SKU02141,2,943.76,471.88,
2024-01-11,SKU02333,1,53.1,53.1,
2024-01-11,SKU02694,2,438.94,219.47,
2024-01-11,SKU02831,5,14351.6,2870.32,
2024-01-11,SKU03259,2,1204.08,602.04,
2024-01-11,SKU03634,1,2372.1,2372.1,
2024-01-11,SKU03743,4,1012.96,253.24,
2024-01-11,SKU03976,2,903.28,451.64,
2024-01-11,SKU04041,1,575.93,575.93,
2024-01-11,SKU04166,1,263.67,263.67,
2024-01-11,SKU04321,1,961.3,961.3,
2024-01-11,SKU04649,2,1083.18,541.59,
2024-01-12,SKU00050,1,34.08,34.08,
2024-01-12,SKU00475,1,685.08,685.08,
2024-01-12,SKU00680,1,154.23,154.23,
2024-01-12,SKU00953,1,273.99,273.99,
2024-01-12,SKU01271,2,461.84,230.92,
2024-01-12,SKU01274,4,2233.44,558.36,
2024-01-12,SKU01691,3,728.01,242.67,
2024-01-12,SKU02569,1,826.91,826.91,
2024-01-12,SKU03233,2,668.22,334.11,
2024-01-12,SKU03309,1,983.01,983.01,
2024-01-12,SKU03769,2,192.66,96.33,
2024-01-12,SKU04321,10,9613.0,961.3,
2024-01-12,SKU04622,1,2025.83,2025.83,
2024-01-13,SKU00258,1,91.98,91.98,
2024-01-13,SKU00826,2,372.76,186.38,
2024-01-13,SKU01363,2,6369.2,3184.6,
2024-01-13,SKU01639,4,1471.8,367.95,
2024-01-13,SKU01736,1,73.58,73.58,
2024-01-13,SKU01833,3,187.77,62.59,
2024-01-13,SKU02046,1,2009.47,2009.47,
2024-01-13,SKU02141,2,943.76,471.88,
2024-01-13,SKU02811,2,541.06,270.53,
2024-01-13,SKU03344,1,941.86,941.86,
2024-01-13,SKU03455,2,619.92,309.96,
2024-01-13,SKU03487,3,570.72,190.24,
2024-01-13,SKU03550,2,1731.14,865.57,
2024-01-13,SKU04140,3,994.2,331.4,
2024-01-13,SKU04321,2,1922.6,961.3,
2024-01-13,SKU04329,2,4904.14,2452.07,
2024-01-13,SKU04480,3,1752.72,584.24,
2024-01-13,SKU04628,1,1915.76,1915.76,
2024-01-14,SKU00092,3,2429.64,809.88,
2024-01-14,SKU00548,2,1820.06,910.03,
2024-01-14,SKU00899,1,2040.92,2040.92,
2024-01-14,SKU01021,4,4973.88,1243.47,
2024-01-14,SKU03344,1,941.86,941.86,
2024-01-14,SKU03389,3,1740.33,580.11,
2024-01-14,SKU03669,1,1245.54,1245.54,
2024-01-14,SKU04000,3,2047.38,682.46,
2024-01-14,SKU04016,2,2985.3,1492.65,
2024-01-14,SKU04350,2,789.86,394.93,
2024-01-14,SKU04432,3,1022.4,340.8,
2024-01-14,SKU04642,1,330.34,330.34,
2024-01-15,SKU00541,2,322.5,161.25,
2024-01-15,SKU01190,1,346.48,346.48,
2024-01-15,SKU01274,1,558.36,558.36,
2024-01-15,SKU01501,1,99.7,99.7,
2024-01-15,SKU01788,1,627.45,627.45,
2024-01-15,SKU01904,1,280.72,280.72,
2024-01-15,SKU02205,1,65.71,65.71,
2024-01-15,SKU02275,1,188.12,188.12,
2024-01-15,SKU04154,4,1407.08,351.77,
2024-01-15,SKU04913,1,466.91,466.91,
2024-01-16,SKU00487,1,209.96,209.96,
2024-01-16,SKU00508,2,1135.72,567.86,
2024-01-16,SKU00539,1,199.63,199.63,
2024-01-16,SKU01533,1,276.23,276.23,
2024-01-16,SKU02052,1,277.43,277.43,
2024-01-16,SKU02714,1,694.67,694.67,
2024-01-16,SKU02738,1,230.16,230.16,
2024-01-16,SKU02876,1,809.36,809.36,
2024-01-16,SKU03112,5,1913.55,382.71,
2024-01-16,SKU03120,2,376.78,188.39,
2024-01-16,SKU04074,1,340.42,340.42,
2024-01-16,SKU04498,5,1692.55,338.51,
2024-01-16,SKU04632,2,1784.8,892.4,
2024-01-16,SKU04707,3,2934.69,978.23,
2024-01-17,SKU00929,3,474.15,158.05,
2024-01-17,SKU01205,2,143.96,71.98,
2024-01-17,SKU01953,2,619.7,309.85,
2024-01-17,SKU02171,2,111.08,55.54,
2024-01-17,SKU04058,2,149.32,74.66,
2024-01-17,SKU04069,4,1942.04,485.51,
2024-01-17,SKU04284,4,358.64,89.66,
2024-01-17,SKU04530,1,243.09,243.09,
2024-01-17,SKU04534,4,372.88,93.22,
2024-01-18,SKU00225,2,2467.16,1233.58,
2024-01-18,SKU00509,4,952.92,238.23,
2024-01-18,SKU00845,1,670.83,670.83,
2024-01-18,SKU01076,1,172.63,172.63,
2024-01-18,SKU01353,1,79.89,79.89,
2024-01-18,SKU01377,1,131.24,131.24,
2024-01-18,SKU02514,1,452.69,452.69,
2024-01-18,SKU02893,1,327.2,327.2,
2024-01-18,SKU03199,2,156.16,78.08,
2024-01-18,SKU03292,1,164.03,164.03,
2024-01-18,SKU04447,2,2381.28,1190.64,
2024-01-18,SKU04574,1,71.96,71.96,
2024-01-18,SKU04604,2,636.64,318.32,
2024-01-19,SKU00405,1,125.94,125.94,
2024-01-19,SKU00643,1,490.78,490.78,
2024-01-19,SKU01401,2,400.18,200.09,
2024-01-19,SKU01753,1,2122.2,2122.2,
2024-01-19,SKU01941,1,546.17,546.17,
2024-01-19,SKU02019,1,326.69,326.69,
2024-01-19,SKU02840,1,267.04,267.04,
2024-01-19,SKU02906,1,159.53,159.53,
2024-01-19,SKU02950,3,753.27,251.09,
2024-01-19,SKU02972,1,98.84,98.84,
2024-01-19,SKU03193,2,518.32,259.16,
2024-01-19,SKU03271,2,1174.04,587.02,
2024-01-19,SKU03282,3,4652.55,1550.8499999999997,
2024-01-19,SKU03318,3,1046.94,348.98,
2024-01-19,SKU03772,2,491.92,245.96,
2024-01-19,SKU03868,2,231.5,115.75,
2024-01-20,SKU00245,1,4025.26,4025.26,
2024-01-20,SKU00355,1,144.21,144.21,
2024-01-20,SKU01014,4,1098.0,274.5,
2024-01-20,SKU01371,2,2555.22,1277.61,
2024-01-20,SKU01600,1,419.03,419.03,
2024-01-20,SKU01919,1,88.6,88.6,
2024-01-20,SKU03030,1,108.63,108.63,
2024-01-20,SKU03380,2,82.3,41.15,
2024-01-20,SKU03459,1,797.02,797.02,
2024-01-20,SKU03988,1,227.15,227.15,
2024-01-20,SKU04315,1,497.47,497.47,
2024-01-20,SKU04359,1,231.83,231.83,
2024-01-20,SKU04579,1,92.85,92.85,
2024-01-21,SKU00013,1,521.95,521.95,
2024-01-21,SKU00056,3,239.4,79.8,
2024-01-21,SKU00212,1,348.98,348.98,
2024-01-21,SKU01135,2,368.38,184.19,
2024-01-21,SKU01332,2,133.24,66.62,
2024-01-21,SKU01446,1,192.93,192.93,
2024-01-21,SKU02046,1,2009.47,2009.47,
2024-01-21,SKU02599,3,1800.27,600.09,
2024-01-21,SKU04321,5,4806.5,961.3,
2024-01-21,SKU04596,1,335.55,335.55,
2024-01-22,SKU00418,1,28.56,55.14,1
2024-01-22,SKU00953,2,283.85,273.99,1
2024-01-22,SKU01192,1,77.3,149.22,1
2024-01-22,SKU01273,1,348.28,672.35,1
2024-01-22,SKU01679,2,1801.64,1739.03,1
2024-01-22,SKU01802,3,1264.85,813.93,1
2024-01-22,SKU02241,3,294.58,189.56000000000003,1
2024-01-22,SKU03030,1,56.27,108.63,1
2024-01-22,SKU03727,1,860.36,1660.93,1
2024-01-22,SKU04321,6,2987.72,961.3000000000001,1
2024-01-22,SKU04542,2,127.73,123.29,1
2024-01-23,SKU00002,3,109.37,70.38,1
2024-01-23,SKU00051,1,174.44,336.75,1
2024-01-23,SKU00512,5,5700.93,2201.13,1
2024-01-23,SKU00663,3,1700.08,1094.0,1
2024-01-23,SKU00774,1,49.01,94.61,1
2024-01-23,SKU00929,1,81.87,158.05,1
2024-01-23,SKU01030,2,232.58,224.5,1
2024-01-23,SKU02473,1,75.93,146.58,1
2024-01-23,SKU02891,4,1066.21,514.58,1
2024-01-23,SKU02954,1,312.51,603.3,1
2024-01-23,SKU03133,2,272.35,262.89,1
2024-01-23,SKU04321,1,497.95,961.3,1
2024-01-23,SKU04438,3,227.24,146.23,1
2024-01-23,SKU04596,2,347.63,335.55,1
2024-01-23,SKU04899,4,460.19,222.1,1
2024-01-24,SKU00667,2,594.61,573.95,1
2024-01-24,SKU01280,3,921.82,593.19,1
2024-01-24,SKU01363,2,3299.25,3184.6,1
2024-01-24,SKU02330,1,114.67,221.38,1
2024-01-24,SKU02660,2,84.86,81.91,1
2024-01-24,SKU02812,3,466.31,300.07,1
2024-01-24,SKU02978,1,938.6,1811.96,1
2024-01-24,SKU03198,2,133.49,128.85,1
2024-01-24,SKU03585,2,98.95,95.51,1
2024-01-24,SKU03847,2,103.67,100.07,1
2024-01-24,SKU04596,3,521.44,335.55,1
2024-01-25,SKU00205,1,115.46,222.89,1
2024-01-25,SKU01090,1,135.7,261.96,1
2024-01-25,SKU01453,1,652.09,1258.86,1
2024-01-25,SKU01553,2,1221.0,1178.57,1
2024-01-25,SKU01628,1,80.9,156.18,1
2024-01-25,SKU02008,3,1454.08,935.7000000000002,1
2024-01-25,SKU02141,1,244.43,471.88,1
2024-01-25,SKU02236,3,1770.29,1139.18,1
2024-01-25,SKU02538,4,448.75,216.58,1
2024-01-25,SKU02899,4,425.51,205.36,1
2024-01-25,SKU03169,4,720.46,347.71,1
2024-01-25,SKU03292,2,169.94,164.03,1
2024-01-25,SKU03535,1,92.53,178.62,1
2024-01-25,SKU03546,2,514.03,496.17,1
2024-01-25,SKU03840,2,264.3,255.12,1
2024-01-25,SKU04346,1,502.61,970.29,1
2024-01-25,SKU04348,1,142.33,274.76,1
2024-01-25,SKU04596,3,521.44,335.55,1
2024-01-26,SKU00254,2,109.35,105.55,1
2024-01-26,SKU00285,1,261.94,505.67,1
2024-01-26,SKU00926,2,295.72,285.44,1
2024-01-26,SKU00994,2,623.81,602.13,1
2024-01-26,SKU01469,3,107.58,69.23,1
2024-01-26,SKU01747,3,1096.11,705.35,1
2024-01-26,SKU02807,1,95.96,185.26,1
2024-01-26,SKU02885,2,123.22,118.94,1
2024-01-26,SKU03205,1,29.78,57.49,1
2024-01-26,SKU03460,1,1572.09,3034.93,1
2024-01-26,SKU04342,1,31.46,60.73,1
2024-01-27,SKU00190,3,225.98,145.42,1
2024-01-27,SKU00341,2,99.08,95.64,1
2024-01-27,SKU00445,3,135.43,87.15000000000002,1
2024-01-27,SKU01289,2,266.96,257.68,1
2024-01-27,SKU01576,2,735.08,709.54,1
2024-01-27,SKU02055,1,230.64,445.25,1
2024-01-27,SKU04002,1,370.3,714.86,1
2024-01-27,SKU04140,2,343.33,331.4,1
2024-01-27,SKU04321,4,1991.81,961.3,1
2024-01-27,SKU04571,2,899.79,868.52,1
2024-01-27,SKU04971,2,1860.39,1795.74,1
2024-01-28,SKU00002,1,36.46,70.38,1
2024-01-28,SKU00313,2,910.4,878.76,1
2024-01-28,SKU00420,4,909.05,438.73,1
2024-01-28,SKU01153,1,464.85,897.4,1
2024-01-28,SKU01399,2,288.22,278.2,1
2024-01-28,SKU01466,1,17.76,34.29,1
2024-01-28,SKU02141,1,244.43,471.88,1
2024-01-28,SKU02615,4,245.97,118.71,1
2024-01-28,SKU02858,1,46.98,90.7,1
2024-01-28,SKU03460,2,3144.19,3034.93,1
2024-01-28,SKU03726,4,851.99,411.19,1
2024-01-28,SKU03876,5,602.9,232.78000000000003,1
2024-01-28,SKU04302,1,90.56,174.83,1
2024-01-28,SKU04321,2,995.91,961.3,1
2024-01-28,SKU04446,1,73.69,142.26,1
2024-01-29,SKU00002,1,36.46,70.38,1
2024-01-29,SKU00050,1,17.65,34.08,1
2024-01-29,SKU00295,1,531.87,1026.78,1
2024-01-29,SKU00417,1,20.94,40.43,1
2024-01-29,SKU00677,1,1677.7,3238.81,1
2024-01-29,SKU01092,1,975.66,1883.52,1
2024-01-29,SKU01317,1,334.02,644.83,1
2024-01-29,SKU01707,1,182.44,352.2,1
2024-01-29,SKU02298,1,393.37,759.4,1
2024-01-29,SKU02342,1,74.15,143.15,1
2024-01-29,SKU02648,1,457.63,883.45,1
2024-01-29,SKU03228,5,1031.36,398.21,1
2024-01-29,SKU03727,1,860.36,1660.93,1
2024-01-29,SKU04154,1,182.22,351.77,1
2024-01-30,SKU00372,1,23.04,44.47,1
2024-01-30,SKU00475,1,354.87,685.08,1
2024-01-30,SKU00774,3,147.02,94.61,1
2024-01-30,SKU01437,1,803.1,1550.38,1
2024-01-30,SKU02129,1,117.73,227.28,1
2024-01-30,SKU02172,3,233.86,150.49,1
2024-01-30,SKU02858,1,46.98,90.7,1
2024-01-30,SKU03307,2,758.7,732.34,1
2024-01-30,SKU03377,1,87.6,169.11,1
2024-01-30,SKU03443,2,103.83,100.22,1
2024-01-30,SKU04063,3,732.7,471.49,1
2024-01-30,SKU04321,4,1991.81,961.3,1
2024-01-30,SKU04508,1,194.53,375.55,1
2024-01-31,SKU00428,1,754.79,754.79,
2024-01-31,SKU00634,2,71.64,64.42,1
2024-01-31,SKU00952,2,576.24,288.12,
2024-01-31,SKU00978,2,1048.84,524.42,
2024-01-31,SKU01288,2,786.2,393.1,
2024-01-31,SKU01374,1,42.86,77.09,1
2024-01-31,SKU01485,1,476.18,476.18,
2024-01-31,SKU02224,2,320.5,160.25,
2024-01-31,SKU02263,1,175.26,175.26,
2024-01-31,SKU02918,3,6883.83,2294.61,
2024-01-31,SKU03535,3,535.86,178.62,
2024-01-31,SKU03633,1,65.76,118.27,1
2024-01-31,SKU04424,5,6002.65,1200.53,
2024-02-01,SKU01012,4,400.2,100.05,
2024-02-01,SKU01071,2,1347.82,673.91,
2024-02-01,SKU01377,2,262.48,131.24,
2024-02-01,SKU01823,4,4993.56,1248.39,
2024-02-01,SKU02247,1,179.3,179.3,
2024-02-01,SKU02530,1,506.86,506.86,
2024-02-01,SKU03191,5,2085.2,417.0400000000001,
2024-02-01,SKU03727,2,3321.86,1660.93,
2024-02-01,SKU03900,2,1033.64,516.82,
2024-02-01,SKU04181,1,63.14,63.14,
2024-02-02,SKU00190,3,436.26,145.42,
2024-02-02,SKU00264,1,134.96,242.74,1
2024-02-02,SKU00286,3,107.5,64.45,1
2024-02-02,SKU00624,3,7102.14,2367.38,
2024-02-02,SKU01370,3,585.03,195.01,
2024-02-02,SKU01802,1,813.93,813.93,
2024-02-02,SKU02216,3,340.67,204.24,1
2024-02-02,SKU02736,3,256.05,153.51,1
2024-02-02,SKU02846,1,1875.69,1875.69,
2024-02-02,SKU02930,1,170.16,170.16,
2024-02-02,SKU03055,1,130.59,130.59,
2024-02-02,SKU03154,3,332.46,110.82,
2024-02-02,SKU03594,3,1432.17,477.39000000000004,
2024-02-02,SKU04042,4,971.16,242.79,
2024-02-02,SKU04086,1,140.18,140.18,
2024-02-02,SKU04315,4,1989.88,497.47,
2024-02-02,SKU04321,4,3845.2,961.3,
2024-02-02,SKU04447,1,1190.64,1190.64,
2024-02-02,SKU04596,2,671.1,335.55,
2024-02-02,SKU04982,1,253.41,253.41,
2024-02-03,SKU00942,1,172.9,172.9,
2024-02-03,SKU01232,3,1249.35,416.45,
2024-02-03,SKU01830,1,1563.44,1563.44,
2024-02-03,SKU01946,3,9220.02,3073.34,
2024-02-03,SKU01987,2,2156.04,1078.02,
2024-02-03,SKU01990,1,161.94,161.94,
2024-02-03,SKU02543,1,1956.24,1956.24,
2024-02-03,SKU02764,1,177.05,177.05,
2024-02-03,SKU02858,2,181.4,90.7,
2024-02-03,SKU02947,1,134.5,134.5,
2024-02-03,SKU03122,1,263.85,263.85,
2024-02-03,SKU03179,1,294.42,294.42,
2024-02-03,SKU03195,1,610.08,610.08,
2024-02-03,SKU03295,1,106.45,106.45,
2024-02-03,SKU03596,2,445.78,222.89,
2024-02-03,SKU03601,3,2370.72,790.2400000000001,
2024-02-03,SKU04157,1,2678.35,2678.35,
2024-02-03,SKU04548,2,155.47,139.81,1
2024-02-03,SKU04889,1,175.19,175.19,
2024-02-04,SKU00363,1,1103.75,1103.75,
2024-02-04,SKU00469,1,152.95,152.95,
2024-02-04,SKU00698,2,462.74,231.37,
2024-02-04,SKU00864,3,670.17,223.39,
2024-02-04,SKU00886,3,4532.52,1510.84,
2024-02-04,SKU00963,1,108.45,108.45,
2024-02-04,SKU01139,2,152.9,137.5,1
2024-02-04,SKU01698,1,343.81,343.81,
2024-02-04,SKU02073,3,1390.5,463.5,
2024-02-04,SKU02229,3,395.52,131.84,
2024-02-04,SKU03059,1,567.73,567.73,
2024-02-04,SKU03685,3,74.83,44.85999999999999,1
2024-02-04,SKU03727,3,4982.79,1660.93,
2024-02-04,SKU04634,1,973.21,973.21,
2024-02-04,SKU04721,2,83.38,41.69,
2024-02-04,SKU04775,2,242.16,121.08,
2024-02-05,SKU00579,2,752.06,376.03,
2024-02-05,SKU00628,2,271.6,135.8,
2024-02-05,SKU00774,1,94.61,94.61,
2024-02-05,SKU01170,1,365.5,365.5,
2024-02-05,SKU01232,4,1665.8,416.45,
2024-02-05,SKU01829,2,771.54,385.77,
2024-02-05,SKU02058,1,521.75,521.75,
2024-02-05,SKU02462,5,859.45,171.89,
2024-02-05,SKU03441,1,275.82,275.82,
2024-02-05,SKU03566,4,480.24,120.06,
2024-02-05,SKU03685,3,134.58,44.85999999999999,
2024-02-05,SKU03962,3,894.93,298.31,
2024-02-05,SKU04321,6,5767.799999999999,961.2999999999998,
2024-02-05,SKU04362,1,233.42,233.42,
2024-02-05,SKU04607,1,407.99,407.99,
2024-02-06,SKU00004,1,233.64,233.64,
2024-02-06,SKU00234,2,200.0,100.0,
2024-02-06,SKU00264,2,485.48,242.74,
2024-02-06,SKU00285,4,2022.68,505.67,
2024-02-06,SKU00640,1,180.34,180.34,
2024-02-06,SKU01170,1,365.5,365.5,
2024-02-06,SKU01774,1,129.33,129.33,
2024-02-06,SKU02279,2,3650.02,1825.01,
2024-02-06,SKU02756,3,5720.46,1906.82,
2024-02-06,SKU02782,1,1562.14,1562.14,
2024-02-06,SKU02858,1,90.7,90.7,
2024-02-06,SKU03207,1,196.37,196.37,
2024-02-06,SKU03799,3,816.12,272.04,
2024-02-06,SKU04321,1,961.3,961.3,
2024-02-07,SKU01833,1,62.59,62.59,
2024-02-07,SKU01995,1,293.37,293.37,
2024-02-07,SKU02183,2,509.38,254.69,
2024-02-07,SKU02368,1,849.39,849.39,
2024-02-07,SKU02478,3,222.45,74.15,
2024-02-07,SKU02667,1,1192.04,1192.04,
2024-02-07,SKU02695,1,272.52,272.52,
2024-02-07,SKU03193,1,259.16,259.16,
2024-02-08,SKU00020,1,109.5,109.5,
2024-02-08,SKU00200,2,269.98,134.99,
2024-02-08,SKU00508,3,1703.58,567.86,
2024-02-08,SKU00605,3,1261.32,420.44,
2024-02-08,SKU00959,4,132.04,33.01,
2024-02-08,SKU01130,3,5294.7,1764.9000000000003,
2024-02-08,SKU01743,3,4196.58,1398.86,
2024-02-08,SKU02538,3,649.74,216.58,
2024-02-08,SKU02950,2,502.18,251.09,
2024-02-08,SKU03474,3,1563.09,521.03,
2024-02-08,SKU03659,1,484.55,484.55,
2024-02-08,SKU03926,1,411.28,411.28,
2024-02-08,SKU04321,2,1922.6,961.3,
2024-02-08,SKU04381,2,384.14,192.07,
2024-02-08,SKU04596,1,335.55,335.55,
2024-02-09,SKU00772,4,1158.92,289.73,
2024-02-09,SKU00845,3,2012.49,670.83,
2024-02-09,SKU01037,1,178.07,178.07,
2024-02-09,SKU01189,2,4599.6,2299.8,
2024-02-09,SKU01937,1,1685.23,1685.23,
2024-02-09,SKU02258,2,5238.96,2619.48,
2024-02-09,SKU03030,1,108.63,108.63,
2024-02-09,SKU04181,3,189.42,63.14000000000001,
2024-02-09,SKU04321,4,3845.2,961.3,
2024-02-09,SKU04515,2,488.38,244.19,
2024-02-10,SKU00002,1,70.38,70.38,
2024-02-10,SKU02141,2,943.76,471.88,
2024-02-10,SKU02538,3,649.74,216.58,
2024-02-10,SKU02950,2,502.18,251.09,
2024-02-10,SKU03459,3,2391.06,797.02,
2024-02-10,SKU03937,1,235.76,235.76,
2024-02-10,SKU04596,1,335.55,335.55,
2024-02-10,SKU04627,2,1260.94,630.47,
2024-02-10,SKU04756,2,1330.64,665.32,
2024-02-10,SKU04759,2,2435.44,1217.72,
2024-02-11,SKU00049,3,1752.75,584.25,
2024-02-11,SKU00264,1,242.74,242.74,
2024-02-11,SKU00433,2,295.8,147.9,
2024-02-11,SKU01775,3,612.45,204.15,
2024-02-11,SKU02300,3,286.98,95.66000000000001,
2024-02-11,SKU02870,3,2384.13,794.71,
2024-02-11,SKU03490,1,1217.06,1217.06,
2024-02-11,SKU03613,4,1739.92,434.98,
2024-02-11,SKU03912,2,363.26,181.63,
2024-02-11,SKU04161,2,379.28,189.64,
2024-02-11,SKU04321,3,2883.9,961.2999999999998,
2024-02-11,SKU04515,2,488.38,244.19,
2024-02-12,SKU00076,1,306.25,306.25,
2024-02-12,SKU00762,1,169.42,169.42,
2024-02-12,SKU00970,2,708.08,354.04,
2024-02-12,SKU01280,1,593.19,593.19,
2024-02-12,SKU01639,4,1471.8,367.95,
2024-02-12,SKU01775,2,408.3,204.15,
2024-02-12,SKU02587,3,1497.69,499.23,
2024-02-12,SKU02820,1,859.3,859.3,
2024-02-12,SKU02887,1,2074.48,2074.48,
2024-02-12,SKU03082,2,59.38,29.69,
2024-02-12,SKU04043,1,1422.75,1422.75,
2024-02-12,SKU04162,2,729.78,364.89,
2024-02-12,SKU04900,2,2473.64,1236.82,
2024-02-13,SKU00329,1,1198.32,1198.32,
2024-02-13,SKU01146,3,637.53,212.51,
2024-02-13,SKU01688,1,158.65,158.65,
2024-02-13,SKU01843,1,407.44,407.44,
2024-02-13,SKU02736,1,153.51,153.51,
2024-02-13,SKU03233,2,668.22,334.11,
2024-02-13,SKU03937,2,471.52,235.76,
2024-02-13,SKU04119,3,1426.8,475.6000000000001,
2024-02-13,SKU04321,8,7690.4,961.3,
2024-02-13,SKU04329,1,2452.07,2452.07,
2024-02-13,SKU04453,1,265.58,265.58,
2024-02-14,SKU00182,1,178.74,178.74,
2024-02-14,SKU00452,4,3831.76,957.94,
2024-02-14,SKU00661,3,275.91,91.96999999999998,
2024-02-14,SKU01045,1,451.29,451.29,
2024-02-14,SKU02021,1,296.61,296.61,
2024-02-14,SKU02273,1,212.66,212.66,
2024-02-14,SKU02303,3,542.1,180.69999999999996,
2024-02-14,SKU02871,1,377.93,377.93,
2024-02-14,SKU02903,2,4311.52,2155.76,
2024-02-14,SKU03027,2,1448.76,724.38,
2024-02-14,SKU04321,5,4806.5,961.3,
2024-02-14,SKU04423,4,902.4,225.6,
2024-02-15,SKU00291,2,380.88,190.44,
2024-02-15,SKU01598,2,666.82,333.41,
2024-02-15,SKU02084,1,118.48,118.48,
2024-02-15,SKU02740,1,104.22,104.22,
2024-02-15,SKU02876,1,809.36,809.36,
2024-02-15,SKU04154,1,351.77,351.77,
2024-02-15,SKU04321,2,1922.6,961.3,
2024-02-15,SKU04642,2,660.68,330.34,
2024-02-15,SKU04939,1,173.32,173.32,
2024-02-16,SKU00953,5,1369.95,273.99,
2024-02-16,SKU00996,1,117.61,117.61,
2024-02-16,SKU01646,1,55.49,55.49,
2024-02-16,SKU01712,1,264.48,264.48,
2024-02-16,SKU02319,3,335.1,111.7,
2024-02-16,SKU02328,4,235.84,58.96,
2024-02-16,SKU02347,1,1011.11,1011.11,
2024-02-16,SKU02537,3,484.29,161.43,
2024-02-16,SKU03184,2,2528.52,1264.26,
2024-02-16,SKU03292,3,492.09,164.03,
2024-02-16,SKU03572,3,1964.43,654.81,
2024-02-16,SKU03609,1,139.89,139.89,
2024-02-16,SKU03653,2,5494.5,2747.25,
2024-02-16,SKU03867,2,125.76,62.88,
2024-02-16,SKU03930,3,5358.57,1786.1899999999998,
2024-02-16,SKU03951,1,156.85,156.85,
2024-02-16,SKU04321,3,2883.9,961.2999999999998,
2024-02-16,SKU04845,2,2000.46,1000.23,
2024-02-16,SKU04913,5,2334.55,466.91,
2024-02-17,SKU00271,1,70.38,70.38,
2024-02-17,SKU01340,1,704.19,704.19,
2024-02-17,SKU01679,2,3478.06,1739.03,
2024-02-17,SKU01723,1,156.57,156.57,
2024-02-17,SKU02141,1,471.88,471.88,
2024-02-17,SKU02155,1,1113.48,1113.48,
2024-02-17,SKU02297,5,6383.85,1276.77,
2024-02-17,SKU02607,4,4363.64,1090.91,
2024-02-17,SKU02930,2,340.32,170.16,
2024-02-17,SKU03480,2,2007.66,1003.83,
2024-02-17,SKU03604,2,245.24,122.62,
2024-02-17,SKU04030,1,327.86,327.86,
2024-02-17,SKU04840,2,1279.3,639.65,
2024-02-18,SKU00079,1,197.9,197.9,
2024-02-18,SKU00190,1,145.42,145.42,
2024-02-18,SKU00370,3,2042.67,680.89,
2024-02-18,SKU00376,1,207.45,207.45,
2024-02-18,SKU01021,1,1243.47,1243.47,
2024-02-18,SKU02740,5,521.1,104.22,
2024-02-18,SKU02829,1,445.62,445.62,
2024-02-18,SKU03906,1,125.53,125.53,
2024-02-18,SKU04321,3,2883.9,961.2999999999998,
2024-02-19,SKU00286,1,64.45,64.45,
2024-02-19,SKU01375,1,383.13,383.13,
2024-02-19,SKU01501,5,498.5,99.7,
2024-02-19,SKU01551,3,538.65,179.55000000000004,
2024-02-19,SKU01649,1,433.36,433.36,
2024-02-19,SKU01677,3,381.9,127.3,
2024-02-19,SKU01987,2,2156.04,1078.02,
2024-02-19,SKU02032,1,90.84,90.84,
2024-02-19,SKU02312,1,87.19,87.19,
2024-02-19,SKU02858,1,90.7,90.7,
2024-02-19,SKU03285,3,185.01,61.669999999999995,
2024-02-19,SKU03594,1,477.39,477.39,
2024-02-19,SKU03678,1,508.25,508.25,
2024-02-19,SKU03979,2,1647.9,823.95,
2024-02-19,SKU04015,1,1698.51,1698.51,
2024-02-19,SKU04208,1,436.42,436.42,
2024-02-19,SKU04321,4,3845.2,961.3,
2024-02-19,SKU04508,1,375.55,375.55,
2024-02-19,SKU04571,3,2605.56,868.52,
2024-02-20,SKU00166,1,830.77,830.77,
2024-02-20,SKU00392,3,1485.96,495.32,
2024-02-20,SKU00953,1,273.99,273.99,
2024-02-20,SKU01127,4,3270.16,817.54,
2024-02-20,SKU01196,1,124.22,124.22,
2024-02-20,SKU01408,1,2419.63,2419.63,
2024-02-20,SKU02026,1,1823.87,1823.87,
2024-02-20,SKU02182,3,2918.22,972.7400000000001,
2024-02-20,SKU02553,2,195.92,97.96,
2024-02-20,SKU02858,1,90.7,90.7,
2024-02-20,SKU03133,3,788.67,262.89,
2024-02-20,SKU03257,1,358.81,358.81,
2024-02-20,SKU03854,5,2412.15,482.43,
2024-02-20,SKU04012,1,631.0,631.0,
2024-02-20,SKU04016,1,1492.65,1492.65,
2024-02-20,SKU04237,1,248.5,248.5,
2024-02-20,SKU04252,1,116.03,116.03,
2024-02-20,SKU04321,1,961.3,961.3,
2024-02-21,SKU01343,3,996.45,332.15,
2024-02-21,SKU01603,1,1540.86,1540.86,
2024-02-21,SKU01677,5,636.5,127.3,
2024-02-21,SKU01922,1,810.44,810.44,
2024-02-21,SKU02067,1,290.9,290.9,
2024-02-21,SKU02683,3,1115.46,371.82,
2024-02-21,SKU03053,2,8173.44,4086.72,
2024-02-21,SKU03517,2,1972.76,986.38,
2024-02-21,SKU04321,12,11535.6,961.2999999999998,
2024-02-21,SKU04710,2,3265.68,1632.84,
2024-02-21,SKU04936,3,986.67,328.89,
2024-02-22,SKU00519,1,71.95,71.95,
2024-02-22,SKU01041,1,395.7,395.7,
2024-02-22,SKU01093,1,90.9,90.9,
2024-02-22,SKU01243,1,208.57,208.57,
2024-02-22,SKU01737,2,1536.74,768.37,
2024-02-22,SKU02508,1,145.13,145.13,
2024-02-22,SKU02747,3,1683.78,561.26,
2024-02-22,SKU02779,2,237.44,118.72,
2024-02-22,SKU03030,1,108.63,108.63,
2024-02-22,SKU03647,2,2913.08,1456.54,
2024-02-22,SKU03778,1,155.82,155.82,
2024-02-22,SKU03841,4,3956.16,989.04,
2024-02-22,SKU04041,1,575.93,575.93,
2024-02-22,SKU04198,2,245.68,122.84,
2024-02-22,SKU04248,1,158.02,158.02,
2024-02-22,SKU04548,2,279.62,139.81,
2024-02-22,SKU04571,1,868.52,868.52,
2024-02-22,SKU04707,1,978.23,978.23,
2024-02-22,SKU04936,5,1644.45,328.89,
2024-02-23,SKU00164,2,227.98,113.99,
2024-02-23,SKU00172,2,224.36,112.18,
2024-02-23,SKU00994,2,1204.26,602.13,
2024-02-23,SKU01395,1,122.37,122.37,
2024-02-23,SKU02476,1,756.24,756.24,
2024-02-23,SKU02860,1,1859.24,1859.24,
2024-02-23,SKU02991,2,213.34,106.67,
2024-02-23,SKU03032,1,110.49,110.49,
2024-02-23,SKU03186,1,66.0,66.0,
2024-02-23,SKU03395,1,271.84,271.84,
2024-02-23,SKU03601,1,790.24,790.24,
2024-02-23,SKU03626,3,562.62,187.54,
2024-02-23,SKU04630,3,356.85,118.95,
2024-02-24,SKU00680,2,308.46,154.23,
2024-02-24,SKU00726,1,974.67,974.67,
2024-02-24,SKU00864,3,670.17,223.39,
2024-02-24,SKU00953,5,1369.95,273.99,
2024-02-24,SKU03232,2,4447.68,2223.84,
2024-02-24,SKU03292,1,164.03,164.03,
2024-02-24,SKU04783,2,3886.74,1943.37,
2024-02-25,SKU00099,2,3343.98,1671.99,
2024-02-25,SKU01016,1,98.16,98.16,
2024-02-25,SKU01795,3,786.03,262.01,
2024-02-25,SKU02368,5,4246.95,849.39,
2024-02-25,SKU03536,1,127.11,127.11,
2024-02-25,SKU04032,3,611.1,203.69999999999996,
2024-02-25,SKU04044,1,301.4,301.4,
2024-02-25,SKU04437,1,24.41,24.41,
2024-02-25,SKU04719,2,481.5,240.75,
2024-02-26,SKU00221,3,1734.48,578.16,
2024-02-26,SKU00241,2,3421.2,1710.6,
2024-02-26,SKU00659,2,573.88,286.94,
2024-02-26,SKU00953,3,821.97,273.99,
2024-02-26,SKU01538,2,769.16,384.58,
2024-02-26,SKU02361,1,70.93,70.93,
2024-02-26,SKU02373,5,558.6,111.72,
2024-02-26,SKU02820,1,859.3,859.3,
2024-02-26,SKU02839,1,1889.13,1889.13,
2024-02-26,SKU03037,1,1595.26,1595.26,
2024-02-26,SKU03436,2,372.76,186.38,
2024-02-26,SKU04254,1,105.82,105.82,
2024-02-26,SKU04321,4,3845.2,961.3,
2024-02-26,SKU04596,3,1006.65,335.55,
2024-02-27,SKU00296,2,1370.58,685.29,
2024-02-27,SKU02431,1,430.58,430.58,
2024-02-27,SKU02538,1,216.58,216.58,
2024-02-27,SKU02900,2,3679.88,1839.94,
2024-02-27,SKU04140,1,331.4,331.4,
2024-02-27,SKU04153,1,136.77,136.77,
2024-02-27,SKU04399,1,665.83,665.83,
2024-02-27,SKU04508,2,751.1,375.55,
2024-02-27,SKU04574,2,143.92,71.96,
2024-02-28,SKU00291,2,380.88,190.44,
2024-02-28,SKU00328,1,204.97,204.97,
2024-02-28,SKU00499,1,110.32,110.32,
2024-02-28,SKU01101,3,378.66,126.21999999999998,
2024-02-28,SKU01274,1,558.36,558.36,
2024-02-28,SKU01351,1,488.78,488.78,
2024-02-28,SKU02538,1,216.58,216.58,
2024-02-28,SKU03194,2,1298.76,649.38,
2024-02-28,SKU04170,1,393.34,393.34,
2024-02-28,SKU04258,4,188.6,47.15,
2024-02-28,SKU04318,1,205.5,205.5,
2024-02-28,SKU04321,1,961.3,961.3,
2024-02-29,SKU00285,2,1011.34,505.67,
2024-02-29,SKU01371,2,2555.22,1277.61,
2024-02-29,SKU02067,3,872.7,290.9,
2024-02-29,SKU02132,3,1286.55,428.8500000000001,
2024-02-29,SKU02451,1,525.16,525.16,
2024-02-29,SKU02529,2,1154.84,577.42,
2024-02-29,SKU03213,3,679.77,226.59,
2024-02-29,SKU03476,2,1362.88,681.44,
2024-02-29,SKU03727,1,1660.93,1660.93,
2024-02-29,SKU03906,1,125.53,125.53,
2024-02-29,SKU04381,4,768.28,192.07,
2024-02-29,SKU04592,4,401.0,100.25,
2024-02-29,SKU04596,12,4026.6000000000004,335.55,
2024-03-01,SKU01064,3,634.83,211.61,
2024-03-01,SKU01315,1,1695.35,1695.35,
2024-03-01,SKU01458,1,551.81,551.81,
2024-03-01,SKU01557,1,93.65,93.65,
2024-03-01,SKU01608,1,171.7,171.7,
2024-03-01,SKU01722,3,478.2,159.4,
2024-03-01,SKU02007,2,474.68,237.34,
2024-03-01,SKU02057,4,668.24,167.06,
2024-03-01,SKU02462,1,171.89,171.89,
2024-03-01,SKU02792,4,1333.56,333.39,
2024-03-01,SKU03196,1,837.3,837.3,
2024-03-01,SKU03259,1,602.04,602.04,
2024-03-01,SKU03272,4,3430.32,857.58,
2024-03-01,SKU03680,1,169.14,169.14,
2024-03-01,SKU03699,3,6555.33,2185.11,
2024-03-01,SKU04321,1,961.3,961.3,
2024-03-01,SKU04615,1,277.75,277.75,
2024-03-01,SKU04810,1,33.31,33.31,
2024-03-02,SKU00043,2,1230.74,615.37,
2024-03-02,SKU00180,3,2312.16,770.7199999999999,
2024-03-02,SKU00286,1,64.45,64.45,
2024-03-02,SKU00885,1,188.68,188.68,
2024-03-02,SKU01287,2,798.14,399.07,
2024-03-02,SKU02018,2,2085.78,1042.89,
2024-03-02,SKU02526,5,3490.55,698.11,
2024-03-02,SKU02866,1,94.26,94.26,
2024-03-02,SKU03408,1,250.13,250.13,
2024-03-02,SKU03743,1,253.24,253.24,
2024-03-02,SKU03912,1,181.63,181.63,
2024-03-02,SKU04168,2,1402.6,701.3,
2024-03-02,SKU04200,2,1041.68,520.84,
2024-03-02,SKU04321,5,4806.5,961.3,
2024-03-02,SKU04635,1,687.51,687.51,
2024-03-02,SKU04680,2,285.18,142.59,
2024-03-03,SKU00049,3,1752.75,584.25,
2024-03-03,SKU00953,1,273.99,273.99,
2024-03-03,SKU01164,1,241.81,241.81,
2024-03-03,SKU01189,1,2299.8,2299.8,
2024-03-03,SKU02382,1,1233.79,1233.79,
2024-03-03,SKU02450,2,505.68,252.84,
2024-03-03,SKU03008,1,281.2,281.2,
2024-03-03,SKU03306,2,3099.52,1549.76,
2024-03-03,SKU03633,1,118.27,118.27,
2024-03-03,SKU03639,2,275.1,137.55,
2024-03-03,SKU03766,2,536.88,268.44,
2024-03-03,SKU04329,2,4904.14,2452.07,
2024-03-03,SKU04537,1,100.09,100.09,
2024-03-03,SKU04574,1,71.96,71.96,
2024-03-03,SKU04596,1,335.55,335.55,
2024-03-04,SKU00116,1,317.12,317.12,
2024-03-04,SKU00376,3,622.35,207.44999999999996,
2024-03-04,SKU00445,2,174.3,87.15,
2024-03-04,SKU00731,1,83.14,83.14,
2024-03-04,SKU00811,1,112.67,112.67,
2024-03-04,SKU01045,1,451.29,451.29,
2024-03-04,SKU01142,3,1273.47,424.49,
2024-03-04,SKU01371,2,2555.22,1277.61,
2024-03-04,SKU02076,2,2025.02,1012.51,
2024-03-04,SKU02530,1,506.86,506.86,
2024-03-04,SKU03057,1,206.34,206.34,
2024-03-04,SKU03233,1,334.11,334.11,
2024-03-04,SKU04321,4,3845.2,961.3,
2024-03-04,SKU04571,2,1737.04,868.52,
2024-03-04,SKU04699,1,143.53,143.53,
2024-03-04,SKU04715,2,2552.88,1276.44,
2024-03-04,SKU04762,1,437.45,437.45,
2024-03-05,SKU00169,4,381.48,95.37,
2024-03-05,SKU00454,1,79.58,79.58,
2024-03-05,SKU01007,2,214.1,107.05,
2024-03-05,SKU01293,2,457.56,228.78,
2024-03-05,SKU01507,3,662.52,220.84,
2024-03-05,SKU01549,3,705.51,235.17,
2024-03-05,SKU02034,1,751.83,751.83,
2024-03-05,SKU02932,2,1213.06,606.53,
2024-03-05,SKU03055,1,130.59,130.59,
2024-03-05,SKU03088,1,223.55,223.55,
2024-03-05,SKU03628,1,914.74,914.74,
2024-03-05,SKU03996,1,304.55,304.55,
2024-03-05,SKU04016,4,5970.6,1492.65,
2024-03-05,SKU04140,1,331.4,331.4,
2024-03-05,SKU04161,2,379.28,189.64,
2024-03-05,SKU04261,2,200.82,100.41,
2024-03-05,SKU04663,2,1431.46,715.73,
2024-03-05,SKU04880,2,268.82,134.41,
2024-03-05,SKU04913,1,466.91,466.91,
2024-03-06,SKU00163,1,85.24,151.67,1
2024-03-06,SKU00225,1,693.27,1233.58,1
2024-03-06,SKU00438,3,152.95,90.71999999999998,1
2024-03-06,SKU00832,2,1063.9,946.53,1
2024-03-06,SKU00919,1,323.89,576.32,1
2024-03-06,SKU00953,4,615.93,273.99,1
2024-03-06,SKU01016,3,165.5,98.16000000000001,1
2024-03-06,SKU01775,4,458.93,204.15,1
2024-03-06,SKU02778,2,192.42,171.19,1
2024-03-06,SKU02845,1,1997.06,3553.49,1
2024-03-06,SKU03030,3,183.15,108.63,1
2024-03-06,SKU04072,1,97.8,174.03,1
2024-03-06,SKU04154,3,593.08,351.77,1
2024-03-06,SKU04245,2,244.78,217.78,1
2024-03-06,SKU04321,1,540.25,961.3,1
2024-03-07,SKU00177,4,257.73,114.65,1
2024-03-07,SKU00252,1,1127.39,2006.03,1
2024-03-07,SKU00508,1,319.14,567.86,1
2024-03-07,SKU00573,1,138.88,247.12,1
2024-03-07,SKU00709,2,2515.66,2238.13,1
2024-03-07,SKU01361,1,409.48,728.62,1
2024-03-07,SKU01371,3,2154.05,1277.61,1
2024-03-07,SKU01791,2,145.61,129.55,1
2024-03-07,SKU01822,4,430.15,191.35,1
2024-03-07,SKU02341,2,454.82,404.64,1
2024-03-07,SKU02468,2,196.53,174.85,1
2024-03-07,SKU02747,1,315.43,561.26,1
2024-03-07,SKU02923,1,69.79,124.18,1
2024-03-07,SKU03061,1,131.87,234.65,1
2024-03-07,SKU03423,3,653.9,387.84,1
2024-03-07,SKU04186,3,297.58,176.5,1
2024-03-07,SKU04313,2,724.63,644.69,1
2024-03-07,SKU04341,2,75.75,67.39,1
2024-03-07,SKU04498,2,380.49,338.51,1
2024-03-08,SKU00676,1,48.17,85.72,1
2024-03-08,SKU01138,1,101.81,181.15,1
2024-03-08,SKU01270,3,476.8,282.8,1
2024-03-08,SKU01784,1,94.87,168.81,1
2024-03-08,SKU02071,1,101.13,179.94,1
2024-03-08,SKU02141,1,265.2,471.88,1
2024-03-08,SKU02840,1,150.08,267.04,1
2024-03-08,SKU02954,3,1017.16,603.3,1
2024-03-08,SKU03727,4,3733.77,1660.93,1
2024-03-08,SKU03948,1,38.35,68.23,1
2024-03-08,SKU03960,1,96.62,171.93,1
2024-03-08,SKU04002,3,1205.25,714.86,1
2024-03-08,SKU04154,1,197.69,351.77,1
2024-03-08,SKU04453,2,298.51,265.58,1
2024-03-09,SKU00487,4,471.99,209.96,1
2024-03-09,SKU00740,2,171.2,152.31,1
2024-03-09,SKU00825,3,133.72,79.31,1
2024-03-09,SKU01037,3,300.23,178.07000000000002,1
2024-03-09,SKU01048,2,108.11,96.18,1
2024-03-09,SKU01602,5,1727.73,614.85,1
2024-03-09,SKU01784,1,94.87,168.81,1
2024-03-09,SKU01913,2,234.2,208.36,1
2024-03-09,SKU02141,3,795.59,471.87999999999994,1
2024-03-09,SKU02156,2,207.7,184.79,1
2024-03-09,SKU02449,1,77.46,137.83,1
2024-03-09,SKU02896,4,3400.84,1512.83,1
2024-03-09,SKU02923,1,69.79,124.18,1
2024-03-09,SKU03129,1,40.81,72.61,1
2024-03-09,SKU03690,1,175.51,312.29,1
2024-03-09,SKU03840,1,143.38,255.12,1
2024-03-09,SKU03846,1,137.98,245.51,1
2024-03-09,SKU04095,3,730.8,433.45,1
2024-03-09,SKU04823,3,1717.22,1018.52,1
2024-03-09,SKU04918,2,72.16,64.2,1
2024-03-10,SKU00190,1,81.73,145.42,1
2024-03-10,SKU00378,2,252.32,224.48,1
2024-03-10,SKU00606,2,637.0,566.73,1
2024-03-10,SKU00692,2,264.72,235.52,1
2024-03-10,SKU01030,1,126.17,224.5,1
2024-03-10,SKU01071,4,1514.95,673.91,1
2024-03-10,SKU01159,3,609.12,361.28,1
2024-03-10,SKU01371,3,2154.05,1277.61,1
2024-03-10,SKU01450,2,2283.86,2031.9,1
2024-03-10,SKU01839,2,172.95,153.87,1
2024-03-10,SKU01946,1,1727.22,3073.34,1
2024-03-10,SKU02431,3,725.96,430.58,1
2024-03-10,SKU02858,3,152.92000000000002,90.7,1
2024-03-10,SKU02892,2,86.6,77.05,1
2024-03-10,SKU03425,1,113.79,202.48,1
2024-03-10,SKU03603,2,249.66,222.12,1
2024-03-10,SKU03727,1,933.44,1660.93,1
2024-03-10,SKU04154,1,197.69,351.77,1
2024-03-10,SKU04321,1,540.25,961.3,1
2024-03-10,SKU04596,2,377.16,335.55,1
2024-03-11,SKU00596,2,527.14,468.99,1
2024-03-11,SKU00720,1,187.96,334.44,1
2024-03-11,SKU00729,1,136.36,242.64,1
2024-03-11,SKU00819,3,316.92,187.97,1
2024-03-11,SKU01396,2,148.24,131.89,1
2024-03-11,SKU02267,1,334.47,595.15,1
2024-03-11,SKU02420,1,68.61,122.08,1
2024-03-11,SKU02429,3,95.23,56.48,1
2024-03-11,SKU02788,2,1636.03,1455.54,1
2024-03-11,SKU02972,2,111.1,98.84,1
2024-03-11,SKU03639,1,77.3,137.55,1
2024-03-11,SKU03714,5,3167.74,1127.31,1
2024-03-11,SKU03858,3,1046.62,620.77,1
2024-03-11,SKU04154,3,593.08,351.77,1
2024-03-11,SKU04329,3,4134.1900000000005,2452.07,1
2024-03-12,SKU00034,2,2366.21,2105.17,1
2024-03-12,SKU00079,4,444.88,197.9,1
2024-03-12,SKU00479,1,371.38,660.82,1
2024-03-12,SKU00675,3,1589.68,942.87,1
2024-03-12,SKU00945,2,147.64,131.35,1
2024-03-12,SKU01343,1,186.67,332.15,1
2024-03-12,SKU01478,1,473.74,842.96,1
2024-03-12,SKU01868,1,519.29,924.01,1
2024-03-12,SKU02601,2,38.8,34.52,1
2024-03-12,SKU02730,1,138.98,247.3,1
2024-03-12,SKU03373,1,919.66,1636.4,1
2024-03-12,SKU03682,1,19.18,34.13,1
2024-03-12,SKU03849,1,344.91,613.72,1
2024-03-12,SKU04321,1,540.25,961.3,1
2024-03-13,SKU00097,1,620.29,1103.71,1
2024-03-13,SKU00718,2,1139.83,1014.08,1
2024-03-13,SKU00944,1,403.47,717.92,1
2024-03-13,SKU01142,2,477.13,424.49,1
2024-03-13,SKU01352,4,336.82,149.83,1
2024-03-13,SKU01689,2,191.95,170.77,1
2024-03-13,SKU01974,4,2245.46,998.87,1
2024-03-13,SKU02071,1,101.13,179.94,1
2024-03-13,SKU02355,1,180.5,321.17,1
2024-03-13,SKU02573,1,70.74,125.88,1
2024-03-13,SKU02611,1,107.83,191.87,1
2024-03-13,SKU02690,1,140.37,249.77,1
2024-03-13,SKU02717,3,317.47,188.30000000000004,1
2024-03-13,SKU03563,1,445.88,793.38,1
2024-03-13,SKU03727,2,1866.89,1660.93,1
2024-03-13,SKU04104,1,321.63,572.29,1
2024-03-13,SKU04154,1,197.69,351.77,1
2024-03-13,SKU04212,1,865.82,1540.6,1
2024-03-13,SKU04304,1,221.08,393.38,1
2024-03-13,SKU04321,3,1620.75,961.2999999999998,1
2024-03-13,SKU04369,1,944.97,1681.45,1
2024-03-13,SKU04596,1,188.58,335.55,1
2024-03-14,SKU00337,4,845.41,376.07,1
2024-03-14,SKU01018,1,136.25,242.43,1
2024-03-14,SKU01443,5,490.82,174.67,1
2024-03-14,SKU01926,2,721.06,641.51,1
2024-03-14,SKU02004,2,1040.45,925.67,1
2024-03-14,SKU02392,1,74.31,132.22,1
2024-03-14,SKU03546,3,836.54,496.17,1
2024-03-14,SKU04321,3,1620.75,961.2999999999998,1
2024-03-14,SKU04596,1,188.58,335.55,1
2024-03-15,SKU00005,5,389.19,138.5,1
2024-03-15,SKU00643,4,1103.27,490.78,1
2024-03-15,SKU01030,3,378.51,224.5,1
2024-03-15,SKU01189,1,1292.49,2299.8,1
2024-03-15,SKU01672,2,2804.21,2494.85,1
2024-03-15,SKU01811,2,1519.58,1351.94,1
2024-03-15,SKU02046,1,1129.32,2009.47,1
2024-03-15,SKU02051,1,255.45,454.54,1
2024-03-15,SKU02155,1,625.78,1113.48,1
2024-03-15,SKU02368,5,2386.79,849.39,1
2024-03-15,SKU02645,1,152.91,272.08,1
2024-03-15,SKU02747,2,630.86,561.26,1
2024-03-15,SKU03841,2,1111.68,989.04,1
2024-03-15,SKU03876,2,261.64,232.78,1
2024-03-15,SKU04105,1,261.21,464.78,1
2024-03-15,SKU04166,1,148.18,263.67,1
2024-03-15,SKU04321,3,1620.75,961.2999999999998,1
2024-03-15,SKU04359,1,130.29,231.83,1
2024-03-15,SKU04493,1,29.26,52.07,1
2024-03-15,SKU04928,2,429.8,382.38,1
2024-03-16,SKU00110,1,161.22,286.87,1
2024-03-16,SKU00279,3,185.12,109.8,1
2024-03-16,SKU00663,2,1229.66,1094.0,1
2024-03-16,SKU02737,1,177.11,315.14,1
2024-03-16,SKU03024,2,314.85,280.12,1
2024-03-16,SKU03353,1,27.32,48.61,1
2024-03-16,SKU04042,2,272.9,242.79,1
2024-03-16,SKU04154,2,395.39,351.77,1
2024-03-16,SKU04321,2,1080.5,961.3,1
2024-03-17,SKU00195,1,640.48,1139.65,1
2024-03-17,SKU00663,3,1844.48,1094.0,1
2024-03-17,SKU00994,1,338.4,602.13,1
2024-03-17,SKU01662,1,278.66,495.84,1
2024-03-17,SKU02381,3,1665.65,987.93,1
2024-03-17,SKU02482,2,1458.9,1297.95,1
2024-03-17,SKU03134,1,110.68,196.94,1
2024-03-17,SKU04061,1,36.87,65.6,1
2024-03-17,SKU04321,2,1080.5,961.3,1
2024-03-17,SKU04344,4,453.67,201.81,1
2024-03-17,SKU04424,1,674.7,1200.53,1
2024-03-17,SKU04618,5,1218.36,433.58000000000004,1
2024-03-17,SKU04701,2,192.99,171.7,1
2024-03-18,SKU00019,3,664.89,394.35999999999996,1
2024-03-18,SKU00254,3,177.96,105.55,1
2024-03-18,SKU00539,2,224.38,199.63,1
2024-03-18,SKU01578,1,303.68,540.35,1
2024-03-18,SKU01843,1,228.98,407.44,1
2024-03-18,SKU02013,4,539.12,239.82,1
2024-03-18,SKU02096,1,378.93,674.25,1
2024-03-18,SKU02272,1,1422.33,2530.84,1
2024-03-18,SKU02980,1,1005.5,1789.14,1
2024-03-18,SKU03086,1,230.54,410.21,1
2024-03-18,SKU03727,3,2800.33,1660.93,1
2024-03-18,SKU04154,3,593.08,351.77,1
2024-03-18,SKU04321,1,540.25,961.3,1
2024-03-18,SKU04538,3,363.06,215.34,1
2024-03-18,SKU04575,1,45.07,80.19,1
2024-03-18,SKU04596,1,188.58,335.55,1
2024-03-18,SKU04677,2,188.66,167.85,1
2024-03-19,SKU00190,2,163.45,145.42,1
2024-03-19,SKU00286,1,36.22,64.45,1
2024-03-19,SKU00405,2,141.56,125.94,1
2024-03-19,SKU00639,5,2398.59,853.5899999999999,1
2024-03-19,SKU00728,1,1998.32,3555.73,1
2024-03-19,SKU01289,1,144.82,257.68,1
2024-03-19,SKU01508,1,1290.0,2295.38,1
2024-03-19,SKU01854,3,379.86,225.30000000000004,1
2024-03-19,SKU02141,3,795.59,471.87999999999994,1
2024-03-19,SKU02233,1,146.42,260.53,1
2024-03-19,SKU02268,1,115.47,205.47,1
2024-03-19,SKU02692,5,5887.03,2095.03,1
2024-03-19,SKU03395,3,458.32,271.84,1
2024-03-19,SKU03546,1,278.85,496.17,1
2024-03-19,SKU04321,1,540.25,961.3,1
2024-03-19,SKU04508,2,422.12,375.55,1
2024-03-19,SKU04808,2,553.36,492.31,1
2024-03-19,SKU04823,1,572.41,1018.52,1
2024-03-20,SKU00068,1,150.02,266.94,1
2024-03-20,SKU00686,4,2793.12,1242.49,1
2024-03-20,SKU02330,1,124.42,221.38,1
2024-03-20,SKU02609,1,220.22,391.85,1
2024-03-20,SKU03082,3,50.06,29.69,1
2024-03-20,SKU03608,2,1230.87,1095.08,1
2024-03-20,SKU03792,1,132.53,235.81,1
2024-03-20,SKU04232,1,55.39,98.56,1
2024-03-20,SKU04459,3,2274.43,1349.01,1
2024-03-20,SKU04711,1,163.78,291.42,1
2024-03-20,SKU04937,2,1690.91,1504.37,1
2024-03-21,SKU00020,1,61.54,109.5,1
2024-03-21,SKU00131,1,67.01,119.24,1
2024-03-21,SKU00531,2,3315.76,2949.96,1
2024-03-21,SKU00598,3,261.97,155.38,1
2024-03-21,SKU00602,1,69.05,122.87,1
2024-03-21,SKU00994,5,1691.99,602.13,1
2024-03-21,SKU01371,2,1436.03,1277.61,1
2024-03-21,SKU01711,4,1950.18,867.52,1
2024-03-21,SKU01953,2,348.27,309.85,1
2024-03-21,SKU02355,2,361.0,321.17,1
2024-03-21,SKU02470,3,275.51,163.41,1
2024-03-21,SKU02826,4,985.37,438.33,1
2024-03-21,SKU02828,1,932.35,1658.99,1
2024-03-21,SKU02921,3,538.74,319.54,1
2024-03-21,SKU03112,2,430.17,382.71,1
2024-03-21,SKU03947,2,522.27,464.65,1
2024-03-21,SKU04154,3,593.08,351.77,1
2024-03-21,SKU04321,2,1080.5,961.3,1
2024-03-21,SKU04375,3,2970.19,1761.68,1
2024-03-22,SKU00486,1,1363.32,2425.84,1
2024-03-22,SKU01543,1,746.45,1328.2,1
2024-03-22,SKU02740,2,117.14,104.22,1
2024-03-22,SKU03117,5,13362.87,4755.47,1
2024-03-22,SKU03425,3,341.38,202.48,1
2024-03-22,SKU03784,5,3469.5299999999997,1234.71,1
2024-03-22,SKU04154,1,197.69,351.77,1
2024-03-22,SKU04321,2,1080.5,961.3,1
2024-03-22,SKU04416,1,337.52,600.57,1
2024-03-22,SKU04583,1,542.94,966.08,1
2024-03-22,SKU04596,1,188.58,335.55,1
2024-03-22,SKU04918,1,36.08,64.2,1
2024-03-23,SKU00072,3,551.74,327.25,1
2024-03-23,SKU00079,1,111.22,197.9,1
2024-03-23,SKU00298,1,215.28,383.06,1
2024-03-23,SKU00599,2,52.79,46.97,1
2024-03-23,SKU00720,2,375.91,334.44,1
2024-03-23,SKU00774,4,212.68,94.61,1
2024-03-23,SKU00845,1,377.01,670.83,1
2024-03-23,SKU00917,1,102.42,182.25,1
2024-03-23,SKU01192,1,83.86,149.22,1
2024-03-23,SKU01535,2,333.38,296.6,1
2024-03-23,SKU01563,2,2793.72,2485.52,1
2024-03-23,SKU02897,2,2627.13,2337.3,1
2024-03-23,SKU02914,3,257.86,152.94,1
2024-03-23,SKU03347,1,50.97,90.7,1
2024-03-23,SKU03727,4,3733.77,1660.93,1
2024-03-23,SKU03820,1,540.11,961.05,1
2024-03-23,SKU03890,1,370.58,659.39,1
2024-03-23,SKU04321,2,1080.5,961.3,1
2024-03-24,SKU00270,4,1172.42,521.54,1
2024-03-24,SKU00341,1,53.75,95.64,1
2024-03-24,SKU00718,1,569.91,1014.08,1
2024-03-24,SKU00893,1,388.15,690.66,1
2024-03-24,SKU01242,1,233.19,414.93,1
2024-03-24,SKU01707,3,593.81,352.2,1
2024-03-24,SKU02488,2,3938.83,3504.3,1
2024-03-24,SKU02642,1,107.67,191.59,1
2024-03-24,SKU02776,1,132.03,234.93,1
2024-03-24,SKU02858,1,50.97,90.7,1
2024-03-24,SKU03088,1,125.64,223.55,1
2024-03-24,SKU03969,3,183.89,109.07,1
2024-03-24,SKU03987,5,469.92,167.23,1
2024-03-24,SKU04154,1,197.69,351.77,1
2024-03-24,SKU04489,1,141.07,251.01,1
2024-03-24,SKU04631,1,292.36,520.22,1
2024-03-25,SKU00079,1,111.22,197.9,1
2024-03-25,SKU00129,2,244.11,217.18,1
2024-03-25,SKU00565,3,567.02,336.31,1
2024-03-25,SKU00728,1,1998.32,3555.73,1
2024-03-25,SKU00830,1,162.99,290.01,1
2024-03-25,SKU00921,3,5671.4,3363.82,1
2024-03-25,SKU00994,2,676.79,602.13,1
2024-03-25,SKU01513,1,33.08,58.86,1
2024-03-25,SKU02029,1,260.34,463.23,1
2024-03-25,SKU02141,1,265.2,471.88,1
2024-03-25,SKU02375,3,143.41,85.06,1
2024-03-25,SKU03546,2,557.7,496.17,1
2024-03-25,SKU04321,2,1080.5,961.3,1
2024-03-25,SKU04436,1,377.58,671.85,1
2024-03-25,SKU04732,1,57.43,102.18,1
2024-03-25,SKU04906,3,3387.92,2009.4399999999998,1
2024-03-25,SKU04925,3,230.09,136.47,1
2024-03-26,SKU00365,2,87.67,78.0,1
2024-03-26,SKU01201,1,74.9,133.28,1
2024-03-26,SKU01289,3,434.45,257.68,1
2024-03-26,SKU02071,1,101.13,179.94,1
2024-03-26,SKU02980,1,1005.5,1789.14,1
2024-03-26,SKU03088,1,125.64,223.55,1
2024-03-26,SKU03399,2,178.72,159.0,1
2024-03-26,SKU03494,1,40.51,72.09,1
2024-03-26,SKU03727,3,2800.33,1660.93,1
2024-03-26,SKU04321,5,2701.25,961.3,1
2024-03-26,SKU04493,1,29.26,52.07,1
2024-03-27,SKU00845,4,1508.03,670.83,1
2024-03-27,SKU01692,1,41.68,74.16,1
2024-03-27,SKU01775,1,114.73,204.15,1
2024-03-27,SKU02016,2,219.15,194.97,1
2024-03-27,SKU02833,2,4411.17,3924.53,1
2024-03-27,SKU03566,2,134.95,120.06,1
2024-03-27,SKU03887,2,578.05,514.28,1
2024-03-27,SKU04321,5,2701.25,961.3,1
2024-03-27,SKU04571,3,1464.32,868.52,1
2024-03-27,SKU04663,2,804.48,715.73,1
2024-03-27,SKU04822,3,771.29,457.47,1
2024-03-28,SKU00285,1,284.19,505.67,1
2024-03-28,SKU00624,2,2660.94,2367.38,1
2024-03-28,SKU01266,1,491.75,875.0,1
2024-03-28,SKU01578,1,303.68,540.35,1
2024-03-28,SKU01668,1,119.28,212.25,1
2024-03-28,SKU02111,1,98.52,175.31,1
2024-03-28,SKU02371,1,280.63,499.35,1
2024-03-28,SKU02694,1,123.34,219.47,1
2024-03-28,SKU02740,1,58.57,104.22,1
2024-03-28,SKU03943,1,121.5,216.19,1
2024-03-28,SKU04154,2,395.39,351.77,1
2024-03-28,SKU04321,5,2701.25,961.3,1
2024-03-28,SKU04344,2,226.83,201.81,1
2024-03-28,SKU04553,1,167.59,298.21,1
2024-03-28,SKU04562,1,740.1,1316.91,1
2024-03-29,SKU00020,2,123.08,109.5,1
2024-03-29,SKU00565,1,189.01,336.31,1
2024-03-29,SKU00619,1,148.21,263.71,1
2024-03-29,SKU00688,3,371.19,220.16,1
2024-03-29,SKU01048,2,108.11,96.18,1
2024-03-29,SKU01423,4,6443.37,2866.27,1
2024-03-29,SKU01542,1,1468.35,2612.73,1
2024-03-29,SKU02155,3,1877.33,1113.48,1
2024-03-29,SKU02649,1,855.27,1521.83,1
2024-03-29,SKU02908,1,183.41,326.35,1
2024-03-29,SKU02945,1,486.87,866.32,1
2024-03-29,SKU03053,2,4593.47,4086.72,1
2024-03-29,SKU03448,1,250.31,445.39,1
2024-03-29,SKU04321,1,540.25,961.3,1
2024-03-29,SKU04871,1,427.83,761.27,1
2024-03-30,SKU00070,3,1245.87,738.9500000000002,1
2024-03-30,SKU00577,1,919.99,1637.0,1
2024-03-30,SKU00759,2,541.39,481.66,1
2024-03-30,SKU00845,1,377.01,670.83,1
2024-03-30,SKU01246,1,296.1,526.86,1
2024-03-30,SKU01507,2,248.22,220.84,1
2024-03-30,SKU01652,1,108.51,193.07,1
2024-03-30,SKU02141,1,265.2,471.88,1
2024-03-30,SKU02896,1,850.21,1512.83,1
2024-03-30,SKU03166,4,750.45,333.83,1
2024-03-30,SKU03947,1,261.13,464.65,1
2024-03-30,SKU04321,1,540.25,961.3,1
2024-03-30,SKU04365,1,997.38,1774.69,1
2024-03-31,SKU00363,1,620.31,1103.75,1
2024-03-31,SKU00417,1,22.72,40.43,1
2024-03-31,SKU00953,2,307.96,273.99,1
2024-03-31,SKU00983,4,2905.16,1292.33,1
2024-03-31,SKU01507,3,372.34,220.84,1
2024-03-31,SKU02253,3,2380.35,1411.83,1
2024-03-31,SKU02312,4,196.0,87.19,1
2024-03-31,SKU02840,1,150.08,267.04,1
2024-03-31,SKU02930,2,191.26,170.16,1
2024-03-31,SKU03117,1,2672.57,4755.47,1
2024-03-31,SKU03323,1,1686.85,3001.52,1
2024-03-31,SKU03544,1,103.83,184.75,1
2024-03-31,SKU04041,1,323.67,575.93,1
2024-03-31,SKU04062,1,1927.74,3430.14,1
2024-03-31,SKU04321,2,1080.5,961.3,1
2024-03-31,SKU04381,2,215.89,192.07,1
2024-03-31,SKU04596,1,188.58,335.55,1
2024-04-01,SKU00001,1,457.14,813.41,1
2024-04-01,SKU00304,1,212.4,377.93,1
2024-04-01,SKU00388,4,143.02,63.62,1
2024-04-01,SKU00669,1,355.05,631.77,1
2024-04-01,SKU00996,2,132.19,117.61,1
2024-04-01,SKU01008,1,466.98,830.92,1
2024-04-01,SKU01332,3,112.32,66.62,1
2024-04-01,SKU01671,2,115.43,102.7,1
2024-04-01,SKU01849,2,164.06,145.96,1
2024-04-01,SKU02040,1,878.51,1563.18,1
2024-04-01,SKU02183,1,143.14,254.69,1
2024-04-01,SKU02247,1,100.77,179.3,1
2024-04-01,SKU02283,2,98.71,87.82,1
2024-04-01,SKU02614,2,132.79,118.14,1
2024-04-01,SKU03194,1,364.95,649.38,1
2024-04-01,SKU03445,1,29.89,53.18,1
2024-04-01,SKU03826,1,1865.62,3319.6,1
2024-04-01,SKU04166,2,296.37,263.67,1
2024-04-01,SKU04847,4,1418.4,630.96,1
2024-04-02,SKU00375,2,129.26,115.0,1
2024-04-02,SKU00485,2,56.46,50.23,1
2024-04-02,SKU00737,3,736.65,436.92,1
2024-04-02,SKU00836,4,1719.74,765.01,1
2024-04-02,SKU01126,5,4822.61,1716.23,1
2024-04-02,SKU01595,1,95.92,170.68,1
2024-04-02,SKU01775,1,114.73,204.15,1
2024-04-02,SKU01973,3,536.08,317.96,1
2024-04-02,SKU01988,2,372.18,331.12,1
2024-04-02,SKU02141,2,530.39,471.88,1
2024-04-02,SKU02721,3,438.33,259.98,1
2024-04-02,SKU03323,2,3373.71,3001.52,1
2024-04-02,SKU03620,1,540.76,962.2,1
2024-04-02,SKU03885,3,839.12,497.7,1
2024-04-02,SKU04034,5,4428.05,1575.82,1
2024-04-02,SKU04596,1,188.58,335.55,1
2024-04-02,SKU04602,1,56.43,100.41,1
2024-04-03,SKU00991,4,454.73,226.46,1
2024-04-03,SKU01030,1,112.7,224.5,1
2024-04-03,SKU01245,3,57.5,38.18,1
2024-04-03,SKU01420,2,214.5,213.65,1
2024-04-03,SKU02630,2,258.81,257.78,1
2024-04-03,SKU02639,1,83.41,166.16,1
2024-04-03,SKU02892,2,77.36,77.05,1
2024-04-03,SKU02973,1,121.97,242.96,1
2024-04-03,SKU03170,2,326.14,324.84,1
2024-04-03,SKU03233,1,167.72,334.11,1
2024-04-03,SKU03969,2,109.51,109.07,1
2024-04-03,SKU03976,3,680.17,451.64000000000004,1
2024-04-03,SKU04056,1,594.39,1184.05,1
2024-04-03,SKU04143,1,207.56,413.46,1
2024-04-03,SKU04165,3,3457.57,2295.86,1
2024-04-03,SKU04174,2,78.29,77.98,1
2024-04-03,SKU04321,4,1930.3,961.3,1
2024-04-03,SKU04489,5,630.04,251.01,1
2024-04-03,SKU04547,1,172.63,343.88,1
2024-04-03,SKU04949,2,193.81,193.04,1
2024-04-04,SKU00443,1,44.68,89.0,1
2024-04-04,SKU00454,1,39.95,79.58,1
2024-04-04,SKU00692,1,118.23,235.52,1
2024-04-04,SKU01294,2,443.64,441.87,1
2024-04-04,SKU01357,1,533.14,1062.03,1
2024-04-04,SKU01420,3,321.76,213.65,1
2024-04-04,SKU01501,1,50.05,99.7,1
2024-04-04,SKU01771,2,337.42,336.08,1
2024-04-04,SKU01981,1,395.62,788.09,1
2024-04-04,SKU02020,1,72.04,143.5,1
2024-04-04,SKU02141,2,473.77,471.88,1
2024-04-04,SKU02479,1,438.02,872.55,1
2024-04-04,SKU02927,3,289.92,192.51,1
2024-04-04,SKU03271,1,294.68,587.02,1
2024-04-04,SKU03396,1,332.19,661.74,1
2024-04-04,SKU03592,1,149.42,297.65,1
2024-04-04,SKU03870,1,151.49,301.78,1
2024-04-04,SKU04020,1,1618.54,3224.18,1
2024-04-04,SKU04321,2,965.15,961.3,1
2024-04-04,SKU04923,1,32.4,64.54,1
2024-04-05,SKU00953,1,137.54,273.99,1
2024-04-05,SKU01319,1,1028.43,2048.66,1
2024-04-05,SKU01347,2,498.44,496.45,1
2024-04-05,SKU02482,1,651.57,1297.95,1
2024-04-05,SKU02718,1,68.63,136.71,1
2024-04-05,SKU02732,2,49.59,49.39,1
2024-04-05,SKU03113,4,2433.33,1211.82,1
2024-04-05,SKU03312,2,230.1,229.18,1
2024-04-05,SKU03970,1,264.07,526.03,1
2024-04-05,SKU04181,1,31.7,63.14,1
2024-04-05,SKU04198,5,308.33,122.84,1
2024-04-05,SKU04254,1,53.12,105.82,1
2024-04-05,SKU04574,1,36.12,71.96,1
2024-04-05,SKU04596,1,168.45,335.55,1
2024-04-05,SKU04847,5,1583.71,630.96,1
2024-04-05,SKU04903,1,119.47,237.98,1
2024-04-06,SKU00545,2,88.53,88.18,1
2024-04-06,SKU00934,3,1561.75,1037.02,1
2024-04-06,SKU01077,1,63.67,126.83,1
2024-04-06,SKU01259,4,746.15,371.59,1
2024-04-06,SKU01727,1,54.59,108.74,1
2024-04-06,SKU01970,1,739.03,1472.18,1
2024-04-06,SKU03290,1,839.73,1672.77,1
2024-04-06,SKU03292,1,82.34,164.03,1
2024-04-06,SKU03460,1,1523.53,3034.93,1
2024-04-06,SKU03535,4,358.67,178.62,1
2024-04-06,SKU03617,1,991.99,1976.08,1
2024-04-06,SKU04321,7,3378.02,961.3,1
2024-04-06,SKU04380,3,432.12,286.93,1
2024-04-06,SKU04932,1,156.59,311.93,1
2024-04-07,SKU00937,2,770.88,767.81,1
2024-04-07,SKU01263,3,278.61,185.0,1
2024-04-07,SKU01547,4,332.61,165.64,1
2024-04-07,SKU01882,1,34.8,69.32,1
2024-04-07,SKU02096,1,338.47,674.25,1
2024-04-07,SKU02286,1,244.05,486.15,1
2024-04-07,SKU02320,2,108.29,107.86,1
2024-04-07,SKU02573,3,189.58,125.88,1
2024-04-07,SKU03152,1,44.06,87.77,1
2024-04-07,SKU03945,2,140.58,140.02,1
2024-04-07,SKU04134,1,198.16,394.74,1
2024-04-07,SKU04186,1,88.6,176.5,1
2024-04-07,SKU04321,2,965.15,961.3,1
2024-04-07,SKU04350,1,198.25,394.93,1
2024-04-07,SKU04462,1,96.17,191.58,1
2024-04-08,SKU00074,1,99.14,197.5,1
2024-04-08,SKU00780,2,577.46,575.16,1
2024-04-08,SKU01045,2,453.1,451.29,1
2024-04-08,SKU01377,2,131.76,131.24,1
2024-04-08,SKU01713,1,373.63,744.29,1
2024-04-08,SKU02900,3,2770.95,1839.9399999999998,1
2024-04-08,SKU03292,1,82.34,164.03,1
2024-04-08,SKU03309,2,986.94,983.01,1
2024-04-08,SKU03868,2,116.21,115.75,1
2024-04-08,SKU04105,2,466.64,464.78,1
2024-04-08,SKU04315,1,249.73,497.47,1
2024-04-08,SKU04321,1,482.57,961.3,1
2024-04-08,SKU04350,2,396.51,394.93,1
2024-04-08,SKU04452,1,120.88,240.8,1
2024-04-08,SKU04596,1,168.45,335.55,1
2024-04-08,SKU04799,1,80.99,161.33,1
2024-04-08,SKU04910,4,742.7,369.87,1
2024-04-09,SKU00264,2,243.71,242.74,1
2024-04-09,SKU00332,2,1676.73,1670.05,1
2024-04-09,SKU00513,2,235.14,234.2,1
2024-04-09,SKU00599,1,23.58,46.97,1
2024-04-09,SKU00725,3,2617.29,1737.91,1
2024-04-09,SKU01746,2,1077.74,1073.45,1
2024-04-09,SKU01775,1,102.48,204.15,1
2024-04-09,SKU02352,3,129.62,86.07,1
2024-04-09,SKU02482,2,1303.14,1297.95,1
2024-04-09,SKU02706,1,116.88,232.82,1
2024-04-09,SKU03049,2,268.47,267.4,1
2024-04-09,SKU03119,1,18.86,37.56,1
2024-04-09,SKU03513,1,108.88,216.89,1
2024-04-09,SKU03667,1,146.49,291.82,1
2024-04-09,SKU04132,1,1132.14,2255.25,1
2024-04-09,SKU04321,3,1447.72,961.2999999999998,1
2024-04-09,SKU04596,3,505.34,335.55,1
2024-04-10,SKU00118,2,290.85,289.69,1
2024-04-10,SKU00801,4,168.51,83.92,1
2024-04-10,SKU01274,2,560.59,558.36,1
2024-04-10,SKU01725,3,357.63,237.47,1
2024-04-10,SKU02247,1,90.01,179.3,1
2024-04-10,SKU02484,1,284.76,567.26,1
2024-04-10,SKU02526,1,350.45,698.11,1
2024-04-10,SKU02560,4,3376.33,1681.44,1
2024-04-10,SKU02747,4,1127.01,561.26,1
2024-04-10,SKU03024,1,140.62,280.12,1
2024-04-10,SKU03098,2,142.93,142.36,1
2024-04-10,SKU03680,1,84.91,169.14,1
2024-04-10,SKU04083,2,727.2,724.3,1
2024-04-10,SKU04128,2,1717.28,1710.44,1
2024-04-10,SKU04321,4,1930.29,961.3,1
2024-04-11,SKU00072,1,164.28,327.25,1
2024-04-11,SKU00190,1,73.0,145.42,1
2024-04-11,SKU00301,5,795.39,316.89,1
2024-04-11,SKU00620,1,137.3,273.51,1
2024-04-11,SKU00893,1,346.71,690.66,1
2024-04-11,SKU01154,3,2330.91,1547.75,1
2024-04-11,SKU01364,2,128.46,127.95,1
2024-04-11,SKU02150,1,694.05,1382.56,1
2024-04-11,SKU02282,3,300.19,199.33,1
2024-04-11,SKU02567,2,373.49,372.0,1
2024-04-11,SKU02858,2,91.06,90.7,1
2024-04-11,SKU03058,2,1207.8,1202.99,1
2024-04-11,SKU03242,1,123.46,245.93,1
2024-04-11,SKU03551,2,177.85,177.14,1
2024-04-11,SKU03610,2,464.79,462.94,1
2024-04-12,SKU00190,3,219.0,145.42,1
2024-04-12,SKU00538,2,1105.47,1101.07,1
2024-04-12,SKU00639,2,857.0,853.59,1
2024-04-12,SKU00723,1,110.47,220.06,1
2024-04-12,SKU01535,1,148.89,296.6,1
2024-04-12,SKU01550,2,34.62,34.48,1
2024-04-12,SKU01676,1,1120.84,2232.74,1
2024-04-12,SKU01728,1,957.73,1907.83,1
2024-04-12,SKU01993,1,71.37,142.17,1
2024-04-12,SKU02631,1,63.65,126.79,1
2024-04-12,SKU02983,2,1066.96,1062.71,1
2024-04-12,SKU03016,4,468.47,233.3,1
2024-04-12,SKU03209,1,38.45,76.6,1
2024-04-12,SKU03442,1,79.15,157.67,1
2024-04-12,SKU03504,2,851.17,847.78,1
2024-04-12,SKU03587,1,126.87,252.72,1
2024-04-12,SKU03727,1,833.79,1660.93,1
2024-04-12,SKU03943,1,108.53,216.19,1
2024-04-12,SKU03959,2,317.26,316.0,1
2024-04-12,SKU04350,1,198.25,394.93,1
2024-04-12,SKU04429,1,103.66,206.49,1
2024-04-13,SKU00096,2,211.09,210.25,1
2024-04-13,SKU00097,1,554.06,1103.71,1
2024-04-13,SKU00292,3,317.74,210.98,1
2024-04-13,SKU02372,1,201.35,401.1,1
2024-04-13,SKU02452,2,30.73,30.61,1
2024-04-13,SKU02930,2,170.84,170.16,1
2024-04-13,SKU03004,1,1047.85,2087.35,1
2024-04-13,SKU03175,1,80.66,160.68,1
2024-04-13,SKU03682,2,34.27,34.13,1
2024-04-13,SKU03840,3,384.21,255.12,1
2024-04-13,SKU03843,1,63.03,125.55,1
2024-04-13,SKU03963,4,255.78,127.38,1
2024-04-13,SKU04021,3,271.88,180.53,1
2024-04-13,SKU04175,1,101.63,202.45,1
2024-04-13,SKU04321,1,482.57,961.3,1
2024-04-13,SKU04756,2,667.98,665.32,1
2024-04-14,SKU00278,2,1815.07,1807.84,1
2024-04-14,SKU00475,3,1031.73,685.08,1
2024-04-14,SKU00636,4,2201.33,1096.28,1
2024-04-14,SKU00664,1,93.84,186.94,1
2024-04-14,SKU00678,2,629.66,627.15,1
2024-04-14,SKU00718,1,509.07,1014.08,1
2024-04-14,SKU01193,3,382.36,253.89,1
2024-04-14,SKU01255,2,183.5,182.77,1
2024-04-14,SKU01466,2,34.43,34.29,1
2024-04-14,SKU01982,2,88.7,88.35,1
2024-04-14,SKU02141,1,236.88,471.88,1
2024-04-14,SKU02531,4,288.13,143.49,1
2024-04-14,SKU02648,2,886.98,883.45,1
2024-04-14,SKU02657,1,64.63,128.75,1
2024-04-14,SKU02660,3,123.36,81.91,1
2024-04-14,SKU02930,2,170.84,170.16,1
2024-04-14,SKU02967,5,1845.9,735.42,1
2024-04-14,SKU03460,1,1523.53,3034.93,1
2024-04-14,SKU04066,1,138.31,275.52,1
2024-04-14,SKU04321,1,482.57,961.3,1
2024-04-14,SKU04350,1,198.25,394.93,1
2024-04-14,SKU04933,3,277.65,184.36,1
2024-04-15,SKU00002,3,105.99,70.38,1
2024-04-15,SKU00062,1,250.72,499.45,1
2024-04-15,SKU00119,1,483.9,963.94,1
2024-04-15,SKU00285,3,761.54,505.67,1
2024-04-15,SKU00341,1,48.01,95.64,1
2024-04-15,SKU00484,4,359.51,179.04,1
2024-04-15,SKU00578,4,230.76,114.92,1
2024-04-15,SKU00994,2,604.54,602.13,1
2024-04-15,SKU02087,1,31.62,62.98,1
2024-04-15,SKU02621,2,901.94,898.35,1
2024-04-15,SKU02699,4,190.48,94.86,1
2024-04-15,SKU03379,2,57.62,57.39,1
2024-04-15,SKU03877,1,43.95,87.54,1
2024-04-15,SKU04191,5,267.82,106.7,1
2024-04-15,SKU04321,11,5308.3,961.3,1
2024-04-15,SKU04329,1,1230.94,2452.07,1
2024-04-15,SKU04381,1,96.42,192.07,1
2024-04-15,SKU04835,4,124.7,62.1,1
2024-04-16,SKU00285,1,253.85,505.67,1
2024-04-16,SKU00564,1,668.88,1332.43,1
2024-04-16,SKU01507,1,110.86,220.84,1
2024-04-16,SKU01940,1,64.12,127.72,1
2024-04-16,SKU03727,2,1667.57,1660.93,1
2024-04-17,SKU00555,1,38.99,77.66,1
2024-04-17,SKU00743,2,762.34,759.3,1
2024-04-17,SKU01014,2,275.6,274.5,1
2024-04-17,SKU01059,3,266.55,176.99,1
2024-04-17,SKU02336,1,169.21,337.07,1
2024-04-17,SKU03391,1,722.98,1440.2,1
2024-04-17,SKU03612,5,728.15,290.1,1
2024-04-17,SKU03876,4,467.42,232.78,1
2024-04-17,SKU04905,3,176.26,117.04,1
2024-04-18,SKU00126,2,506.88,253.44,
2024-04-18,SKU00426,2,1211.22,605.61,
2024-04-18,SKU00779,1,664.45,664.45,
2024-04-18,SKU01151,2,3678.44,1839.22,
2024-04-18,SKU01237,1,974.68,974.68,
2024-04-18,SKU01716,3,1863.09,621.03,
2024-04-18,SKU02068,1,249.89,249.89,
2024-04-18,SKU02143,2,177.28,88.64,
2024-04-18,SKU02660,3,245.73,81.91,
2024-04-18,SKU03727,2,3321.86,1660.93,
2024-04-18,SKU04384,3,4845.0,1615.0,
2024-04-18,SKU04633,1,620.55,620.55,
2024-04-19,SKU00086,1,2786.01,2786.01,
2024-04-19,SKU00169,3,286.11,95.37,
2024-04-19,SKU00206,3,653.28,217.76,
2024-04-19,SKU00942,5,864.5,172.9,
2024-04-19,SKU02503,5,1404.5,280.9,
2024-04-19,SKU02543,3,5868.72,1956.24,
2024-04-19,SKU02720,1,139.98,139.98,
2024-04-19,SKU02833,3,11773.59,3924.53,
2024-04-19,SKU02840,1,267.04,267.04,
2024-04-19,SKU02930,1,170.16,170.16,
2024-04-19,SKU02934,1,112.59,112.59,
2024-04-19,SKU03030,3,325.89,108.63,
2024-04-19,SKU03145,4,189.76,47.44,
2024-04-19,SKU03996,2,609.1,304.55,
2024-04-19,SKU04232,2,185.49,98.56,1
2024-04-19,SKU04321,2,1922.6,961.3,
2024-04-19,SKU04857,2,902.38,451.19,
2024-04-20,SKU00116,2,634.24,317.12,
2024-04-20,SKU00953,4,1095.96,273.99,
2024-04-20,SKU01049,2,1769.96,884.98,
2024-04-20,SKU02644,4,2886.2,721.55,
2024-04-20,SKU02652,1,91.11,91.11,
2024-04-20,SKU02717,1,188.3,188.3,
2024-04-20,SKU02983,1,1062.71,1062.71,
2024-04-20,SKU03182,1,857.46,857.46,
2024-04-20,SKU03769,1,96.33,96.33,
2024-04-20,SKU04321,6,5767.8,961.3000000000001,
2024-04-21,SKU00005,2,277.0,138.5,
2024-04-21,SKU00484,4,716.16,179.04,
2024-04-21,SKU00815,1,43.87,43.87,
2024-04-21,SKU00953,3,821.97,273.99,
2024-04-21,SKU01223,1,271.98,271.98,
2024-04-21,SKU01325,1,267.7,267.7,
2024-04-21,SKU01343,1,332.15,332.15,
2024-04-21,SKU01547,2,331.28,165.64,
2024-04-21,SKU01775,3,612.45,204.15,
2024-04-21,SKU01833,2,125.18,62.59,
2024-04-21,SKU01871,3,465.75,155.25,
2024-04-21,SKU02333,1,53.1,53.1,
2024-04-21,SKU02648,1,883.45,883.45,
2024-04-21,SKU02953,5,1034.85,206.96999999999997,
2024-04-21,SKU03232,3,4610.02,2223.84,1
2024-04-21,SKU03280,1,211.26,211.26,
2024-04-21,SKU03434,2,217.36,108.68,
2024-04-21,SKU04121,1,1735.36,2511.37,1
2024-04-21,SKU04270,2,285.93,151.93,1
2024-04-21,SKU04321,5,4806.5,961.3,
2024-04-21,SKU04381,1,192.07,192.07,
2024-04-21,SKU04404,3,721.74,240.58,
2024-04-21,SKU04430,1,132.15,132.15,
2024-04-21,SKU04551,1,2498.23,2498.23,
2024-04-21,SKU04596,2,671.1,335.55,
2024-04-21,SKU04749,1,1569.69,1569.69,
2024-04-22,SKU00069,1,258.89,258.89,
2024-04-22,SKU00319,2,258.1,129.05,
2024-04-22,SKU00405,2,251.88,125.94,
2024-04-22,SKU00888,2,489.84,244.92,
2024-04-22,SKU00945,2,262.7,131.35,
2024-04-22,SKU00980,4,2904.56,726.14,
2024-04-22,SKU01600,3,1257.09,419.03,
2024-04-22,SKU02083,3,399.39,133.13,
2024-04-22,SKU02648,3,2650.35,883.4500000000002,
2024-04-22,SKU03029,2,134.58,67.29,
2024-04-22,SKU03259,1,602.04,602.04,
2024-04-22,SKU03536,1,119.61,127.11,1
2024-04-22,SKU03727,2,3321.86,1660.93,
2024-04-22,SKU04252,2,218.37,116.03,1
2024-04-22,SKU04321,11,10574.3,961.3,
2024-04-22,SKU04385,3,1271.13,423.71,
2024-04-22,SKU04408,2,1335.12,667.56,
2024-04-22,SKU04621,1,270.2,270.2,
2024-04-23,SKU00180,2,1541.44,770.72,
2024-04-23,SKU00285,1,505.67,505.67,
2024-04-23,SKU00933,4,435.8,108.95,
2024-04-23,SKU01048,1,96.18,96.18,
2024-04-23,SKU01126,1,1716.23,1716.23,
2024-04-23,SKU01286,1,80.44,85.48,1
2024-04-23,SKU01353,3,239.67,79.89,
2024-04-23,SKU01370,1,195.01,195.01,
2024-04-23,SKU01488,2,1224.52,612.26,
2024-04-23,SKU01730,4,379.79,100.9,1
2024-04-23,SKU02003,5,3036.65,607.33,
2024-04-23,SKU02295,1,1019.04,1019.04,
2024-04-23,SKU02449,2,190.48,137.83,1
2024-04-23,SKU03727,1,1660.93,1660.93,
2024-04-23,SKU04321,2,1922.6,961.3,
2024-04-23,SKU04542,1,123.29,123.29,
2024-04-23,SKU04880,1,134.41,134.41,
2024-04-24,SKU00190,1,145.42,145.42,
2024-04-24,SKU00255,1,158.86,158.86,
2024-04-24,SKU00286,1,60.65,64.45,1
2024-04-24,SKU00701,1,39.24,39.24,
2024-04-24,SKU01156,1,2106.88,2106.88,
2024-04-24,SKU01495,1,91.65,97.4,1
2024-04-24,SKU02397,1,1787.5,1787.5,
2024-04-24,SKU02692,4,8380.12,2095.03,
2024-04-24,SKU02812,1,300.07,300.07,
2024-04-24,SKU02892,3,231.15,77.05,
2024-04-24,SKU03108,2,248.42,124.21,
2024-04-24,SKU04227,1,283.28,283.28,
2024-04-24,SKU04245,2,435.56,217.78,
2024-04-24,SKU04321,2,1922.6,961.3,
2024-04-24,SKU04710,1,1632.84,1632.84,
2024-04-24,SKU04868,1,647.03,647.03,
2024-04-25,SKU00011,1,123.36,123.36,
2024-04-25,SKU00511,1,172.85,172.85,
2024-04-25,SKU00694,1,179.71,179.71,
2024-04-25,SKU00836,5,3825.05,765.01,
2024-04-25,SKU00929,1,158.05,158.05,
2024-04-25,SKU00955,1,364.87,364.87,
2024-04-25,SKU01155,1,996.18,996.18,
2024-04-25,SKU01223,1,271.98,271.98,
2024-04-25,SKU01371,2,2555.22,1277.61,
2024-04-25,SKU01751,3,1379.43,459.81,
2024-04-25,SKU02084,1,111.49,118.48,1
2024-04-25,SKU02847,3,779.64,259.88,
2024-04-25,SKU03033,1,1391.33,1391.33,
2024-04-25,SKU03292,1,164.03,164.03,
2024-04-25,SKU03396,4,2646.96,661.74,
2024-04-25,SKU04321,2,1922.6,961.3,
2024-04-25,SKU04383,1,1576.66,1576.66,
2024-04-25,SKU04551,1,2498.23,2498.23,
2024-04-25,SKU04596,1,335.55,335.55,
2024-04-25,SKU04639,1,254.04,254.04,
2024-04-25,SKU04748,1,553.81,553.81,
2024-04-26,SKU00002,2,140.76,70.38,
2024-04-26,SKU00263,2,887.02,443.51,
2024-04-26,SKU00286,2,121.29,64.45,1
2024-04-26,SKU00721,1,182.86,182.86,
2024-04-26,SKU00774,3,267.08,94.61,1
2024-04-26,SKU01371,3,3832.83,1277.61,
2024-04-26,SKU01730,2,189.89,100.9,1
2024-04-26,SKU02075,1,587.86,587.86,
2024-04-26,SKU02213,4,748.48,187.12,
2024-04-26,SKU02627,1,190.96,190.96,
2024-04-26,SKU03292,2,328.06,164.03,
2024-04-26,SKU03616,4,1491.44,372.86,
2024-04-26,SKU03768,1,3321.91,3321.91,
2024-04-26,SKU04321,4,3845.2,961.3,
2024-04-26,SKU04329,1,2452.07,2452.07,
2024-04-26,SKU04519,1,1350.52,1350.52,
2024-04-26,SKU04565,2,929.24,464.62,
2024-04-26,SKU04596,1,335.55,335.55,
2024-04-26,SKU04630,2,237.9,118.95,
2024-04-26,SKU04927,3,604.02,201.34,
2024-04-27,SKU00252,1,2006.03,2006.03,
2024-04-27,SKU00465,1,1563.0,1563.0,
2024-04-27,SKU01228,1,1373.33,1373.33,
2024-04-27,SKU01285,2,741.84,370.92,
2024-04-27,SKU01315,1,1695.35,1695.35,
2024-04-27,SKU01367,4,2693.44,673.36,
2024-04-27,SKU01472,1,452.74,452.74,
2024-04-27,SKU01572,1,1183.62,1183.62,
2024-04-27,SKU01660,1,138.0,138.0,
2024-04-27,SKU01990,4,647.76,161.94,
2024-04-27,SKU02027,2,286.14,152.04,1
2024-04-27,SKU02098,3,343.47,114.49,
2024-04-27,SKU02201,1,1064.05,1064.05,
2024-04-27,SKU02510,4,544.27,144.6,1
2024-04-27,SKU02623,1,63.44,63.44,
2024-04-27,SKU02930,2,340.32,170.16,
2024-04-27,SKU03029,1,67.29,67.29,
2024-04-27,SKU03633,3,333.88,118.27,1
2024-04-27,SKU03829,4,2642.84,660.71,
2024-04-27,SKU04038,1,38.55,38.55,
2024-04-27,SKU04321,2,1922.6,961.3,
2024-04-27,SKU04329,1,2452.07,2452.07,
2024-04-27,SKU04495,1,266.02,266.02,
2024-04-27,SKU04945,5,1024.3,204.86000000000004,
2024-04-28,SKU00146,2,1406.92,703.46,
2024-04-28,SKU00190,3,436.26,145.42,
2024-04-28,SKU00405,1,125.94,125.94,
2024-04-28,SKU00726,1,974.67,974.67,
2024-04-28,SKU01009,2,446.84,223.42,
2024-04-28,SKU01263,4,740.0,185.0,
2024-04-28,SKU01377,1,131.24,131.24,
2024-04-28,SKU01420,1,213.65,213.65,
2024-04-28,SKU02776,2,469.86,234.93,
2024-04-28,SKU03127,3,744.42,248.14,
2024-04-28,SKU03194,1,649.38,649.38,
2024-04-28,SKU03385,1,144.73,153.8,1
2024-04-28,SKU03723,1,912.9,912.9,
2024-04-28,SKU04103,1,104.71,104.71,
2024-04-28,SKU04321,1,961.3,961.3,
2024-04-29,SKU00591,1,721.88,721.88,
2024-04-29,SKU00824,1,391.75,391.75,
2024-04-29,SKU00959,2,66.02,33.01,
2024-04-29,SKU01326,1,248.26,248.26,
2024-04-29,SKU02920,1,68.47,68.47,
2024-04-29,SKU03292,2,328.06,164.03,
2024-04-29,SKU03374,1,70.93,70.93,
2024-04-29,SKU03425,4,809.92,202.48,
2024-04-29,SKU04766,1,106.17,112.83,1
2024-04-29,SKU04855,2,3514.16,1757.08,
2024-04-30,SKU00150,1,266.14,266.14,
2024-04-30,SKU00245,1,4025.26,4025.26,
2024-04-30,SKU00544,1,198.03,198.03,
2024-04-30,SKU00595,1,2693.97,2693.97,
2024-04-30,SKU00611,1,114.26,114.26,
2024-04-30,SKU00818,4,1455.16,363.79,
2024-04-30,SKU00847,3,1196.58,398.85999999999996,
2024-04-30,SKU00994,1,602.13,602.13,
2024-04-30,SKU01775,2,408.3,204.15,
2024-04-30,SKU02040,2,3126.36,1563.18,
2024-04-30,SKU03433,1,162.07,162.07,
2024-04-30,SKU03648,2,624.22,312.11,
2024-04-30,SKU03654,3,295.71,98.57,
2024-04-30,SKU03727,1,1660.93,1660.93,
2024-04-30,SKU04035,1,140.98,140.98,
2024-04-30,SKU04060,1,983.88,983.88,
2024-04-30,SKU04321,2,1922.6,961.3,
2024-04-30,SKU04947,2,1092.34,546.17,
2024-04-30,SKU04992,2,217.28,108.64,
2024-05-01,SKU00246,5,5106.1,1021.22,
2024-05-01,SKU00555,2,146.16,77.66,1
2024-05-01,SKU00565,2,672.62,336.31,
2024-05-01,SKU00699,2,1125.78,562.89,
2024-05-01,SKU01417,2,373.94,186.97,
2024-05-01,SKU01591,1,239.52,239.52,
2024-05-01,SKU01637,1,193.01,193.01,
2024-05-01,SKU02564,4,1153.96,288.49,
2024-05-01,SKU03077,1,377.75,377.75,
2024-05-01,SKU04016,1,1492.65,1492.65,
2024-05-01,SKU04198,3,346.78,122.83999999999999,1
2024-05-01,SKU04889,1,175.19,175.19,
2024-05-02,SKU00296,1,685.29,685.29,
2024-05-02,SKU00684,1,109.97,116.87,1
2024-05-02,SKU00899,1,2040.92,2040.92,
2024-05-02,SKU00942,3,518.7,172.9,
2024-05-02,SKU01412,4,773.2,193.3,
2024-05-02,SKU01966,2,221.2,110.6,
2024-05-02,SKU02082,1,218.25,218.25,
2024-05-02,SKU02087,5,314.9,62.98,
2024-05-02,SKU02185,1,644.41,644.41,
2024-05-02,SKU02187,2,484.14,242.07,
2024-05-02,SKU02273,1,200.11,212.66,1
2024-05-02,SKU02840,3,801.12,267.04,
2024-05-02,SKU02912,3,468.0,156.0,
2024-05-02,SKU02972,1,98.84,98.84,
2024-05-02,SKU03037,1,1595.26,1595.26,
2024-05-02,SKU03085,1,460.85,460.85,
2024-05-02,SKU03724,4,1521.48,380.37,
2024-05-02,SKU03727,1,1660.93,1660.93,
2024-05-02,SKU04406,2,256.34,128.17,
2024-05-02,SKU04416,2,1201.14,600.57,
2024-05-02,SKU04532,2,179.74,89.87,
2024-05-02,SKU04537,2,200.18,100.09,
2024-05-03,SKU00002,2,140.76,70.38,
2024-05-03,SKU00190,2,290.84,145.42,
2024-05-03,SKU00406,2,746.22,373.11,
2024-05-03,SKU00617,1,1071.33,1071.33,
2024-05-03,SKU00926,1,268.6,285.44,1
2024-05-03,SKU01037,1,167.56,178.07,1
2024-05-03,SKU01507,4,883.36,220.84,
2024-05-03,SKU02000,1,2827.7,2827.7,
2024-05-03,SKU02086,1,2214.88,2214.88,
2024-05-03,SKU02154,1,1876.53,1876.53,
2024-05-03,SKU02801,1,288.37,288.37,
2024-05-03,SKU02808,5,2358.55,471.7099999999999,
2024-05-03,SKU03044,1,74.7,74.7,
2024-05-03,SKU03166,1,333.83,333.83,
2024-05-03,SKU03784,2,2469.42,1234.71,
2024-05-03,SKU03907,1,876.73,876.73,
2024-05-03,SKU04230,1,164.23,164.23,
2024-05-03,SKU04321,1,961.3,961.3,
2024-05-03,SKU04596,2,671.1,335.55,
2024-05-03,SKU04784,4,7035.84,1758.96,
2024-05-03,SKU04818,1,254.31,254.31,
2024-05-03,SKU04932,1,311.93,311.93,
2024-05-04,SKU00499,1,110.32,110.32,
2024-05-04,SKU00742,1,2557.02,2557.02,
2024-05-04,SKU00994,1,602.13,602.13,
2024-05-04,SKU00996,3,352.83,117.61,
2024-05-04,SKU01011,2,1092.64,546.32,
2024-05-04,SKU01014,1,274.5,274.5,
2024-05-04,SKU01061,1,797.99,797.99,
2024-05-04,SKU01414,1,193.44,193.44,
2024-05-04,SKU01676,1,2232.74,2232.74,
2024-05-04,SKU01751,3,1379.43,459.81,
2024-05-04,SKU02227,1,1096.48,1096.48,
2024-05-04,SKU02482,1,1297.95,1297.95,
2024-05-04,SKU02954,1,603.3,603.3,
2024-05-04,SKU03693,2,2763.64,1381.82,
2024-05-04,SKU03721,3,900.66,300.22,
2024-05-04,SKU03727,3,4982.79,1660.93,
2024-05-04,SKU03806,5,409.95,81.99,
2024-05-04,SKU04004,1,309.68,309.68,
2024-05-04,SKU04245,3,653.34,217.78,
2024-05-04,SKU04321,1,961.3,961.3,
2024-05-04,SKU04432,1,340.8,340.8,
2024-05-04,SKU04815,3,862.92,287.64,
2024-05-04,SKU04926,3,1376.76,458.92,
2024-05-04,SKU04974,1,1576.81,1576.81,
2024-05-05,SKU00215,1,96.01,102.03,1
2024-05-05,SKU00691,4,1474.92,368.73,
2024-05-05,SKU00737,1,436.92,436.92,
2024-05-05,SKU01545,2,351.2,186.61,1
2024-05-05,SKU02268,4,821.88,205.47,
2024-05-05,SKU02372,1,401.1,401.1,
2024-05-05,SKU02450,4,1011.36,252.84,
2024-05-05,SKU03016,1,233.3,233.3,
2024-05-05,SKU03187,1,538.03,538.03,
2024-05-05,SKU04535,1,346.7,346.7,
2024-05-05,SKU04872,5,771.8,154.36,
2024-05-06,SKU00190,3,436.26,145.42,
2024-05-06,SKU00814,3,230.01,76.67,
2024-05-06,SKU00845,3,2012.49,670.83,
2024-05-06,SKU01189,3,6899.4,2299.8,
2024-05-06,SKU01250,1,56.55,56.55,
2024-05-06,SKU01582,1,1198.92,1469.26,1
2024-05-06,SKU01647,2,494.06,247.03,
2024-05-06,SKU02007,5,1186.7,237.34,
2024-05-06,SKU02118,3,5726.31,1908.7699999999998,
2024-05-06,SKU02769,2,1183.56,725.22,1
2024-05-06,SKU02827,2,258.44,129.22,
2024-05-06,SKU02954,3,1809.9,603.3,
2024-05-06,SKU03078,1,362.84,362.84,
2024-05-06,SKU03088,4,894.2,223.55,
2024-05-06,SKU03587,1,252.72,252.72,
2024-05-06,SKU03907,3,2146.24,876.73,1
2024-05-06,SKU04208,2,872.84,436.42,
2024-05-06,SKU04235,3,616.29,205.42999999999998,
2024-05-06,SKU04321,5,4806.5,961.3,
2024-05-06,SKU04571,2,1737.04,868.52,
2024-05-07,SKU00055,2,818.76,409.38,
2024-05-07,SKU00143,5,320.0,64.0,
2024-05-07,SKU00169,1,95.37,95.37,
2024-05-07,SKU00429,4,1902.52,582.88,1
2024-05-07,SKU00499,1,110.32,110.32,
2024-05-07,SKU01336,3,1969.24,804.43,1
2024-05-07,SKU01420,1,213.65,213.65,
2024-05-07,SKU01438,3,894.03,298.01,
2024-05-07,SKU01660,1,138.0,138.0,
2024-05-07,SKU02046,1,2009.47,2009.47,
2024-05-07,SKU02179,4,781.48,195.37,
2024-05-07,SKU02431,1,430.58,430.58,
2024-05-07,SKU04286,4,888.92,222.23,
2024-05-07,SKU04321,6,5767.799999999999,961.2999999999998,
2024-05-07,SKU04681,3,645.33,215.11,
2024-05-07,SKU04816,3,255.45,90.49,1
2024-05-07,SKU04850,3,821.7,273.9,
2024-05-08,SKU00190,2,290.84,145.42,
2024-05-08,SKU00286,3,181.94,64.45,1
2024-05-08,SKU00364,2,5236.66,2618.33,
2024-05-08,SKU00850,1,840.4,840.4,
2024-05-08,SKU01576,1,709.54,709.54,
2024-05-08,SKU01902,1,65.43,65.43,
2024-05-08,SKU03046,1,109.87,109.87,
2024-05-08,SKU03292,1,164.03,164.03,
2024-05-08,SKU04140,1,331.4,331.4,
2024-05-08,SKU04154,2,703.54,351.77,
2024-05-08,SKU04321,4,3845.2,961.3,
2024-05-08,SKU04441,2,8313.58,4156.79,
2024-05-08,SKU04910,2,739.74,369.87,
2024-05-09,SKU00088,1,148.62,148.62,
2024-05-09,SKU00166,1,830.77,830.77,
2024-05-09,SKU00255,1,158.86,158.86,
2024-05-09,SKU00285,4,2022.68,505.67,
2024-05-09,SKU00554,3,264.96,88.32,
2024-05-09,SKU00596,4,1875.96,468.99,
2024-05-09,SKU00891,1,900.14,900.14,
2024-05-09,SKU01155,2,1992.36,996.18,
2024-05-09,SKU01311,1,889.85,889.85,
2024-05-09,SKU02352,1,80.99,86.07,1
2024-05-09,SKU02484,4,2269.04,567.26,
2024-05-09,SKU02785,1,1136.58,1136.58,
2024-05-09,SKU02833,1,3924.53,3924.53,
2024-05-09,SKU02834,2,3638.62,1819.31,
2024-05-09,SKU02980,1,1789.14,1789.14,
2024-05-09,SKU03242,4,983.72,245.93,
2024-05-09,SKU04294,1,499.57,499.57,
2024-05-09,SKU04321,1,961.3,961.3,
2024-05-09,SKU04702,1,2187.66,2187.66,
2024-05-09,SKU04867,1,275.33,275.33,
2024-05-10,SKU00684,1,78.54,116.87,1
2024-05-10,SKU00768,2,1117.75,831.66,1
2024-05-10,SKU00974,2,63.62,47.34,1
2024-05-10,SKU01102,4,914.91,340.37,1
2024-05-10,SKU01104,2,1464.14,1089.39,1
2024-05-10,SKU01456,1,883.05,1082.17,1
2024-05-10,SKU01644,2,91.74,68.26,1
2024-05-10,SKU01882,1,46.58,69.32,1
2024-05-10,SKU02304,1,273.79,407.42,1
2024-05-10,SKU02436,2,551.31,410.2,1
2024-05-10,SKU04022,2,314.85,234.26,1
2024-05-10,SKU04272,3,480.37,238.28,1
2024-05-10,SKU04321,2,1291.98,961.3,1
2024-05-10,SKU04329,5,10004.45,2452.0700000000006,1
2024-05-10,SKU04338,1,109.75,163.32,1
2024-05-10,SKU04512,1,262.83,391.11,1
2024-05-10,SKU04606,3,2030.86,1007.37,1
2024-05-10,SKU04893,2,1027.72,764.67,1
2024-05-10,SKU04950,3,686.61,340.58,1
2024-05-10,SKU04991,1,138.56,206.19,1
2024-05-11,SKU00190,1,97.72,145.42,1
2024-05-11,SKU00720,2,449.49,334.44,1
2024-05-11,SKU01336,3,1969.24,804.43,1
2024-05-11,SKU01489,1,74.14,110.32,1
2024-05-11,SKU01606,1,126.25,187.87,1
2024-05-11,SKU01858,1,49.98,74.37,1
2024-05-11,SKU02141,3,951.31,471.87999999999994,1
2024-05-11,SKU02503,1,188.76,280.9,1
2024-05-11,SKU02638,5,1646.1,489.91,1
2024-05-11,SKU03019,2,1470.39,1094.04,1
2024-05-11,SKU03476,1,457.93,681.44,1
2024-05-11,SKU03766,2,360.78,268.44,1
2024-05-11,SKU04197,1,241.21,358.95,1
2024-05-11,SKU04321,1,645.99,961.3,1
2024-05-11,SKU04384,4,4341.12,1615.0,1
2024-05-11,SKU04385,1,284.73,423.71,1
2024-05-11,SKU04415,2,1085.3,665.01,1
2024-05-11,SKU04751,2,282.99,210.56,1
2024-05-12,SKU00953,1,184.12,273.99,1
2024-05-12,SKU01139,4,369.6,137.5,1
2024-05-12,SKU01555,1,74.16,110.36,1
2024-05-12,SKU02028,1,234.58,349.07,1
2024-05-12,SKU02623,3,127.9,63.44,1
2024-05-12,SKU02740,5,350.18,104.22,1
2024-05-12,SKU03213,1,152.27,226.59,1
2024-05-12,SKU03244,3,235.47,116.8,1
2024-05-12,SKU03276,4,734.39,273.21,1
2024-05-12,SKU03367,1,83.38,124.08,1
2024-05-12,SKU03427,1,542.38,807.12,1
2024-05-12,SKU04039,1,256.5,381.69,1
2024-05-12,SKU04105,1,312.33,464.78,1
2024-05-12,SKU04321,3,1937.98,961.2999999999998,1
2024-05-12,SKU04346,3,1956.1,970.29,1
2024-05-12,SKU04596,1,225.49,335.55,1
2024-05-12,SKU04819,2,299.19,222.61,1
2024-05-13,SKU00531,3,5947.12,2949.9600000000005,1
2024-05-13,SKU00885,1,126.79,188.68,1
2024-05-13,SKU00926,1,191.82,285.44,1
2024-05-13,SKU01064,1,172.67,211.61,1
2024-05-13,SKU01225,1,1445.92,1771.96,1
2024-05-13,SKU02266,1,346.52,515.66,1
2024-05-13,SKU02733,1,259.94,386.81,1
2024-05-13,SKU03842,5,3161.86,941.03,1
2024-05-13,SKU03845,2,836.06,622.07,1
2024-05-13,SKU03891,3,321.94,159.69,1
2024-05-13,SKU04154,1,236.39,351.77,1
2024-05-13,SKU04276,1,989.38,1212.48,1
2024-05-13,SKU04321,1,645.99,961.3,1
2024-05-13,SKU04462,2,257.48,191.58,1
2024-05-13,SKU04596,1,225.49,335.55,1
2024-05-13,SKU04872,1,103.73,154.36,1
2024-05-14,SKU00920,1,77.1,114.73,1
2024-05-14,SKU00942,1,116.19,172.9,1
2024-05-14,SKU02068,1,167.93,249.89,1
2024-05-14,SKU02313,2,237.24,176.52,1
2024-05-14,SKU02740,1,70.04,104.22,1
2024-05-14,SKU02773,2,146.33,108.88,1
2024-05-14,SKU02969,1,84.0,125.0,1
2024-05-14,SKU03077,1,253.85,377.75,1
2024-05-14,SKU03142,1,212.15,315.7,1
2024-05-14,SKU03476,1,457.93,681.44,1
2024-05-14,SKU03491,1,1779.19,2647.6,1
2024-05-14,SKU03654,1,66.24,98.57,1
2024-05-14,SKU03905,2,543.12,404.11,1
2024-05-14,SKU04021,1,121.32,180.53,1
2024-05-14,SKU04065,1,2515.71,3743.61,1
2024-05-14,SKU04321,4,2583.9700000000003,961.3,1
2024-05-14,SKU04876,2,89.08,66.28,1
2024-05-15,SKU00004,2,314.01,233.64,1
2024-05-15,SKU00773,1,93.52,139.16,1
2024-05-15,SKU01309,2,637.28,474.17,1
2024-05-15,SKU01371,1,1042.53,1277.61,1
2024-05-15,SKU01474,1,162.76,242.2,1
2024-05-15,SKU01499,3,639.56,317.24,1
2024-05-15,SKU01775,1,137.19,204.15,1
2024-05-15,SKU01794,1,267.45,397.99,1
2024-05-15,SKU01902,1,43.97,65.43,1
2024-05-15,SKU01936,1,362.22,539.02,1
2024-05-15,SKU01996,3,672.68,333.67,1
2024-05-15,SKU02079,3,309.76,153.65,1
2024-05-15,SKU02113,1,208.02,309.55,1
2024-05-15,SKU02259,2,330.84,246.16,1
2024-05-15,SKU02371,2,671.13,499.35,1
2024-05-15,SKU02374,2,427.38,317.99,1
2024-05-15,SKU02923,4,333.8,124.18,1
2024-05-15,SKU02987,4,1886.14,701.69,1
2024-05-15,SKU03355,1,85.66,127.47,1
2024-05-15,SKU03950,1,214.17,318.71,1
2024-05-15,SKU04077,5,371.92,110.69000000000001,1
2024-05-15,SKU04306,1,109.5,162.94,1
2024-05-15,SKU04321,3,1937.98,961.2999999999998,1
2024-05-15,SKU04697,2,844.54,517.49,1
2024-05-15,SKU04710,1,1097.27,1632.84,1
2024-05-15,SKU04774,1,254.53,378.76,1
2024-05-15,SKU04816,1,60.81,90.49,1
2024-05-16,SKU00097,1,741.69,1103.71,1
2024-05-16,SKU00595,1,1810.35,2693.97,1
2024-05-16,SKU00873,3,4241.4,1732.5999999999997,1
2024-05-16,SKU01011,5,1835.64,546.32,1
2024-05-16,SKU01435,1,697.47,1037.9,1
2024-05-16,SKU02401,1,352.44,524.47,1
2024-05-16,SKU02602,1,148.25,220.61,1
2024-05-16,SKU02743,2,617.43,459.4,1
2024-05-16,SKU02753,1,650.15,796.75,1
2024-05-16,SKU02912,2,209.66,156.0,1
2024-05-16,SKU03172,2,129.39,96.27,1
2024-05-16,SKU03272,1,576.29,857.58,1
2024-05-16,SKU03616,1,250.56,372.86,1
2024-05-16,SKU03780,1,2099.28,3123.93,1
2024-05-16,SKU03973,1,53.29,79.3,1
2024-05-16,SKU04321,2,1291.98,961.3,1
2024-05-16,SKU04973,3,1833.81,909.63,1
2024-05-17,SKU01085,1,177.17,263.64,1
2024-05-17,SKU01107,2,90.16,67.08,1
2024-05-17,SKU02046,2,2700.73,2009.47,1
2024-05-17,SKU02343,1,140.93,209.72,1
2024-05-17,SKU02482,3,2616.67,1297.95,1
2024-05-17,SKU02614,2,158.78,118.14,1
2024-05-17,SKU02660,1,55.04,81.91,1
2024-05-17,SKU02738,2,309.34,230.16,1
2024-05-17,SKU03259,3,1213.71,602.04,1
2024-05-17,SKU04154,1,236.39,351.77,1
2024-05-17,SKU04175,1,136.05,202.45,1
2024-05-17,SKU04397,2,974.62,725.16,1
2024-05-18,SKU01352,1,100.69,149.83,1
2024-05-18,SKU01746,3,2627.81,1073.45,1
2024-05-18,SKU01950,1,70.51,104.93,1
2024-05-18,SKU02141,1,317.1,471.88,1
2024-05-18,SKU02249,3,312.4,154.96,1
2024-05-18,SKU02317,1,193.07,287.3,1
2024-05-18,SKU02472,2,404.38,300.88,1
2024-05-18,SKU02538,2,291.08,216.58,1
2024-05-18,SKU03217,2,918.22,683.2,1
2024-05-18,SKU03393,2,77.68,70.49,1
2024-05-18,SKU03485,1,63.29,94.18,1
2024-05-18,SKU03500,2,2328.48,1732.5,1
2024-05-18,SKU04016,1,1003.06,1492.65,1
2024-05-18,SKU04166,1,177.19,263.67,1
2024-05-18,SKU04245,1,146.35,217.78,1
2024-05-18,SKU04321,4,2583.97,961.3,1
2024-05-18,SKU04571,2,1167.29,868.52,1
2024-05-18,SKU04887,1,791.61,970.11,1
2024-05-19,SKU00435,2,516.7,384.45,1
2024-05-19,SKU00813,2,3036.6,1860.66,1
2024-05-19,SKU02124,2,222.86,165.82,1
2024-05-19,SKU02764,2,237.96,177.05,1
2024-05-19,SKU02861,1,393.48,585.54,1
2024-05-19,SKU02880,1,2365.94,2899.44,1
2024-05-19,SKU03665,2,418.97,311.73,1
2024-05-19,SKU03683,2,1871.55,1392.52,1
2024-05-19,SKU04489,2,337.36,251.01,1
2024-05-19,SKU04596,1,225.49,335.55,1
2024-05-19,SKU04799,1,108.41,161.33,1
2024-05-19,SKU04836,3,746.87,370.47,1
2024-05-20,SKU00578,1,114.92,114.92,
2024-05-20,SKU00881,4,1595.68,398.92,
2024-05-20,SKU01010,1,439.53,439.53,
2024-05-20,SKU01527,2,165.08,82.54,
2024-05-20,SKU01601,1,137.22,137.22,
2024-05-20,SKU02130,4,2999.12,749.78,
2024-05-20,SKU02213,2,374.24,187.12,
2024-05-20,SKU02283,2,175.64,87.82,
2024-05-20,SKU02330,2,442.76,221.38,
2024-05-20,SKU02938,3,250.62,83.54,
2024-05-20,SKU03599,1,160.95,160.95,
2024-05-20,SKU03743,2,506.48,253.24,
2024-05-20,SKU04165,1,2295.86,2295.86,
2024-05-20,SKU04321,2,1922.6,961.3,
2024-05-20,SKU04527,1,956.58,956.58,
2024-05-20,SKU04596,4,1342.2,335.55,
2024-05-20,SKU04845,1,1000.23,1000.23,
2024-05-21,SKU00254,3,316.65,105.55,
2024-05-21,SKU00261,1,62.18,62.18,
2024-05-21,SKU01466,1,34.29,34.29,
2024-05-21,SKU01547,2,331.28,165.64,
2024-05-21,SKU01744,3,3457.26,1152.42,
2024-05-21,SKU01820,2,178.2,89.1,
2024-05-21,SKU01984,1,254.86,254.86,
2024-05-21,SKU02141,3,1415.64,471.87999999999994,
2024-05-21,SKU03011,2,218.18,109.09,
2024-05-21,SKU03096,2,3379.32,1689.66,
2024-05-21,SKU04032,4,814.8,203.7,
2024-05-21,SKU04118,4,804.52,201.13,
2024-05-21,SKU04148,2,1677.56,838.78,
2024-05-21,SKU04321,1,961.3,961.3,
2024-05-22,SKU00116,2,634.24,317.12,
2024-05-22,SKU00445,2,174.3,87.15,
2024-05-22,SKU00716,1,1636.45,1636.45,
2024-05-22,SKU00839,1,83.64,83.64,
2024-05-22,SKU01563,1,2028.18,2485.52,1
2024-05-22,SKU01600,3,1257.09,419.03,
2024-05-22,SKU01784,2,337.62,168.81,
2024-05-22,SKU01909,1,321.25,321.25,
2024-05-22,SKU01953,1,309.85,309.85,
2024-05-22,SKU02150,1,1128.17,1382.56,1
2024-05-22,SKU02543,1,1596.29,1956.24,1
2024-05-22,SKU02616,1,564.32,564.32,
2024-05-22,SKU02699,1,94.86,94.86,
2024-05-22,SKU02931,1,127.7,127.7,
2024-05-22,SKU03242,1,245.93,245.93,
2024-05-22,SKU03532,1,94.55,94.55,
2024-05-22,SKU04663,2,1431.46,715.73,
2024-05-23,SKU00190,1,145.42,145.42,
2024-05-23,SKU00888,1,244.92,244.92,
2024-05-23,SKU00896,2,388.86,194.43,
2024-05-23,SKU00910,1,313.65,313.65,
2024-05-23,SKU00994,1,491.34,602.13,1
2024-05-23,SKU01638,1,94.61,94.61,
2024-05-23,SKU02019,1,326.69,326.69,
2024-05-23,SKU02657,1,70.94,128.75,1
2024-05-23,SKU02984,1,365.1,365.1,
2024-05-23,SKU03374,1,70.93,70.93,
2024-05-23,SKU03595,1,164.86,164.86,
2024-05-23,SKU03627,2,2166.02,1083.01,
2024-05-23,SKU03727,1,1660.93,1660.93,
2024-05-23,SKU04046,2,229.66,114.83,
2024-05-23,SKU04065,1,3743.61,3743.61,
2024-05-23,SKU04321,4,3845.2,961.3,
2024-05-23,SKU04585,3,8725.53,2908.51,
2024-05-24,SKU00376,1,207.45,207.45,
2024-05-24,SKU00506,1,319.73,319.73,
2024-05-24,SKU00947,3,1552.15,634.05,1
2024-05-24,SKU01003,2,648.78,324.39,
2024-05-24,SKU01178,1,95.91,95.91,
2024-05-24,SKU01528,2,315.22,157.61,
2024-05-24,SKU01545,2,373.22,186.61,
2024-05-24,SKU01685,2,270.54,135.27,
2024-05-24,SKU02611,1,191.87,191.87,
2024-05-24,SKU03292,3,492.09,164.03,
2024-05-24,SKU03458,4,5244.08,1311.02,
2024-05-24,SKU03749,1,229.84,229.84,
2024-05-24,SKU04118,3,603.39,201.13,
2024-05-24,SKU04154,3,1055.31,351.77,
2024-05-24,SKU04157,3,8035.05,2678.35,
2024-05-24,SKU04166,3,791.01,263.67,
2024-05-24,SKU04551,2,4077.11,2498.23,1
2024-05-25,SKU00285,2,1011.34,505.67,
2024-05-25,SKU00942,1,172.9,172.9,
2024-05-25,SKU01009,1,223.42,223.42,
2024-05-25,SKU01276,2,3980.48,1990.24,
2024-05-25,SKU02401,5,2622.35,524.47,
2024-05-25,SKU02536,3,1218.57,406.19,
2024-05-25,SKU03203,2,365.24,182.62,
2024-05-25,SKU03222,5,308.95,61.79,
2024-05-25,SKU03840,1,255.12,255.12,
2024-05-25,SKU04032,3,611.1,203.69999999999996,
2024-05-25,SKU04154,2,703.54,351.77,
2024-05-25,SKU04406,3,384.51,128.17,
2024-05-25,SKU04438,4,584.92,146.23,
2024-05-25,SKU04596,5,1677.75,335.55,
2024-05-25,SKU04602,1,100.41,100.41,
2024-05-25,SKU04646,4,329.52,82.38,
2024-05-25,SKU04893,4,3058.68,764.67,
2024-05-26,SKU00439,1,641.79,786.51,1
2024-05-26,SKU00714,3,4979.28,1659.76,
2024-05-26,SKU00904,1,161.57,161.57,
2024-05-26,SKU02147,1,136.69,136.69,
2024-05-26,SKU02251,2,366.32,183.16,
2024-05-26,SKU03071,4,4916.36,1229.09,
2024-05-26,SKU04004,3,929.04,309.68,
2024-05-26,SKU04016,1,1492.65,1492.65,
2024-05-26,SKU04074,1,340.42,340.42,
2024-05-26,SKU04154,1,351.77,351.77,
2024-05-26,SKU04551,1,2038.56,2498.23,1
2024-05-26,SKU04596,2,671.1,335.55,
2024-05-27,SKU00505,2,707.92,353.96,
2024-05-27,SKU00994,3,1474.01,602.13,1
2024-05-27,SKU01156,2,4213.76,2106.88,
2024-05-27,SKU01220,5,4360.3,872.0599999999998,
2024-05-27,SKU01371,1,1042.53,1277.61,1
2024-05-27,SKU01571,1,109.55,109.55,
2024-05-27,SKU01887,3,3661.62,1220.54,
2024-05-27,SKU01917,1,986.08,986.08,
2024-05-27,SKU02912,1,156.0,156.0,
2024-05-27,SKU03246,1,2508.18,2508.18,
2024-05-27,SKU03418,3,432.24,144.08,
2024-05-27,SKU04016,1,1492.65,1492.65,
2024-05-27,SKU04154,4,1407.08,351.77,
2024-05-27,SKU04321,2,1922.6,961.3,
2024-05-27,SKU04865,1,1576.52,1576.52,
2024-05-27,SKU04896,4,1926.48,481.62,
2024-05-28,SKU00082,3,1175.43,480.16,1
2024-05-28,SKU00190,3,436.26,145.42,
2024-05-28,SKU00360,1,86.25,86.25,
2024-05-28,SKU00425,1,209.07,209.07,
2024-05-28,SKU01383,1,201.63,201.63,
2024-05-28,SKU02002,3,754.44,251.48,
2024-05-28,SKU02298,1,759.4,759.4,
2024-05-28,SKU02396,2,1344.84,672.42,
2024-05-28,SKU02892,4,308.2,77.05,
2024-05-28,SKU03159,2,269.98,134.99,
2024-05-28,SKU03482,1,333.71,333.71,
2024-05-28,SKU03637,3,274.92,91.64,
2024-05-28,SKU03727,2,3321.86,1660.93,
2024-05-28,SKU03743,1,253.24,253.24,
2024-05-28,SKU04154,1,351.77,351.77,
2024-05-28,SKU04321,3,2883.8999999999996,961.2999999999998,
2024-05-28,SKU04381,4,768.28,192.07,
2024-05-28,SKU04447,5,4857.81,1190.64,1
2024-05-29,SKU00418,1,55.14,55.14,
2024-05-29,SKU00484,1,179.04,179.04,
2024-05-29,SKU00953,3,821.97,273.99,
2024-05-29,SKU01170,1,365.5,365.5,
2024-05-29,SKU01232,2,832.9,416.45,
2024-05-29,SKU01420,1,213.65,213.65,
2024-05-29,SKU02265,1,466.56,846.76,1
2024-05-29,SKU02286,2,972.3,486.15,
2024-05-29,SKU02372,1,401.1,401.1,
2024-05-29,SKU02755,1,805.74,805.74,
2024-05-29,SKU03130,1,4194.16,4194.16,
2024-05-29,SKU03389,3,1740.33,580.11,
2024-05-29,SKU03790,4,2981.56,745.39,
2024-05-29,SKU04040,3,3521.01,1438.32,1
2024-05-29,SKU04321,2,1922.6,961.3,
2024-05-29,SKU04476,5,674.75,134.95,
2024-05-29,SKU04524,1,1420.81,1741.19,1
2024-05-29,SKU04610,2,4159.78,2079.89,
2024-05-29,SKU04627,2,1260.94,630.47,
2024-05-29,SKU04771,2,153.1,76.55,
2024-05-30,SKU00285,1,505.67,505.67,
2024-05-30,SKU01331,1,87.75,87.75,
2024-05-30,SKU01370,1,195.01,195.01,
2024-05-30,SKU01466,2,68.58,34.29,
2024-05-30,SKU01909,3,963.75,321.25,
2024-05-30,SKU02141,1,471.88,471.88,
2024-05-30,SKU02855,3,9452.7,3150.9,
2024-05-30,SKU03503,1,225.31,225.31,
2024-05-30,SKU03595,3,494.58,164.86,
2024-05-30,SKU03727,1,1660.93,1660.93,
2024-05-30,SKU03759,2,234.74,117.37,
2024-05-30,SKU03977,5,1139.0,227.8,
2024-05-30,SKU04321,2,1922.6,961.3,
2024-05-31,SKU00016,1,3478.65,3478.65,
2024-05-31,SKU00285,1,505.67,505.67,
2024-05-31,SKU02486,2,559.7,279.85,
2024-05-31,SKU02493,1,212.9,212.9,
2024-05-31,SKU02928,3,5538.81,1846.2699999999998,
2024-05-31,SKU03339,1,89.68,89.68,
2024-05-31,SKU03477,1,1607.13,1607.13,
2024-05-31,SKU03870,1,301.78,301.78,
2024-05-31,SKU04026,1,240.97,240.97,
2024-05-31,SKU04118,1,201.13,201.13,
2024-05-31,SKU04296,2,630.62,315.31,
2024-05-31,SKU04321,2,1922.6,961.3,
2024-05-31,SKU04978,4,923.72,230.93,
2024-06-01,SKU00190,3,436.26,145.42,
2024-06-01,SKU00523,5,1853.0,370.6,
2024-06-01,SKU00623,3,893.55,297.85,
2024-06-01,SKU00882,2,145.36,72.68,
2024-06-01,SKU01395,2,244.74,122.37,
2024-06-01,SKU01938,2,2140.96,1070.48,
2024-06-01,SKU02231,1,50.54,50.54,
2024-06-01,SKU03302,1,426.07,426.07,
2024-06-01,SKU03436,1,186.38,186.38,
2024-06-01,SKU03840,3,765.36,255.12,
2024-06-01,SKU04321,1,961.3,961.3,
2024-06-01,SKU04676,4,878.96,398.8,1
2024-06-01,SKU04824,4,4099.76,1024.94,
2024-06-02,SKU00219,1,141.0,141.0,
2024-06-02,SKU00966,1,361.28,361.28,
2024-06-02,SKU01030,1,224.5,224.5,
2024-06-02,SKU01210,4,1118.88,279.72,
2024-06-02,SKU01752,3,1377.57,459.19,
2024-06-02,SKU02381,1,987.93,987.93,
2024-06-02,SKU02840,2,534.08,267.04,
2024-06-02,SKU03180,2,710.02,355.01,
2024-06-02,SKU04221,1,443.13,443.13,
2024-06-02,SKU04549,4,424.32,106.08,
2024-06-02,SKU04561,1,192.67,192.67,
2024-06-02,SKU04596,1,335.55,335.55,
2024-06-03,SKU00641,5,820.9,164.18,
2024-06-03,SKU00649,5,909.81,330.24,1
2024-06-03,SKU00692,2,471.04,235.52,
2024-06-03,SKU00756,2,5274.78,2637.39,
2024-06-03,SKU00792,1,665.85,665.85,
2024-06-03,SKU00953,1,273.99,273.99,
2024-06-03,SKU01083,1,421.04,421.04,
2024-06-03,SKU01139,2,275.0,137.5,
2024-06-03,SKU01715,1,2315.8,2315.8,
2024-06-03,SKU01814,1,887.42,887.42,
2024-06-03,SKU01904,1,280.72,280.72,
2024-06-03,SKU02004,2,1851.34,925.67,
2024-06-03,SKU02154,1,1876.53,1876.53,
2024-06-03,SKU02163,1,791.7,791.7,
2024-06-03,SKU02791,3,1455.0,485.0,
2024-06-03,SKU02904,1,312.58,312.58,
2024-06-03,SKU02923,2,248.36,124.18,
2024-06-03,SKU03535,3,295.26,178.62,1
2024-06-03,SKU03550,3,2596.71,865.57,
2024-06-03,SKU03829,1,660.71,660.71,
2024-06-03,SKU04154,1,351.77,351.77,
2024-06-03,SKU04321,1,961.3,961.3,
2024-06-03,SKU04381,1,192.07,192.07,
2024-06-03,SKU04418,1,3188.54,3188.54,
2024-06-03,SKU04583,1,966.08,966.08,
2024-06-03,SKU04678,4,862.56,215.64,
2024-06-04,SKU00216,2,1356.8,678.4,
2024-06-04,SKU00278,2,3615.68,1807.84,
2024-06-04,SKU00385,1,380.41,380.41,
2024-06-04,SKU01075,1,382.05,382.05,
2024-06-04,SKU01315,1,1695.35,1695.35,
2024-06-04,SKU02513,1,55.97,101.57,1
2024-06-04,SKU03628,1,914.74,914.74,
2024-06-04,SKU03995,1,177.76,177.76,
2024-06-04,SKU04166,1,263.67,263.67,
2024-06-04,SKU04321,3,2883.8999999999996,961.2999999999998,
2024-06-04,SKU04346,1,970.29,970.29,
2024-06-04,SKU04551,4,5506.1,2498.23,1
2024-06-04,SKU04827,1,319.42,319.42,
2024-06-04,SKU04884,2,469.3,234.65,
2024-06-05,SKU00143,3,105.79,64.0,1
2024-06-05,SKU00306,1,300.86,300.86,
2024-06-05,SKU00425,3,627.21,209.07000000000002,
2024-06-05,SKU00475,2,1370.16,685.08,
2024-06-05,SKU00626,2,522.16,261.08,
2024-06-05,SKU00654,1,72.62,72.62,
2024-06-05,SKU00993,1,230.79,230.79,
2024-06-05,SKU01256,3,470.7,156.9,
2024-06-05,SKU01414,3,580.32,193.43999999999997,
2024-06-05,SKU01578,1,540.35,540.35,
2024-06-05,SKU01751,4,1839.24,459.81,
2024-06-05,SKU01775,2,408.3,204.15,
2024-06-05,SKU01950,2,209.86,104.93,
2024-06-05,SKU02082,3,654.75,218.25,
2024-06-05,SKU02176,4,3959.48,989.87,
2024-06-05,SKU02198,2,1469.52,734.76,
2024-06-05,SKU02240,3,5597.1,1865.7,
2024-06-05,SKU02263,1,175.26,175.26,
2024-06-05,SKU02417,1,1108.44,1108.44,
2024-06-05,SKU02669,2,135.0,67.5,
2024-06-05,SKU02901,2,2163.52,1081.76,
2024-06-05,SKU03727,1,1660.93,1660.93,
2024-06-05,SKU04334,2,575.64,287.82,
2024-06-05,SKU04344,1,201.81,201.81,
2024-06-05,SKU04636,2,1266.52,633.26,
2024-06-06,SKU00076,3,918.75,306.25,
2024-06-06,SKU00532,4,379.24,94.81,
2024-06-06,SKU00597,2,1310.58,655.29,
2024-06-06,SKU01009,2,446.84,223.42,
2024-06-06,SKU01684,3,510.87,170.29,
2024-06-06,SKU01982,1,88.35,88.35,
2024-06-06,SKU02141,1,471.88,471.88,
2024-06-06,SKU02368,3,2548.17,849.39,
2024-06-06,SKU02445,4,491.04,122.76,
2024-06-06,SKU02532,3,347.01,115.67,
2024-06-06,SKU02577,1,120.46,120.46,
2024-06-06,SKU02738,2,460.32,230.16,
2024-06-06,SKU03302,1,426.07,426.07,
2024-06-06,SKU03545,3,662.94,401.05,1
2024-06-06,SKU03587,2,505.44,252.72,
2024-06-06,SKU03961,1,72.94,132.37,1
2024-06-06,SKU04321,1,961.3,961.3,
2024-06-06,SKU04339,1,1534.07,1534.07,
2024-06-06,SKU04346,1,970.29,970.29,
2024-06-06,SKU04677,3,503.55,167.85,
2024-06-06,SKU04873,1,1165.65,1165.65,
2024-06-07,SKU00746,3,3092.25,1030.75,
2024-06-07,SKU00820,1,487.11,487.11,
2024-06-07,SKU01395,1,122.37,122.37,
2024-06-07,SKU01420,3,640.95,213.65,
2024-06-07,SKU01629,5,470.15,94.03,
2024-06-07,SKU01771,3,1008.24,336.08,
2024-06-07,SKU03196,1,837.3,837.3,
2024-06-07,SKU03206,2,587.7,293.85,
2024-06-07,SKU03439,1,1316.84,1316.84,
2024-06-07,SKU03881,1,565.72,565.72,
2024-06-07,SKU04579,2,185.7,92.85,
2024-06-07,SKU04596,2,671.1,335.55,
2024-06-07,SKU04661,4,324.36,81.09,
2024-06-08,SKU00002,4,281.52,70.38,
2024-06-08,SKU00190,4,581.68,145.42,
2024-06-08,SKU00228,1,2956.05,2956.05,
2024-06-08,SKU00328,2,409.94,204.97,
2024-06-08,SKU00539,1,199.63,199.63,
2024-06-08,SKU00883,1,3121.32,3121.32,
2024-06-08,SKU01371,3,3832.83,1277.61,
2024-06-08,SKU01819,1,1045.44,1045.44,
2024-06-08,SKU02621,1,898.35,898.35,
2024-06-08,SKU02934,1,112.59,112.59,
2024-06-08,SKU02954,1,603.3,603.3,
2024-06-08,SKU02964,3,645.06,215.02,
2024-06-08,SKU03053,1,4086.72,4086.72,
2024-06-08,SKU04321,2,1922.6,961.3,
2024-06-08,SKU04471,1,1515.36,1515.36,
2024-06-08,SKU04562,4,5267.64,1316.91,
2024-06-08,SKU04938,2,290.58,145.29,
2024-06-09,SKU00201,2,1696.64,848.32,
2024-06-09,SKU00792,1,665.85,665.85,
2024-06-09,SKU00953,1,273.99,273.99,
2024-06-09,SKU01030,1,224.5,224.5,
2024-06-09,SKU01351,1,488.78,488.78,
2024-06-09,SKU01473,2,135.6,67.8,
2024-06-09,SKU01714,3,1010.16,336.72,
2024-06-09,SKU02038,1,83.56,83.56,
2024-06-09,SKU02644,3,2164.65,721.5499999999998,
2024-06-09,SKU03053,2,8173.44,4086.72,
2024-06-09,SKU03397,2,786.14,393.07,
2024-06-09,SKU04321,4,3845.2,961.3,
2024-06-09,SKU04475,4,587.52,146.88,
2024-06-09,SKU04634,1,973.21,973.21,
2024-06-09,SKU04824,3,3074.82,1024.94,
2024-06-10,SKU00261,1,62.18,62.18,
2024-06-10,SKU00728,1,3555.73,3555.73,
2024-06-10,SKU00953,3,821.97,273.99,
2024-06-10,SKU00990,1,485.43,485.43,
2024-06-10,SKU01071,1,673.91,673.91,
2024-06-10,SKU01142,2,848.98,424.49,
2024-06-10,SKU02198,4,2939.04,734.76,
2024-06-10,SKU02957,2,2087.82,1043.91,
2024-06-10,SKU03040,1,2390.56,2390.56,
2024-06-10,SKU04157,3,8035.049999999999,2678.35,
2024-06-10,SKU04288,4,689.76,172.44,
2024-06-10,SKU04321,1,961.3,961.3,
2024-06-10,SKU04339,2,3068.14,1534.07,
2024-06-10,SKU04437,1,24.41,24.41,
2024-06-10,SKU04983,1,220.71,220.71,
2024-06-11,SKU00002,1,70.38,70.38,
2024-06-11,SKU00287,1,881.37,881.37,
2024-06-11,SKU00291,1,190.44,190.44,
2024-06-11,SKU00429,3,1748.64,582.88,
2024-06-11,SKU01376,1,448.86,448.86,
2024-06-11,SKU01650,1,183.35,183.35,
2024-06-11,SKU02259,2,492.32,246.16,
2024-06-11,SKU02498,3,7137.33,2379.11,
2024-06-11,SKU03154,4,443.28,110.82,
2024-06-11,SKU03298,2,761.84,380.92,
2024-06-11,SKU03445,1,53.18,53.18,
2024-06-11,SKU03576,1,34.15,61.97,1
2024-06-11,SKU04321,3,2883.9,961.2999999999998,
2024-06-12,SKU00002,1,70.38,70.38,
2024-06-12,SKU00125,4,1911.0,477.75,
2024-06-12,SKU00166,1,830.77,830.77,
2024-06-12,SKU00692,3,706.56,235.52,
2024-06-12,SKU00983,1,1292.33,1292.33,
2024-06-12,SKU01022,1,859.9,859.9,
2024-06-12,SKU01294,3,1325.61,441.87000000000006,
2024-06-12,SKU01333,3,262.74,87.58,
2024-06-12,SKU01416,1,183.25,183.25,
2024-06-12,SKU01860,1,211.67,211.67,
2024-06-12,SKU01892,2,463.8,231.9,
2024-06-12,SKU01911,3,3350.94,1116.98,
2024-06-12,SKU02046,3,6028.41,2009.47,
2024-06-12,SKU02117,2,6826.4,3413.2,
2024-06-12,SKU02714,3,2084.01,694.67,
2024-06-12,SKU02742,1,573.61,573.61,
2024-06-12,SKU02747,2,1122.52,561.26,
2024-06-12,SKU03702,1,473.65,473.65,
2024-06-12,SKU03765,2,2211.78,1105.89,
2024-06-12,SKU04116,1,128.93,128.93,
2024-06-12,SKU04321,9,8651.7,961.3000000000001,
2024-06-13,SKU00036,2,324.34,188.79,1
2024-06-13,SKU00439,1,675.61,786.51,1
2024-06-13,SKU00451,1,927.05,1079.22,1
2024-06-13,SKU00753,2,309.27,180.02,1
2024-06-13,SKU00942,2,297.04,172.9,1
2024-06-13,SKU00953,4,941.4300000000001,273.99,1
2024-06-13,SKU01127,1,702.27,817.54,1
2024-06-13,SKU01255,1,157.0,182.77,1
2024-06-13,SKU01389,3,9302.43,3609.7899999999995,1
2024-06-13,SKU01953,1,266.16,309.85,1
2024-06-13,SKU01976,3,916.95,355.82,1
2024-06-13,SKU02111,4,602.37,175.31,1
2024-06-13,SKU02251,1,157.33,183.16,1
2024-06-13,SKU02314,1,404.87,471.33,1
2024-06-13,SKU02430,1,593.46,690.87,1
2024-06-13,SKU02543,3,5041.23,1956.24,1
2024-06-13,SKU02564,2,495.63,288.49,1
2024-06-13,SKU02776,1,201.8,234.93,1
2024-06-13,SKU02809,2,914.29,532.18,1
2024-06-13,SKU02993,2,672.61,391.51,1
2024-06-13,SKU03230,1,534.32,622.02,1
2024-06-13,SKU04262,2,1247.68,726.24,1
2024-06-13,SKU04596,1,288.24,335.55,1
2024-06-13,SKU04832,1,178.82,208.17,1
2024-06-14,SKU00601,2,357.64,208.17,1
2024-06-14,SKU00832,3,2439.21,946.5300000000001,1
2024-06-14,SKU01140,1,401.38,467.27,1
2024-06-14,SKU01413,1,156.86,182.61,1
2024-06-14,SKU01438,2,511.98,298.01,1
2024-06-14,SKU01452,4,5214.1,1517.49,1
2024-06-14,SKU01490,1,70.81,82.43,1
2024-06-14,SKU01730,1,86.67,100.9,1
2024-06-14,SKU01982,2,151.79,88.35,1
2024-06-14,SKU03055,1,112.18,130.59,1
2024-06-14,SKU03759,1,100.82,117.37,1
2024-06-14,SKU04321,4,3303.03,961.3,1
2024-06-14,SKU04476,2,231.84,134.95,1
2024-06-14,SKU04913,1,401.08,466.91,1
2024-06-15,SKU00016,1,2988.16,3478.65,1
2024-06-15,SKU00079,1,109.04,197.9,1
2024-06-15,SKU00800,1,178.53,207.83,1
2024-06-15,SKU00917,2,313.11,182.25,1
2024-06-15,SKU00929,3,407.29,158.05,1
2024-06-15,SKU01108,2,828.94,482.5,1
2024-06-15,SKU01966,3,285.02,110.59999999999998,1
2024-06-15,SKU02526,1,599.68,698.11,1
2024-06-15,SKU02623,1,54.49,63.44,1
2024-06-15,SKU02930,3,438.5,170.16,1
2024-06-15,SKU02954,1,518.23,603.3,1
2024-06-15,SKU03282,1,1332.18,1550.85,1
2024-06-15,SKU03374,2,121.86,70.93,1
2024-06-15,SKU03679,2,2156.58,1956.97,1
2024-06-15,SKU03900,1,443.95,516.82,1
2024-06-15,SKU04321,1,825.76,961.3,1
2024-06-15,SKU04750,4,3142.57,914.6,1
2024-06-15,SKU04995,3,2786.64,1081.35,1
2024-06-16,SKU00096,2,361.21,210.25,1
2024-06-16,SKU00264,2,417.03,242.74,1
2024-06-16,SKU00282,2,5318.64,3095.83,1
2024-06-16,SKU00528,1,180.57,210.21,1
2024-06-16,SKU00897,1,76.12,88.62,1
2024-06-16,SKU00945,1,112.83,131.35,1
2024-06-16,SKU01377,3,338.21,131.24,1
2024-06-16,SKU01418,3,2809.16,1090.09,1
2024-06-16,SKU01988,2,568.86,331.12,1
2024-06-16,SKU02033,1,806.64,939.05,1
2024-06-16,SKU02141,2,810.69,471.88,1
2024-06-16,SKU02308,2,160.38,93.35,1
2024-06-16,SKU02314,1,404.87,471.33,1
2024-06-16,SKU02460,1,1408.7,1639.93,1
2024-06-16,SKU02597,1,105.73,123.09,1
2024-06-16,SKU02747,3,1446.37,561.26,1
2024-06-16,SKU04314,4,1951.61,567.99,1
2024-06-16,SKU04321,4,3303.03,961.3,1
2024-06-16,SKU04524,1,1495.68,1741.19,1
2024-06-16,SKU04596,1,288.24,335.55,1
2024-06-16,SKU04685,3,445.85,173.01,1
2024-06-17,SKU00020,4,376.24,109.5,1
2024-06-17,SKU00264,1,208.51,242.74,1
2024-06-17,SKU00297,2,296.39,172.52,1
2024-06-17,SKU00406,1,320.5,373.11,1
2024-06-17,SKU00774,5,406.35,94.61,1
2024-06-17,SKU00854,1,1245.24,1449.64,1
2024-06-17,SKU00976,2,461.15,268.42,1
2024-06-17,SKU00994,1,517.23,602.13,1
2024-06-17,SKU01491,5,3645.55,848.79,1
2024-06-17,SKU01647,2,424.4,247.03,1
2024-06-17,SKU02270,3,396.19,153.74,1
2024-06-17,SKU02412,2,1241.38,722.57,1
2024-06-17,SKU02467,4,873.29,254.16,1
2024-06-17,SKU02998,2,1531.15,891.24,1
2024-06-17,SKU03553,1,203.43,236.82,1
2024-06-17,SKU04090,1,155.26,180.74,1
2024-06-17,SKU04321,5,4128.78,961.3,1
2024-06-17,SKU04350,1,339.24,394.93,1
2024-06-18,SKU00164,1,97.92,113.99,1
2024-06-18,SKU00351,1,97.69,113.72,1
2024-06-18,SKU00459,2,252.72,147.1,1
2024-06-18,SKU00708,2,190.25,110.74,1
2024-06-18,SKU00953,2,470.71,273.99,1
2024-06-18,SKU00974,1,40.67,47.34,1
2024-06-18,SKU01103,3,574.21,222.82000000000002,1
2024-06-18,SKU01526,2,342.19,199.18,1
2024-06-18,SKU01775,1,175.36,204.15,1
2024-06-18,SKU02183,1,218.78,254.69,1
2024-06-18,SKU02336,2,579.09,337.07,1
2024-06-18,SKU02489,3,196.42,76.22,1
2024-06-18,SKU02609,1,336.6,391.85,1
2024-06-18,SKU02812,1,257.76,300.07,1
2024-06-18,SKU03268,2,1262.71,734.99,1
2024-06-18,SKU03675,1,1366.95,1591.33,1
2024-06-18,SKU03943,3,557.12,216.18999999999997,1
2024-06-18,SKU04508,4,1081.58,375.55,1
2024-06-18,SKU04559,1,2255.24,2625.43,1
2024-06-18,SKU04604,1,273.44,318.32,1
2024-06-18,SKU04974,1,1354.48,1576.81,1
2024-06-18,SKU04998,2,2128.5,1238.94,1
2024-06-19,SKU00953,2,470.71,273.99,1
2024-06-19,SKU01326,3,639.77,248.26,1
2024-06-19,SKU01655,1,53.41,62.18,1
2024-06-19,SKU02079,1,131.99,153.65,1
2024-06-19,SKU03016,1,200.4,233.3,1
2024-06-19,SKU03203,1,156.87,182.62,1
2024-06-19,SKU03423,1,333.15,387.84,1
2024-06-19,SKU03804,1,221.13,257.43,1
2024-06-19,SKU04185,1,68.57,79.83,1
2024-06-19,SKU04194,2,345.75,201.25,1
2024-06-19,SKU04317,3,4119.72,1598.6500000000003,1
2024-06-19,SKU04321,2,1651.51,961.3,1
2024-06-19,SKU04379,1,322.73,375.7,1
2024-06-19,SKU04766,3,290.76,112.83,1
2024-06-19,SKU04913,3,1203.23,466.91,1
2024-06-20,SKU00048,2,191.87,111.68,1
2024-06-20,SKU00216,1,488.45,678.4,1
2024-06-20,SKU00286,2,110.73,64.45,1
2024-06-20,SKU00417,1,34.73,40.43,1
2024-06-20,SKU00774,1,81.27,94.61,1
2024-06-20,SKU00974,2,81.33,47.34,1
2024-06-20,SKU01239,2,3691.54,2148.74,1
2024-06-20,SKU01823,1,1072.37,1248.39,1
2024-06-20,SKU01878,2,170.05,98.98,1
2024-06-20,SKU02042,3,331.71,128.72,1
2024-06-20,SKU02896,3,3898.56,1512.83,1
2024-06-20,SKU03941,2,3538.58,2059.71,1
2024-06-20,SKU04088,3,377.94,146.66,1
2024-06-20,SKU04096,4,534.81,155.65,1
2024-06-20,SKU04273,3,4602.91,1786.1500000000003,1
2024-06-20,SKU04530,1,208.81,243.09,1
2024-06-20,SKU04571,1,625.33,868.52,1
2024-06-20,SKU04742,1,260.68,362.06,1
2024-06-21,SKU00176,1,34.89,45.08,1
2024-06-21,SKU00286,1,49.88,64.45,1
2024-06-21,SKU00446,3,6006.62,2586.83,1
2024-06-21,SKU00974,4,146.56,47.34,1
2024-06-21,SKU01383,1,156.06,201.63,1
2024-06-21,SKU01787,1,344.0,444.45,1
2024-06-21,SKU01943,1,815.35,1053.43,1
2024-06-21,SKU02368,2,1223.12,849.39,1
2024-06-21,SKU03411,1,160.74,207.68,1
2024-06-21,SKU03840,3,592.39,255.12,1
2024-06-21,SKU03872,1,312.52,403.77,1
2024-06-21,SKU03907,1,678.59,876.73,1
2024-06-21,SKU04154,1,272.27,351.77,1
2024-06-21,SKU04166,4,816.32,263.67,1
2024-06-22,SKU00027,2,941.56,608.24,1
2024-06-22,SKU00947,1,490.75,634.05,1
2024-06-22,SKU00996,1,91.03,117.61,1
2024-06-22,SKU01942,1,66.29,85.64,1
2024-06-22,SKU02288,1,2178.13,2814.12,1
2024-06-22,SKU02302,1,1352.81,1747.82,1
2024-06-22,SKU02540,2,478.61,309.18,1
2024-06-22,SKU02931,1,98.84,127.7,1
2024-06-22,SKU03472,2,303.28,195.92,1
2024-06-22,SKU03743,1,196.01,253.24,1
2024-06-22,SKU04330,5,1642.46,456.23999999999995,1
2024-06-22,SKU04489,4,777.13,251.01,1
2024-06-22,SKU04571,2,1250.67,868.52,1
2024-06-22,SKU04687,1,45.2,58.4,1
2024-06-23,SKU00061,2,386.77,249.85,1
2024-06-23,SKU00686,1,961.69,1242.49,1
2024-06-23,SKU00953,3,636.2,273.99,1
2024-06-23,SKU01429,1,56.6,73.13,1
2024-06-23,SKU02231,2,78.24,50.54,1
2024-06-23,SKU02931,4,395.36,127.7,1
2024-06-23,SKU03088,2,346.06,223.55,1
2024-06-23,SKU03305,1,1105.9,1428.81,1
2024-06-23,SKU03392,3,2528.0,1170.37,1
2024-06-23,SKU03442,2,244.07,157.67,1
2024-06-23,SKU03878,1,95.64,123.56,1
2024-06-23,SKU04368,2,469.34,303.19,1
2024-06-23,SKU04589,1,311.23,402.1,1
2024-06-24,SKU00200,2,208.96,134.99,1
2024-06-24,SKU00283,2,867.08,560.13,1
2024-06-24,SKU00619,1,204.11,263.71,1
2024-06-24,SKU01162,2,239.63,154.8,1
2024-06-24,SKU01379,3,448.75,193.26,1
2024-06-24,SKU01775,1,158.01,204.15,1
2024-06-24,SKU02023,3,310.68,133.8,1
2024-06-24,SKU02098,1,88.62,114.49,1
2024-06-24,SKU02292,1,219.41,283.47,1
2024-06-24,SKU02303,1,139.86,180.7,1
2024-06-24,SKU02763,1,94.22,121.73,1
2024-06-24,SKU02870,1,615.11,794.71,1
2024-06-24,SKU03274,1,121.48,156.95,1
2024-06-24,SKU03353,2,75.25,48.61,1
2024-06-24,SKU03727,1,1285.56,1660.93,1
2024-06-24,SKU03730,4,691.93,223.49,1
2024-06-24,SKU03785,1,180.71,233.48,1
2024-06-24,SKU04263,4,880.22,284.31,1
2024-06-24,SKU04321,4,2976.18,961.3,1
2024-06-24,SKU04373,4,2977.03,1033.69,1
2024-06-24,SKU04532,1,69.56,89.87,1
2024-06-25,SKU00013,1,403.99,521.95,1
2024-06-25,SKU00044,1,406.95,525.77,1
2024-06-25,SKU00079,1,142.49,197.9,1
2024-06-25,SKU00300,2,155.65,100.55,1
2024-06-25,SKU00461,1,538.02,695.12,1
2024-06-25,SKU01088,2,283.79,183.33,1
2024-06-25,SKU01908,2,3266.85,2110.37,1
2024-06-25,SKU02234,1,239.42,309.33,1
2024-06-25,SKU02283,5,339.86,87.82,1
2024-06-25,SKU02479,1,675.35,872.55,1
2024-06-25,SKU04191,1,82.59,106.7,1
2024-06-25,SKU04245,1,156.8,217.78,1
2024-06-25,SKU04321,9,6696.41,961.3000000000001,1
2024-06-26,SKU00050,3,79.13,34.08,1
2024-06-26,SKU01281,4,561.95,181.51,1
2024-06-26,SKU01516,4,956.85,309.06,1
2024-06-26,SKU01898,1,219.28,304.55,1
2024-06-26,SKU02537,3,374.84,161.43,1
2024-06-26,SKU02678,3,369.36,159.07,1
2024-06-26,SKU03464,1,189.14,244.37,1
2024-06-26,SKU03571,2,1615.91,1043.87,1
2024-06-26,SKU04321,8,5952.37,961.3,1
2024-06-26,SKU04422,1,52.91,68.36,1
2024-06-27,SKU00151,1,156.24,201.86,1
2024-06-27,SKU00484,1,138.58,179.04,1
2024-06-27,SKU00921,1,2603.6,3363.82,1
2024-06-27,SKU01136,1,237.23,306.5,1
2024-06-27,SKU01363,2,4929.76,3184.6,1
2024-06-27,SKU01642,1,2243.45,2898.52,1
2024-06-27,SKU02733,1,278.5,386.81,1
2024-06-27,SKU03053,1,3163.12,4086.72,1
2024-06-27,SKU03443,1,77.57,100.22,1
2024-06-27,SKU03727,2,2571.12,1660.93,1
2024-06-27,SKU04125,2,340.28,219.82,1
2024-06-27,SKU04321,1,744.05,961.3,1
2024-06-27,SKU04560,1,202.98,262.25,1
2024-06-27,SKU04726,2,1221.37,789.0,1
2024-06-28,SKU00263,1,343.28,443.51,1
2024-06-28,SKU00802,3,456.51,196.6,1
2024-06-28,SKU00807,1,329.82,426.13,1
2024-06-28,SKU01153,2,1389.18,897.4,1
2024-06-28,SKU01633,4,1595.09,515.21,1
2024-06-28,SKU02098,1,88.62,114.49,1
2024-06-28,SKU02268,1,159.03,205.47,1
2024-06-28,SKU02368,3,1834.68,849.39,1
2024-06-28,SKU02693,1,1175.62,1518.89,1
2024-06-28,SKU02719,2,2780.64,1796.28,1
2024-06-28,SKU03676,2,2155.93,1392.72,1
2024-06-28,SKU04105,2,719.48,464.78,1
2024-06-28,SKU04110,5,1739.45,449.4700000000001,1
2024-06-28,SKU04311,1,81.38,105.14,1
2024-06-28,SKU04921,1,289.13,373.55,1
2024-06-28,SKU04998,3,2876.82,1238.94,1
2024-06-29,SKU00180,1,554.92,770.72,1
2024-06-29,SKU00275,3,437.23,188.30000000000004,1
2024-06-29,SKU00408,1,1160.98,1499.98,1
2024-06-29,SKU00440,2,616.74,398.41,1
2024-06-29,SKU00506,1,230.21,319.73,1
2024-06-29,SKU00596,3,1088.99,468.99,1
2024-06-29,SKU00917,1,141.06,182.25,1
2024-06-29,SKU02743,1,355.58,459.4,1
2024-06-29,SKU03682,2,52.83,34.13,1
2024-06-29,SKU03907,2,1357.18,876.73,1
2024-06-29,SKU03926,3,954.99,411.28,1
2024-06-29,SKU04028,3,4831.85,2080.9,1
2024-06-29,SKU04165,1,1777.0,2295.86,1
2024-06-29,SKU04321,2,1488.09,961.3,1
2024-06-29,SKU04679,1,35.38,45.71,1
2024-06-29,SKU04883,1,309.45,399.81,1
2024-06-30,SKU00028,2,146.21,94.45,1
2024-06-30,SKU00242,2,338.22,218.49,1
2024-06-30,SKU00692,1,182.29,235.52,1
2024-06-30,SKU00980,4,2248.13,726.14,1
2024-06-30,SKU02850,1,202.46,261.58,1
2024-06-30,SKU03421,1,1665.42,2151.7,1
2024-06-30,SKU03432,1,2035.57,2629.94,1
2024-06-30,SKU03541,4,2201.66,711.13,1
2024-06-30,SKU03587,4,782.42,252.72,1
2024-06-30,SKU03734,2,683.3,441.41,1
2024-06-30,SKU03797,1,279.87,361.59,1
2024-06-30,SKU03876,2,360.34,232.78,1
2024-06-30,SKU04252,1,89.81,116.03,1
2024-06-30,SKU04321,5,3720.2299999999996,961.3,1
2024-06-30,SKU04466,1,173.83,224.59,1
2024-06-30,SKU04872,2,238.95,154.36,1
2024-07-01,SKU00050,2,52.76,34.08,1
2024-07-01,SKU00976,2,415.51,268.42,1
2024-07-01,SKU01151,1,1423.56,1839.22,1
2024-07-01,SKU01371,4,3955.48,1277.61,1
2024-07-01,SKU01885,1,237.92,307.39,1
2024-07-01,SKU02141,2,730.47,471.88,1
2024-07-01,SKU02403,1,155.19,200.51,1
2024-07-01,SKU02614,3,274.32,118.14,1
2024-07-01,SKU03870,2,467.16,301.78,1
2024-07-01,SKU04154,1,272.27,351.77,1
2024-07-01,SKU04315,3,1155.13,497.47,1
2024-07-01,SKU04902,1,212.98,275.17,1
2024-07-02,SKU00190,2,225.11,145.42,1
2024-07-02,SKU01124,2,2576.69,1664.53,1
2024-07-02,SKU02024,3,3739.81,1610.5999999999997,1
2024-07-02,SKU02516,3,1024.1,474.12000000000006,1
2024-07-02,SKU02856,1,163.66,211.45,1
2024-07-02,SKU04157,1,2073.04,2678.35,1
2024-07-02,SKU04321,4,2976.1899999999996,961.3,1
2024-07-02,SKU04346,1,751.0,970.29,1
2024-07-02,SKU04817,1,31.63,40.86,1
2024-07-02,SKU04973,3,2112.16,909.63,1
2024-07-03,SKU00002,2,108.95,70.38,1
2024-07-03,SKU00500,3,2936.35,1264.58,1
2024-07-03,SKU00642,1,323.16,417.52,1
2024-07-03,SKU00845,1,483.0,670.83,1
2024-07-03,SKU00976,2,415.51,268.42,1
2024-07-03,SKU01628,2,241.77,156.18,1
2024-07-03,SKU02417,1,857.93,1108.44,1
2024-07-03,SKU02745,1,186.94,241.52,1
2024-07-03,SKU02826,4,1357.07,438.33,1
2024-07-03,SKU03923,3,3697.41,1592.34,1
2024-07-03,SKU04300,3,4248.77,1829.79,1
2024-07-03,SKU04321,2,1488.1,961.3,1
2024-07-03,SKU04551,1,1933.63,2498.23,1
2024-07-03,SKU04829,4,493.56,159.42,1
2024-07-03,SKU04926,4,1420.82,458.92,1
2024-07-04,SKU00942,2,267.65,172.9,1
2024-07-04,SKU01115,3,288.51,124.25,1
2024-07-04,SKU01420,3,496.1,213.65,1
2024-07-04,SKU01625,1,1294.79,1672.86,1
2024-07-04,SKU01897,1,380.98,492.22,1
2024-07-04,SKU02141,1,365.24,471.88,1
2024-07-04,SKU02536,2,628.78,406.19,1
2024-07-04,SKU03027,5,2803.35,724.38,1
2024-07-04,SKU03353,1,37.62,48.61,1
2024-07-04,SKU03731,1,1237.97,1599.44,1
2024-07-04,SKU04196,2,651.15,452.19,1
2024-07-04,SKU04223,1,33.99,43.92,1
2024-07-04,SKU04321,1,744.05,961.3,1
2024-07-04,SKU04470,1,1596.51,2062.67,1
2024-07-04,SKU04596,5,1298.58,335.55,1
2024-07-04,SKU04780,1,28.96,37.42,1
2024-07-05,SKU00055,1,316.86,409.38,1
2024-07-05,SKU00913,1,59.96,77.47,1
2024-07-05,SKU00994,1,466.05,602.13,1
2024-07-05,SKU01319,1,1585.66,2048.66,1
2024-07-05,SKU02692,2,3243.11,2095.03,1
2024-07-05,SKU02943,2,1408.6,909.95,1
2024-07-05,SKU02973,2,376.1,242.96,1
2024-07-05,SKU03876,1,180.17,232.78,1
2024-07-05,SKU04091,5,2285.39,590.54,1
2024-07-05,SKU04240,2,1085.16,701.01,1
2024-07-05,SKU04489,1,194.28,251.01,1
2024-07-05,SKU04531,2,162.68,105.09,1
2024-07-06,SKU00172,1,86.83,112.18,1
2024-07-06,SKU01232,1,322.33,416.45,1
2024-07-06,SKU01274,3,1296.51,558.36,1
2024-07-06,SKU01406,3,314.7,135.53,1
2024-07-06,SKU01588,4,639.2,206.46,1
2024-07-06,SKU02412,2,1118.54,722.57,1
2024-07-06,SKU03138,1,76.82,99.25,1
2024-07-06,SKU03836,2,685.02,442.52,1
2024-07-06,SKU03918,3,447.52,192.73,1
2024-07-06,SKU04180,3,2904.31,1250.78,1
2024-07-06,SKU04486,1,1085.44,1402.38,1
2024-07-06,SKU04823,2,1576.67,1018.52,1
2024-07-06,SKU04948,4,892.21,288.18,1
2024-07-07,SKU00334,2,2287.09,1477.45,1
2024-07-07,SKU01061,2,1235.29,797.99,1
2024-07-07,SKU01420,2,330.73,213.65,1
2024-07-07,SKU01660,1,106.81,138.0,1
2024-07-07,SKU01727,1,84.16,108.74,1
2024-07-07,SKU01963,3,1212.55,522.2,1
2024-07-07,SKU01993,1,110.04,142.17,1
2024-07-07,SKU03168,2,265.87,171.75,1
2024-07-07,SKU03368,1,1367.08,1766.25,1
2024-07-07,SKU03505,1,2567.96,3317.78,1
2024-07-07,SKU04321,2,1488.1,961.3,1
2024-07-07,SKU04669,1,365.95,508.26,1
2024-07-07,SKU04908,1,877.24,1133.38,1
2024-07-07,SKU04961,1,156.68,217.61,1
2024-07-08,SKU00484,1,138.58,179.04,1
2024-07-08,SKU00531,3,6849.81,2949.9600000000005,1
2024-07-08,SKU00671,2,487.68,315.04,1
2024-07-08,SKU00771,3,1190.58,512.74,1
2024-07-08,SKU00994,1,466.05,602.13,1
2024-07-08,SKU01057,2,362.29,251.59,1
2024-07-08,SKU01420,3,496.1,213.65,1
2024-07-08,SKU01693,3,3444.2,1483.29,1
2024-07-08,SKU03053,1,3163.12,4086.72,1
2024-07-08,SKU03292,3,380.88,164.03,1
2024-07-08,SKU03782,2,90.6,58.53,1
2024-07-08,SKU04143,2,640.04,413.46,1
2024-07-09,SKU00062,1,386.57,499.45,1
2024-07-09,SKU00369,1,285.55,368.93,1
2024-07-09,SKU00491,1,619.97,801.0,1
2024-07-09,SKU01950,2,162.43,104.93,1
2024-07-09,SKU02129,1,175.91,227.28,1
2024-07-09,SKU02368,1,611.56,849.39,1
2024-07-09,SKU02614,2,182.88,118.14,1
2024-07-09,SKU02740,1,80.67,104.22,1
2024-07-09,SKU02930,4,526.82,170.16,1
2024-07-09,SKU02983,1,822.54,1062.71,1
2024-07-09,SKU03415,1,926.97,1197.64,1
2024-07-09,SKU03423,3,900.56,387.84,1
2024-07-09,SKU03572,1,471.46,654.81,1
2024-07-09,SKU04161,1,136.54,189.64,1
2024-07-09,SKU04507,2,200.9,129.78,1
2024-07-09,SKU04562,3,3057.87,1316.91,1
2024-07-10,SKU00508,1,439.52,567.86,1
2024-07-10,SKU00635,1,118.69,153.34,1
2024-07-10,SKU00693,1,810.79,1047.53,1
2024-07-10,SKU00702,2,2509.39,1621.05,1
2024-07-10,SKU00729,2,349.4,242.64,1
2024-07-10,SKU00806,2,288.04,186.07,1
2024-07-10,SKU00886,1,1169.39,1510.84,1
2024-07-10,SKU00942,3,401.47,172.9,1
2024-07-10,SKU01048,1,74.44,96.18,1
2024-07-10,SKU01274,9,3889.5299999999997,558.36,1
2024-07-10,SKU01334,2,178.04,115.01,1
2024-07-10,SKU01363,1,2464.88,3184.6,1
2024-07-10,SKU01836,1,1282.19,1656.58,1
2024-07-10,SKU02646,2,869.81,561.89,1
2024-07-10,SKU03077,2,543.96,377.75,1
2024-07-10,SKU03443,1,77.57,100.22,1
2024-07-10,SKU04321,2,1488.1,961.3,1
2024-07-10,SKU04453,1,205.56,265.58,1
2024-07-10,SKU04558,1,604.43,839.49,1
2024-07-10,SKU04562,3,3057.87,1316.91,1
2024-07-11,SKU00226,3,172.48,74.28,1
2024-07-11,SKU01466,2,53.08,34.29,1
2024-07-11,SKU02088,2,107.29,69.31,1
2024-07-11,SKU02415,2,682.99,441.21,1
2024-07-11,SKU02458,1,83.41,107.76,1
2024-07-11,SKU02515,3,286.49,123.38,1
2024-07-11,SKU02564,1,207.71,288.49,1
2024-07-11,SKU02622,2,537.09,346.96,1
2024-07-11,SKU02896,4,4683.72,1512.83,1
2024-07-11,SKU03129,5,281.0,72.61,1
2024-07-11,SKU03455,1,239.91,309.96,1
2024-07-11,SKU03655,4,1038.77,335.52,1
2024-07-11,SKU03771,3,356.61,153.58,1
2024-07-11,SKU03948,1,52.81,68.23,1
2024-07-11,SKU04204,1,552.91,714.36,1
2024-07-11,SKU04321,3,2232.14,961.2999999999998,1
2024-07-11,SKU04346,1,751.0,970.29,1
2024-07-12,SKU00016,1,2692.48,3478.65,1
2024-07-12,SKU00418,4,170.71,55.14,1
2024-07-12,SKU02214,2,303.62,196.14,1
2024-07-12,SKU02738,3,534.43,230.16,1
2024-07-12,SKU02930,2,263.41,170.16,1
2024-07-12,SKU03183,1,158.51,204.79,1
2024-07-12,SKU03292,1,126.96,164.03,1
2024-07-12,SKU03876,1,180.17,232.78,1
2024-07-12,SKU04080,1,196.39,253.73,1
2024-07-12,SKU04127,1,75.3,97.29,1
2024-07-12,SKU04140,1,256.5,331.4,1
2024-07-12,SKU04321,2,1488.1,961.3,1
2024-07-12,SKU04541,1,70.79,91.46,1
2024-07-12,SKU04575,2,124.13,80.19,1
2024-07-12,SKU04626,3,1087.9,468.52,1
2024-07-13,SKU00216,2,1050.16,678.4,1
2024-07-13,SKU00953,1,212.07,273.99,1
2024-07-13,SKU01890,2,184.88,119.43,1
2024-07-13,SKU02007,4,734.8,237.34,1
2024-07-13,SKU02369,1,125.98,162.77,1
2024-07-13,SKU02776,1,181.84,234.93,1
2024-07-13,SKU03943,4,669.32,216.19,1
2024-07-13,SKU04188,2,280.03,180.9,1
2024-07-13,SKU04321,1,744.05,961.3,1
2024-07-13,SKU04363,1,116.97,151.12,1
2024-07-13,SKU04596,4,1038.86,335.55,1
2024-07-13,SKU04861,1,1163.77,1503.58,1
2024-07-14,SKU00079,1,153.17,197.9,1
2024-07-14,SKU00359,3,489.92,210.99,1
2024-07-14,SKU00774,1,73.23,94.61,1
2024-07-14,SKU00898,2,1493.59,964.85,1
2024-07-14,SKU00908,3,4896.33,2108.67,1
2024-07-14,SKU00953,1,212.07,273.99,1
2024-07-14,SKU01274,2,864.34,558.36,1
2024-07-14,SKU01289,1,199.44,257.68,1
2024-07-14,SKU01435,1,803.33,1037.9,1
2024-07-14,SKU01533,2,427.6,276.23,1
2024-07-14,SKU01547,3,384.62,165.64,1
2024-07-14,SKU01588,2,319.6,206.46,1
2024-07-14,SKU01713,1,576.08,744.29,1
2024-07-14,SKU02571,1,921.01,1189.94,1
2024-07-14,SKU02692,1,1621.55,2095.03,1
2024-07-14,SKU03194,1,502.62,649.38,1
2024-07-14,SKU03523,3,808.47,348.18,1
2024-07-14,SKU03545,1,310.41,401.05,1
2024-07-15,SKU00889,3,1015.74,437.44,1
2024-07-15,SKU01466,3,79.62,34.29,1
2024-07-15,SKU01556,2,2633.74,1701.38,1
2024-07-15,SKU01578,1,418.23,540.35,1
2024-07-15,SKU01707,3,817.81,352.2,1
2024-07-15,SKU01800,1,112.19,144.95,1
2024-07-15,SKU01936,1,417.2,539.02,1
2024-07-15,SKU02468,1,135.33,174.85,1
2024-07-15,SKU02954,1,466.95,603.3,1
2024-07-15,SKU03081,2,2468.19,1594.44,1
2024-07-15,SKU03215,5,655.69,169.43,1
2024-07-15,SKU03584,5,188.04,48.59,1
2024-07-15,SKU03876,1,180.17,232.78,1
2024-07-15,SKU04345,2,223.27,144.23,1
2024-07-15,SKU04610,1,1609.83,2079.89,1
2024-07-15,SKU04633,3,1440.92,620.55,1
2024-07-15,SKU04804,1,177.39,229.19,1
2024-07-15,SKU04954,1,290.03,374.72,1
2024-07-16,SKU00179,1,66.07,85.36,1
2024-07-16,SKU00572,3,694.74,299.2,1
2024-07-16,SKU00909,1,312.36,403.57,1
2024-07-16,SKU01152,1,376.19,486.03,1
2024-07-16,SKU01274,1,432.17,558.36,1
2024-07-16,SKU02449,1,106.68,137.83,1
2024-07-16,SKU02683,4,1151.15,371.82,1
2024-07-16,SKU02931,1,98.84,127.7,1
2024-07-16,SKU02954,1,466.95,603.3,1
2024-07-16,SKU03088,1,173.03,223.55,1
2024-07-16,SKU03149,1,472.59,610.58,1
2024-07-16,SKU03199,1,60.43,78.08,1
2024-07-16,SKU03558,3,4527.99,1950.04,1
2024-07-16,SKU03727,1,1285.56,1660.93,1
2024-07-16,SKU03800,2,177.18,114.46,1
2024-07-16,SKU04279,1,361.08,466.51,1
2024-07-16,SKU04321,5,3720.2299999999996,961.3,1
2024-07-16,SKU04515,1,189.0,244.19,1
2024-07-16,SKU04596,1,259.72,335.55,1
2024-07-17,SKU00374,1,921.04,1189.97,1
2024-07-17,SKU00671,1,243.84,315.04,1
2024-07-17,SKU01731,3,520.48,224.15,1
2024-07-17,SKU01784,5,653.29,168.81,1
2024-07-17,SKU02215,1,566.09,731.38,1
2024-07-17,SKU02261,4,1451.68,468.89,1
2024-07-17,SKU02266,1,399.12,515.66,1
2024-07-17,SKU02303,1,139.86,180.7,1
2024-07-17,SKU02912,1,120.74,156.0,1
2024-07-17,SKU03918,1,149.17,192.73,1
2024-07-17,SKU04154,1,272.27,351.77,1
2024-07-17,SKU04321,3,2232.14,961.2999999999998,1
2024-07-17,SKU04339,1,1187.37,1534.07,1
2024-07-17,SKU04377,4,472.67,152.67,1
2024-07-18,SKU00187,1,195.39,252.44,1
2024-07-18,SKU00291,3,442.2,190.43999999999997,1
2024-07-18,SKU00400,1,1392.56,1799.17,1
2024-07-18,SKU00824,2,606.43,391.75,1
2024-07-18,SKU01032,1,187.78,242.61,1
2024-07-18,SKU01094,1,163.18,210.83,1
2024-07-18,SKU02088,1,53.65,69.31,1
2024-07-18,SKU02135,4,3732.57,1205.61,1
2024-07-18,SKU02258,3,6082.43,2619.48,1
2024-07-18,SKU02409,1,152.52,197.05,1
2024-07-18,SKU02740,1,80.67,104.22,1
2024-07-18,SKU02785,1,879.71,1136.58,1
2024-07-18,SKU03078,1,280.84,362.84,1
2024-07-18,SKU03413,3,731.31,314.95,1
2024-07-18,SKU03906,2,194.32,125.53,1
2024-07-18,SKU04056,4,3665.82,1184.05,1
2024-07-18,SKU04321,2,1488.09,961.3,1
2024-07-18,SKU04497,1,1788.63,2310.89,1
2024-07-18,SKU04548,2,216.43,139.81,1
2024-07-18,SKU04844,4,801.93,259.02,1
2024-07-19,SKU00628,3,315.33,135.8,1
2024-07-19,SKU00938,1,36.95,47.74,1
2024-07-19,SKU01037,1,137.83,178.07,1
2024-07-19,SKU01713,1,576.08,744.29,1
2024-07-19,SKU02052,4,858.92,277.43,1
2024-07-19,SKU02102,2,543.83,351.31,1
2024-07-19,SKU02428,1,117.63,151.98,1
2024-07-19,SKU02756,3,4427.64,1906.82,1
2024-07-19,SKU02898,3,2297.36,989.39,1
2024-07-19,SKU02954,1,466.95,603.3,1
2024-07-19,SKU04775,4,374.86,121.08,1
2024-07-19,SKU04939,1,134.15,173.32,1
2024-07-20,SKU00477,1,101.73,131.43,1
2024-07-20,SKU00953,1,212.07,273.99,1
2024-07-20,SKU01420,1,165.37,213.65,1
2024-07-20,SKU02081,1,472.29,610.19,1
2024-07-20,SKU02266,1,399.12,515.66,1
2024-07-20,SKU02383,1,253.89,328.02,1
2024-07-20,SKU02692,1,1621.55,2095.03,1
2024-07-20,SKU02833,1,3037.59,3924.53,1
2024-07-20,SKU03274,1,121.48,156.95,1
2024-07-20,SKU03464,1,189.14,244.37,1
2024-07-20,SKU03466,1,272.49,352.05,1
2024-07-20,SKU03586,5,541.99,140.05,1
2024-07-20,SKU03890,1,510.37,659.39,1
2024-07-20,SKU03930,2,2765.02,1786.19,1
2024-07-20,SKU04032,4,630.66,203.7,1
2024-07-20,SKU04154,1,272.27,351.77,1
2024-07-20,SKU04273,1,1382.48,1786.15,1
2024-07-20,SKU04321,1,744.05,961.3,1
2024-07-21,SKU00396,2,789.92,394.96,
2024-07-21,SKU01017,2,821.38,410.69,
2024-07-21,SKU01551,3,538.65,179.55000000000004,
2024-07-21,SKU02141,4,1887.52,471.88,
2024-07-21,SKU02247,3,537.9,179.30000000000004,
2024-07-21,SKU02368,1,849.39,849.39,
2024-07-21,SKU02381,3,2963.79,987.93,
2024-07-21,SKU02786,2,139.78,69.89,
2024-07-21,SKU03181,2,1001.58,500.79,
2024-07-21,SKU03727,1,1660.93,1660.93,
2024-07-21,SKU03837,2,394.12,197.06,
2024-07-21,SKU04211,1,311.36,311.36,
2024-07-21,SKU04321,3,2883.8999999999996,961.2999999999998,
2024-07-21,SKU04712,3,6523.98,2174.66,
2024-07-22,SKU00088,2,297.24,148.62,
2024-07-22,SKU00857,2,898.6,449.3,
2024-07-22,SKU00914,2,6853.94,3426.97,
2024-07-22,SKU00953,1,273.99,273.99,
2024-07-22,SKU01489,1,110.32,110.32,
2024-07-22,SKU01882,3,207.96,69.32,
2024-07-22,SKU01960,1,98.1,98.1,
2024-07-22,SKU02045,5,5366.95,1073.39,
2024-07-22,SKU02847,1,259.88,259.88,
2024-07-23,SKU00079,2,395.8,197.9,
2024-07-23,SKU00706,1,997.3,997.3,
2024-07-23,SKU01928,2,396.9,198.45,
2024-07-23,SKU02082,1,218.25,218.25,
2024-07-23,SKU02259,3,738.48,246.16,
2024-07-23,SKU02536,1,406.19,406.19,
2024-07-23,SKU02811,2,541.06,270.53,
2024-07-23,SKU02998,3,2673.72,891.2400000000001,
2024-07-23,SKU03589,1,1456.54,1456.54,
2024-07-23,SKU03727,1,1660.93,1660.93,
2024-07-23,SKU04233,1,271.64,271.64,
2024-07-23,SKU04321,3,2883.8999999999996,961.2999999999998,
2024-07-23,SKU04404,4,962.32,240.58,
2024-07-23,SKU04571,2,1737.04,868.52,
2024-07-24,SKU00190,1,145.42,145.42,
2024-07-24,SKU00412,1,366.88,627.15,1
2024-07-24,SKU00690,3,1478.82,492.94,
2024-07-24,SKU01048,1,96.18,96.18,
2024-07-24,SKU01603,1,1540.86,1540.86,
2024-07-24,SKU01935,1,161.94,161.94,
2024-07-24,SKU02531,2,286.98,143.49,
2024-07-24,SKU02849,3,219.9,73.3,
2024-07-24,SKU03335,4,1605.44,401.36,
2024-07-24,SKU03640,2,663.3,331.65,
2024-07-24,SKU03836,1,442.52,442.52,
2024-07-24,SKU03874,2,449.3,224.65,
2024-07-24,SKU03902,2,684.24,342.12,
2024-07-24,SKU04012,1,631.0,631.0,
2024-07-24,SKU04089,4,6390.04,1597.51,
2024-07-24,SKU04531,1,105.09,105.09,
2024-07-24,SKU04596,1,335.55,335.55,
2024-07-24,SKU04621,2,540.4,270.2,
2024-07-24,SKU04629,1,166.85,166.85,
2024-07-25,SKU00436,3,438.69,146.23,
2024-07-25,SKU01274,2,1116.72,558.36,
2024-07-25,SKU01726,1,126.0,126.0,
2024-07-25,SKU01775,4,816.6,204.15,
2024-07-25,SKU01804,2,441.84,220.92,
2024-07-25,SKU01870,1,226.16,226.16,
2024-07-25,SKU02203,1,886.54,886.54,
2024-07-25,SKU02322,4,229.32,57.33,
2024-07-25,SKU02333,1,53.1,53.1,
2024-07-25,SKU02879,2,263.44,131.72,
2024-07-25,SKU03570,4,833.76,208.44,
2024-07-25,SKU03891,4,638.76,159.69,
2024-07-25,SKU04166,1,263.67,263.67,
2024-07-25,SKU04424,2,2401.06,1200.53,
2024-07-25,SKU04574,2,84.19,71.96,1
2024-07-25,SKU04596,1,335.55,335.55,
2024-07-25,SKU04625,2,132.2,66.1,
2024-07-25,SKU04684,1,124.43,124.43,
2024-07-26,SKU00019,1,394.36,394.36,
2024-07-26,SKU00045,1,352.71,352.71,
2024-07-26,SKU00228,1,2956.05,2956.05,
2024-07-26,SKU00429,2,1165.76,582.88,
2024-07-26,SKU00519,3,215.85,71.95,
2024-07-26,SKU00942,2,345.8,172.9,
2024-07-26,SKU01728,2,3815.66,1907.83,
2024-07-26,SKU02005,3,2365.86,788.62,
2024-07-26,SKU02449,2,275.66,137.83,
2024-07-26,SKU03936,2,3118.14,1559.07,
2024-07-26,SKU04321,4,3845.2,961.3,
2024-07-26,SKU04841,2,2378.82,1189.41,
2024-07-26,SKU04939,2,346.64,173.32,
2024-07-27,SKU00285,2,1011.34,505.67,
2024-07-27,SKU01071,4,2695.64,673.91,
2024-07-27,SKU02052,1,162.3,277.43,1
2024-07-27,SKU02427,1,118.1,118.1,
2024-07-27,SKU04013,4,1789.12,447.28,
2024-07-27,SKU04462,1,191.58,191.58,
2024-07-28,SKU00169,1,95.37,95.37,
2024-07-28,SKU00376,1,207.45,207.45,
2024-07-28,SKU00681,3,242.58,80.86,
2024-07-28,SKU00953,1,273.99,273.99,
2024-07-28,SKU01087,2,271.43,231.99,1
2024-07-28,SKU01775,2,408.3,204.15,
2024-07-28,SKU02034,1,751.83,751.83,
2024-07-28,SKU02342,2,286.3,143.15,
2024-07-28,SKU02683,1,371.82,371.82,
2024-07-28,SKU03016,3,699.9,233.30000000000004,
2024-07-28,SKU03099,2,378.2,189.1,
2024-07-28,SKU03907,1,876.73,876.73,
2024-07-28,SKU03938,1,132.09,132.09,
2024-07-28,SKU04032,1,203.7,203.7,
2024-07-28,SKU04321,1,961.3,961.3,
2024-07-28,SKU04327,5,249.5,49.9,
2024-07-28,SKU04329,1,2452.07,2452.07,
2024-07-29,SKU00078,1,820.53,820.53,
2024-07-29,SKU00190,1,145.42,145.42,
2024-07-29,SKU00623,3,522.73,297.85,1
2024-07-29,SKU00920,1,67.12,114.73,1
2024-07-29,SKU01211,1,152.95,261.45,1
2024-07-29,SKU01274,1,558.36,558.36,
2024-07-29,SKU01485,2,952.36,476.18,
2024-07-29,SKU01601,2,274.44,137.22,
2024-07-29,SKU01715,2,4631.6,2315.8,
2024-07-29,SKU01743,2,2797.72,1398.86,
2024-07-29,SKU02282,2,320.92,199.33,1
2024-07-29,SKU02531,1,143.49,143.49,
2024-07-29,SKU02770,1,756.35,756.35,
2024-07-29,SKU03548,1,170.33,170.33,
2024-07-29,SKU04046,2,229.66,114.83,
2024-07-29,SKU04105,1,464.78,464.78,
2024-07-29,SKU04154,1,205.79,351.77,1
2024-07-29,SKU04611,1,272.61,272.61,
2024-07-29,SKU04659,3,1734.69,578.23,
2024-07-29,SKU04913,1,466.91,466.91,
2024-07-30,SKU00192,2,331.56,165.78,
2024-07-30,SKU00912,3,3744.78,1248.26,
2024-07-30,SKU00953,2,547.98,273.99,
2024-07-30,SKU02185,2,1288.82,644.41,
2024-07-30,SKU02243,2,1178.08,589.04,
2024-07-30,SKU02286,2,972.3,486.15,
2024-07-30,SKU03836,1,442.52,442.52,
2024-07-30,SKU04105,2,929.56,464.78,
2024-07-30,SKU04154,3,617.36,351.77,1
2024-07-30,SKU04238,1,158.33,270.65,1
2024-07-30,SKU04321,6,5767.799999999999,961.2999999999998,
2024-07-30,SKU04508,1,375.55,375.55,
2024-07-30,SKU04571,2,1737.04,868.52,
2024-07-30,SKU04596,1,335.55,335.55,
2024-07-30,SKU04622,1,2025.83,2025.83,
2024-07-31,SKU00243,1,483.9,483.9,
2024-07-31,SKU00938,3,143.22,47.74,
2024-07-31,SKU00953,2,547.98,273.99,
2024-07-31,SKU01053,1,52.87,52.87,
2024-07-31,SKU01371,4,5110.44,1277.61,
2024-07-31,SKU01681,1,544.45,544.45,
2024-07-31,SKU01751,2,919.62,459.81,
2024-07-31,SKU02443,2,2364.9,1182.45,
2024-07-31,SKU02515,1,123.38,123.38,
2024-07-31,SKU02614,2,236.28,118.14,
2024-07-31,SKU02962,3,2118.24,706.08,
2024-07-31,SKU03149,2,1221.16,610.58,
2024-07-31,SKU03219,3,417.06,139.02,
2024-07-31,SKU03368,2,3532.5,1766.25,
2024-07-31,SKU03708,1,102.64,102.64,
2024-07-31,SKU03867,5,314.4,62.88000000000001,
2024-07-31,SKU04041,1,575.93,575.93,
2024-07-31,SKU04154,3,1055.31,351.77,
2024-07-31,SKU04602,1,80.83,100.41,1
2024-07-31,SKU04719,1,240.75,240.75,
2024-08-01,SKU00363,2,2207.5,1103.75,
2024-08-01,SKU00376,1,167.0,207.45,1
2024-08-01,SKU00478,3,1349.73,449.91,
2024-08-01,SKU00581,1,1265.07,1265.07,
2024-08-01,SKU00726,5,4873.35,974.6699999999998,
2024-08-01,SKU01200,1,973.91,973.91,
2024-08-01,SKU01420,4,854.6,213.65,
2024-08-01,SKU01585,1,1147.66,1147.66,
2024-08-01,SKU01662,1,495.84,495.84,
2024-08-01,SKU01774,1,104.11,129.33,1
2024-08-01,SKU02258,2,5238.96,2619.48,
2024-08-01,SKU02389,1,830.82,830.82,
2024-08-01,SKU02940,2,644.5,322.25,
2024-08-01,SKU03233,2,668.22,334.11,
2024-08-01,SKU03460,2,6069.86,3034.93,
2024-08-01,SKU04026,2,481.94,240.97,
2024-08-01,SKU04031,2,1527.96,763.98,
2024-08-01,SKU04321,2,1922.6,961.3,
2024-08-01,SKU04476,1,134.95,134.95,
2024-08-01,SKU04596,2,671.1,335.55,
2024-08-01,SKU04729,2,3492.04,1746.02,
2024-08-01,SKU04756,1,665.32,665.32,
2024-08-01,SKU04861,1,1503.58,1503.58,
2024-08-02,SKU00640,1,180.34,180.34,
2024-08-02,SKU00774,4,378.44,94.61,
2024-08-02,SKU00896,2,388.86,194.43,
2024-08-02,SKU01710,1,2094.77,2094.77,
2024-08-02,SKU01768,1,361.67,361.67,
2024-08-02,SKU01784,2,337.62,168.81,
2024-08-02,SKU01946,1,3073.34,3073.34,
2024-08-02,SKU02462,1,171.89,171.89,
2024-08-02,SKU02557,1,2280.46,2280.46,
2024-08-02,SKU02657,4,515.0,128.75,
2024-08-02,SKU02753,3,2390.25,796.75,
2024-08-02,SKU03016,3,699.9,233.30000000000004,
2024-08-02,SKU03253,1,94.95,94.95,
2024-08-02,SKU04198,2,245.68,122.84,
2024-08-02,SKU04302,1,174.83,174.83,
2024-08-02,SKU04321,1,961.3,961.3,
2024-08-02,SKU04874,2,545.58,272.79,
2024-08-02,SKU04913,1,466.91,466.91,
2024-08-03,SKU00538,1,1101.07,1101.07,
2024-08-03,SKU00919,2,1152.64,576.32,
2024-08-03,SKU01059,3,530.97,176.99,
2024-08-03,SKU02004,2,1851.34,925.67,
2024-08-03,SKU02340,1,234.67,234.67,
2024-08-03,SKU02412,3,2167.71,722.57,
2024-08-03,SKU02723,1,3042.95,3042.95,
2024-08-03,SKU02858,2,181.4,90.7,
2024-08-03,SKU03030,3,325.89,108.63,
2024-08-03,SKU03261,1,92.36,92.36,
2024-08-03,SKU03288,3,3871.47,1290.49,
2024-08-03,SKU04235,2,410.86,205.43,
2024-08-03,SKU04321,5,4806.5,961.3,
2024-08-03,SKU04362,5,1167.1,233.42,
2024-08-04,SKU00196,1,90.98,90.98,
2024-08-04,SKU00339,1,1884.44,1884.44,
2024-08-04,SKU00372,3,133.41,44.47,
2024-08-04,SKU00618,3,396.81,132.27,
2024-08-04,SKU00729,2,485.28,242.64,
2024-08-04,SKU01456,2,2164.34,1082.17,
2024-08-04,SKU01621,2,1752.06,876.03,
2024-08-04,SKU02640,2,3126.44,1563.22,
2024-08-04,SKU03053,3,12260.16,4086.72,
2024-08-04,SKU03259,1,602.04,602.04,
2024-08-04,SKU03611,4,659.92,164.98,
2024-08-04,SKU03680,1,169.14,169.14,
2024-08-04,SKU04165,1,2295.86,2295.86,
2024-08-04,SKU04185,1,79.83,79.83,
2024-08-04,SKU04321,1,961.3,961.3,
2024-08-04,SKU04344,2,403.62,201.81,
2024-08-05,SKU00471,3,1034.22,344.74,
2024-08-05,SKU00845,1,670.83,670.83,
2024-08-05,SKU00859,5,11465.7,2293.14,
2024-08-05,SKU01452,1,1517.49,1517.49,
2024-08-05,SKU02098,1,114.49,114.49,
2024-08-05,SKU02327,1,753.71,753.71,
2024-08-05,SKU03258,1,1275.38,1275.38,
2024-08-05,SKU03727,4,6643.72,1660.93,
2024-08-05,SKU03911,1,89.02,89.02,
2024-08-05,SKU04321,9,8651.7,961.3000000000001,
2024-08-05,SKU04756,1,665.32,665.32,
2024-08-05,SKU04819,3,667.83,222.61,
2024-08-05,SKU04988,2,631.8,315.9,
2024-08-06,SKU00013,1,521.95,521.95,
2024-08-06,SKU00030,1,402.34,402.34,
2024-08-06,SKU00079,2,395.8,197.9,
2024-08-06,SKU00881,1,398.92,398.92,
2024-08-06,SKU00980,1,726.14,726.14,
2024-08-06,SKU00984,2,3564.04,1782.02,
2024-08-06,SKU01038,2,2677.18,1338.59,
2024-08-06,SKU01390,3,2078.34,692.7800000000001,
2024-08-06,SKU02209,3,2941.11,980.37,
2024-08-06,SKU02285,1,215.0,215.0,
2024-08-06,SKU02354,2,181.56,90.78,
2024-08-06,SKU02543,1,1956.24,1956.24,
2024-08-06,SKU02776,1,234.93,234.93,
2024-08-06,SKU03043,1,4386.71,4386.71,
2024-08-06,SKU03487,2,380.48,190.24,
2024-08-06,SKU03604,1,122.62,122.62,
2024-08-06,SKU03718,3,6917.79,2305.93,
2024-08-06,SKU03901,2,220.9,110.45,
2024-08-06,SKU03913,2,937.86,468.93,
2024-08-06,SKU04154,1,351.77,351.77,
2024-08-06,SKU04525,1,2000.16,2000.16,
2024-08-06,SKU04646,2,164.76,82.38,
2024-08-07,SKU00137,1,145.43,145.43,
2024-08-07,SKU00643,2,981.56,490.78,
2024-08-07,SKU00815,3,131.61,43.87,
2024-08-07,SKU00877,2,315.36,157.68,
2024-08-07,SKU00896,1,194.43,194.43,
2024-08-07,SKU01037,3,534.21,178.07000000000002,
2024-08-07,SKU01870,2,452.32,226.16,
2024-08-07,SKU01941,3,1638.51,546.17,
2024-08-07,SKU02018,1,1042.89,1042.89,
2024-08-07,SKU02079,1,153.65,153.65,
2024-08-07,SKU02297,1,1276.77,1276.77,
2024-08-07,SKU02508,1,145.13,145.13,
2024-08-07,SKU02657,3,386.25,128.75,
2024-08-07,SKU02890,1,158.62,158.62,
2024-08-07,SKU03851,1,99.5,99.5,
2024-08-07,SKU04026,1,240.97,240.97,
2024-08-07,SKU04222,2,236.6,118.3,
2024-08-07,SKU04318,2,411.0,205.5,
2024-08-07,SKU04321,15,14419.5,961.3,
2024-08-07,SKU04508,1,375.55,375.55,
2024-08-07,SKU04966,1,121.77,121.77,
2024-08-08,SKU00376,1,167.0,207.45,1
2024-08-08,SKU00454,1,79.58,79.58,
2024-08-08,SKU00539,1,199.63,199.63,
2024-08-08,SKU00901,2,1307.4,653.7,
2024-08-08,SKU01517,4,3187.44,796.86,
2024-08-08,SKU01764,1,2017.27,2017.27,
2024-08-08,SKU02151,1,229.08,229.08,
2024-08-08,SKU02422,3,1132.59,377.53,
2024-08-08,SKU02749,1,1104.61,1104.61,
2024-08-08,SKU02835,1,1538.54,1538.54,
2024-08-08,SKU03088,1,223.55,223.55,
2024-08-08,SKU03385,1,153.8,153.8,
2024-08-08,SKU04334,1,287.82,287.82,
2024-08-08,SKU04350,2,789.86,394.93,
2024-08-08,SKU04404,1,240.58,240.58,
2024-08-08,SKU04517,1,183.95,183.95,
2024-08-08,SKU04839,2,102.4,51.2,
2024-08-09,SKU00209,1,88.63,88.63,
2024-08-09,SKU00977,2,1842.9,921.45,
2024-08-09,SKU01138,1,181.15,181.15,
2024-08-09,SKU01156,3,6320.64,2106.88,
2024-08-09,SKU01274,1,558.36,558.36,
2024-08-09,SKU01317,4,2579.32,644.83,
2024-08-09,SKU01469,1,69.23,69.23,
2024-08-09,SKU01877,1,1306.98,1306.98,
2024-08-09,SKU01993,1,142.17,142.17,
2024-08-09,SKU02947,3,403.5,134.5,
2024-08-09,SKU02965,2,301.36,150.68,
2024-08-09,SKU03555,1,213.41,213.41,
2024-08-09,SKU03840,2,510.24,255.12,
2024-08-09,SKU04064,2,7690.64,3845.32,
2024-08-09,SKU04321,9,8651.7,961.2999999999998,
2024-08-09,SKU04445,5,4878.9,975.78,
2024-08-10,SKU00036,1,188.79,188.79,
2024-08-10,SKU00190,1,145.42,145.42,
2024-08-10,SKU01507,1,220.84,220.84,
2024-08-10,SKU01775,2,408.3,204.15,
2024-08-10,SKU02306,2,393.24,196.62,
2024-08-10,SKU02840,1,267.04,267.04,
2024-08-10,SKU02942,1,622.94,622.94,
2024-08-10,SKU03088,1,223.55,223.55,
2024-08-10,SKU03100,3,1209.12,403.04,
2024-08-10,SKU03137,3,495.69,165.23,
2024-08-10,SKU03252,3,1434.99,478.33,
2024-08-10,SKU03355,3,382.41,127.46999999999998,
2024-08-10,SKU03671,2,182.96,91.48,
2024-08-10,SKU03727,5,8304.65,1660.9299999999998,
2024-08-10,SKU03733,1,598.28,598.28,
2024-08-10,SKU03842,2,1882.06,941.03,
2024-08-10,SKU04165,2,4591.72,2295.86,
2024-08-10,SKU04318,2,411.0,205.5,
2024-08-10,SKU04321,2,1922.6,961.3,
2024-08-10,SKU04650,2,1156.14,578.07,
2024-08-10,SKU04662,2,372.88,186.44,
2024-08-11,SKU00942,1,172.9,172.9,
2024-08-11,SKU00982,1,1475.54,1475.54,
2024-08-11,SKU01218,1,375.09,375.09,
2024-08-11,SKU01223,5,1359.9,271.98,
2024-08-11,SKU01943,1,1053.43,1053.43,
2024-08-11,SKU02159,2,442.26,221.13,
2024-08-11,SKU02275,2,376.24,188.12,
2024-08-11,SKU02328,2,117.92,58.96,
2024-08-11,SKU02683,1,371.82,371.82,
2024-08-11,SKU02826,1,438.33,438.33,
2024-08-11,SKU02833,2,7849.06,3924.53,
2024-08-11,SKU02847,1,259.88,259.88,
2024-08-11,SKU03203,1,182.62,182.62,
2024-08-11,SKU03952,1,382.65,382.65,
2024-08-11,SKU04042,1,242.79,242.79,
2024-08-11,SKU04243,1,86.81,86.81,
2024-08-11,SKU04321,4,3845.2,961.3,
2024-08-11,SKU04422,1,68.36,68.36,
2024-08-11,SKU04484,3,659.94,219.98,
2024-08-11,SKU04596,2,671.1,335.55,
2024-08-11,SKU04645,1,155.83,155.83,
2024-08-11,SKU04761,1,287.71,287.71,
2024-08-11,SKU04847,1,630.96,630.96,
2024-08-12,SKU00079,1,197.9,197.9,
2024-08-12,SKU00125,3,1433.25,477.75,
2024-08-12,SKU00264,2,485.48,242.74,
2024-08-12,SKU00820,3,1461.33,487.10999999999996,
2024-08-12,SKU01547,4,662.56,165.64,
2024-08-12,SKU01679,1,1739.03,1739.03,
2024-08-12,SKU01982,1,88.35,88.35,
2024-08-12,SKU02233,1,260.53,260.53,
2024-08-12,SKU02297,2,2553.54,1276.77,
2024-08-12,SKU02350,1,194.08,194.08,
2024-08-12,SKU02382,1,1233.79,1233.79,
2024-08-12,SKU02526,2,1396.22,698.11,
2024-08-12,SKU02753,4,3187.0,796.75,
2024-08-12,SKU03153,2,630.04,315.02,
2024-08-12,SKU03693,3,3337.1,1381.82,1
2024-08-12,SKU03819,1,470.54,470.54,
2024-08-12,SKU04097,1,405.48,405.48,
2024-08-12,SKU04154,3,1055.31,351.77,
2024-08-12,SKU04321,7,6729.1,961.3,
2024-08-12,SKU04384,2,3230.0,1615.0,
2024-08-12,SKU04601,3,1039.05,346.3500000000001,
2024-08-12,SKU04627,1,630.47,630.47,
2024-08-13,SKU00125,3,1433.25,477.75,
2024-08-13,SKU00383,4,498.76,124.69,
2024-08-13,SKU00518,3,904.88,374.69,1
2024-08-13,SKU00729,1,242.64,242.64,
2024-08-13,SKU01051,1,1119.25,1119.25,
2024-08-13,SKU01106,2,231.76,115.88,
2024-08-13,SKU01224,1,282.15,282.15,
2024-08-13,SKU01507,3,662.52,220.84,
2024-08-13,SKU01666,1,94.34,94.34,
2024-08-13,SKU01953,1,249.43,309.85,1
2024-08-13,SKU02747,3,1683.78,561.26,
2024-08-13,SKU02766,3,676.59,225.53,
2024-08-13,SKU03743,3,759.72,253.24,
2024-08-13,SKU03812,1,1167.25,1167.25,
2024-08-13,SKU04032,2,407.4,203.7,
2024-08-13,SKU04294,1,499.57,499.57,
2024-08-13,SKU04362,2,466.84,233.42,
2024-08-13,SKU04562,2,2633.82,1316.91,
2024-08-13,SKU04663,1,715.73,715.73,
2024-08-13,SKU04939,2,346.64,173.32,
2024-08-14,SKU00062,4,1997.8,499.45,
2024-08-14,SKU00131,1,119.24,119.24,
2024-08-14,SKU00213,1,115.76,115.76,
2024-08-14,SKU00495,3,5055.96,1685.32,
2024-08-14,SKU00531,1,2949.96,2949.96,
2024-08-14,SKU00754,1,2674.24,2674.24,
2024-08-14,SKU00806,1,186.07,186.07,
2024-08-14,SKU01414,1,193.44,193.44,
2024-08-14,SKU01524,3,5592.51,1864.17,
2024-08-14,SKU01827,1,270.58,270.58,
2024-08-14,SKU02137,1,1893.03,1893.03,
2024-08-14,SKU02756,2,3813.64,1906.82,
2024-08-14,SKU03292,2,328.06,164.03,
2024-08-14,SKU03375,3,310.08,103.36,
2024-08-14,SKU03572,1,654.81,654.81,
2024-08-14,SKU04321,1,961.3,961.3,
2024-08-14,SKU04326,2,331.26,165.63,
2024-08-14,SKU04381,5,773.08,192.07,1
2024-08-14,SKU04508,4,1502.2,375.55,
2024-08-15,SKU00430,3,439.77,146.59,
2024-08-15,SKU00595,1,2693.97,2693.97,
2024-08-15,SKU00960,5,869.35,173.87,
2024-08-15,SKU01805,1,158.18,158.18,
2024-08-15,SKU01985,2,568.08,284.04,
2024-08-15,SKU02511,1,171.29,171.29,
2024-08-15,SKU02533,1,508.42,508.42,
2024-08-15,SKU02630,1,257.78,257.78,
2024-08-15,SKU02819,1,1160.88,1160.88,
2024-08-15,SKU03464,1,244.37,244.37,
2024-08-15,SKU03655,1,335.52,335.52,
2024-08-15,SKU03727,2,3321.86,1660.93,
2024-08-15,SKU03891,1,159.69,159.69,
2024-08-15,SKU04061,2,131.2,65.6,
2024-08-15,SKU04305,2,1564.44,782.22,
2024-08-15,SKU04315,2,994.94,497.47,
2024-08-15,SKU04321,2,1922.6,961.3,
2024-08-15,SKU04999,1,336.69,336.69,
2024-08-16,SKU00356,2,670.2,335.1,
2024-08-16,SKU00920,1,114.73,114.73,
2024-08-16,SKU01170,1,365.5,365.5,
2024-08-16,SKU01972,3,243.72,81.24,
2024-08-16,SKU02345,2,671.0,335.5,
2024-08-16,SKU02404,2,56.32,28.16,
2024-08-16,SKU02611,1,191.87,191.87,
2024-08-16,SKU02768,4,866.08,216.52,
2024-08-16,SKU04118,4,804.52,201.13,
2024-08-16,SKU04321,2,1922.6,961.3,
2024-08-16,SKU04596,1,335.55,335.55,
2024-08-17,SKU00502,1,722.95,898.08,1
2024-08-17,SKU00685,3,7749.69,2583.23,
2024-08-17,SKU00931,1,373.2,373.2,
2024-08-17,SKU01037,4,712.28,178.07,
2024-08-17,SKU01663,3,8155.59,2718.53,
2024-08-17,SKU02155,5,5567.4,1113.48,
2024-08-17,SKU02705,2,6537.1,3268.55,
2024-08-17,SKU02870,1,794.71,794.71,
2024-08-17,SKU02930,1,170.16,170.16,
2024-08-17,SKU03041,1,320.56,320.56,
2024-08-17,SKU04321,3,2883.8999999999996,961.2999999999998,
2024-08-17,SKU04633,5,3102.75,620.55,
2024-08-17,SKU04660,1,2394.77,2394.77,
2024-08-17,SKU04674,4,647.28,161.82,
2024-08-17,SKU04804,1,229.19,229.19,
2024-08-18,SKU00190,2,290.84,145.42,
2024-08-18,SKU00202,3,1049.58,349.85999999999996,
2024-08-18,SKU00254,1,105.55,105.55,
2024-08-18,SKU00445,3,261.45,87.15000000000002,
2024-08-18,SKU00781,3,1377.24,459.08,
2024-08-18,SKU01583,1,1167.4,1167.4,
2024-08-18,SKU01823,2,2496.78,1248.39,
2024-08-18,SKU02141,1,471.88,471.88,
2024-08-18,SKU02179,4,781.48,195.37,
2024-08-18,SKU02303,1,180.7,180.7,
2024-08-18,SKU02888,4,554.68,138.67,
2024-08-18,SKU03119,2,75.12,37.56,
2024-08-18,SKU03496,2,754.32,377.16,
2024-08-18,SKU03525,2,1760.72,880.36,
2024-08-18,SKU04170,3,949.92,393.34,1
2024-08-18,SKU04327,5,249.5,49.9,
2024-08-18,SKU04344,2,403.62,201.81,
2024-08-18,SKU04422,1,68.36,68.36,
2024-08-18,SKU04603,2,2677.46,1338.73,
2024-08-19,SKU00016,3,10435.95,3478.65,
2024-08-19,SKU00953,1,273.99,273.99,
2024-08-19,SKU01078,4,973.36,243.34,
2024-08-19,SKU01775,3,612.45,204.15,
2024-08-19,SKU02060,1,214.74,214.74,
2024-08-19,SKU02789,3,4044.3,1348.1,
2024-08-19,SKU03050,4,1096.92,274.23,
2024-08-19,SKU04112,2,217.44,108.72,
2024-08-19,SKU04321,2,1922.6,961.3,
2024-08-19,SKU04327,1,49.9,49.9,
2024-08-19,SKU04360,1,133.98,133.98,
2024-08-19,SKU04678,2,431.28,215.64,
2024-08-20,SKU00278,1,1807.84,1807.84,
2024-08-20,SKU00388,1,63.62,63.62,
2024-08-20,SKU00840,1,2808.27,2808.27,
2024-08-20,SKU01142,1,424.49,424.49,
2024-08-20,SKU01243,2,417.14,208.57,
2024-08-20,SKU01633,1,515.21,515.21,
2024-08-20,SKU01927,3,702.36,234.12,
2024-08-20,SKU02118,3,5726.31,1908.7699999999998,
2024-08-20,SKU02345,2,671.0,335.5,
2024-08-20,SKU02525,2,509.8,254.9,
2024-08-20,SKU02943,2,1819.9,909.95,
2024-08-20,SKU03259,2,1204.08,602.04,
2024-08-20,SKU03292,1,164.03,164.03,
2024-08-20,SKU03382,5,1279.7,255.94,
2024-08-20,SKU03425,1,202.48,202.48,
2024-08-20,SKU03552,1,93.62,93.62,
2024-08-20,SKU03907,3,2630.19,876.73,
2024-08-20,SKU03944,1,344.74,344.74,
2024-08-20,SKU04321,6,5767.799999999999,961.2999999999998,
2024-08-20,SKU04433,2,181.76,90.88,
2024-08-20,SKU04488,3,802.71,267.57,
2024-08-20,SKU04895,1,1875.04,1875.04,
2024-08-21,SKU00190,3,436.26,145.42,
2024-08-21,SKU00208,2,2325.88,1162.94,
2024-08-21,SKU00249,1,243.38,243.38,
2024-08-21,SKU00286,2,128.9,64.45,
2024-08-21,SKU00591,1,721.88,721.88,
2024-08-21,SKU01030,4,898.0,224.5,
2024-08-21,SKU01620,2,394.74,197.37,
2024-08-21,SKU01651,2,215.44,107.72,
2024-08-21,SKU01890,3,358.29,119.43,
2024-08-21,SKU01970,2,2944.36,1472.18,
2024-08-21,SKU02342,2,286.3,143.15,
2024-08-21,SKU02482,2,2595.9,1297.95,
2024-08-21,SKU02505,4,5286.4,1321.6,
2024-08-21,SKU02801,2,576.74,288.37,
2024-08-21,SKU03601,1,790.24,790.24,
2024-08-21,SKU04140,2,662.8,331.4,
2024-08-21,SKU04321,1,961.3,961.3,
2024-08-21,SKU04346,2,1940.58,970.29,
2024-08-21,SKU04571,4,3474.08,868.52,
2024-08-21,SKU04742,1,362.06,362.06,
2024-08-21,SKU04865,1,1576.52,1576.52,
2024-08-22,SKU01662,1,495.84,495.84,
2024-08-22,SKU01724,2,583.84,291.92,
2024-08-22,SKU02288,1,2814.12,2814.12,
2024-08-22,SKU02923,3,372.54,124.18,
2024-08-22,SKU03323,1,2416.22,3001.52,1
2024-08-22,SKU03336,2,229.7,114.85,
2024-08-22,SKU03840,1,255.12,255.12,
2024-08-22,SKU04381,2,309.23,192.07,1
2024-08-22,SKU04639,1,254.04,254.04,
2024-08-23,SKU00480,1,217.56,217.56,
2024-08-23,SKU01371,1,1277.61,1277.61,
2024-08-23,SKU01467,2,3033.94,1516.97,
2024-08-23,SKU01693,2,2966.58,1483.29,
2024-08-23,SKU02035,1,900.31,900.31,
2024-08-23,SKU02206,2,451.5,225.75,
2024-08-23,SKU02271,3,1004.79,334.93,
2024-08-23,SKU02328,1,58.96,58.96,
2024-08-23,SKU02373,2,223.44,111.72,
2024-08-23,SKU02833,1,3924.53,3924.53,
2024-08-23,SKU03901,2,220.9,110.45,
2024-08-23,SKU03960,2,343.86,171.93,
2024-08-23,SKU04321,5,4806.5,961.3,
2024-08-23,SKU04706,1,503.88,625.94,1
2024-08-23,SKU04926,1,458.92,458.92,
2024-08-24,SKU01255,1,182.77,182.77,
2024-08-24,SKU01829,1,385.77,385.77,
2024-08-24,SKU02434,1,733.61,733.61,
2024-08-24,SKU02819,2,2321.76,1160.88,
2024-08-24,SKU03487,1,190.24,190.24,
2024-08-24,SKU04227,1,283.28,283.28,
2024-08-24,SKU04255,1,285.12,285.12,
2024-08-24,SKU04321,2,1922.6,961.3,
2024-08-24,SKU04349,4,276.0,69.0,
2024-08-24,SKU04402,3,562.2,187.4,
2024-08-24,SKU04432,5,1704.0,340.8,
2024-08-24,SKU04596,1,335.55,335.55,
2024-08-25,SKU00369,1,368.93,368.93,
2024-08-25,SKU00443,1,89.0,89.0,
2024-08-25,SKU00484,2,358.08,179.04,
2024-08-25,SKU01940,1,127.72,127.72,
2024-08-25,SKU02256,5,15263.75,3052.75,
2024-08-25,SKU02268,5,1027.35,205.46999999999997,
2024-08-25,SKU02544,1,231.91,231.91,
2024-08-25,SKU03309,1,983.01,983.01,
2024-08-25,SKU03366,1,123.42,123.42,
2024-08-25,SKU04099,3,6758.82,2252.94,
2024-08-25,SKU04321,2,1922.6,961.3,
2024-08-25,SKU04329,1,2452.07,2452.07,
2024-08-25,SKU04560,2,524.5,262.25,
2024-08-25,SKU04679,2,91.42,45.71,
2024-08-25,SKU04819,2,445.22,222.61,
2024-08-25,SKU04873,1,1165.65,1165.65,
2024-08-26,SKU00212,1,348.98,348.98,
2024-08-26,SKU00912,2,2496.52,1248.26,
2024-08-26,SKU02131,1,1106.07,1106.07,
2024-08-26,SKU02318,1,2419.19,2419.19,
2024-08-26,SKU03247,2,601.96,300.98,
2024-08-26,SKU03292,2,328.06,164.03,
2024-08-26,SKU03369,1,1198.4,1198.4,
2024-08-26,SKU03379,3,172.17,57.39000000000001,
2024-08-26,SKU03455,1,309.96,309.96,
2024-08-26,SKU03589,2,2913.08,1456.54,
2024-08-26,SKU03641,3,402.9,134.3,
2024-08-26,SKU04154,1,351.77,351.77,
2024-08-26,SKU04451,2,121.22,60.61,
2024-08-26,SKU04599,1,1987.33,1987.33,
2024-08-27,SKU00126,1,253.44,253.44,
2024-08-27,SKU00169,1,95.37,95.37,
2024-08-27,SKU00755,2,240.72,120.36,
2024-08-27,SKU00980,1,726.14,726.14,
2024-08-27,SKU00994,1,602.13,602.13,
2024-08-27,SKU01367,1,673.36,673.36,
2024-08-27,SKU01902,3,196.29,65.43,
2024-08-27,SKU02155,2,2226.96,1113.48,
2024-08-27,SKU02275,3,564.36,188.12,
2024-08-27,SKU02418,1,263.02,263.02,
2024-08-27,SKU02465,1,107.75,107.75,
2024-08-27,SKU04321,2,1922.6,961.3,
2024-08-27,SKU04589,1,402.1,402.1,
2024-08-27,SKU04814,4,215.8,53.95,
2024-08-27,SKU04871,1,761.27,761.27,
2024-08-28,SKU00008,2,984.22,492.11,
2024-08-28,SKU00670,2,217.62,108.81,
2024-08-28,SKU00771,2,1025.48,512.74,
2024-08-28,SKU00838,1,300.1,300.1,
2024-08-28,SKU00854,3,4348.92,1449.64,
2024-08-28,SKU00996,4,470.44,117.61,
2024-08-28,SKU01439,1,987.75,987.75,
2024-08-28,SKU01659,1,39.17,39.17,
2024-08-28,SKU01998,2,185.36,92.68,
2024-08-28,SKU02683,1,371.82,371.82,
2024-08-28,SKU02728,2,494.74,247.37,
2024-08-28,SKU03045,3,10847.01,3615.67,
2024-08-28,SKU03201,2,215.2,107.6,
2024-08-28,SKU03727,1,1660.93,1660.93,
2024-08-28,SKU04016,2,2985.3,1492.65,
2024-08-28,SKU04321,5,4806.5,961.3,
2024-08-28,SKU04836,2,740.94,370.47,
2024-08-29,SKU00073,1,1216.02,1216.02,
2024-08-29,SKU00190,7,1017.9399999999999,145.42,
2024-08-29,SKU00284,1,139.51,139.51,
2024-08-29,SKU00396,2,789.92,394.96,
2024-08-29,SKU00953,2,547.98,273.99,
2024-08-29,SKU00987,2,3229.38,1614.69,
2024-08-29,SKU01138,1,181.15,181.15,
2024-08-29,SKU01631,1,301.59,301.59,
2024-08-29,SKU01988,1,331.12,331.12,
2024-08-29,SKU02905,2,1735.36,867.68,
2024-08-29,SKU03088,1,223.55,223.55,
2024-08-29,SKU03599,1,160.95,160.95,
2024-08-29,SKU04120,1,185.88,185.88,
2024-08-29,SKU04184,2,1706.34,853.17,
2024-08-29,SKU04622,1,2025.83,2025.83,
2024-08-29,SKU04856,4,981.88,245.47,
2024-08-29,SKU04936,4,1315.56,328.89,
2024-08-30,SKU00365,2,156.0,78.0,
2024-08-30,SKU00391,1,1207.83,1207.83,
2024-08-30,SKU01420,1,213.65,213.65,
2024-08-30,SKU01775,3,612.45,204.15,
2024-08-30,SKU02141,1,471.88,471.88,
2024-08-30,SKU02470,3,490.23,163.41,
2024-08-30,SKU02538,1,216.58,216.58,
2024-08-30,SKU02543,1,1956.24,1956.24,
2024-08-30,SKU02693,2,3037.78,1518.89,
2024-08-30,SKU03408,2,500.26,250.13,
2024-08-30,SKU04032,1,203.7,203.7,
2024-08-30,SKU04447,1,1190.64,1190.64,
2024-08-30,SKU04551,2,4996.46,2498.23,
2024-08-30,SKU04735,2,1209.52,604.76,
2024-08-31,SKU00039,1,124.83,124.83,
2024-08-31,SKU00250,1,322.41,322.41,
2024-08-31,SKU00422,1,276.63,276.63,
2024-08-31,SKU00492,1,1126.69,1126.69,
2024-08-31,SKU01101,1,126.22,126.22,
2024-08-31,SKU01875,4,1161.32,290.33,
2024-08-31,SKU02288,1,2814.12,2814.12,
2024-08-31,SKU02755,2,1611.48,805.74,
2024-08-31,SKU02838,6,3935.1,655.85,
2024-08-31,SKU02850,1,261.58,261.58,
2024-08-31,SKU02888,1,138.67,138.67,
2024-08-31,SKU03610,2,925.88,462.94,
2024-08-31,SKU03727,1,1660.93,1660.93,
2024-08-31,SKU04046,1,114.83,114.83,
2024-08-31,SKU04115,1,1344.22,1344.22,
2024-08-31,SKU04329,2,4904.14,2452.07,
2024-08-31,SKU04452,2,481.6,240.8,
2024-08-31,SKU04745,3,1006.14,335.38,
2024-08-31,SKU04962,1,1443.52,1443.52,
2024-09-01,SKU00211,2,2378.32,1189.16,
2024-09-01,SKU00954,1,209.16,209.16,
2024-09-01,SKU01048,1,96.18,96.18,
2024-09-01,SKU02136,3,9637.41,3212.47,
2024-09-01,SKU03395,2,543.68,271.84,
2024-09-01,SKU03423,5,1939.2,387.84,
2024-09-01,SKU03727,1,1660.93,1660.93,
2024-09-01,SKU03856,3,347.34,115.78000000000002,
2024-09-01,SKU04105,2,929.56,464.78,
2024-09-01,SKU04321,9,8651.7,961.2999999999998,
2024-09-01,SKU04346,1,970.29,970.29,
2024-09-01,SKU04418,2,6377.08,3188.54,
2024-09-01,SKU04453,3,796.74,265.58,
2024-09-01,SKU04596,3,1006.65,335.55,
2024-09-01,SKU04633,1,620.55,620.55,
2024-09-01,SKU04785,1,423.51,423.51,
2024-09-01,SKU04808,3,1476.93,492.31,
2024-09-01,SKU04856,1,245.47,245.47,
2024-09-02,SKU00190,3,436.26,145.42,
2024-09-02,SKU00316,3,378.48,126.16000000000001,
2024-09-02,SKU00755,1,120.36,120.36,
2024-09-02,SKU00982,2,2951.08,1475.54,
2024-09-02,SKU01383,1,201.63,201.63,
2024-09-02,SKU01775,1,204.15,204.15,
2024-09-02,SKU01796,2,150.66,75.33,
2024-09-02,SKU01950,5,524.65,104.93000000000002,
2024-09-02,SKU01988,3,993.36,331.12,
2024-09-02,SKU02003,2,1214.66,607.33,
2024-09-02,SKU02036,2,414.78,207.39,
2024-09-02,SKU02186,1,553.53,553.53,
2024-09-02,SKU02341,4,1618.56,404.64,
2024-09-02,SKU02737,2,630.28,315.14,
2024-09-02,SKU02954,3,1809.9,603.3,
2024-09-02,SKU03021,1,1165.36,1165.36,
2024-09-02,SKU03926,1,411.28,411.28,
2024-09-02,SKU04321,5,4806.5,961.3,
2024-09-02,SKU04829,2,318.84,159.42,
2024-09-03,SKU00092,1,809.88,809.88,
2024-09-03,SKU00246,1,1021.22,1021.22,
2024-09-03,SKU00286,1,64.45,64.45,
2024-09-03,SKU00504,3,4398.93,1466.3100000000002,
2024-09-03,SKU00745,1,3612.82,3612.82,
2024-09-03,SKU00994,1,602.13,602.13,
2024-09-03,SKU01117,1,157.6,157.6,
2024-09-03,SKU01713,1,744.29,744.29,
2024-09-03,SKU01837,3,5150.67,1716.89,
2024-09-03,SKU02660,4,327.64,81.91,
2024-09-03,SKU02737,3,945.42,315.14,
2024-09-03,SKU02858,2,181.4,90.7,
2024-09-03,SKU03202,2,288.3,144.15,
2024-09-03,SKU03273,2,2525.8,1262.9,
2024-09-03,SKU03421,1,2151.7,2151.7,
2024-09-03,SKU03522,1,112.92,112.92,
2024-09-03,SKU04038,1,38.55,38.55,
2024-09-03,SKU04126,4,6587.8,1646.95,
2024-09-03,SKU04245,2,435.56,217.78,
2024-09-03,SKU04321,3,2883.9,961.2999999999998,
2024-09-03,SKU04571,3,2605.56,868.52,
2024-09-03,SKU04732,2,204.36,102.18,
2024-09-03,SKU04877,2,380.66,190.33,
2024-09-03,SKU04926,1,458.92,458.92,
2024-09-04,SKU00322,1,358.99,358.99,
2024-09-04,SKU01003,1,324.39,324.39,
2024-09-04,SKU01021,1,1243.47,1243.47,
2024-09-04,SKU01446,2,385.86,192.93,
2024-09-04,SKU01535,3,889.8,296.6,
2024-09-04,SKU01557,1,93.65,93.65,
2024-09-04,SKU01775,2,408.3,204.15,
2024-09-04,SKU01856,1,195.51,195.51,
2024-09-04,SKU02007,1,237.34,237.34,
2024-09-04,SKU02369,2,325.54,162.77,
2024-09-04,SKU02796,1,123.09,123.09,
2024-09-04,SKU03163,3,903.03,301.01,
2024-09-04,SKU03326,3,126.39,42.13,
2024-09-04,SKU04184,3,2559.51,853.17,
2024-09-04,SKU04371,1,267.42,267.42,
2024-09-04,SKU04673,1,1061.88,1061.88,
2024-09-04,SKU04691,1,1341.17,1341.17,
2024-09-04,SKU04871,1,761.27,761.27,
2024-09-05,SKU00079,4,791.6,197.9,
2024-09-05,SKU00708,3,332.22,110.74,
2024-09-05,SKU00994,4,2408.52,602.13,
2024-09-05,SKU01274,3,1675.08,558.36,
2024-09-05,SKU02031,3,5465.34,1821.78,
2024-09-05,SKU02307,4,8269.76,2067.44,
2024-09-05,SKU02355,2,642.34,321.17,
2024-09-05,SKU02648,1,883.45,883.45,
2024-09-05,SKU03155,2,249.8,124.9,
2024-09-05,SKU03271,2,1174.04,587.02,
2024-09-05,SKU03702,1,473.65,473.65,
2024-09-05,SKU04191,1,106.7,106.7,
2024-09-05,SKU04728,3,653.64,217.88,
2024-09-05,SKU04825,1,1503.66,1503.66,
2024-09-06,SKU00127,4,894.76,223.69,
2024-09-06,SKU00422,2,553.26,276.63,
2024-09-06,SKU00484,2,358.08,179.04,
2024-09-06,SKU00728,4,14222.92,3555.73,
2024-09-06,SKU00953,4,1095.96,273.99,
2024-09-06,SKU01009,1,223.42,223.42,
2024-09-06,SKU01295,1,148.61,148.61,
2024-09-06,SKU02526,2,1396.22,698.11,
2024-09-06,SKU03246,2,5016.36,2508.18,
2024-09-06,SKU03519,3,420.84,140.28,
2024-09-06,SKU03682,4,136.52,34.13,
2024-09-06,SKU03770,1,691.48,691.48,
2024-09-06,SKU04267,2,978.82,489.41,
2024-09-06,SKU04321,2,1922.6,961.3,
2024-09-06,SKU04363,2,302.24,151.12,
2024-09-06,SKU04990,1,132.24,132.24,
2024-09-07,SKU00459,1,147.1,147.1,
2024-09-07,SKU00491,1,801.0,801.0,
2024-09-07,SKU00774,1,94.61,94.61,
2024-09-07,SKU01730,1,100.9,100.9,
2024-09-07,SKU02241,3,568.68,189.56000000000003,
2024-09-07,SKU02489,2,152.44,76.22,
2024-09-07,SKU02634,4,9573.64,2393.41,
2024-09-07,SKU03578,1,225.73,225.73,
2024-09-07,SKU03888,3,2091.0,697.0,
2024-09-07,SKU04321,2,1922.6,961.3,
2024-09-07,SKU04508,4,1502.2,375.55,
2024-09-07,SKU04626,2,937.04,468.52,
2024-09-08,SKU00901,4,2614.8,653.7,
2024-09-08,SKU00953,1,273.99,273.99,
2024-09-08,SKU01365,1,57.76,57.76,
2024-09-08,SKU01709,2,930.76,465.38,
2024-09-08,SKU01778,1,125.27,125.27,
2024-09-08,SKU01870,1,226.16,226.16,
2024-09-08,SKU02360,2,131.98,65.99,
2024-09-08,SKU02423,1,3672.71,3672.71,
2024-09-08,SKU02767,2,3115.02,1557.51,
2024-09-08,SKU03030,2,217.26,108.63,
2024-09-08,SKU03466,1,352.05,352.05,
2024-09-08,SKU03661,1,195.37,195.37,
2024-09-08,SKU03684,1,1376.71,1376.71,
2024-09-08,SKU03727,3,4982.79,1660.93,
2024-09-08,SKU03743,2,506.48,253.24,
2024-09-08,SKU04596,1,335.55,335.55,
2024-09-08,SKU04852,3,1099.29,366.43,
2024-09-09,SKU00168,1,2234.32,2234.32,
2024-09-09,SKU00216,1,678.4,678.4,
2024-09-09,SKU00400,1,1799.17,1799.17,
2024-09-09,SKU00490,3,722.64,240.88,
2024-09-09,SKU00538,1,1101.07,1101.07,
2024-09-09,SKU01688,4,634.6,158.65,
2024-09-09,SKU02404,1,28.16,28.16,
2024-09-09,SKU02482,1,1297.95,1297.95,
2024-09-09,SKU02707,1,652.02,652.02,
2024-09-09,SKU03004,2,4174.7,2087.35,
2024-09-09,SKU03397,2,786.14,393.07,
2024-09-09,SKU03614,1,1256.7,1256.7,
2024-09-09,SKU04320,2,5905.04,2952.52,
2024-09-09,SKU04321,2,1922.6,961.3,
2024-09-09,SKU04455,4,573.88,143.47,
2024-09-10,SKU00079,1,197.9,197.9,
2024-09-10,SKU00102,2,223.54,111.77,
2024-09-10,SKU00272,2,2454.56,1227.28,
2024-09-10,SKU00329,2,2396.64,1198.32,
2024-09-10,SKU00503,1,114.18,114.18,
2024-09-10,SKU00599,3,140.91,46.97,
2024-09-10,SKU01018,4,969.72,242.43,
2024-09-10,SKU01138,2,362.3,181.15,
2024-09-10,SKU01293,2,457.56,228.78,
2024-09-10,SKU01388,1,163.36,163.36,
2024-09-10,SKU01578,1,540.35,540.35,
2024-09-10,SKU01685,3,405.81,135.27,
2024-09-10,SKU01727,2,217.48,108.74,
2024-09-10,SKU01747,2,1410.7,705.35,
2024-09-10,SKU02325,1,166.16,166.16,
2024-09-10,SKU02349,2,736.24,368.12,
2024-09-10,SKU02368,2,1698.78,849.39,
2024-09-10,SKU02836,5,5723.85,1144.77,
2024-09-10,SKU03029,1,67.29,67.29,
2024-09-10,SKU03075,1,1310.56,1310.56,
2024-09-10,SKU03479,1,1227.13,1227.13,
2024-09-10,SKU03907,1,876.73,876.73,
2024-09-10,SKU04166,2,527.34,263.67,
2024-09-10,SKU04233,3,814.92,271.64,
2024-09-10,SKU04321,3,2883.8999999999996,961.2999999999998,
2024-09-11,SKU00020,1,109.5,109.5,
2024-09-11,SKU00111,1,2316.85,2316.85,
2024-09-11,SKU01403,1,734.76,734.76,
2024-09-11,SKU01929,1,79.85,79.85,
2024-09-11,SKU02072,2,182.82,91.41,
2024-09-11,SKU02141,1,471.88,471.88,
2024-09-11,SKU02414,1,380.1,380.1,
2024-09-11,SKU03615,3,2403.6,801.2000000000002,
2024-09-11,SKU03927,2,575.48,287.74,
2024-09-11,SKU04341,2,134.78,67.39,
2024-09-11,SKU04508,2,751.1,375.55,
2024-09-11,SKU04557,2,580.28,290.14,
2024-09-11,SKU04799,5,806.65,161.33,
2024-09-12,SKU00369,1,368.93,368.93,
2024-09-12,SKU00396,2,789.92,394.96,
2024-09-12,SKU00902,1,535.55,535.55,
2024-09-12,SKU01549,1,235.17,235.17,
2024-09-12,SKU01987,1,1078.02,1078.02,
2024-09-12,SKU02233,4,1042.12,260.53,
2024-09-12,SKU02668,1,1122.49,1122.49,
2024-09-12,SKU02934,2,225.18,112.59,
2024-09-12,SKU03482,1,333.71,333.71,
2024-09-12,SKU03727,2,3321.86,1660.93,
2024-09-12,SKU03911,3,267.06,89.02,
2024-09-12,SKU03937,3,707.28,235.76,
2024-09-12,SKU04166,1,263.67,263.67,
2024-09-12,SKU04275,1,240.04,240.04,
2024-09-12,SKU04438,1,146.23,146.23,
2024-09-12,SKU04888,2,725.5,362.75,
2024-09-13,SKU00033,1,164.5,164.5,
2024-09-13,SKU00126,3,760.32,253.43999999999997,
2024-09-13,SKU00678,3,1881.45,627.15,
2024-09-13,SKU01070,2,404.14,202.07,
2024-09-13,SKU01370,1,195.01,195.01,
2024-09-13,SKU01699,1,228.35,228.35,
2024-09-13,SKU02576,2,1266.32,633.16,
2024-09-13,SKU03063,2,727.18,363.59,
2024-09-13,SKU03088,1,223.55,223.55,
2024-09-13,SKU03339,2,179.36,89.68,
2024-09-13,SKU03450,1,288.17,288.17,
2024-09-13,SKU03550,2,1731.14,865.57,
2024-09-13,SKU03727,2,3321.86,1660.93,
2024-09-13,SKU03736,3,702.63,234.21,
2024-09-13,SKU04136,4,5395.72,1348.93,
2024-09-13,SKU04204,1,714.36,714.36,
2024-09-13,SKU04379,1,375.7,375.7,
2024-09-13,SKU04381,1,192.07,192.07,
2024-09-13,SKU04560,1,262.25,262.25,
2024-09-13,SKU04781,1,79.52,79.52,
2024-09-14,SKU00283,1,560.13,560.13,
2024-09-14,SKU00811,2,225.34,112.67,
2024-09-14,SKU01102,1,340.37,340.37,
2024-09-14,SKU02000,1,2827.7,2827.7,
2024-09-14,SKU02002,1,251.48,251.48,
2024-09-14,SKU02369,1,162.77,162.77,
2024-09-14,SKU02704,1,165.3,165.3,
2024-09-14,SKU03044,1,74.7,74.7,
2024-09-14,SKU03727,2,3321.86,1660.93,
2024-09-14,SKU03740,5,10107.45,2021.4900000000002,
2024-09-14,SKU04155,1,2612.22,2612.22,
2024-09-14,SKU04321,1,961.3,961.3,
2024-09-14,SKU04800,3,2449.32,816.44,
2024-09-15,SKU00266,1,4319.42,4319.42,
2024-09-15,SKU00518,2,749.38,374.69,
2024-09-15,SKU01210,1,279.72,279.72,
2024-09-15,SKU01466,1,34.29,34.29,
2024-09-15,SKU01925,2,2328.36,1164.18,
2024-09-15,SKU02654,2,431.0,215.5,
2024-09-15,SKU03292,1,164.03,164.03,
2024-09-15,SKU03432,1,2629.94,2629.94,
2024-09-15,SKU03550,2,1731.14,865.57,
2024-09-15,SKU03640,1,331.65,331.65,
2024-09-15,SKU03727,2,3321.86,1660.93,
2024-09-15,SKU04154,1,351.77,351.77,
2024-09-15,SKU04305,2,1564.44,782.22,
2024-09-15,SKU04486,4,5609.52,1402.38,
2024-09-15,SKU04531,4,420.36,105.09,
2024-09-15,SKU04735,2,1209.52,604.76,
2024-09-15,SKU04740,3,436.59,145.53,
2024-09-15,SKU04777,3,406.59,135.53,
2024-09-16,SKU00994,2,1204.26,602.13,
2024-09-16,SKU01103,3,668.46,222.82000000000002,
2024-09-16,SKU01343,3,996.45,332.15,
2024-09-16,SKU01537,3,1499.16,499.72,
2024-09-16,SKU01610,2,1159.24,579.62,
2024-09-16,SKU01730,1,100.9,100.9,
2024-09-16,SKU02611,3,575.61,191.87,
2024-09-16,SKU02615,4,474.84,118.71,
2024-09-16,SKU02755,1,805.74,805.74,
2024-09-16,SKU03216,1,2157.51,2157.51,
2024-09-16,SKU03292,1,164.03,164.03,
2024-09-16,SKU04032,3,611.1,203.69999999999996,
2024-09-16,SKU04155,5,13061.1,2612.22,
2024-09-16,SKU04321,9,8651.7,961.3000000000001,
2024-09-16,SKU04926,1,458.92,458.92,
2024-09-17,SKU00201,2,1696.64,848.32,
2024-09-17,SKU00286,1,64.45,64.45,
2024-09-17,SKU00611,3,342.78,114.26,
2024-09-17,SKU00886,1,1510.84,1510.84,
2024-09-17,SKU00903,2,827.5,413.75,
2024-09-17,SKU00942,3,518.7,172.9,
2024-09-17,SKU00953,2,547.98,273.99,
2024-09-17,SKU01027,1,82.61,82.61,
2024-09-17,SKU02532,2,231.34,115.67,
2024-09-17,SKU02695,2,545.04,272.52,
2024-09-17,SKU02892,2,154.1,77.05,
2024-09-17,SKU03476,1,681.44,681.44,
2024-09-17,SKU04321,3,2883.8999999999996,961.2999999999998,
2024-09-17,SKU04381,1,192.07,192.07,
2024-09-17,SKU04695,1,2192.57,2192.57,
2024-09-17,SKU04926,2,917.84,458.92,
2024-09-18,SKU00169,1,95.37,95.37,
2024-09-18,SKU00320,4,546.64,136.66,
2024-09-18,SKU00472,2,685.66,342.83,
2024-09-18,SKU00539,3,598.89,199.63,
2024-09-18,SKU00565,4,1345.24,336.31,
2024-09-18,SKU00982,1,1475.54,1475.54,
2024-09-18,SKU01030,3,673.5,224.5,
2024-09-18,SKU01160,2,1525.24,762.62,
2024-09-18,SKU01351,1,488.78,488.78,
2024-09-18,SKU01763,3,825.84,275.28,
2024-09-18,SKU02220,4,586.8,146.7,
2024-09-18,SKU02415,2,882.42,441.21,
2024-09-18,SKU02941,5,1259.7,251.94,
2024-09-18,SKU02979,1,473.94,473.94,
2024-09-18,SKU02998,1,891.24,891.24,
2024-09-18,SKU03611,1,164.98,164.98,
2024-09-18,SKU04321,1,961.3,961.3,
2024-09-18,SKU04467,3,791.34,263.78,
2024-09-19,SKU00398,1,522.36,522.36,
2024-09-19,SKU00692,5,1177.6,235.52000000000004,
2024-09-19,SKU00762,1,169.42,169.42,
2024-09-19,SKU00953,1,273.99,273.99,
2024-09-19,SKU01438,1,298.01,298.01,
2024-09-19,SKU01518,1,2930.01,2930.01,
2024-09-19,SKU01538,3,1153.74,384.58,
2024-09-19,SKU01541,2,1864.0,932.0,
2024-09-19,SKU01546,2,1125.7,562.85,
2024-09-19,SKU01890,1,119.43,119.43,
2024-09-19,SKU02729,1,883.5,883.5,
2024-09-19,SKU02958,1,521.69,521.69,
2024-09-19,SKU03054,2,181.32,90.66,
2024-09-19,SKU03064,1,247.54,247.54,
2024-09-19,SKU03425,1,202.48,202.48,
2024-09-19,SKU03743,4,1012.96,253.24,
2024-09-19,SKU03875,3,610.23,203.41,
2024-09-19,SKU04069,5,2427.55,485.51000000000005,
2024-09-19,SKU04154,1,351.77,351.77,
2024-09-19,SKU04321,1,961.3,961.3,
2024-09-19,SKU04595,3,5228.49,1742.83,
2024-09-20,SKU01331,3,263.25,87.75,
2024-09-20,SKU02141,1,471.88,471.88,
2024-09-20,SKU02450,3,758.52,252.84,
2024-09-20,SKU03107,1,135.95,135.95,
2024-09-20,SKU03302,1,426.07,426.07,
2024-09-20,SKU03880,2,1438.16,719.08,
2024-09-20,SKU04168,1,701.3,701.3,
2024-09-20,SKU04203,2,1419.48,709.74,
2024-09-20,SKU04222,1,118.3,118.3,
2024-09-20,SKU04359,1,231.83,231.83,
2024-09-20,SKU04571,2,1737.04,868.52,
2024-09-20,SKU04847,1,630.96,630.96,
2024-09-20,SKU04926,1,458.92,458.92,
2024-09-21,SKU00108,3,246.21,82.07,
2024-09-21,SKU00504,1,1466.31,1466.31,
2024-09-21,SKU00663,1,1094.0,1094.0,
2024-09-21,SKU00982,1,1475.54,1475.54,
2024-09-21,SKU01045,1,451.29,451.29,
2024-09-21,SKU01371,1,1277.61,1277.61,
2024-09-21,SKU01554,1,228.02,228.02,
2024-09-21,SKU01678,2,455.66,227.83,
2024-09-21,SKU01704,1,119.92,119.92,
2024-09-21,SKU01804,1,220.92,220.92,
2024-09-21,SKU02122,1,152.62,152.62,
2024-09-21,SKU02238,1,164.94,164.94,
2024-09-21,SKU02312,2,174.38,87.19,
2024-09-21,SKU02375,2,170.12,85.06,
2024-09-21,SKU02820,2,1718.6,859.3,
2024-09-21,SKU03010,1,768.67,768.67,
2024-09-21,SKU03727,1,1660.93,1660.93,
2024-09-21,SKU03851,3,298.5,99.5,
2024-09-21,SKU04214,2,68.18,34.09,
2024-09-21,SKU04273,1,1786.15,1786.15,
2024-09-21,SKU04321,6,5767.8,961.2999999999998,
2024-09-21,SKU04414,2,335.14,167.57,
2024-09-21,SKU04422,1,68.36,68.36,
2024-09-21,SKU04596,2,671.1,335.55,
2024-09-22,SKU00285,2,1011.34,505.67,
2024-09-22,SKU00397,2,241.92,120.96,
2024-09-22,SKU00487,1,209.96,209.96,
2024-09-22,SKU01000,1,415.22,415.22,
2024-09-22,SKU01309,1,474.17,474.17,
2024-09-22,SKU01456,1,1082.17,1082.17,
2024-09-22,SKU01507,1,220.84,220.84,
2024-09-22,SKU01569,3,1323.3,441.1000000000001,
2024-09-22,SKU02471,1,1364.83,1364.83,
2024-09-22,SKU02537,2,322.86,161.43,
2024-09-22,SKU02599,5,3000.45,600.09,
2024-09-22,SKU02776,2,469.86,234.93,
2024-09-22,SKU02858,1,90.7,90.7,
2024-09-22,SKU03049,2,534.8,267.4,
2024-09-22,SKU03154,1,110.82,110.82,
2024-09-22,SKU03677,2,1014.62,507.31,
2024-09-22,SKU03840,2,510.24,255.12,
2024-09-22,SKU04304,1,393.38,393.38,
2024-09-22,SKU04321,10,9613.0,961.3,
2024-09-22,SKU04350,3,1184.79,394.93,
2024-09-23,SKU00424,2,569.39,389.99,1
2024-09-23,SKU00453,1,279.26,382.55,1
2024-09-23,SKU00601,1,151.96,208.17,1
2024-09-23,SKU00789,2,528.39,361.91,1
2024-09-23,SKU01466,3,75.1,34.29,1
2024-09-23,SKU01525,3,4128.94,1885.36,1
2024-09-23,SKU01676,1,1629.9,2232.74,1
2024-09-23,SKU01887,4,3563.98,1220.54,1
2024-09-23,SKU02141,2,688.94,471.88,1
2024-09-23,SKU02740,2,152.16,104.22,1
2024-09-23,SKU02917,2,1554.27,1064.57,1
2024-09-23,SKU03034,4,678.9,232.5,1
2024-09-23,SKU03166,2,487.39,333.83,1
2024-09-23,SKU03168,4,501.51,171.75,1
2024-09-23,SKU03191,1,304.44,417.04,1
2024-09-23,SKU03459,1,581.82,797.02,1
2024-09-23,SKU03602,4,4570.53,1565.25,1
2024-09-23,SKU03721,3,657.48,300.22,1
2024-09-23,SKU03943,4,631.27,216.19,1
2024-09-23,SKU03977,4,665.18,227.8,1
2024-09-23,SKU04134,3,864.48,394.74,1
2024-09-23,SKU04154,1,256.79,351.77,1
2024-09-23,SKU04335,1,207.86,284.74,1
2024-09-23,SKU04572,2,1650.78,1130.67,1
2024-09-23,SKU04782,1,1196.47,1639.0,1
2024-09-24,SKU00927,2,2334.31,1598.84,1
2024-09-24,SKU01030,1,163.88,224.5,1
2024-09-24,SKU01152,1,354.8,486.03,1
2024-09-24,SKU01232,3,912.03,416.45,1
2024-09-24,SKU01420,3,467.89,213.65,1
2024-09-24,SKU02050,2,132.47,90.73,1
2024-09-24,SKU02308,1,68.15,93.35,1
2024-09-24,SKU02526,1,509.62,698.11,1
2024-09-24,SKU02751,2,946.18,648.07,1
2024-09-24,SKU02858,1,66.21,90.7,1
2024-09-24,SKU02933,2,134.41,92.06,1
2024-09-24,SKU02950,1,183.3,251.09,1
2024-09-24,SKU03027,2,1057.59,724.38,1
2024-09-24,SKU03109,1,227.94,312.25,1
2024-09-24,SKU03535,2,260.79,178.62,1
2024-09-24,SKU03577,1,64.79,88.75,1
2024-09-24,SKU03611,3,361.31,164.98,1
2024-09-24,SKU04234,1,600.89,823.14,1
2024-09-24,SKU04321,10,7017.5,961.3,1
2024-09-24,SKU04330,1,333.06,456.24,1
2024-09-24,SKU04416,2,876.83,600.57,1
2024-09-24,SKU04562,4,3845.38,1316.91,1
2024-09-24,SKU04577,1,163.27,223.66,1
2024-09-24,SKU04596,1,244.95,335.55,1
2024-09-25,SKU01059,1,129.2,176.99,1
2024-09-25,SKU01273,3,1472.45,672.35,1
2024-09-25,SKU01432,1,57.53,78.81,1
2024-09-25,SKU01451,1,87.28,119.56,1
2024-09-25,SKU01527,2,120.51,82.54,1
2024-09-25,SKU01786,1,218.29,299.03,1
2024-09-25,SKU02210,3,222.11,101.42,1
2024-09-25,SKU02392,1,96.52,132.22,1
2024-09-25,SKU02650,1,347.71,476.32,1
2024-09-25,SKU02678,4,464.48,159.07,1
2024-09-25,SKU02840,1,194.94,267.04,1
2024-09-25,SKU02892,1,56.25,77.05,1
2024-09-25,SKU02968,4,2953.9,1011.61,1
2024-09-25,SKU03812,1,852.09,1167.25,1
2024-09-25,SKU04032,1,148.7,203.7,1
2024-09-25,SKU04187,1,885.35,1212.81,1
2024-09-25,SKU04321,3,2105.25,961.2999999999998,1
2024-09-25,SKU04329,2,3580.02,2452.07,1
2024-09-26,SKU00002,3,154.13,70.38,1
2024-09-26,SKU00243,3,1059.74,483.8999999999999,1
2024-09-26,SKU00291,1,139.02,190.44,1
2024-09-26,SKU00910,1,228.96,313.65,1
2024-09-26,SKU01194,5,2266.07,620.84,1
2024-09-26,SKU01595,2,249.19,170.68,1
2024-09-26,SKU01608,1,125.34,171.7,1
2024-09-26,SKU01938,1,781.45,1070.48,1
2024-09-26,SKU02470,1,119.29,163.41,1
2024-09-26,SKU02657,1,93.99,128.75,1
2024-09-26,SKU02805,2,120.35,82.43,1
2024-09-26,SKU02858,3,198.63,90.7,1
2024-09-26,SKU03161,1,163.37,223.8,1
2024-09-26,SKU03184,1,922.91,1264.26,1
2024-09-26,SKU04097,2,592.0,405.48,1
2024-09-26,SKU04191,3,233.67,106.7,1
2024-09-26,SKU04477,1,71.2,97.54,1
2024-09-26,SKU04535,4,1012.36,346.7,1
2024-09-26,SKU04545,4,2538.91,869.49,1
2024-09-26,SKU04562,2,1922.69,1316.91,1
2024-09-26,SKU04596,3,734.85,335.55,1
2024-09-26,SKU04612,1,588.23,805.8,1
2024-09-27,SKU00774,2,138.13,94.61,1
2024-09-27,SKU01171,1,60.59,83.0,1
2024-09-27,SKU01359,2,442.93,303.38,1
2024-09-27,SKU01420,1,155.96,213.65,1
2024-09-27,SKU02168,1,352.36,482.68,1
2024-09-27,SKU02272,1,1847.51,2530.84,1
2024-09-27,SKU02321,3,2626.6,1199.36,1
2024-09-27,SKU02942,1,454.75,622.94,1
2024-09-27,SKU03271,4,1714.1,587.02,1
2024-09-27,SKU03682,4,99.66,34.13,1
2024-09-27,SKU03785,2,340.88,233.48,1
2024-09-27,SKU03847,1,73.05,100.07,1
2024-09-27,SKU04491,1,746.72,1022.9,1
2024-09-27,SKU04775,3,265.17,121.08,1
2024-09-28,SKU00002,1,51.38,70.38,1
2024-09-28,SKU00019,1,287.88,394.36,1
2024-09-28,SKU00082,1,350.52,480.16,1
2024-09-28,SKU00901,1,477.2,653.7,1
2024-09-28,SKU00959,2,48.19,33.01,1
2024-09-28,SKU01006,1,303.96,416.38,1
2024-09-28,SKU01152,1,354.8,486.03,1
2024-09-28,SKU01153,2,1310.2,897.4,1
2024-09-28,SKU01281,3,397.51,181.51,1
2024-09-28,SKU01293,2,334.02,228.78,1
2024-09-28,SKU02036,3,454.18,207.39,1
2024-09-28,SKU02858,1,66.21,90.7,1
2024-09-28,SKU02930,1,124.22,170.16,1
2024-09-28,SKU04161,1,138.44,189.64,1
2024-09-28,SKU04321,2,1403.5,961.3,1
2024-09-28,SKU04561,3,421.95,192.67,1
2024-09-28,SKU04782,1,1196.47,1639.0,1
2024-09-28,SKU04924,1,2043.47,2799.28,1
2024-09-29,SKU00126,3,555.03,253.43999999999997,1
2024-09-29,SKU00375,1,83.95,115.0,1
2024-09-29,SKU00628,1,99.13,135.8,1
2024-09-29,SKU00642,2,609.58,417.52,1
2024-09-29,SKU00994,1,439.55,602.13,1
2024-09-29,SKU01355,4,3873.82,1326.65,1
2024-09-29,SKU01468,3,1414.41,645.85,1
2024-09-29,SKU01470,1,101.24,138.68,1
2024-09-29,SKU01635,2,1530.85,1048.53,1
2024-09-29,SKU01784,1,123.23,168.81,1
2024-09-29,SKU02614,2,172.48,118.14,1
2024-09-29,SKU02870,1,580.14,794.71,1
2024-09-29,SKU02930,1,124.22,170.16,1
2024-09-29,SKU04096,1,113.62,155.65,1
2024-09-29,SKU04761,2,420.06,287.71,1
2024-09-29,SKU04816,1,66.06,90.49,1
2024-09-30,SKU00163,3,332.16,151.67,1
2024-09-30,SKU01025,2,174.97,119.84,1
2024-09-30,SKU01131,3,3823.7,1745.9800000000002,1
2024-09-30,SKU01203,1,368.83,505.24,1
2024-09-30,SKU01353,1,58.32,79.89,1
2024-09-30,SKU01371,1,932.66,1277.61,1
2024-09-30,SKU01613,1,128.71,176.32,1
2024-09-30,SKU02381,3,2163.57,987.93,1
2024-09-30,SKU02747,1,409.72,561.26,1
2024-09-30,SKU02992,1,268.73,368.13,1
2024-09-30,SKU03196,2,1222.46,837.3,1
2024-09-30,SKU03323,2,4382.22,3001.52,1
2024-09-30,SKU04041,1,420.43,575.93,1
2024-09-30,SKU04132,2,3292.66,2255.25,1
2024-09-30,SKU04321,3,2105.25,961.2999999999998,1
2024-09-30,SKU04358,3,942.05,430.16,1
2024-09-30,SKU04381,4,560.84,192.07,1
2024-09-30,SKU04408,3,1461.96,667.56,1
2024-09-30,SKU04574,2,105.06,71.96,1
2024-10-01,SKU00279,1,80.15,109.8,1
2024-10-01,SKU00597,1,478.36,655.29,1
2024-10-01,SKU00680,3,337.76,154.23,1
2024-10-01,SKU00912,1,911.23,1248.26,1
2024-10-01,SKU00982,1,1077.14,1475.54,1
2024-10-01,SKU01195,1,139.88,191.61,1
2024-10-01,SKU01439,2,1442.12,987.75,1
2024-10-01,SKU02575,2,2412.8,1652.6,1
2024-10-01,SKU02898,1,722.25,989.39,1
2024-10-01,SKU02930,1,124.22,170.16,1
2024-10-01,SKU03225,1,1200.55,1644.59,1
2024-10-01,SKU03734,2,644.46,441.41,1
2024-10-01,SKU03948,1,49.81,68.23,1
2024-10-02,SKU00010,3,3510.11,1602.79,1
2024-10-02,SKU00179,1,62.31,85.36,1
2024-10-02,SKU00285,2,738.28,505.67,1
2024-10-02,SKU00544,3,433.69,198.03,1
2024-10-02,SKU00899,1,1489.87,2040.92,1
2024-10-02,SKU01045,3,988.33,451.29,1
2024-10-02,SKU01298,2,274.06,187.71,1
2024-10-02,SKU01446,3,422.52,192.92999999999998,1
2024-10-02,SKU01662,1,361.96,495.84,1
2024-10-02,SKU01824,2,474.4,324.93,1
2024-10-02,SKU02714,1,507.11,694.67,1
2024-10-02,SKU02945,1,632.41,866.32,1
2024-10-02,SKU03005,1,97.24,133.21,1
2024-10-02,SKU03153,1,229.96,315.02,1
2024-10-02,SKU03425,5,739.05,202.48,1
2024-10-02,SKU03820,1,701.57,961.05,1
2024-10-02,SKU04010,3,554.75,253.31000000000003,1
2024-10-02,SKU04321,3,2105.25,961.2999999999998,1
2024-10-02,SKU04560,4,765.77,262.25,1
2024-10-03,SKU00475,1,500.11,685.08,1
2024-10-03,SKU01647,1,180.33,247.03,1
2024-10-03,SKU01775,1,149.03,204.15,1
2024-10-03,SKU02018,1,761.31,1042.89,1
2024-10-03,SKU02179,2,285.24,195.37,1
2024-10-03,SKU02464,1,537.9,736.85,1
2024-10-03,SKU04154,2,513.58,351.77,1
2024-10-03,SKU04321,2,1403.5,961.3,1
2024-10-03,SKU04827,2,466.35,319.42,1
2024-10-03,SKU04937,1,1098.19,1504.37,1
2024-10-04,SKU00055,1,298.85,409.38,1
2024-10-04,SKU00079,2,288.93,197.9,1
2024-10-04,SKU00518,2,547.05,374.69,1
2024-10-04,SKU00845,1,489.71,670.83,1
2024-10-04,SKU00855,3,309.71,141.42,1
2024-10-04,SKU00994,1,439.55,602.13,1
2024-10-04,SKU01092,1,1374.97,1883.52,1
2024-10-04,SKU01160,4,2226.85,762.62,1
2024-10-04,SKU01363,1,2324.76,3184.6,1
2024-10-04,SKU01375,3,839.05,383.12999999999994,1
2024-10-04,SKU02071,2,262.71,179.94,1
2024-10-04,SKU02486,3,612.87,279.85,1
2024-10-04,SKU02798,1,344.35,471.71,1
2024-10-04,SKU02898,1,722.25,989.39,1
2024-10-04,SKU03274,3,343.72,156.95,1
2024-10-04,SKU03436,3,408.17,186.38,1
2024-10-04,SKU04046,2,167.65,114.83,1
2024-10-04,SKU04313,1,470.62,644.69,1
2024-10-04,SKU04321,1,701.75,961.3,1
2024-10-04,SKU04542,3,270.01,123.29,1
2024-10-04,SKU04596,1,244.95,335.55,1
2024-10-04,SKU04824,4,2992.82,1024.94,1
2024-10-05,SKU00285,3,1107.42,505.67,1
2024-10-05,SKU00699,3,1232.73,562.89,1
2024-10-05,SKU00810,2,319.19,218.62,1
2024-10-05,SKU01286,1,62.4,85.48,1
2024-10-05,SKU01627,2,163.53,112.01,1
2024-10-05,SKU02126,3,687.62,313.98,1
2024-10-05,SKU02815,2,1005.95,689.01,1
2024-10-05,SKU03597,1,300.69,411.9,1
2024-10-05,SKU03633,1,86.34,118.27,1
2024-10-05,SKU03727,2,2424.96,1660.93,1
2024-10-05,SKU03876,2,339.86,232.78,1
2024-10-05,SKU04249,1,110.83,151.82,1
2024-10-05,SKU04710,3,3575.92,1632.84,1
2024-10-06,SKU00031,1,110.57,151.46,1
2024-10-06,SKU00169,1,69.62,95.37,1
2024-10-06,SKU00365,4,227.76,78.0,1
2024-10-06,SKU00658,4,442.82,151.65,1
2024-10-06,SKU00802,1,143.52,196.6,1
2024-10-06,SKU01105,4,2098.43,718.64,1
2024-10-06,SKU01435,3,2273.0,1037.9,1
2024-10-06,SKU01510,1,65.54,89.78,1
2024-10-06,SKU01993,1,103.78,142.17,1
2024-10-06,SKU02433,2,130.41,89.32,1
2024-10-06,SKU02478,4,216.52,74.15,1
2024-10-06,SKU03639,3,301.23,137.55,1
2024-10-06,SKU04154,1,256.79,351.77,1
2024-10-06,SKU04396,4,10002.96,3425.67,1
2024-10-07,SKU01558,1,395.26,541.45,1
2024-10-07,SKU01724,1,213.1,291.92,1
2024-10-07,SKU02251,1,133.71,183.16,1
2024-10-07,SKU02369,2,237.64,162.77,1
2024-10-07,SKU02442,1,370.59,507.66,1
2024-10-07,SKU02546,1,380.71,521.52,1
2024-10-07,SKU02602,2,322.09,220.61,1
2024-10-07,SKU02987,2,1024.47,701.69,1
2024-10-07,SKU04024,1,195.63,267.98,1
2024-10-07,SKU04075,1,639.25,875.69,1
2024-10-07,SKU04321,5,3508.75,961.3,1
2024-10-07,SKU04344,4,589.29,201.81,1
2024-10-07,SKU04350,4,1153.2,394.93,1
2024-10-07,SKU04365,1,1295.52,1774.69,1
2024-10-07,SKU04571,2,1268.04,868.52,1
2024-10-08,SKU00254,1,77.05,105.55,1
2024-10-08,SKU00458,2,660.93,452.69,1
2024-10-08,SKU00845,1,489.71,670.83,1
2024-10-08,SKU00994,2,879.11,602.13,1
2024-10-08,SKU01411,3,477.81,218.17999999999998,1
2024-10-08,SKU01435,1,757.67,1037.9,1
2024-10-08,SKU01819,1,763.17,1045.44,1
2024-10-08,SKU01922,3,1774.86,810.44,1
2024-10-08,SKU02262,1,143.26,196.24,1
2024-10-08,SKU02284,1,174.37,238.86,1
2024-10-08,SKU02305,1,1401.02,1919.2,1
2024-10-08,SKU03226,3,821.58,375.1499999999999,1
2024-10-08,SKU03999,2,722.34,494.75,1
2024-10-08,SKU04064,2,5614.17,3845.32,1
2024-10-08,SKU04305,1,571.02,782.22,1
2024-10-08,SKU04321,6,4210.49,961.3000000000001,1
2024-10-08,SKU04345,1,105.29,144.23,1
2024-10-08,SKU04571,1,634.02,868.52,1
2024-10-08,SKU04758,5,7519.4,2060.11,1
2024-10-09,SKU00272,1,1227.28,1227.28,
2024-10-09,SKU00761,4,2120.2,530.05,
2024-10-09,SKU00857,5,2246.5,449.3,
2024-10-09,SKU00945,1,98.78,131.35,1
2024-10-09,SKU01201,1,133.28,133.28,
2024-10-09,SKU01460,1,86.67,86.67,
2024-10-09,SKU01523,1,219.19,291.48,1
2024-10-09,SKU01603,2,3081.72,1540.86,
2024-10-09,SKU01700,1,162.9,162.9,
2024-10-09,SKU01820,4,356.4,89.1,
2024-10-09,SKU01862,1,439.89,439.89,
2024-10-09,SKU02464,1,736.85,736.85,
2024-10-09,SKU03469,1,539.19,539.19,
2024-10-09,SKU03546,3,1488.51,496.17,
2024-10-09,SKU03581,1,2270.43,2270.43,
2024-10-09,SKU03947,1,464.65,464.65,
2024-10-09,SKU04329,1,2452.07,2452.07,
2024-10-09,SKU04685,3,519.03,173.01,
2024-10-10,SKU00024,2,5422.1,2711.05,
2024-10-10,SKU00328,1,204.97,204.97,
2024-10-10,SKU00341,1,95.64,95.64,
2024-10-10,SKU01024,1,156.04,156.04,
2024-10-10,SKU01518,3,8790.03,2930.01,
2024-10-10,SKU02104,2,527.68,263.84,
2024-10-10,SKU02136,2,6424.94,3212.47,
2024-10-10,SKU02660,1,81.91,81.91,
2024-10-10,SKU02745,2,363.25,241.52,1
2024-10-10,SKU02891,3,1543.74,514.58,
2024-10-10,SKU02892,1,57.94,77.05,1
2024-10-10,SKU03100,1,403.04,403.04,
2024-10-10,SKU03425,1,202.48,202.48,
2024-10-10,SKU03442,4,474.27,157.67,1
2024-10-10,SKU03652,4,3622.44,905.61,
2024-10-10,SKU03933,1,2467.37,2467.37,
2024-10-10,SKU04381,3,576.21,192.07000000000002,
2024-10-10,SKU04820,1,1659.68,1659.68,
2024-10-11,SKU00079,2,395.8,197.9,
2024-10-11,SKU00103,3,539.1,179.69999999999996,
2024-10-11,SKU00454,4,318.32,79.58,
2024-10-11,SKU00825,4,317.24,79.31,
2024-10-11,SKU00994,5,3010.65,602.13,
2024-10-11,SKU01578,3,1621.05,540.35,
2024-10-11,SKU01775,2,408.3,204.15,
2024-10-11,SKU02660,1,81.91,81.91,
2024-10-11,SKU02669,1,67.5,67.5,
2024-10-11,SKU02756,2,3813.64,1906.82,
2024-10-11,SKU03009,3,8447.28,2815.76,
2024-10-11,SKU03128,2,117.12,58.56,
2024-10-11,SKU03702,5,2368.25,473.65,
2024-10-11,SKU03999,1,494.75,494.75,
2024-10-11,SKU04235,1,205.43,205.43,
2024-10-11,SKU04723,1,369.02,369.02,
2024-10-11,SKU04755,2,352.14,176.07,
2024-10-12,SKU00554,2,176.64,88.32,
2024-10-12,SKU00628,3,407.4,135.8,
2024-10-12,SKU00728,2,7111.46,3555.73,
2024-10-12,SKU01152,2,972.06,486.03,
2024-10-12,SKU01304,1,76.18,76.18,
2024-10-12,SKU01371,1,1277.61,1277.61,
2024-10-12,SKU01578,1,540.35,540.35,
2024-10-12,SKU01590,3,278.04,92.68,
2024-10-12,SKU02284,1,179.62,238.86,1
2024-10-12,SKU02430,1,690.87,690.87,
2024-10-12,SKU02778,1,128.73,171.19,1
2024-10-12,SKU02856,1,211.45,211.45,
2024-10-12,SKU02858,1,90.7,90.7,
2024-10-12,SKU02943,3,2729.85,909.9500000000002,
2024-10-12,SKU03787,1,694.67,694.67,
2024-10-12,SKU04188,2,272.07,180.9,1
2024-10-12,SKU04321,2,1922.6,961.3,
2024-10-12,SKU04413,4,1842.32,460.58,
2024-10-12,SKU04998,2,2477.88,1238.94,
2024-10-13,SKU00031,2,302.92,151.46,
2024-10-13,SKU00314,1,407.17,407.17,
2024-10-13,SKU00325,2,1263.0,631.5,
2024-10-13,SKU01261,2,655.96,327.98,
2024-10-13,SKU01619,1,237.98,237.98,
2024-10-13,SKU02027,1,152.04,152.04,
2024-10-13,SKU02309,1,272.44,272.44,
2024-10-13,SKU02449,2,275.66,137.83,
2024-10-13,SKU02576,1,633.16,633.16,
2024-10-13,SKU02737,2,630.28,315.14,
2024-10-13,SKU02998,1,891.24,891.24,
2024-10-13,SKU03053,3,12260.16,4086.72,
2024-10-13,SKU03259,2,1204.08,602.04,
2024-10-13,SKU03355,1,127.47,127.47,
2024-10-13,SKU03890,3,1978.17,659.39,
2024-10-13,SKU04029,2,1120.72,560.36,
2024-10-13,SKU04083,1,724.3,724.3,
2024-10-13,SKU04154,4,1407.08,351.77,
2024-10-13,SKU04246,1,580.11,580.11,
2024-10-13,SKU04596,2,504.67,335.55,1
2024-10-13,SKU04757,4,958.2,318.55,1
2024-10-13,SKU04851,2,172.34,86.17,
2024-10-14,SKU00707,1,56.56,56.56,
2024-10-14,SKU00913,3,232.41,77.47,
2024-10-14,SKU01141,1,110.22,110.22,
2024-10-14,SKU01310,1,735.63,735.63,
2024-10-14,SKU01890,2,238.86,119.43,
2024-10-14,SKU02497,3,1410.09,470.03,
2024-10-14,SKU04056,3,3552.15,1184.05,
2024-10-14,SKU04216,1,1422.8,1422.8,
2024-10-14,SKU04290,2,300.15,199.57,1
2024-10-14,SKU04321,1,961.3,961.3,
2024-10-14,SKU04542,1,123.29,123.29,
2024-10-14,SKU04720,1,2230.86,2230.86,
2024-10-14,SKU04730,1,1506.33,1506.33,
2024-10-15,SKU00601,1,208.17,208.17,
2024-10-15,SKU00823,1,183.03,183.03,
2024-10-15,SKU01371,1,1277.61,1277.61,
2024-10-15,SKU01491,3,2546.37,848.79,
2024-10-15,SKU01800,3,434.85,144.95,
2024-10-15,SKU02114,1,712.38,712.38,
2024-10-15,SKU02223,1,257.58,257.58,
2024-10-15,SKU02230,1,978.76,978.76,
2024-10-15,SKU02548,2,532.52,266.26,
2024-10-15,SKU03075,2,2621.12,1310.56,
2024-10-15,SKU03450,2,576.34,288.17,
2024-10-15,SKU03660,3,1020.54,340.18,
2024-10-15,SKU04321,3,2883.8999999999996,961.2999999999998,
2024-10-15,SKU04368,3,909.57,303.19,
2024-10-15,SKU04627,1,630.47,630.47,
2024-10-16,SKU00245,1,4025.26,4025.26,
2024-10-16,SKU00484,3,537.12,179.04,
2024-10-16,SKU00911,1,1548.8,1548.8,
2024-10-16,SKU01048,1,96.18,96.18,
2024-10-16,SKU01274,2,1116.72,558.36,
2024-10-16,SKU01512,2,751.76,375.88,
2024-10-16,SKU01579,3,1152.27,384.09,
2024-10-16,SKU01691,1,242.67,242.67,
2024-10-16,SKU02046,5,10047.35,2009.47,
2024-10-16,SKU02201,2,2128.1,1064.05,
2024-10-16,SKU02335,2,787.12,393.56,
2024-10-16,SKU02858,1,90.7,90.7,
2024-10-16,SKU02998,3,2673.72,891.2400000000001,
2024-10-16,SKU03040,1,2390.56,2390.56,
2024-10-16,SKU03466,1,352.05,352.05,
2024-10-16,SKU03614,1,1256.7,1256.7,
2024-10-16,SKU04321,1,961.3,961.3,
2024-10-16,SKU04571,5,4342.6,868.5200000000001,
2024-10-16,SKU04581,2,219.2,109.6,
2024-10-16,SKU04913,1,466.91,466.91,
2024-10-16,SKU04918,2,128.4,64.2,
2024-10-17,SKU00062,1,499.45,499.45,
2024-10-17,SKU00286,1,64.45,64.45,
2024-10-17,SKU00328,2,409.94,204.97,
2024-10-17,SKU00793,3,3150.51,1050.17,
2024-10-17,SKU01106,1,115.88,115.88,
2024-10-17,SKU01585,2,2295.32,1147.66,
2024-10-17,SKU02373,2,223.44,111.72,
2024-10-17,SKU02454,2,2115.12,1057.56,
2024-10-17,SKU02640,1,1563.22,1563.22,
2024-10-17,SKU03139,3,119.64,39.88,
2024-10-17,SKU03449,1,350.83,350.83,
2024-10-17,SKU03555,4,853.64,213.41,
2024-10-17,SKU04015,2,3397.02,1698.51,
2024-10-18,SKU00374,2,2379.94,1189.97,
2024-10-18,SKU00692,2,471.04,235.52,
2024-10-18,SKU01163,1,3396.91,3396.91,
2024-10-18,SKU01189,3,6899.4,2299.8,
2024-10-18,SKU01775,1,204.15,204.15,
2024-10-18,SKU02002,1,251.48,251.48,
2024-10-18,SKU02165,1,151.01,151.01,
2024-10-18,SKU02298,1,759.4,759.4,
2024-10-18,SKU02532,1,115.67,115.67,
2024-10-18,SKU02611,1,191.87,191.87,
2024-10-18,SKU02812,2,600.14,300.07,
2024-10-18,SKU02954,1,603.3,603.3,
2024-10-18,SKU03620,1,962.2,962.2,
2024-10-18,SKU03856,3,347.34,115.78000000000002,
2024-10-18,SKU04155,2,5224.44,2612.22,
2024-10-18,SKU04321,2,1922.6,961.3,
2024-10-18,SKU04381,1,192.07,192.07,
2024-10-18,SKU04596,2,671.1,335.55,
2024-10-18,SKU04724,1,1215.98,1215.98,
2024-10-18,SKU04846,1,118.61,118.61,
2024-10-19,SKU00079,1,197.9,197.9,
2024-10-19,SKU00169,1,95.37,95.37,
2024-10-19,SKU00484,1,179.04,179.04,
2024-10-19,SKU00573,4,988.48,247.12,
2024-10-19,SKU01087,5,1159.95,231.99,
2024-10-19,SKU01775,2,408.3,204.15,
2024-10-19,SKU02692,3,6285.09,2095.03,
2024-10-19,SKU03906,2,251.06,125.53,
2024-10-19,SKU04321,1,961.3,961.3,
2024-10-19,SKU04373,1,1033.69,1033.69,
2024-10-19,SKU04502,1,44.87,44.87,
2024-10-19,SKU04596,1,335.55,335.55,
2024-10-19,SKU04660,1,2394.77,2394.77,
2024-10-19,SKU04985,1,1179.22,1179.22,
2024-10-20,SKU00001,1,813.41,813.41,
2024-10-20,SKU00212,1,348.98,348.98,
2024-10-20,SKU00415,2,3538.78,1769.39,
2024-10-20,SKU00539,2,399.26,199.63,
2024-10-20,SKU00628,1,135.8,135.8,
2024-10-20,SKU00953,4,1095.96,273.99,
2024-10-20,SKU01379,1,193.26,193.26,
2024-10-20,SKU01420,1,213.65,213.65,
2024-10-20,SKU02008,1,935.7,935.7,
2024-10-20,SKU02079,2,307.3,153.65,
2024-10-20,SKU02583,3,822.18,274.06,
2024-10-20,SKU02858,3,272.1,90.7,
2024-10-20,SKU03134,1,196.94,196.94,
2024-10-20,SKU03234,3,2307.36,769.12,
2024-10-20,SKU03292,1,164.03,164.03,
2024-10-20,SKU04424,1,1200.53,1200.53,
2024-10-20,SKU04710,1,1632.84,1632.84,
2024-10-21,SKU00122,5,799.9,159.98,
2024-10-21,SKU00279,1,109.8,109.8,
2024-10-21,SKU01012,1,100.05,100.05,
2024-10-21,SKU01024,5,780.2,156.04,
2024-10-21,SKU01048,1,96.18,96.18,
2024-10-21,SKU01774,3,387.99,129.33,
2024-10-21,SKU01948,2,3184.12,1592.06,
2024-10-21,SKU02648,3,2650.35,883.4500000000002,
2024-10-21,SKU02654,2,431.0,215.5,
2024-10-21,SKU02741,1,86.2,86.2,
2024-10-21,SKU02837,3,8031.66,2677.22,
2024-10-21,SKU02930,1,170.16,170.16,
2024-10-21,SKU04152,1,1148.97,1148.97,
2024-10-21,SKU04154,3,1055.31,351.77,
2024-10-21,SKU04264,1,2568.45,2568.45,
2024-10-21,SKU04309,3,380.52,126.83999999999999,
2024-10-21,SKU04313,2,1289.38,644.69,
2024-10-21,SKU04321,2,1922.6,961.3,
2024-10-21,SKU04596,2,671.1,335.55,
2024-10-21,SKU04646,3,247.14,82.38,
2024-10-21,SKU04861,1,1503.58,1503.58,
2024-10-22,SKU00821,5,1032.05,206.41,
2024-10-22,SKU00890,2,1079.6,539.8,
2024-10-22,SKU01009,1,223.42,223.42,
2024-10-22,SKU01045,1,451.29,451.29,
2024-10-22,SKU01775,1,204.15,204.15,
2024-10-22,SKU02176,1,799.81,989.87,1
2024-10-22,SKU03415,1,1197.64,1197.64,
2024-10-22,SKU03815,1,160.57,160.57,
2024-10-22,SKU04114,2,3006.52,1503.26,
2024-10-22,SKU04321,7,6729.1,961.3,
2024-10-22,SKU04336,2,1663.16,831.58,
2024-10-22,SKU04428,5,320.8,64.16,
2024-10-22,SKU04596,2,671.1,335.55,
2024-10-22,SKU04857,2,902.38,451.19,
2024-10-23,SKU00157,1,118.76,118.76,
2024-10-23,SKU00311,2,4591.76,2295.88,
2024-10-23,SKU01027,1,82.61,82.61,
2024-10-23,SKU01427,4,3824.04,956.01,
2024-10-23,SKU02389,1,830.82,830.82,
2024-10-23,SKU02478,1,74.15,74.15,
2024-10-23,SKU02812,2,600.14,300.07,
2024-10-23,SKU03021,1,1165.36,1165.36,
2024-10-23,SKU03053,3,12260.16,4086.72,
2024-10-23,SKU03231,4,6822.2,1705.55,
2024-10-23,SKU03727,2,3321.86,1660.93,
2024-10-23,SKU04023,3,2695.32,898.44,
2024-10-23,SKU04321,2,1922.6,961.3,
2024-10-23,SKU04381,1,192.07,192.07,
2024-10-23,SKU04508,2,751.1,375.55,
2024-10-23,SKU04940,1,617.3,617.3,
2024-10-24,SKU00616,1,2580.43,2580.43,
2024-10-24,SKU00731,2,166.28,83.14,
2024-10-24,SKU00976,1,268.42,268.42,
2024-10-24,SKU01281,2,363.02,181.51,
2024-10-24,SKU01408,3,7258.89,2419.63,
2024-10-24,SKU01732,1,402.29,402.29,
2024-10-24,SKU01808,2,451.64,225.82,
2024-10-24,SKU02005,1,788.62,788.62,
2024-10-24,SKU02132,2,857.7,428.85,
2024-10-24,SKU02381,1,987.93,987.93,
2024-10-24,SKU02403,2,401.02,200.51,
2024-10-24,SKU02532,1,115.67,115.67,
2024-10-24,SKU02741,2,172.4,86.2,
2024-10-24,SKU03010,3,2306.01,768.67,
2024-10-24,SKU03727,2,3321.86,1660.93,
2024-10-24,SKU03745,2,1149.36,574.68,
2024-10-24,SKU03855,1,683.9,683.9,
2024-10-24,SKU04033,2,282.44,141.22,
2024-10-24,SKU04162,1,364.89,364.89,
2024-10-24,SKU04165,1,2295.86,2295.86,
2024-10-24,SKU04214,1,34.09,34.09,
2024-10-24,SKU04358,1,430.16,430.16,
2024-10-24,SKU04713,1,1913.4,1913.4,
2024-10-24,SKU04820,1,1659.68,1659.68,
2024-10-25,SKU00224,1,161.86,161.86,
2024-10-25,SKU00454,1,79.58,79.58,
2024-10-25,SKU01043,1,89.02,89.02,
2024-10-25,SKU01089,3,404.31,134.77,
2024-10-25,SKU01567,2,1900.9,950.45,
2024-10-25,SKU02283,2,175.64,87.82,
2024-10-25,SKU02484,1,567.26,567.26,
2024-10-25,SKU02740,3,312.66,104.21999999999998,
2024-10-25,SKU03054,4,362.64,90.66,
2024-10-25,SKU03178,1,141.29,141.29,
2024-10-25,SKU03702,1,473.65,473.65,
2024-10-25,SKU03840,2,510.24,255.12,
2024-10-25,SKU04445,3,2927.34,975.7800000000001,
2024-10-25,SKU04571,5,4342.6,868.5200000000001,
2024-10-25,SKU04596,3,1006.65,335.55,
2024-10-25,SKU04602,1,100.41,100.41,
2024-10-25,SKU04675,1,116.52,116.52,
2024-10-25,SKU04691,3,4023.51,1341.17,
2024-10-26,SKU00096,2,420.5,210.25,
2024-10-26,SKU00286,3,193.35,64.45,
2024-10-26,SKU00484,3,537.12,179.04,
2024-10-26,SKU00814,1,76.67,76.67,
2024-10-26,SKU01016,1,98.16,98.16,
2024-10-26,SKU01142,2,848.98,424.49,
2024-10-26,SKU01838,2,251.18,125.59,
2024-10-26,SKU01888,4,420.0,105.0,
2024-10-26,SKU02088,2,138.62,69.31,
2024-10-26,SKU02189,1,100.87,100.87,
2024-10-26,SKU02297,1,1276.77,1276.77,
2024-10-26,SKU02920,1,68.47,68.47,
2024-10-26,SKU03199,2,156.16,78.08,
2024-10-26,SKU03355,2,254.94,127.47,
2024-10-26,SKU04137,1,2390.77,2390.77,
2024-10-26,SKU04154,2,703.54,351.77,
2024-10-26,SKU04284,2,179.32,89.66,
2024-10-26,SKU04321,3,2883.8999999999996,961.2999999999998,
2024-10-26,SKU04560,2,524.5,262.25,
2024-10-26,SKU04596,1,335.55,335.55,
2024-10-27,SKU00190,1,145.42,145.42,
2024-10-27,SKU00429,1,582.88,582.88,
2024-10-27,SKU00560,1,329.64,329.64,
2024-10-27,SKU00942,3,518.7,172.9,
2024-10-27,SKU00952,2,576.24,288.12,
2024-10-27,SKU00953,2,547.98,273.99,
2024-10-27,SKU01278,1,1156.55,1156.55,
2024-10-27,SKU01535,1,296.6,296.6,
2024-10-27,SKU01968,2,1198.06,599.03,
2024-10-27,SKU02079,3,460.95,153.65,
2024-10-27,SKU02487,1,363.61,363.61,
2024-10-27,SKU02531,2,286.98,143.49,
2024-10-27,SKU03452,5,5846.55,1169.31,
2024-10-27,SKU04321,1,961.3,961.3,
2024-10-27,SKU04381,4,768.28,192.07,
2024-10-27,SKU04452,1,240.8,240.8,
2024-10-27,SKU04752,2,1667.58,833.79,
2024-10-28,SKU00285,1,505.67,505.67,
2024-10-28,SKU00591,1,721.88,721.88,
2024-10-28,SKU00635,2,306.68,153.34,
2024-10-28,SKU00909,4,1614.28,403.57,
2024-10-28,SKU01551,1,179.55,179.55,
2024-10-28,SKU01775,1,204.15,204.15,
2024-10-28,SKU02046,2,4018.94,2009.47,
2024-10-28,SKU02355,2,642.34,321.17,
2024-10-28,SKU02404,5,140.8,28.160000000000004,
2024-10-28,SKU02450,1,252.84,252.84,
2024-10-28,SKU02850,1,261.58,261.58,
2024-10-28,SKU03283,2,187.28,93.64,
2024-10-28,SKU04198,2,245.68,122.84,
2024-10-28,SKU04321,1,961.3,961.3,
2024-10-28,SKU04476,2,269.9,134.95,
2024-10-28,SKU04851,3,258.51,86.17,
2024-10-28,SKU04878,2,300.78,150.39,
2024-10-29,SKU00027,2,1216.48,608.24,
2024-10-29,SKU00190,1,145.42,145.42,
2024-10-29,SKU00313,1,878.76,878.76,
2024-10-29,SKU00845,3,2012.49,670.83,
2024-10-29,SKU00893,3,2071.98,690.66,
2024-10-29,SKU01045,1,451.29,451.29,
2024-10-29,SKU01490,4,329.72,82.43,
2024-10-29,SKU01731,3,672.45,224.15,
2024-10-29,SKU02137,2,3786.06,1893.03,
2024-10-29,SKU02340,3,704.01,234.67,
2024-10-29,SKU02503,4,1123.6,280.9,
2024-10-29,SKU04093,1,2722.86,2722.86,
2024-10-29,SKU04200,1,420.84,520.84,1
2024-10-29,SKU04210,1,41.89,41.89,
2024-10-29,SKU04708,2,2666.84,1333.42,
2024-10-30,SKU00286,2,128.9,64.45,
2024-10-30,SKU00391,1,1207.83,1207.83,
2024-10-30,SKU00400,2,3598.34,1799.17,
2024-10-30,SKU00437,1,509.53,509.53,
2024-10-30,SKU00589,2,1059.44,529.72,
2024-10-30,SKU00845,1,670.83,670.83,
2024-10-30,SKU01301,5,2391.35,478.27,
2024-10-30,SKU01336,2,1608.86,804.43,
2024-10-30,SKU01412,3,579.9,193.30000000000004,
2024-10-30,SKU01493,1,197.84,197.84,
2024-10-30,SKU02390,2,543.2,271.6,
2024-10-30,SKU02904,2,625.16,312.58,
2024-10-30,SKU03525,4,3521.44,880.36,
2024-10-30,SKU03727,1,1660.93,1660.93,
2024-10-30,SKU03778,5,779.1,155.82,
2024-10-30,SKU04086,2,280.36,140.18,
2024-10-30,SKU04188,3,542.7,180.9,
2024-10-30,SKU04321,3,2883.9,961.2999999999998,
2024-10-30,SKU04368,5,1515.95,303.19,
2024-10-30,SKU04592,3,300.75,100.25,
2024-10-31,SKU00066,4,889.0,222.25,
2024-10-31,SKU00177,2,206.6,114.65,1
2024-10-31,SKU00422,1,276.63,276.63,
2024-10-31,SKU00714,1,1659.76,1659.76,
2024-10-31,SKU00774,1,94.61,94.61,
2024-10-31,SKU00845,2,1341.66,670.83,
2024-10-31,SKU00929,4,632.2,158.05,
2024-10-31,SKU01164,3,725.43,241.81000000000003,
2024-10-31,SKU01405,1,579.34,579.34,
2024-10-31,SKU02176,3,2399.44,989.87,1
2024-10-31,SKU02228,4,732.52,183.13,
2024-10-31,SKU02411,4,2091.28,522.82,
2024-10-31,SKU03011,1,88.14,109.09,1
2024-10-31,SKU03075,3,3931.68,1310.56,
2024-10-31,SKU03208,1,1141.07,1141.07,
2024-10-31,SKU03425,3,607.44,202.48,
2024-10-31,SKU04009,1,57.1,63.37,1
2024-10-31,SKU04070,2,82.34,41.17,
2024-10-31,SKU04154,1,351.77,351.77,
2024-10-31,SKU04535,2,693.4,346.7,
2024-10-31,SKU04571,1,868.52,868.52,
2024-10-31,SKU04924,2,5598.56,2799.28,
2024-11-01,SKU00172,2,224.36,112.18,
2024-11-01,SKU00214,2,784.36,392.18,
2024-11-01,SKU00671,2,630.08,315.04,
2024-11-01,SKU00819,2,375.94,187.97,
2024-11-01,SKU00976,2,536.84,268.42,
2024-11-01,SKU00994,1,602.13,602.13,
2024-11-01,SKU00996,1,117.61,117.61,
2024-11-01,SKU01524,3,5592.51,1864.17,
2024-11-01,SKU02317,1,287.3,287.3,
2024-11-01,SKU02526,1,564.07,698.11,1
2024-11-01,SKU03545,3,1203.15,401.05,
2024-11-01,SKU03738,2,112.68,62.53,1
2024-11-01,SKU04508,2,751.1,375.55,
2024-11-01,SKU04524,2,3482.38,1741.19,
2024-11-01,SKU04919,1,374.09,374.09,
2024-11-02,SKU00079,1,197.9,197.9,
2024-11-02,SKU00126,2,506.88,253.44,
2024-11-02,SKU00392,1,495.32,495.32,
2024-11-02,SKU00813,1,1860.66,1860.66,
2024-11-02,SKU00962,2,219.09,121.58,1
2024-11-02,SKU01480,2,272.66,136.33,
2024-11-02,SKU01598,3,1000.23,333.41,
2024-11-02,SKU01746,3,3220.35,1073.45,
2024-11-02,SKU01987,1,1078.02,1078.02,
2024-11-02,SKU02004,2,1851.34,925.67,
2024-11-02,SKU02027,4,608.16,152.04,
2024-11-02,SKU02070,1,141.2,156.71,1
2024-11-02,SKU02141,2,943.76,471.88,
2024-11-02,SKU02198,4,2939.04,734.76,
2024-11-02,SKU02618,1,245.99,245.99,
2024-11-02,SKU02653,2,765.1,382.55,
2024-11-02,SKU02769,2,1450.44,725.22,
2024-11-02,SKU03203,1,147.56,182.62,1
2024-11-02,SKU04321,2,1922.6,961.3,
2024-11-02,SKU04621,3,810.6,270.2,
2024-11-03,SKU00062,3,1498.35,499.45,
2024-11-03,SKU00190,2,290.84,145.42,
2024-11-03,SKU00264,1,242.74,242.74,
2024-11-03,SKU00339,1,1884.44,1884.44,
2024-11-03,SKU00462,3,724.65,241.55000000000004,
2024-11-03,SKU00619,1,263.71,263.71,
2024-11-03,SKU00722,5,319.54,70.93,1
2024-11-03,SKU01343,1,332.15,332.15,
2024-11-03,SKU01388,2,263.99,163.36,1
2024-11-03,SKU01420,1,213.65,213.65,
2024-11-03,SKU01627,3,336.03,112.01,
2024-11-03,SKU02082,1,218.25,218.25,
2024-11-03,SKU02192,3,1848.45,616.15,
2024-11-03,SKU02286,4,1944.6,486.15,
2024-11-03,SKU02430,2,1381.74,690.87,
2024-11-03,SKU02567,1,372.0,372.0,
2024-11-03,SKU02622,4,1387.84,346.96,
2024-11-03,SKU02640,2,3126.44,1563.22,
2024-11-03,SKU02655,2,120.57,66.91,1
2024-11-03,SKU02793,1,1908.56,1908.56,
2024-11-03,SKU02801,3,865.11,288.37,
2024-11-03,SKU02851,2,5708.58,2854.29,
2024-11-03,SKU03063,1,363.59,363.59,
2024-11-03,SKU03199,1,78.08,78.08,
2024-11-03,SKU03327,5,5590.3,1118.06,
2024-11-03,SKU03476,3,1651.81,681.44,1
2024-11-03,SKU03727,3,4982.79,1660.93,
2024-11-03,SKU04034,1,1575.82,1575.82,
2024-11-03,SKU04321,3,2883.9,961.2999999999998,
2024-11-03,SKU04470,3,6188.01,2062.67,
2024-11-03,SKU04596,1,335.55,335.55,
2024-11-03,SKU04604,1,318.32,318.32,
2024-11-04,SKU00074,3,533.84,197.5,1
2024-11-04,SKU00515,1,1273.91,1273.91,
2024-11-04,SKU00793,2,2100.34,1050.17,
2024-11-04,SKU00945,4,525.4,131.35,
2024-11-04,SKU00953,1,273.99,273.99,
2024-11-04,SKU01152,1,486.03,486.03,
2024-11-04,SKU01234,1,2427.07,2427.07,
2024-11-04,SKU01377,3,318.13,131.24,1
2024-11-04,SKU01875,2,580.66,290.33,
2024-11-04,SKU01986,1,2055.6,2055.6,
2024-11-04,SKU02439,3,921.96,307.32,
2024-11-04,SKU02741,3,258.6,86.2,
2024-11-04,SKU02806,1,82.03,82.03,
2024-11-04,SKU03166,4,1335.32,333.83,
2024-11-04,SKU03213,1,226.59,226.59,
2024-11-04,SKU03714,4,4509.24,1127.31,
2024-11-04,SKU04154,3,1055.31,351.77,
2024-11-04,SKU04329,2,4904.14,2452.07,
2024-11-04,SKU04613,1,182.83,182.83,
2024-11-04,SKU04876,1,66.28,66.28,
2024-11-04,SKU04954,3,1124.16,374.72,
2024-11-05,SKU00394,3,278.27,102.95,1
2024-11-05,SKU00450,1,828.83,828.83,
2024-11-05,SKU00590,2,825.34,412.67,
2024-11-05,SKU00623,3,893.55,297.85,
2024-11-05,SKU00633,1,189.01,189.01,
2024-11-05,SKU01775,1,204.15,204.15,
2024-11-05,SKU02141,2,943.76,471.88,
2024-11-05,SKU02407,1,496.3,496.3,
2024-11-05,SKU02412,1,722.57,722.57,
2024-11-05,SKU02911,1,120.04,133.23,1
2024-11-05,SKU03459,1,797.02,797.02,
2024-11-05,SKU03700,3,208.03,85.82,1
2024-11-05,SKU03756,2,2301.52,1150.76,
2024-11-05,SKU04105,3,1394.34,464.78,
2024-11-05,SKU04154,1,351.77,351.77,
2024-11-05,SKU04161,4,758.56,189.64,
2024-11-05,SKU04308,2,299.9,149.95,
2024-11-05,SKU04321,6,5767.799999999999,961.2999999999998,
2024-11-05,SKU04349,2,124.34,69.0,1
2024-11-05,SKU04508,3,1126.65,375.55,
2024-11-05,SKU04824,4,4099.76,1024.94,
2024-11-05,SKU04876,1,66.28,66.28,
2024-11-05,SKU04913,5,2334.55,466.91,
2024-11-06,SKU00202,1,349.86,349.86,
2024-11-06,SKU00554,1,79.58,88.32,1
2024-11-06,SKU00565,2,672.62,336.31,
2024-11-06,SKU01103,1,222.82,222.82,
2024-11-06,SKU01109,1,486.1,486.1,
2024-11-06,SKU01354,3,298.74,99.58,
2024-11-06,SKU01368,2,1064.3,532.15,
2024-11-06,SKU01784,2,337.62,168.81,
2024-11-06,SKU01808,2,451.64,225.82,
2024-11-06,SKU01987,1,1078.02,1078.02,
2024-11-06,SKU02016,1,194.97,194.97,
2024-11-06,SKU02068,1,249.89,249.89,
2024-11-06,SKU02132,1,428.85,428.85,
2024-11-06,SKU02238,1,164.94,164.94,
2024-11-06,SKU02368,3,2548.17,849.39,
2024-11-06,SKU02512,3,4827.57,1609.1899999999998,
2024-11-06,SKU02623,4,228.64,63.44,1
2024-11-06,SKU02656,2,377.52,188.76,
2024-11-06,SKU02720,4,504.49,139.98,1
2024-11-06,SKU02832,1,389.88,389.88,
2024-11-06,SKU03106,5,573.71,127.35,1
2024-11-06,SKU03108,5,559.57,124.21,1
2024-11-06,SKU03292,1,164.03,164.03,
2024-11-06,SKU03584,2,97.18,48.59,
2024-11-06,SKU03699,1,2185.11,2185.11,
2024-11-06,SKU03702,5,2368.25,473.65,
2024-11-06,SKU03727,2,3321.86,1660.93,
2024-11-06,SKU03870,5,1508.9,301.78,
2024-11-06,SKU03972,1,257.16,257.16,
2024-11-06,SKU04012,1,631.0,631.0,
2024-11-06,SKU04033,1,141.22,141.22,
2024-11-06,SKU04042,2,485.58,242.79,
2024-11-06,SKU04321,3,2883.8999999999996,961.2999999999998,
2024-11-06,SKU04596,2,671.1,335.55,
2024-11-06,SKU04709,3,582.72,194.24,
2024-11-07,SKU00033,1,164.5,164.5,
2024-11-07,SKU00880,1,550.09,550.09,
2024-11-07,SKU00898,5,4824.25,964.85,
2024-11-07,SKU00940,1,148.78,148.78,
2024-11-07,SKU00942,1,172.9,172.9,
2024-11-07,SKU00953,3,821.97,273.99,
2024-11-07,SKU01273,5,3361.75,672.35,
2024-11-07,SKU01414,1,193.44,193.44,
2024-11-07,SKU01466,1,30.9,34.29,1
2024-11-07,SKU01726,3,378.0,126.0,
2024-11-07,SKU01846,1,189.44,189.44,
2024-11-07,SKU01934,1,671.56,671.56,
2024-11-07,SKU02001,3,239.04,79.68,
2024-11-07,SKU02204,5,3083.95,616.79,
2024-11-07,SKU02220,1,132.18,146.7,1
2024-11-07,SKU02283,1,87.82,87.82,
2024-11-07,SKU02619,1,381.92,381.92,
2024-11-07,SKU02858,2,181.4,90.7,
2024-11-07,SKU02950,2,502.18,251.09,
2024-11-07,SKU03833,4,8389.16,2097.29,
2024-11-07,SKU03841,4,3956.16,989.04,
2024-11-07,SKU03851,1,99.5,99.5,
2024-11-07,SKU04321,1,961.3,961.3,
2024-11-07,SKU04381,1,192.07,192.07,
2024-11-07,SKU04565,1,464.62,464.62,
2024-11-08,SKU00068,2,533.88,266.94,
2024-11-08,SKU00504,4,5865.24,1466.31,
2024-11-08,SKU01037,1,178.07,178.07,
2024-11-08,SKU01058,1,642.99,642.99,
2024-11-08,SKU01616,1,63.66,63.66,
2024-11-08,SKU01714,2,673.44,336.72,
2024-11-08,SKU01743,1,1398.86,1398.86,
2024-11-08,SKU01842,4,1393.32,348.33,
2024-11-08,SKU01930,1,60.28,60.28,
2024-11-08,SKU02545,1,119.33,119.33,
2024-11-08,SKU02898,1,989.39,989.39,
2024-11-08,SKU03107,2,244.98,135.95,1
2024-11-08,SKU03292,1,164.03,164.03,
2024-11-08,SKU03532,2,189.1,94.55,
2024-11-08,SKU03727,6,9965.58,1660.93,
2024-11-08,SKU04042,1,242.79,242.79,
2024-11-08,SKU04275,2,480.08,240.04,
2024-11-08,SKU04565,2,929.24,464.62,
2024-11-08,SKU04626,1,468.52,468.52,
2024-11-09,SKU00416,2,135.37,75.12,1
2024-11-09,SKU00743,4,3037.2,759.3,
2024-11-09,SKU00845,1,670.83,670.83,
2024-11-09,SKU00953,1,273.99,273.99,
2024-11-09,SKU00994,4,2408.52,602.13,
2024-11-09,SKU01011,2,1092.64,546.32,
2024-11-09,SKU02087,1,56.74,62.98,1
2024-11-09,SKU02155,3,3340.44,1113.48,
2024-11-09,SKU02499,1,128.23,128.23,
2024-11-09,SKU02951,1,384.02,384.02,
2024-11-09,SKU03030,1,97.88,108.63,1
2024-11-09,SKU03578,2,451.46,225.73,
2024-11-09,SKU03812,5,5836.25,1167.25,
2024-11-09,SKU04083,1,724.3,724.3,
2024-11-09,SKU04275,1,240.04,240.04,
2024-11-09,SKU04308,1,149.95,149.95,
2024-11-09,SKU04321,1,961.3,961.3,
2024-11-09,SKU04508,2,751.1,375.55,
2024-11-09,SKU04644,4,1438.92,359.73,
2024-11-09,SKU04973,4,3638.52,909.63,
2024-11-10,SKU00169,2,190.74,95.37,
2024-11-10,SKU00611,2,205.9,114.26,1
2024-11-10,SKU00830,4,1160.04,290.01,
2024-11-10,SKU00976,1,268.42,268.42,
2024-11-10,SKU01274,1,558.36,558.36,
2024-11-10,SKU01551,1,179.55,179.55,
2024-11-10,SKU01937,1,1685.23,1685.23,
2024-11-10,SKU02102,3,1053.93,351.31,
2024-11-10,SKU02134,2,1316.74,658.37,
2024-11-10,SKU02155,2,2226.96,1113.48,
2024-11-10,SKU02197,1,133.98,133.98,
2024-11-10,SKU02583,2,548.12,274.06,
2024-11-10,SKU02605,1,67.28,67.28,
2024-11-10,SKU02690,2,499.54,249.77,
2024-11-10,SKU03365,3,708.3,236.1,
2024-11-10,SKU03546,1,496.17,496.17,
2024-11-10,SKU03727,1,1660.93,1660.93,
2024-11-10,SKU03840,2,510.24,255.12,
2024-11-10,SKU03946,1,849.0,849.0,
2024-11-10,SKU04026,2,481.94,240.97,
2024-11-10,SKU04063,1,471.49,471.49,
2024-11-10,SKU04321,6,5767.799999999999,961.2999999999998,
2024-11-10,SKU04596,3,1006.65,335.55,
2024-11-11,SKU00065,1,964.12,964.12,
2024-11-11,SKU00784,3,1191.12,397.04,
2024-11-11,SKU00996,3,352.83,117.61,
2024-11-11,SKU01638,1,94.61,94.61,
2024-11-11,SKU01677,2,254.6,127.3,
2024-11-11,SKU02191,1,360.08,360.08,
2024-11-11,SKU02268,5,1027.35,205.46999999999997,
2024-11-11,SKU02338,1,313.63,313.63,
2024-11-11,SKU03476,1,681.44,681.44,
2024-11-11,SKU03707,2,494.74,247.37,
2024-11-11,SKU03875,3,610.23,203.41,
2024-11-11,SKU04073,1,514.74,514.74,
2024-11-11,SKU04166,3,791.01,263.67,
2024-11-11,SKU04243,2,173.62,86.81,
2024-11-11,SKU04321,5,4806.5,961.3,
2024-11-11,SKU04596,1,335.55,335.55,
2024-11-11,SKU04599,2,3974.66,1987.33,
2024-11-11,SKU04634,1,973.21,973.21,
2024-11-11,SKU04709,4,776.96,194.24,
2024-11-12,SKU00226,1,74.28,74.28,
2024-11-12,SKU00728,1,3555.73,3555.73,
2024-11-12,SKU00989,1,1774.79,1774.79,
2024-11-12,SKU01000,1,415.22,415.22,
2024-11-12,SKU01145,2,68.0,34.0,
2024-11-12,SKU01152,1,486.03,486.03,
2024-11-12,SKU01379,3,579.78,193.26,
2024-11-12,SKU02111,3,525.93,175.31000000000003,
2024-11-12,SKU02298,2,1518.8,759.4,
2024-11-12,SKU02436,2,820.4,410.2,
2024-11-12,SKU02458,2,215.52,107.76,
2024-11-12,SKU02684,5,2639.85,527.97,
2024-11-12,SKU02769,1,725.22,725.22,
2024-11-12,SKU03531,1,1772.13,1772.13,
2024-11-12,SKU03546,1,496.17,496.17,
2024-11-12,SKU03994,3,843.33,281.11,
2024-11-12,SKU04110,3,1348.41,449.47,
2024-11-12,SKU04154,3,1055.31,351.77,
2024-11-12,SKU04259,4,508.44,127.11,
2024-11-12,SKU04323,1,253.43,253.43,
2024-11-12,SKU04452,4,963.2,240.8,
2024-11-12,SKU04839,4,204.8,51.2,
2024-11-12,SKU04914,1,423.79,423.79,
2024-11-13,SKU00400,4,7196.68,1799.17,
2024-11-13,SKU00893,4,2762.64,690.66,
2024-11-13,SKU00994,3,1806.39,602.13,
2024-11-13,SKU01278,3,3469.65,1156.55,
2024-11-13,SKU01540,1,115.29,115.29,
2024-11-13,SKU01587,2,1878.9,939.45,
2024-11-13,SKU01685,1,135.27,135.27,
2024-11-13,SKU02740,2,187.8,104.22,1
2024-11-13,SKU02878,2,5790.0,2895.0,
2024-11-13,SKU02904,1,312.58,312.58,
2024-11-13,SKU03084,3,342.84,114.28000000000002,
2024-11-13,SKU03448,1,445.39,445.39,
2024-11-13,SKU03462,1,1587.45,1587.45,
2024-11-13,SKU03502,1,100.1,100.1,
2024-11-13,SKU03569,2,6158.58,3079.29,
2024-11-13,SKU04128,2,3420.88,1710.44,
2024-11-13,SKU04214,2,68.18,34.09,
2024-11-13,SKU04262,4,2904.96,726.24,
2024-11-13,SKU04321,1,961.3,961.3,
2024-11-13,SKU04381,1,192.07,192.07,
2024-11-13,SKU04382,4,301.24,75.31,
2024-11-13,SKU04735,5,3023.8,604.76,
2024-11-14,SKU00072,3,981.75,327.25,
2024-11-14,SKU00242,1,196.86,218.49,1
2024-11-14,SKU00285,1,505.67,505.67,
2024-11-14,SKU00500,3,3793.74,1264.58,
2024-11-14,SKU00782,1,1731.92,1731.92,
2024-11-14,SKU01020,2,305.4,152.7,
2024-11-14,SKU01317,1,644.83,644.83,
2024-11-14,SKU01371,2,2555.22,1277.61,
2024-11-14,SKU01890,2,238.86,119.43,
2024-11-14,SKU01969,1,488.89,488.89,
2024-11-14,SKU01990,2,323.88,161.94,
2024-11-14,SKU02141,2,943.76,471.88,
2024-11-14,SKU04010,1,253.31,253.31,
2024-11-14,SKU04321,2,1922.6,961.3,
2024-11-14,SKU04592,1,100.25,100.25,
2024-11-14,SKU04622,3,6077.49,2025.83,
2024-11-14,SKU04750,3,2743.8,914.6,
2024-11-14,SKU04973,1,909.63,909.63,
2024-11-15,SKU00164,2,227.98,113.99,
2024-11-15,SKU00953,2,547.98,273.99,
2024-11-15,SKU01371,2,2555.22,1277.61,
2024-11-15,SKU01835,1,1074.02,1074.02,
2024-11-15,SKU02088,2,138.62,69.31,
2024-11-15,SKU02125,1,101.61,112.77,1
2024-11-15,SKU02580,1,389.15,389.15,
2024-11-15,SKU03076,2,2183.04,1091.52,
2024-11-15,SKU03193,2,518.32,259.16,
2024-11-15,SKU03302,1,426.07,426.07,
2024-11-15,SKU03374,1,63.91,70.93,1
2024-11-15,SKU04032,1,203.7,203.7,
2024-11-15,SKU04321,1,961.3,961.3,
2024-11-15,SKU04433,1,90.88,90.88,
2024-11-16,SKU00173,1,1096.68,1096.68,
2024-11-16,SKU00668,1,219.45,219.45,
2024-11-16,SKU00687,3,3495.27,1165.09,
2024-11-16,SKU00692,1,235.52,235.52,
2024-11-16,SKU00942,3,518.7,172.9,
2024-11-16,SKU01449,1,2232.35,2232.35,
2024-11-16,SKU01922,1,810.44,810.44,
2024-11-16,SKU02300,1,86.19,95.66,1
2024-11-16,SKU02335,1,393.56,393.56,
2024-11-16,SKU02368,2,1698.78,849.39,
2024-11-16,SKU02898,3,2968.17,989.39,
2024-11-16,SKU02954,1,603.3,603.3,
2024-11-16,SKU03117,2,9510.94,4755.47,
2024-11-16,SKU03190,1,1003.94,1003.94,
2024-11-16,SKU03727,1,1660.93,1660.93,
2024-11-16,SKU04016,2,2985.3,1492.65,
2024-11-16,SKU04166,1,263.67,263.67,
2024-11-16,SKU04187,2,2425.62,1212.81,
2024-11-16,SKU04317,2,3197.3,1598.65,
2024-11-16,SKU04321,8,7690.4,961.3,
2024-11-16,SKU04551,1,2498.23,2498.23,
2024-11-16,SKU04789,1,67.08,67.08,
2024-11-16,SKU04809,1,219.51,219.51,
2024-11-17,SKU00059,4,489.8,122.45,
2024-11-17,SKU00097,1,1103.71,1103.71,
2024-11-17,SKU00345,3,869.76,289.92,
2024-11-17,SKU00487,1,189.17,209.96,1
2024-11-17,SKU01041,1,395.7,395.7,
2024-11-17,SKU01395,1,110.26,122.37,1
2024-11-17,SKU01435,1,1037.9,1037.9,
2024-11-17,SKU01568,2,727.46,363.73,
2024-11-17,SKU03077,3,1133.25,377.75,
2024-11-17,SKU03166,1,333.83,333.83,
2024-11-17,SKU03312,1,229.18,229.18,
2024-11-17,SKU03899,3,1107.15,369.05,
2024-11-17,SKU04138,4,8300.64,2075.16,
2024-11-17,SKU04161,1,189.64,189.64,
2024-11-17,SKU04191,1,106.7,106.7,
2024-11-17,SKU04321,2,1922.6,961.3,
2024-11-17,SKU04476,1,134.95,134.95,
2024-11-17,SKU04551,2,4996.46,2498.23,
2024-11-17,SKU04762,1,437.45,437.45,
2024-11-17,SKU04883,1,399.81,399.81,
2024-11-18,SKU00190,2,290.84,145.42,
2024-11-18,SKU00263,1,443.51,443.51,
2024-11-18,SKU00376,1,207.45,207.45,
2024-11-18,SKU00503,2,205.75,114.18,1
2024-11-18,SKU00563,1,1115.59,1115.59,
2024-11-18,SKU00605,3,1261.32,420.44,
2024-11-18,SKU01413,1,164.53,182.61,1
2024-11-18,SKU01679,1,1739.03,1739.03,
2024-11-18,SKU02079,4,614.6,153.65,
2024-11-18,SKU02330,1,221.38,221.38,
2024-11-18,SKU02692,2,4190.06,2095.03,
2024-11-18,SKU02858,4,362.8,90.7,
2024-11-18,SKU03234,1,769.12,769.12,
2024-11-18,SKU03340,3,6333.96,2111.32,
2024-11-18,SKU03353,3,145.83,48.60999999999999,
2024-11-18,SKU03500,1,1732.5,1732.5,
2024-11-18,SKU03578,5,1128.65,225.72999999999996,
2024-11-18,SKU03727,2,3321.86,1660.93,
2024-11-18,SKU04197,3,1076.85,358.95,
2024-11-18,SKU04241,2,70.17,38.94,1
2024-11-18,SKU04321,3,2883.8999999999996,961.2999999999998,
2024-11-18,SKU04450,2,1015.8,507.9,
2024-11-18,SKU04517,1,183.95,183.95,
2024-11-18,SKU04596,1,335.55,335.55,
2024-11-18,SKU04872,3,463.08,154.36,
2024-11-19,SKU00109,2,185.01,102.67,1
2024-11-19,SKU00450,4,3315.32,828.83,
2024-11-19,SKU00455,1,1343.21,1343.21,
2024-11-19,SKU00692,1,235.52,235.52,
2024-11-19,SKU00794,1,120.35,120.35,
2024-11-19,SKU01027,1,82.61,82.61,
2024-11-19,SKU01157,1,228.88,228.88,
2024-11-19,SKU01197,1,2209.52,2209.52,
2024-11-19,SKU01392,2,235.65,130.77,1
2024-11-19,SKU02178,2,339.26,188.27,1
2024-11-19,SKU02338,2,627.26,313.63,
2024-11-19,SKU02394,3,1471.26,490.42,
2024-11-19,SKU02611,2,383.74,191.87,
2024-11-19,SKU02930,1,170.16,170.16,
2024-11-19,SKU03122,1,263.85,263.85,
2024-11-19,SKU03423,2,775.68,387.84,
2024-11-19,SKU04029,1,560.36,560.36,
2024-11-19,SKU04031,1,763.98,763.98,
2024-11-19,SKU04321,1,961.3,961.3,
2024-11-19,SKU04350,1,394.93,394.93,
2024-11-19,SKU04596,1,335.55,335.55,
2024-11-19,SKU04888,1,362.75,362.75,
2024-11-19,SKU04940,1,617.3,617.3,
2024-11-20,SKU00190,1,145.42,145.42,
2024-11-20,SKU00285,1,505.67,505.67,
2024-11-20,SKU00893,2,1381.32,690.66,
2024-11-20,SKU00942,2,345.8,172.9,
2024-11-20,SKU00953,1,273.99,273.99,
2024-11-20,SKU01301,1,478.27,478.27,
2024-11-20,SKU01795,2,524.02,262.01,
2024-11-20,SKU01860,3,635.01,211.67,
2024-11-20,SKU02141,2,943.76,471.88,
2024-11-20,SKU02428,1,151.98,151.98,
2024-11-20,SKU02603,1,318.68,318.68,
2024-11-20,SKU02648,1,883.45,883.45,
2024-11-20,SKU02923,1,111.89,124.18,1
2024-11-20,SKU03112,1,382.71,382.71,
2024-11-20,SKU03613,1,434.98,434.98,
2024-11-20,SKU04078,1,357.55,357.55,
2024-11-20,SKU04321,3,2883.8999999999996,961.2999999999998,
2024-11-20,SKU04476,2,269.9,134.95,
2024-11-20,SKU04803,2,2111.52,1055.76,
2024-11-21,SKU00254,1,105.55,105.55,
2024-11-21,SKU00942,2,345.8,172.9,
2024-11-21,SKU01293,3,686.34,228.78,
2024-11-21,SKU01547,2,331.28,165.64,
2024-11-21,SKU02368,1,849.39,849.39,
2024-11-21,SKU02655,3,180.86,66.91,1
2024-11-21,SKU02747,1,561.26,561.26,
2024-11-21,SKU02939,3,223.43,82.66,1
2024-11-21,SKU03014,4,600.64,150.16,
2024-11-21,SKU03395,1,271.84,271.84,
2024-11-21,SKU03792,1,235.81,235.81,
2024-11-21,SKU03857,3,699.21,233.07000000000002,
2024-11-21,SKU03907,4,3506.92,876.73,
2024-11-21,SKU04627,2,1260.94,630.47,
2024-11-21,SKU04751,1,210.56,210.56,
2024-11-21,SKU04783,1,1943.37,1943.37,
2024-11-22,SKU00059,1,122.45,122.45,
2024-11-22,SKU00454,2,159.16,79.58,
2024-11-22,SKU00681,5,364.27,80.86,1
2024-11-22,SKU00692,1,235.52,235.52,
2024-11-22,SKU01255,1,164.68,182.77,1
2024-11-22,SKU01466,1,30.9,34.29,1
2024-11-22,SKU02002,1,251.48,251.48,
2024-11-22,SKU02036,1,207.39,207.39,
2024-11-22,SKU02052,1,277.43,277.43,
2024-11-22,SKU02162,1,400.99,400.99,
2024-11-22,SKU02298,1,759.4,759.4,
2024-11-22,SKU02954,3,1809.9,603.3,
2024-11-22,SKU03052,1,2242.35,2242.35,
2024-11-22,SKU03727,1,1660.93,1660.93,
2024-11-22,SKU04133,1,163.31,181.25,1
2024-11-22,SKU04321,7,6729.1,961.3,
2024-11-22,SKU04520,3,775.35,258.45,
2024-11-22,SKU04569,1,558.84,558.84,
2024-11-22,SKU04711,3,874.26,291.42,
2024-11-22,SKU04827,2,638.84,319.42,
2024-11-23,SKU00328,5,1024.85,204.96999999999997,
2024-11-23,SKU00845,1,670.83,670.83,
2024-11-23,SKU01342,1,357.71,357.71,
2024-11-23,SKU01507,1,220.84,220.84,
2024-11-23,SKU01788,1,627.45,627.45,
2024-11-23,SKU02312,1,78.56,87.19,1
2024-11-23,SKU02538,2,433.16,216.58,
2024-11-23,SKU02665,3,385.18,142.5,1
2024-11-23,SKU02923,3,335.66,124.18,1
2024-11-23,SKU02930,2,340.32,170.16,
2024-11-23,SKU03079,1,1312.41,1312.41,
2024-11-23,SKU03571,1,1043.87,1043.87,
2024-11-23,SKU03773,1,152.43,152.43,
2024-11-23,SKU04031,4,3055.92,763.98,
2024-11-23,SKU04078,4,1430.2,357.55,
2024-11-23,SKU04154,2,703.54,351.77,
2024-11-23,SKU04321,3,2883.9,961.2999999999998,
2024-11-23,SKU04491,2,2045.8,1022.9,
2024-11-24,SKU00234,3,270.3,100.0,1
2024-11-24,SKU01343,1,332.15,332.15,
2024-11-24,SKU01411,1,218.18,218.18,
2024-11-24,SKU01559,1,73.95,82.07,1
2024-11-24,SKU02229,1,131.84,131.84,
2024-11-24,SKU02346,1,66.78,74.12,1
2024-11-24,SKU02858,1,90.7,90.7,
2024-11-24,SKU02975,1,606.78,606.78,
2024-11-24,SKU03132,5,9601.45,1920.2900000000002,
2024-11-24,SKU03248,1,165.37,165.37,
2024-11-24,SKU03587,2,505.44,252.72,
2024-11-24,SKU03611,3,445.94,164.98,1
2024-11-24,SKU04026,1,240.97,240.97,
2024-11-24,SKU04051,2,3097.44,1548.72,
2024-11-24,SKU04140,1,331.4,331.4,
2024-11-24,SKU04321,3,2883.8999999999996,961.2999999999998,
2024-11-24,SKU04350,1,394.93,394.93,
2024-11-24,SKU04680,1,142.59,142.59,
2024-11-24,SKU04958,1,180.7,180.7,
2024-11-25,SKU00050,2,68.16,34.08,
2024-11-25,SKU00554,3,238.73,88.32,1
2024-11-25,SKU00618,1,132.27,132.27,
2024-11-25,SKU00942,1,172.9,172.9,
2024-11-25,SKU00953,2,547.98,273.99,
2024-11-25,SKU01072,1,827.35,827.35,
2024-11-25,SKU01152,2,972.06,486.03,
2024-11-25,SKU01164,1,241.81,241.81,
2024-11-25,SKU01184,1,891.4,891.4,
2024-11-25,SKU01738,1,676.75,676.75,
2024-11-25,SKU01918,1,529.69,529.69,
2024-11-25,SKU02087,2,113.49,62.98,1
2024-11-25,SKU03057,1,206.34,206.34,
2024-11-25,SKU03628,1,914.74,914.74,
2024-11-25,SKU03728,2,227.9,126.47,1
2024-11-25,SKU03748,2,331.34,165.67,
2024-11-25,SKU03840,1,255.12,255.12,
2024-11-25,SKU04321,8,7690.4,961.3,
2024-11-25,SKU04421,1,3670.67,3670.67,
2024-11-25,SKU04551,2,4996.46,2498.23,
2024-11-25,SKU04982,1,253.41,253.41,
2024-11-26,SKU00062,1,499.45,499.45,
2024-11-26,SKU00363,5,5518.75,1103.75,
2024-11-26,SKU00376,1,207.45,207.45,
2024-11-26,SKU00462,1,241.55,241.55,
2024-11-26,SKU00686,3,3727.47,1242.49,
2024-11-26,SKU00776,1,94.31,94.31,
2024-11-26,SKU00845,4,2683.32,670.83,
2024-11-26,SKU00864,1,223.39,223.39,
2024-11-26,SKU01594,1,210.84,210.84,
2024-11-26,SKU01989,3,1103.01,367.67,
2024-11-26,SKU02933,2,184.12,92.06,
2024-11-26,SKU02954,3,1809.9,603.3,
2024-11-26,SKU03084,3,342.84,114.28000000000002,
2024-11-26,SKU03244,1,105.24,116.8,1
2024-11-26,SKU03329,1,357.82,357.82,
2024-11-26,SKU03561,3,1849.08,616.36,
2024-11-26,SKU04166,1,263.67,263.67,
2024-11-26,SKU04321,1,961.3,961.3,
2024-11-26,SKU04432,3,1022.4,340.8,
2024-11-26,SKU04596,1,335.55,335.55,
2024-11-26,SKU04971,1,1795.74,1795.74,
2024-11-27,SKU00046,1,154.0,154.0,
2024-11-27,SKU00286,4,257.8,64.45,
2024-11-27,SKU00610,1,1954.6,1954.6,
2024-11-27,SKU00692,3,706.56,235.52,
2024-11-27,SKU00777,3,1176.87,392.29,
2024-11-27,SKU00851,1,2160.89,2160.89,
2024-11-27,SKU00942,2,345.8,172.9,
2024-11-27,SKU01456,2,2164.34,1082.17,
2024-11-27,SKU01485,2,952.36,476.18,
2024-11-27,SKU01547,1,165.64,165.64,
2024-11-27,SKU01930,3,180.84,60.28,
2024-11-27,SKU02118,1,1908.77,1908.77,
2024-11-27,SKU02141,1,471.88,471.88,
2024-11-27,SKU02273,1,212.66,212.66,
2024-11-27,SKU02423,3,11018.13,3672.7100000000005,
2024-11-27,SKU02462,1,171.89,171.89,
2024-11-27,SKU02747,3,1683.78,561.26,
2024-11-27,SKU03216,1,2157.51,2157.51,
2024-11-27,SKU03287,2,321.02,160.51,
2024-11-27,SKU03752,2,239.7,119.85,
2024-11-27,SKU03924,1,272.17,272.17,
2024-11-27,SKU04079,3,678.72,226.24,
2024-11-27,SKU04321,2,1922.6,961.3,
2024-11-27,SKU04926,1,458.92,458.92,
2024-11-27,SKU04931,1,321.18,321.18,
2024-11-28,SKU00131,1,119.24,119.24,
2024-11-28,SKU00243,4,1935.6,483.9,
2024-11-28,SKU00685,1,2583.23,2583.23,
2024-11-28,SKU00695,1,264.5,264.5,
2024-11-28,SKU00994,1,602.13,602.13,
2024-11-28,SKU01048,1,96.18,96.18,
2024-11-28,SKU01189,1,2299.8,2299.8,
2024-11-28,SKU01226,1,148.05,148.05,
2024-11-28,SKU01637,2,386.02,193.01,
2024-11-28,SKU01652,3,579.21,193.07000000000002,
2024-11-28,SKU01876,3,847.2,282.4,
2024-11-28,SKU02189,3,302.61,100.87,
2024-11-28,SKU02420,1,122.08,122.08,
2024-11-28,SKU02582,4,1298.24,324.56,
2024-11-28,SKU02758,2,396.66,198.33,
2024-11-28,SKU02828,4,6635.96,1658.99,
2024-11-28,SKU02930,3,510.48,170.16,
2024-11-28,SKU03323,3,9004.56,3001.52,
2024-11-28,SKU03425,1,202.48,202.48,
2024-11-28,SKU03587,1,252.72,252.72,
2024-11-28,SKU03702,3,1420.95,473.6499999999999,
2024-11-28,SKU03727,2,3321.86,1660.93,
2024-11-28,SKU03840,1,255.12,255.12,
2024-11-28,SKU03959,2,632.0,316.0,
2024-11-28,SKU04088,1,146.66,146.66,
2024-11-28,SKU04260,1,206.7,206.7,
2024-11-28,SKU04321,4,3845.2,961.3,
2024-11-28,SKU04762,4,1749.8,437.45,
2024-11-29,SKU00685,1,2583.23,2583.23,
2024-11-29,SKU00980,2,1452.28,726.14,
2024-11-29,SKU01432,1,78.81,78.81,
2024-11-29,SKU01662,2,991.68,495.84,
2024-11-29,SKU02162,1,400.99,400.99,
2024-11-29,SKU02852,1,1937.58,1937.58,
2024-11-29,SKU03213,1,226.59,226.59,
2024-11-29,SKU03698,5,2114.3,422.86,
2024-11-29,SKU04321,4,3845.2,961.3,
2024-11-29,SKU04596,1,335.55,335.55,
2024-11-29,SKU04663,1,715.73,715.73,
2024-11-29,SKU04782,1,1639.0,1639.0,
2024-11-30,SKU00329,2,2396.64,1198.32,
2024-11-30,SKU00921,4,13455.28,3363.82,
2024-11-30,SKU00994,2,1204.26,602.13,
2024-11-30,SKU01359,3,910.14,303.38,
2024-11-30,SKU02760,2,861.98,430.99,
2024-11-30,SKU02788,2,2911.08,1455.54,
2024-11-30,SKU03913,4,1875.72,468.93,
2024-11-30,SKU03967,1,173.22,173.22,
2024-11-30,SKU04574,1,71.96,71.96,
2024-11-30,SKU04587,4,1601.24,400.31,
2024-11-30,SKU04700,2,3007.06,1503.53,
2024-11-30,SKU04851,3,258.51,86.17,
2024-11-30,SKU04963,2,248.22,124.11,
2024-12-01,SKU00092,1,809.88,809.88,
2024-12-01,SKU00456,2,583.52,291.76,
2024-12-01,SKU01607,3,807.72,269.24,
2024-12-01,SKU02004,3,2777.01,925.67,
2024-12-01,SKU02253,3,4235.49,1411.83,
2024-12-01,SKU02526,3,2094.33,698.11,
2024-12-01,SKU02625,2,1242.92,621.46,
2024-12-01,SKU02833,3,11773.59,3924.53,
2024-12-01,SKU03174,1,1052.39,1052.39,
2024-12-01,SKU03630,1,234.93,234.93,
2024-12-01,SKU03710,2,191.86,95.93,
2024-12-01,SKU03788,3,248.85,82.95,
2024-12-01,SKU03960,1,171.93,171.93,
2024-12-01,SKU04111,1,87.41,87.41,
2024-12-01,SKU04321,2,1922.6,961.3,
2024-12-01,SKU04497,5,11554.45,2310.89,
2024-12-01,SKU04576,1,242.59,242.59,
2024-12-01,SKU04595,2,3485.66,1742.83,
2024-12-02,SKU00437,2,1019.06,509.53,
2024-12-02,SKU00563,1,1115.59,1115.59,
2024-12-02,SKU00903,1,413.75,413.75,
2024-12-02,SKU00907,2,731.96,365.98,
2024-12-02,SKU01030,1,224.5,224.5,
2024-12-02,SKU01037,1,178.07,178.07,
2024-12-02,SKU01138,2,362.3,181.15,
2024-12-02,SKU01459,1,93.99,93.99,
2024-12-02,SKU02538,4,866.32,216.58,
2024-12-02,SKU02609,3,1175.55,391.8500000000001,
2024-12-02,SKU02720,3,419.94,139.98,
2024-12-02,SKU02765,1,480.9,480.9,
2024-12-02,SKU03398,3,4316.91,1438.97,
2024-12-02,SKU03657,1,321.49,321.49,
2024-12-02,SKU03727,1,1660.93,1660.93,
2024-12-02,SKU04263,1,284.31,284.31,
2024-12-02,SKU04321,5,4806.5,961.3,
2024-12-02,SKU04571,5,4342.6,868.5200000000001,
2024-12-02,SKU04600,2,300.06,150.03,
2024-12-03,SKU00376,3,622.35,207.44999999999996,
2024-12-03,SKU00430,1,146.59,146.59,
2024-12-03,SKU00628,1,135.8,135.8,
2024-12-03,SKU01218,1,375.09,375.09,
2024-12-03,SKU01241,1,192.42,192.42,
2024-12-03,SKU01379,1,193.26,193.26,
2024-12-03,SKU02024,1,1610.6,1610.6,
2024-12-03,SKU02654,4,862.0,215.5,
2024-12-03,SKU02846,1,1875.69,1875.69,
2024-12-03,SKU03047,1,196.79,196.79,
2024-12-03,SKU03064,2,495.08,247.54,
2024-12-03,SKU03232,1,2223.84,2223.84,
2024-12-03,SKU03274,2,313.9,156.95,
2024-12-03,SKU03584,2,97.18,48.59,
2024-12-03,SKU03733,1,598.28,598.28,
2024-12-03,SKU04128,1,1710.44,1710.44,
2024-12-03,SKU04240,3,2103.03,701.0099999999999,
2024-12-03,SKU04321,8,7690.4,961.3,
2024-12-03,SKU04574,1,71.96,71.96,
2024-12-03,SKU04674,1,161.82,161.82,
2024-12-03,SKU04748,2,1107.62,553.81,
2024-12-03,SKU04913,1,466.91,466.91,
2024-12-04,SKU00349,1,240.42,240.42,
2024-12-04,SKU00723,3,660.18,220.06000000000003,
2024-12-04,SKU00823,2,366.06,183.03,
2024-12-04,SKU00953,1,273.99,273.99,
2024-12-04,SKU01014,1,274.5,274.5,
2024-12-04,SKU01377,1,131.24,131.24,
2024-12-04,SKU01474,5,1211.0,242.2,
2024-12-04,SKU01685,1,135.27,135.27,
2024-12-04,SKU01900,1,330.24,330.24,
2024-12-04,SKU02191,3,1080.24,360.08,
2024-12-04,SKU02503,1,280.9,280.9,
2024-12-04,SKU02543,1,1956.24,1956.24,
2024-12-04,SKU02785,2,2273.16,1136.58,
2024-12-04,SKU03943,1,216.19,216.19,
2024-12-04,SKU04154,2,703.54,351.77,
2024-12-04,SKU04321,3,2883.8999999999996,961.2999999999998,
2024-12-04,SKU04385,4,1694.84,423.71,
2024-12-04,SKU04560,2,524.5,262.25,
2024-12-04,SKU04575,3,240.57,80.19,
2024-12-05,SKU00190,2,290.84,145.42,
2024-12-05,SKU00366,1,197.31,197.31,
2024-12-05,SKU00529,2,1209.82,604.91,
2024-12-05,SKU00619,1,263.71,263.71,
2024-12-05,SKU00813,2,3721.32,1860.66,
2024-12-05,SKU00953,2,547.98,273.99,
2024-12-05,SKU01306,1,271.58,271.58,
2024-12-05,SKU01439,1,987.75,987.75,
2024-12-05,SKU01469,4,276.92,69.23,
2024-12-05,SKU01702,1,252.98,252.98,
2024-12-05,SKU01937,3,5055.69,1685.2300000000002,
2024-12-05,SKU02071,5,899.7,179.94,
2024-12-05,SKU02428,2,303.96,151.98,
2024-12-05,SKU02814,1,154.16,154.16,
2024-12-05,SKU02858,3,272.1,90.7,
2024-12-05,SKU03176,2,2473.3,1236.65,
2024-12-05,SKU03723,4,3651.6,912.9,
2024-12-05,SKU03727,2,3321.86,1660.93,
2024-12-05,SKU03891,1,159.69,159.69,
2024-12-05,SKU04321,7,6729.1,961.3000000000001,
2024-12-05,SKU04508,1,375.55,375.55,
2024-12-05,SKU04816,1,90.49,90.49,
2024-12-06,SKU00344,1,608.7,608.7,
2024-12-06,SKU00676,1,85.72,85.72,
2024-12-06,SKU00831,2,1900.98,950.49,
2024-12-06,SKU00945,2,262.7,131.35,
2024-12-06,SKU00953,1,273.99,273.99,
2024-12-06,SKU01337,1,226.99,226.99,
2024-12-06,SKU01555,2,220.72,110.36,
2024-12-06,SKU01753,2,4244.4,2122.2,
2024-12-06,SKU01862,2,879.78,439.89,
2024-12-06,SKU01922,1,810.44,810.44,
2024-12-06,SKU01955,2,751.36,375.68,
2024-12-06,SKU02826,1,438.33,438.33,
2024-12-06,SKU03063,1,363.59,363.59,
2024-12-06,SKU03323,1,3001.52,3001.52,
2024-12-06,SKU03403,4,388.52,97.13,
2024-12-06,SKU03465,1,2905.8,2905.8,
2024-12-06,SKU03536,1,127.11,127.11,
2024-12-06,SKU03588,1,609.28,609.28,
2024-12-06,SKU04240,1,701.01,701.01,
2024-12-06,SKU04321,4,3845.2,961.3,
2024-12-06,SKU04381,2,384.14,192.07,
2024-12-06,SKU04383,1,1576.66,1576.66,
2024-12-06,SKU04413,1,460.58,460.58,
2024-12-06,SKU04778,2,971.64,485.82,
2024-12-06,SKU04836,1,370.47,370.47,
2024-12-07,SKU00591,3,2165.64,721.88,
2024-12-07,SKU00912,2,2496.52,1248.26,
2024-12-07,SKU01320,2,456.16,228.08,
2024-12-07,SKU01359,2,606.76,303.38,
2024-12-07,SKU01507,1,220.84,220.84,
2024-12-07,SKU02058,1,521.75,521.75,
2024-12-07,SKU02141,1,471.88,471.88,
2024-12-07,SKU02168,3,1448.04,482.68,
2024-12-07,SKU02215,2,1462.76,731.38,
2024-12-07,SKU02364,4,3834.76,958.69,
2024-12-07,SKU02368,1,849.39,849.39,
2024-12-07,SKU02569,1,826.91,826.91,
2024-12-07,SKU03009,1,2815.76,2815.76,
2024-12-07,SKU03053,2,8173.44,4086.72,
2024-12-07,SKU03245,1,388.05,388.05,
2024-12-07,SKU03457,1,207.73,207.73,
2024-12-07,SKU03690,2,624.58,312.29,
2024-12-07,SKU03727,1,1660.93,1660.93,
2024-12-07,SKU03912,1,181.63,181.63,
2024-12-07,SKU04321,8,7690.4,961.3,
2024-12-07,SKU04362,2,466.84,233.42,
2024-12-07,SKU04432,1,340.8,340.8,
2024-12-07,SKU04699,2,287.06,143.53,
2024-12-08,SKU00128,2,1483.94,741.97,
2024-12-08,SKU00190,4,581.68,145.42,
2024-12-08,SKU00694,1,179.71,179.71,
2024-12-08,SKU00731,5,415.7,83.14,
2024-12-08,SKU00844,1,246.71,246.71,
2024-12-08,SKU01358,3,540.09,180.03,
2024-12-08,SKU01483,3,457.68,152.56,
2024-12-08,SKU01658,1,238.38,238.38,
2024-12-08,SKU01752,1,459.19,459.19,
2024-12-08,SKU01794,1,397.99,397.99,
2024-12-08,SKU02141,2,943.76,471.88,
2024-12-08,SKU02147,1,136.69,136.69,
2024-12-08,SKU02543,2,3912.48,1956.24,
2024-12-08,SKU02724,4,179.92,44.98,
2024-12-08,SKU02849,1,73.3,73.3,
2024-12-08,SKU03193,3,777.48,259.16,
2024-12-08,SKU03260,2,399.8,199.9,
2024-12-08,SKU04245,6,1306.68,217.78,
2024-12-08,SKU04321,4,3845.2,961.3,
2024-12-08,SKU04478,3,497.85,165.95,
2024-12-08,SKU04596,1,335.55,335.55,
2024-12-08,SKU04756,2,1330.64,665.32,
2024-12-08,SKU04884,1,234.65,234.65,
2024-12-09,SKU00079,1,197.9,197.9,
2024-12-09,SKU00285,2,1011.34,505.67,
2024-12-09,SKU00504,2,2932.62,1466.31,
2024-12-09,SKU00937,1,767.81,767.81,
2024-12-09,SKU01796,1,75.33,75.33,
2024-12-09,SKU02325,1,166.16,166.16,
2024-12-09,SKU02779,1,118.72,118.72,
2024-12-09,SKU02954,6,3619.8,603.3,
2024-12-09,SKU03053,3,12260.16,4086.72,
2024-12-09,SKU03088,4,894.2,223.55,
2024-12-09,SKU03136,2,449.68,224.84,
2024-12-09,SKU03727,1,1660.93,1660.93,
2024-12-09,SKU03735,1,128.98,128.98,
2024-12-09,SKU04154,1,351.77,351.77,
2024-12-09,SKU04321,3,2883.9,961.2999999999998,
2024-12-09,SKU04490,4,1201.32,300.33,
2024-12-09,SKU04915,1,752.96,752.96,
2024-12-10,SKU00139,2,1581.64,790.82,
2024-12-10,SKU00157,2,237.52,118.76,
2024-12-10,SKU00193,1,308.55,308.55,
2024-12-10,SKU00323,1,270.82,270.82,
2024-12-10,SKU00325,1,631.5,631.5,
2024-12-10,SKU00558,3,2752.59,917.5300000000001,
2024-12-10,SKU00861,2,389.72,194.86,
2024-12-10,SKU01317,1,644.83,644.83,
2024-12-10,SKU01526,1,199.18,199.18,
2024-12-10,SKU01876,1,282.4,282.4,
2024-12-10,SKU01894,2,1241.78,620.89,
2024-12-10,SKU02155,2,2226.96,1113.48,
2024-12-10,SKU02527,3,733.23,244.41,
2024-12-10,SKU02678,1,159.07,159.07,
2024-12-10,SKU02870,1,794.71,794.71,
2024-12-10,SKU02930,1,170.16,170.16,
2024-12-10,SKU02968,1,1011.61,1011.61,
2024-12-10,SKU03035,1,1367.96,1367.96,
2024-12-10,SKU03072,1,201.4,201.4,
2024-12-10,SKU03236,2,321.8,160.9,
2024-12-10,SKU03455,1,309.96,309.96,
2024-12-10,SKU03702,1,473.65,473.65,
2024-12-10,SKU04166,1,263.67,263.67,
2024-12-10,SKU04302,1,174.83,174.83,
2024-12-10,SKU04321,7,6729.099999999999,961.3,
2024-12-10,SKU04596,2,671.1,335.55,
2024-12-11,SKU00198,3,1021.38,340.46,
2024-12-11,SKU00376,1,207.45,207.45,
2024-12-11,SKU00672,3,2269.59,756.5300000000001,
2024-12-11,SKU00917,2,364.5,182.25,
2024-12-11,SKU00986,3,304.8,101.59999999999998,
2024-12-11,SKU01253,1,228.57,228.57,
2024-12-11,SKU01608,1,171.7,171.7,
2024-12-11,SKU01800,1,144.95,144.95,
2024-12-11,SKU02125,3,338.31,112.77,
2024-12-11,SKU02167,3,569.58,189.86,
2024-12-11,SKU02669,1,67.5,67.5,
2024-12-11,SKU03328,5,3088.3,617.66,
2024-12-11,SKU03423,2,775.68,387.84,
2024-12-11,SKU03502,2,200.2,100.1,
2024-12-11,SKU04321,5,4806.5,961.3,
2024-12-11,SKU04596,3,1006.65,335.55,
2024-12-11,SKU04931,1,321.18,321.18,
2024-12-12,SKU00285,5,2528.35,505.66999999999996,
2024-12-12,SKU01152,1,486.03,486.03,
2024-12-12,SKU01164,2,483.62,241.81,
2024-12-12,SKU01271,1,230.92,230.92,
2024-12-12,SKU01317,1,644.83,644.83,
2024-12-12,SKU01371,2,2555.22,1277.61,
2024-12-12,SKU01689,4,683.08,170.77,
2024-12-12,SKU01987,5,5390.1,1078.02,
2024-12-12,SKU03067,2,204.16,102.08,
2024-12-12,SKU03080,1,524.39,524.39,
2024-12-12,SKU03239,1,165.27,165.27,
2024-12-12,SKU03391,3,4320.6,1440.2,
2024-12-12,SKU03546,4,1984.68,496.17,
2024-12-12,SKU03702,1,473.65,473.65,
2024-12-12,SKU03720,2,4040.4,2020.2,
2024-12-12,SKU03844,3,301.92,100.64,
2024-12-12,SKU03913,2,937.86,468.93,
2024-12-12,SKU04321,4,3845.2,961.3,
2024-12-12,SKU04551,4,9992.92,2498.23,
2024-12-12,SKU04596,1,335.55,335.55,
2024-12-13,SKU00156,1,164.3,164.3,
2024-12-13,SKU00363,3,3311.25,1103.75,
2024-12-13,SKU00990,4,1941.72,485.43,
2024-12-13,SKU01009,2,446.84,223.42,
2024-12-13,SKU01021,1,1243.47,1243.47,
2024-12-13,SKU01059,3,530.97,176.99,
2024-12-13,SKU01127,3,2452.62,817.54,
2024-12-13,SKU01137,2,2573.06,1286.53,
2024-12-13,SKU01294,1,441.87,441.87,
2024-12-13,SKU01571,1,109.55,109.55,
2024-12-13,SKU01574,2,2725.34,1362.67,
2024-12-13,SKU01862,2,879.78,439.89,
2024-12-13,SKU02359,1,613.59,613.59,
2024-12-13,SKU02441,3,406.71,135.57,
2024-12-13,SKU02476,2,1512.48,756.24,
2024-12-13,SKU02973,2,485.92,242.96,
2024-12-13,SKU03128,3,175.68,58.56,
2024-12-13,SKU03434,1,108.68,108.68,
2024-12-13,SKU03714,1,1127.31,1127.31,
2024-12-13,SKU03760,1,643.46,643.46,
2024-12-13,SKU03870,2,603.56,301.78,
2024-12-13,SKU04321,1,961.3,961.3,
2024-12-13,SKU04396,2,6851.34,3425.67,
2024-12-13,SKU04439,1,1440.53,1440.53,
2024-12-13,SKU04562,1,1316.91,1316.91,
2024-12-13,SKU04924,1,2799.28,2799.28,
2024-12-14,SKU00264,4,970.96,242.74,
2024-12-14,SKU00363,1,1103.75,1103.75,
2024-12-14,SKU00383,1,124.69,124.69,
2024-12-14,SKU00506,3,959.19,319.73,
2024-12-14,SKU00544,1,198.03,198.03,
2024-12-14,SKU00756,4,10549.56,2637.39,
2024-12-14,SKU00911,2,3097.6,1548.8,
2024-12-14,SKU01138,1,181.15,181.15,
2024-12-14,SKU01343,1,332.15,332.15,
2024-12-14,SKU01379,1,193.26,193.26,
2024-12-14,SKU01849,1,145.96,145.96,
2024-12-14,SKU02403,1,200.51,200.51,
2024-12-14,SKU02406,1,211.48,211.48,
2024-12-14,SKU02495,2,670.2,335.1,
2024-12-14,SKU02912,1,156.0,156.0,
2024-12-14,SKU02930,2,340.32,170.16,
2024-12-14,SKU03322,4,14262.16,3565.54,
2024-12-14,SKU03542,1,1566.44,1566.44,
2024-12-14,SKU03852,1,568.41,568.41,
2024-12-14,SKU03870,2,603.56,301.78,
2024-12-14,SKU03890,1,659.39,659.39,
2024-12-14,SKU03978,2,385.14,192.57,
2024-12-14,SKU04280,2,637.84,318.92,
2024-12-14,SKU04596,4,1342.2,335.55,
2024-12-14,SKU04646,3,247.14,82.38,
2024-12-14,SKU04653,2,358.7,179.35,
2024-12-14,SKU04751,1,210.56,210.56,
2024-12-15,SKU00190,1,145.42,145.42,
2024-12-15,SKU00363,1,1103.75,1103.75,
2024-12-15,SKU00824,1,391.75,391.75,
2024-12-15,SKU00994,1,602.13,602.13,
2024-12-15,SKU01202,3,991.35,330.45,
2024-12-15,SKU01371,1,1277.61,1277.61,
2024-12-15,SKU01784,3,506.43,168.81,
2024-12-15,SKU01839,5,769.35,153.87,
2024-12-15,SKU01908,1,2110.37,2110.37,
2024-12-15,SKU02252,1,523.38,523.38,
2024-12-15,SKU02394,2,980.84,490.42,
2024-12-15,SKU02491,1,68.94,68.94,
2024-12-15,SKU02692,3,6285.09,2095.03,
2024-12-15,SKU03671,1,91.48,91.48,
2024-12-15,SKU03727,1,1660.93,1660.93,
2024-12-15,SKU03943,3,648.57,216.18999999999997,
2024-12-15,SKU04136,1,1348.93,1348.93,
2024-12-15,SKU04154,1,351.77,351.77,
2024-12-15,SKU04161,1,189.64,189.64,
2024-12-15,SKU04321,5,4806.5,961.3,
2024-12-15,SKU04348,1,274.76,274.76,
2024-12-15,SKU04483,1,337.04,337.04,
2024-12-15,SKU04609,1,575.8,575.8,
2024-12-16,SKU00294,3,705.06,235.02,
2024-12-16,SKU00754,2,5348.48,2674.24,
2024-12-16,SKU00793,4,4200.68,1050.17,
2024-12-16,SKU00832,1,946.53,946.53,
2024-12-16,SKU01034,2,626.46,313.23,
2024-12-16,SKU01202,2,660.9,330.45,
2024-12-16,SKU01232,1,416.45,416.45,
2024-12-16,SKU01420,5,1068.25,213.65,
2024-12-16,SKU01716,2,1242.06,621.03,
2024-12-16,SKU01743,1,1398.86,1398.86,
2024-12-16,SKU02025,4,841.12,210.28,
2024-12-16,SKU02417,1,1108.44,1108.44,
2024-12-16,SKU02776,1,234.93,234.93,
2024-12-16,SKU02860,1,1859.24,1859.24,
2024-12-16,SKU02954,3,1809.9,603.3,
2024-12-16,SKU02998,1,891.24,891.24,
2024-12-16,SKU03196,5,4186.5,837.3,
2024-12-16,SKU03246,2,5016.36,2508.18,
2024-12-16,SKU04010,1,253.31,253.31,
2024-12-16,SKU04051,1,1548.72,1548.72,
2024-12-16,SKU04596,2,671.1,335.55,
2024-12-16,SKU04900,2,2473.64,1236.82,
2024-12-16,SKU04913,3,1400.73,466.91,
2024-12-17,SKU00166,1,830.77,830.77,
2024-12-17,SKU00365,1,78.0,78.0,
2024-12-17,SKU00375,2,230.0,115.0,
2024-12-17,SKU00813,1,1860.66,1860.66,
2024-12-17,SKU00929,1,158.05,158.05,
2024-12-17,SKU01023,3,1578.48,526.16,
2024-12-17,SKU01178,1,95.91,95.91,
2024-12-17,SKU01371,3,3832.83,1277.61,
2024-12-17,SKU01792,2,800.02,400.01,
2024-12-17,SKU01804,2,441.84,220.92,
2024-12-17,SKU01982,1,88.35,88.35,
2024-12-17,SKU02497,1,470.03,470.03,
2024-12-17,SKU02543,1,1956.24,1956.24,
2024-12-17,SKU02578,4,951.72,237.93,
2024-12-17,SKU02647,1,643.88,643.88,
2024-12-17,SKU02751,3,1944.21,648.07,
2024-12-17,SKU02902,3,253.62,84.54,
2024-12-17,SKU03288,3,3871.47,1290.49,
2024-12-17,SKU03556,1,656.88,656.88,
2024-12-17,SKU03564,5,529.4,105.88,
2024-12-17,SKU03727,3,4982.79,1660.93,
2024-12-17,SKU04192,4,621.52,155.38,
2024-12-17,SKU04321,4,3845.2,961.3,
2024-12-17,SKU04350,1,394.93,394.93,
2024-12-17,SKU04442,2,541.3,270.65,
2024-12-17,SKU04706,1,625.94,625.94,
2024-12-17,SKU04756,2,1330.64,665.32,
2024-12-17,SKU04772,3,5858.79,1952.93,
2024-12-17,SKU04926,2,917.84,458.92,
2024-12-18,SKU00229,2,843.64,421.82,
2024-12-18,SKU00390,1,437.62,437.62,
2024-12-18,SKU00441,1,2730.45,2730.45,
2024-12-18,SKU00550,1,141.29,141.29,
2024-12-18,SKU00650,1,282.54,282.54,
2024-12-18,SKU00845,2,1341.66,670.83,
2024-12-18,SKU00994,1,602.13,602.13,
2024-12-18,SKU01045,1,451.29,451.29,
2024-12-18,SKU01055,1,916.38,916.38,
2024-12-18,SKU01092,2,3767.04,1883.52,
2024-12-18,SKU01114,2,1109.86,554.93,
2024-12-18,SKU01284,2,530.48,265.24,
2024-12-18,SKU01466,1,34.29,34.29,
2024-12-18,SKU01475,1,789.28,789.28,
2024-12-18,SKU01704,2,239.84,119.92,
2024-12-18,SKU02692,4,8380.12,2095.03,
2024-12-18,SKU02930,1,170.16,170.16,
2024-12-18,SKU03112,1,382.71,382.71,
2024-12-18,SKU04109,3,1036.8,345.6000000000001,
2024-12-18,SKU04154,2,703.54,351.77,
2024-12-18,SKU04553,4,1192.84,298.21,
2024-12-18,SKU04571,3,2605.56,868.52,
2024-12-18,SKU04796,3,5923.65,1974.55,
2024-12-18,SKU04826,1,1610.45,1610.45,
2024-12-19,SKU00036,1,188.79,188.79,
2024-12-19,SKU00061,1,249.85,249.85,
2024-12-19,SKU00363,1,1103.75,1103.75,
2024-12-19,SKU00484,2,358.08,179.04,
2024-12-19,SKU00522,2,281.3,140.65,
2024-12-19,SKU00636,1,1096.28,1096.28,
2024-12-19,SKU00642,1,417.52,417.52,
2024-12-19,SKU00743,2,1518.6,759.3,
2024-12-19,SKU01075,3,1146.15,382.05,
2024-12-19,SKU01523,5,1457.4,291.48,
2024-12-19,SKU02330,1,221.38,221.38,
2024-12-19,SKU02524,1,108.12,108.12,
2024-12-19,SKU02526,3,2094.33,698.11,
2024-12-19,SKU02744,5,5496.8,1099.36,
2024-12-19,SKU03126,2,260.58,130.29,
2024-12-19,SKU03292,3,492.09,164.03,
2024-12-19,SKU03672,4,773.2,193.3,
2024-12-19,SKU03798,1,531.23,531.23,
2024-12-19,SKU04016,1,1492.65,1492.65,
2024-12-19,SKU04176,1,275.44,275.44,
2024-12-19,SKU04321,2,1922.6,961.3,
2024-12-19,SKU04407,3,645.12,215.04,
2024-12-19,SKU04494,1,82.11,82.11,
2024-12-19,SKU04926,2,917.84,458.92,
2024-12-20,SKU00126,1,253.44,253.44,
2024-12-20,SKU00654,1,72.62,72.62,
2024-12-20,SKU00903,2,827.5,413.75,
2024-12-20,SKU01164,1,241.81,241.81,
2024-12-20,SKU01642,2,5797.04,2898.52,
2024-12-20,SKU01730,1,100.9,100.9,
2024-12-20,SKU01829,2,771.54,385.77,
2024-12-20,SKU02149,1,72.6,72.6,
2024-12-20,SKU02660,3,245.73,81.91,
2024-12-20,SKU02726,2,1659.72,829.86,
2024-12-20,SKU03292,1,164.03,164.03,
2024-12-20,SKU03309,1,983.01,983.01,
2024-12-20,SKU03363,4,444.4,111.1,
2024-12-20,SKU03379,2,114.78,57.39,
2024-12-20,SKU03412,1,131.71,131.71,
2024-12-20,SKU03945,3,420.06,140.02,
2024-12-20,SKU04321,3,2883.8999999999996,961.2999999999998,
2024-12-20,SKU04381,1,192.07,192.07,
2024-12-20,SKU04596,6,2013.3000000000002,335.55,
2024-12-20,SKU04917,3,847.53,282.51,
2024-12-21,SKU00191,1,590.87,590.87,
2024-12-21,SKU00286,1,64.45,64.45,
2024-12-21,SKU00400,1,1799.17,1799.17,
2024-12-21,SKU00500,5,6322.9,1264.58,
2024-12-21,SKU00805,1,959.48,959.48,
2024-12-21,SKU01243,2,417.14,208.57,
2024-12-21,SKU01371,2,2555.22,1277.61,
2024-12-21,SKU01507,3,662.52,220.84,
2024-12-21,SKU01578,1,540.35,540.35,
2024-12-21,SKU02104,3,791.52,263.84,
2024-12-21,SKU02338,1,313.63,313.63,
2024-12-21,SKU02475,1,203.98,203.98,
2024-12-21,SKU02837,1,2677.22,2677.22,
2024-12-21,SKU02899,2,410.72,205.36,
2024-12-21,SKU03010,1,768.67,768.67,
2024-12-21,SKU03118,2,3122.78,1561.39,
2024-12-21,SKU03196,1,837.3,837.3,
2024-12-21,SKU03297,1,185.56,185.56,
2024-12-21,SKU03425,1,202.48,202.48,
2024-12-21,SKU03910,2,1328.58,664.29,
2024-12-21,SKU04321,4,3845.2,961.3,
2024-12-21,SKU04596,1,335.55,335.55,
2024-12-21,SKU04789,2,134.16,67.08,
2024-12-21,SKU04871,1,761.27,761.27,
2024-12-22,SKU00050,2,68.16,34.08,
2024-12-22,SKU00142,3,405.09,135.03,
2024-12-22,SKU00190,4,581.68,145.42,
2024-12-22,SKU00504,1,1466.31,1466.31,
2024-12-22,SKU00809,1,54.18,54.18,
2024-12-22,SKU00845,2,1341.66,670.83,
2024-12-22,SKU00858,1,702.78,702.78,
2024-12-22,SKU00861,1,194.86,194.86,
2024-12-22,SKU00920,1,114.73,114.73,
2024-12-22,SKU01351,1,488.78,488.78,
2024-12-22,SKU01385,3,2966.73,988.91,
2024-12-22,SKU01740,1,535.95,535.95,
2024-12-22,SKU02176,2,1979.74,989.87,
2024-12-22,SKU02231,1,50.54,50.54,
2024-12-22,SKU02583,2,548.12,274.06,
2024-12-22,SKU02838,1,655.85,655.85,
2024-12-22,SKU02930,3,510.48,170.16,
2024-12-22,SKU03727,4,6643.72,1660.93,
2024-12-22,SKU03855,1,683.9,683.9,
2024-12-22,SKU04321,6,5767.8,961.3000000000001,
2024-12-22,SKU04487,2,4384.08,2192.04,
2024-12-22,SKU04489,1,251.01,251.01,
2024-12-22,SKU04805,1,136.32,136.32,
2024-12-23,SKU00002,5,351.9,70.38,
2024-12-23,SKU00191,1,590.87,590.87,
2024-12-23,SKU00253,5,1396.9,279.38,
2024-12-23,SKU00286,1,64.45,64.45,
2024-12-23,SKU00334,3,4432.35,1477.45,
2024-12-23,SKU00376,1,207.45,207.45,
2024-12-23,SKU00990,1,485.43,485.43,
2024-12-23,SKU01379,1,193.26,193.26,
2024-12-23,SKU01416,2,366.5,183.25,
2024-12-23,SKU01436,1,168.64,168.64,
2024-12-23,SKU01488,2,1224.52,612.26,
2024-12-23,SKU01514,1,870.11,870.11,
2024-12-23,SKU02368,4,3397.56,849.39,
2024-12-23,SKU02431,1,430.58,430.58,
2024-12-23,SKU03055,1,130.59,130.59,
2024-12-23,SKU03232,3,6671.52,2223.84,
2024-12-23,SKU03761,2,282.96,141.48,
2024-12-23,SKU03944,1,344.74,344.74,
2024-12-23,SKU04227,3,849.84,283.28,
2024-12-23,SKU04273,4,7144.6,1786.15,
2024-12-23,SKU04321,9,8651.7,961.2999999999998,
2024-12-23,SKU04329,2,4904.14,2452.07,
2024-12-23,SKU04482,1,111.71,111.71,
2024-12-23,SKU04551,1,2498.23,2498.23,
2024-12-23,SKU04871,1,761.27,761.27,
2024-12-24,SKU00180,1,770.72,770.72,
2024-12-24,SKU00291,1,190.44,190.44,
2024-12-24,SKU00823,4,732.12,183.03,
2024-12-24,SKU01014,1,274.5,274.5,
2024-12-24,SKU01209,2,198.8,99.4,
2024-12-24,SKU01317,2,1289.66,644.83,
2024-12-24,SKU01789,4,672.12,168.03,
2024-12-24,SKU02231,1,50.54,50.54,
2024-12-24,SKU02390,3,814.8,271.6,
2024-12-24,SKU03323,2,6003.04,3001.52,
2024-12-24,SKU03481,5,2464.15,492.83000000000004,
2024-12-24,SKU04321,1,961.3,961.3,
2024-12-24,SKU04390,2,3664.6,1832.3,
2024-12-24,SKU04508,1,375.55,375.55,
2024-12-24,SKU04571,1,868.52,868.52,
2024-12-24,SKU04596,1,335.55,335.55,
2024-12-24,SKU04672,2,4321.86,2160.93,
2024-12-24,SKU04897,2,1808.52,904.26,
2024-12-24,SKU04913,1,466.91,466.91,
2024-12-25,SKU00456,3,875.28,291.76,
2024-12-25,SKU00531,4,11799.84,2949.96,
2024-12-25,SKU00540,1,3406.69,3406.69,
2024-12-25,SKU00656,1,1870.7,1870.7,
2024-12-25,SKU02022,2,2661.08,1330.54,
2024-12-25,SKU02201,1,1064.05,1064.05,
2024-12-25,SKU02580,1,389.15,389.15,
2024-12-25,SKU02660,1,81.91,81.91,
2024-12-25,SKU02740,1,104.22,104.22,
2024-12-25,SKU02750,1,282.92,282.92,
2024-12-25,SKU02776,4,939.72,234.93,
2024-12-25,SKU02954,1,603.3,603.3,
2024-12-25,SKU02982,1,413.73,413.73,
2024-12-25,SKU03088,2,447.1,223.55,
2024-12-25,SKU03239,1,165.27,165.27,
2024-12-25,SKU03292,1,164.03,164.03,
2024-12-25,SKU03338,4,618.76,154.69,
2024-12-25,SKU03727,2,3321.86,1660.93,
2024-12-25,SKU03743,1,253.24,253.24,
2024-12-25,SKU03901,2,220.9,110.45,
2024-12-25,SKU04164,1,159.68,159.68,
2024-12-25,SKU04321,1,961.3,961.3,
2024-12-25,SKU04809,1,219.51,219.51,
2024-12-25,SKU04815,4,1150.56,287.64,
2024-12-25,SKU04869,4,4629.96,1157.49,
2024-12-26,SKU00416,1,75.12,75.12,
2024-12-26,SKU00638,1,995.83,995.83,
2024-12-26,SKU01371,2,2555.22,1277.61,
2024-12-26,SKU01420,2,427.3,213.65,
2024-12-26,SKU01588,1,206.46,206.46,
2024-12-26,SKU01953,3,929.55,309.85,
2024-12-26,SKU02316,3,484.53,161.51,
2024-12-26,SKU02407,2,992.6,496.3,
2024-12-26,SKU02531,4,573.96,143.49,
2024-12-26,SKU02864,2,549.32,274.66,
2024-12-26,SKU02898,4,3957.56,989.39,
2024-12-26,SKU03110,3,914.73,304.91,
2024-12-26,SKU03160,1,254.64,254.64,
2024-12-26,SKU03190,2,2007.88,1003.94,
2024-12-26,SKU03937,1,235.76,235.76,
2024-12-26,SKU03957,1,88.38,88.38,
2024-12-26,SKU04038,3,115.65,38.55,
2024-12-26,SKU04453,1,265.58,265.58,
2024-12-26,SKU04580,2,1392.72,696.36,
2024-12-26,SKU04596,4,1342.2,335.55,
2024-12-26,SKU04626,1,468.52,468.52,
2024-12-26,SKU04679,1,45.71,45.71,
2024-12-27,SKU00285,3,1517.01,505.67,
2024-12-27,SKU00845,2,1341.66,670.83,
2024-12-27,SKU00981,4,1321.48,330.37,
2024-12-27,SKU01085,4,1054.56,263.64,
2024-12-27,SKU01120,1,213.08,213.08,
2024-12-27,SKU01265,5,5497.25,1099.45,
2024-12-27,SKU01352,2,299.66,149.83,
2024-12-27,SKU02155,2,2226.96,1113.48,
2024-12-27,SKU02858,1,90.7,90.7,
2024-12-27,SKU02872,1,77.44,77.44,
2024-12-27,SKU02923,1,124.18,124.18,
2024-12-27,SKU03137,2,330.46,165.23,
2024-12-27,SKU03891,3,479.07,159.69,
2024-12-27,SKU03940,4,940.84,235.21,
2024-12-27,SKU04105,2,929.56,464.78,
2024-12-27,SKU04154,5,1758.85,351.77,
2024-12-27,SKU04173,3,705.84,235.28,
2024-12-27,SKU04321,1,961.3,961.3,
2024-12-27,SKU04346,1,970.29,970.29,
2024-12-27,SKU04466,1,224.59,224.59,
2024-12-27,SKU04528,4,1554.16,388.54,
2024-12-27,SKU04596,2,671.1,335.55,
2024-12-27,SKU04807,2,274.86,137.43,
2024-12-28,SKU00286,1,64.45,64.45,
2024-12-28,SKU00297,1,172.52,172.52,
2024-12-28,SKU00383,2,249.38,124.69,
2024-12-28,SKU00902,1,535.55,535.55,
2024-12-28,SKU00935,3,324.96,108.32,
2024-12-28,SKU01054,1,583.57,583.57,
2024-12-28,SKU02265,2,1693.52,846.76,
2024-12-28,SKU02368,2,1698.78,849.39,
2024-12-28,SKU02438,1,181.83,181.83,
2024-12-28,SKU02608,1,1070.78,1070.78,
2024-12-28,SKU02747,1,561.26,561.26,
2024-12-28,SKU02806,3,246.09,82.03,
2024-12-28,SKU02888,1,138.67,138.67,
2024-12-28,SKU03013,1,101.21,101.21,
2024-12-28,SKU03199,3,234.24,78.08,
2024-12-28,SKU03752,1,119.85,119.85,
2024-12-28,SKU04111,1,87.41,87.41,
2024-12-28,SKU04485,2,560.24,280.12,
2024-12-28,SKU04571,2,1737.04,868.52,
2024-12-28,SKU04596,2,671.1,335.55,
2024-12-28,SKU04663,1,715.73,715.73,
2024-12-29,SKU00002,1,70.38,70.38,
2024-12-29,SKU00252,1,2006.03,2006.03,
2024-12-29,SKU00772,2,579.46,289.73,
2024-12-29,SKU00774,1,94.61,94.61,
2024-12-29,SKU00810,3,655.86,218.62,
2024-12-29,SKU00908,1,2108.67,2108.67,
2024-12-29,SKU00953,1,273.99,273.99,
2024-12-29,SKU01045,1,451.29,451.29,
2024-12-29,SKU01545,2,373.22,186.61,
2024-12-29,SKU01790,4,515.76,128.94,
2024-12-29,SKU01839,2,307.74,153.87,
2024-12-29,SKU01916,2,1145.92,572.96,
2024-12-29,SKU02144,4,10796.68,2699.17,
2024-12-29,SKU02526,3,2094.33,698.11,
2024-12-29,SKU02690,2,499.54,249.77,
2024-12-29,SKU02800,1,320.17,320.17,
2024-12-29,SKU03369,2,2396.8,1198.4,
2024-12-29,SKU03410,3,1412.58,470.85999999999996,
2024-12-29,SKU03451,1,145.02,145.02,
2024-12-29,SKU03494,2,144.18,72.09,
2024-12-29,SKU03727,3,4982.79,1660.93,
2024-12-29,SKU03869,1,109.56,109.56,
2024-12-29,SKU04154,6,2110.62,351.77,
2024-12-29,SKU04166,1,263.67,263.67,
2024-12-29,SKU04234,2,1646.28,823.14,
2024-12-29,SKU04338,1,163.32,163.32,
2024-12-29,SKU04479,3,3986.49,1328.83,
2024-12-29,SKU04527,2,1913.16,956.58,
2024-12-30,SKU00595,1,2693.97,2693.97,
2024-12-30,SKU00901,2,1307.4,653.7,
2024-12-30,SKU00942,3,518.7,172.9,
2024-12-30,SKU00947,2,1268.1,634.05,
2024-12-30,SKU01310,3,2206.89,735.63,
2024-12-30,SKU01324,4,254.52,63.63,
2024-12-30,SKU01418,2,2180.18,1090.09,
2024-12-30,SKU01673,1,150.17,150.17,
2024-12-30,SKU01739,1,501.28,501.28,
2024-12-30,SKU02034,2,1503.66,751.83,
2024-12-30,SKU02108,1,610.6,610.6,
2024-12-30,SKU02323,1,422.47,422.47,
2024-12-30,SKU02526,1,698.11,698.11,
2024-12-30,SKU02930,1,170.16,170.16,
2024-12-30,SKU03137,1,165.23,165.23,
2024-12-30,SKU03380,2,82.3,41.15,
2024-12-30,SKU03572,3,1964.43,654.81,
2024-12-30,SKU03583,1,306.2,306.2,
2024-12-30,SKU04185,1,79.83,79.83,
2024-12-30,SKU04237,1,248.5,248.5,
2024-12-30,SKU04321,2,1922.6,961.3,
2024-12-30,SKU04627,1,630.47,630.47,
2024-12-31,SKU00002,1,70.38,70.38,
2024-12-31,SKU00311,4,9183.52,2295.88,
2024-12-31,SKU00912,3,3744.78,1248.26,
2024-12-31,SKU00993,1,230.79,230.79,
2024-12-31,SKU02321,1,1199.36,1199.36,
2024-12-31,SKU02428,1,151.98,151.98,
2024-12-31,SKU02431,2,861.16,430.58,
2024-12-31,SKU02433,1,89.32,89.32,
2024-12-31,SKU02448,1,2166.71,2166.71,
2024-12-31,SKU02657,1,128.75,128.75,
2024-12-31,SKU02912,2,312.0,156.0,
2024-12-31,SKU03178,1,141.29,141.29,
2024-12-31,SKU03392,2,2340.74,1170.37,
2024-12-31,SKU03662,1,275.54,275.54,
2024-12-31,SKU03717,2,480.72,240.36,
2024-12-31,SKU04164,2,319.36,159.68,
2024-12-31,SKU04256,2,3819.06,1909.53,
2024-12-31,SKU04321,3,2883.8999999999996,961.2999999999998,
2024-12-31,SKU04916,1,1699.1,1699.1,
2024-12-31,SKU04926,3,1376.76,458.92,
2025-01-01,SKU00169,1,95.37,95.37,
2025-01-01,SKU00686,5,6212.45,1242.49,
2025-01-01,SKU00953,2,547.98,273.99,
2025-01-01,SKU01045,1,451.29,451.29,
2025-01-01,SKU02368,1,849.39,849.39,
2025-01-01,SKU02462,1,171.89,171.89,
2025-01-01,SKU02526,1,698.11,698.11,
2025-01-01,SKU02633,2,5337.26,2668.63,
2025-01-01,SKU02648,2,1766.9,883.45,
2025-01-01,SKU02789,2,2696.2,1348.1,
2025-01-01,SKU03128,1,58.56,58.56,
2025-01-01,SKU03853,3,978.75,326.25,
2025-01-01,SKU04539,3,664.59,221.53,
2025-01-02,SKU00134,1,199.86,199.86,
2025-01-02,SKU00252,1,2006.03,2006.03,
2025-01-02,SKU00363,2,2207.5,1103.75,
2025-01-02,SKU00397,1,120.96,120.96,
2025-01-02,SKU01385,1,988.91,988.91,
2025-01-02,SKU02068,4,999.56,249.89,
2025-01-02,SKU02080,2,200.32,100.16,
2025-01-02,SKU02282,1,199.33,199.33,
2025-01-02,SKU02559,1,2266.71,2266.71,
2025-01-02,SKU02824,2,108.26,54.13,
2025-01-02,SKU03056,5,5350.3,1070.06,
2025-01-02,SKU03394,1,1013.75,1013.75,
2025-01-02,SKU04408,3,2002.68,667.56,
2025-01-02,SKU04571,1,868.52,868.52,
2025-01-03,SKU00103,1,179.7,179.7,
2025-01-03,SKU00365,3,234.0,78.0,
2025-01-03,SKU00735,2,5141.06,2570.53,
2025-01-03,SKU00981,4,1321.48,330.37,
2025-01-03,SKU01140,1,467.27,467.27,
2025-01-03,SKU01450,2,4063.8,2031.9,
2025-01-03,SKU01549,1,235.17,235.17,
2025-01-03,SKU02004,1,925.67,925.67,
2025-01-03,SKU02050,1,90.73,90.73,
2025-01-03,SKU02394,1,490.42,490.42,
2025-01-03,SKU02544,1,231.91,231.91,
2025-01-03,SKU02981,1,361.07,361.07,
2025-01-03,SKU03030,1,108.63,108.63,
2025-01-03,SKU03171,2,289.58,144.79,
2025-01-03,SKU03173,2,3779.84,1889.92,
2025-01-03,SKU03379,1,57.39,57.39,
2025-01-03,SKU04064,1,3845.32,3845.32,
2025-01-03,SKU04206,1,667.18,667.18,
2025-01-03,SKU04310,3,1211.88,403.96,
2025-01-03,SKU04548,3,419.43,139.81,
2025-01-03,SKU04621,1,270.2,270.2,
2025-01-03,SKU04808,1,492.31,492.31,
2025-01-04,SKU00278,2,3615.68,1807.84,
2025-01-04,SKU00376,1,207.45,207.45,
2025-01-04,SKU00484,1,179.04,179.04,
2025-01-04,SKU00538,1,1101.07,1101.07,
2025-01-04,SKU00760,1,54.33,54.33,
2025-01-04,SKU01239,2,4297.48,2148.74,
2025-01-04,SKU01677,2,254.6,127.3,
2025-01-04,SKU01993,1,142.17,142.17,
2025-01-04,SKU02239,4,956.76,239.19,
2025-01-04,SKU02365,3,414.24,138.08,
2025-01-04,SKU03148,1,1814.77,1814.77,
2025-01-04,SKU03226,2,750.3,375.15,
2025-01-04,SKU03427,2,1614.24,807.12,
2025-01-04,SKU04099,4,9011.76,2252.94,
2025-01-04,SKU04408,2,1335.12,667.56,
2025-01-04,SKU04940,3,1851.9,617.3,
2025-01-05,SKU00050,1,34.08,34.08,
2025-01-05,SKU00190,1,145.42,145.42,
2025-01-05,SKU00910,1,313.65,313.65,
2025-01-05,SKU00938,2,95.48,47.74,
2025-01-05,SKU01030,2,449.0,224.5,
2025-01-05,SKU01045,1,451.29,451.29,
2025-01-05,SKU01236,2,218.0,109.0,
2025-01-05,SKU01677,1,127.3,127.3,
2025-01-05,SKU01818,1,472.39,472.39,
2025-01-05,SKU02078,1,161.99,161.99,
2025-01-05,SKU02858,1,90.7,90.7,
2025-01-05,SKU02985,1,720.58,720.58,
2025-01-05,SKU03194,1,649.38,649.38,
2025-01-05,SKU03217,5,3416.0,683.2,
2025-01-05,SKU03450,3,864.51,288.17,
2025-01-05,SKU03922,3,6286.98,2095.66,
2025-01-05,SKU03948,2,136.46,68.23,
2025-01-05,SKU04154,1,351.77,351.77,
2025-01-05,SKU04321,1,961.3,961.3,
2025-01-05,SKU04345,3,432.69,144.23,
2025-01-05,SKU04737,2,2855.06,1427.53,
2025-01-06,SKU00166,3,2492.31,830.77,
2025-01-06,SKU00789,1,361.91,361.91,
2025-01-06,SKU00795,5,256.8,51.36,
2025-01-06,SKU00823,2,366.06,183.03,
2025-01-06,SKU00864,3,380.66,223.39,1
2025-01-06,SKU00994,1,602.13,602.13,
2025-01-06,SKU01143,1,410.89,410.89,
2025-01-06,SKU01775,3,612.45,204.15,
2025-01-06,SKU01842,2,696.66,348.33,
2025-01-06,SKU01919,2,100.65,88.6,1
2025-01-06,SKU02660,3,245.73,81.91,
2025-01-06,SKU03213,1,226.59,226.59,
2025-01-06,SKU04321,7,6729.1,961.3,
2025-01-06,SKU04720,1,2230.86,2230.86,
2025-01-06,SKU04992,1,108.64,108.64,
2025-01-07,SKU00190,2,290.84,145.42,
2025-01-07,SKU00285,1,505.67,505.67,
2025-01-07,SKU00325,1,631.5,631.5,
2025-01-07,SKU01278,3,3469.65,1156.55,
2025-01-07,SKU01988,3,993.36,331.12,
2025-01-07,SKU02412,2,1445.14,722.57,
2025-01-07,SKU02543,2,3912.48,1956.24,
2025-01-07,SKU02785,1,1136.58,1136.58,
2025-01-07,SKU02827,3,387.66,129.22,
2025-01-07,SKU03024,1,280.12,280.12,
2025-01-07,SKU03027,1,724.38,724.38,
2025-01-07,SKU03851,1,56.52,99.5,1
2025-01-07,SKU04060,1,983.88,983.88,
2025-01-07,SKU04069,5,2427.55,485.51000000000005,
2025-01-07,SKU04154,1,351.77,351.77,
2025-01-07,SKU04259,2,144.4,127.11,1
2025-01-07,SKU04321,1,961.3,961.3,
2025-01-07,SKU04390,1,1832.3,1832.3,
2025-01-07,SKU04524,1,1741.19,1741.19,
2025-01-07,SKU04596,5,952.96,335.55,1
2025-01-07,SKU04870,1,328.18,328.18,
2025-01-07,SKU04949,2,386.08,193.04,
2025-01-07,SKU04969,1,658.15,658.15,
2025-01-08,SKU00096,2,420.5,210.25,
2025-01-08,SKU00595,1,2693.97,2693.97,
2025-01-08,SKU01089,4,306.2,134.77,1
2025-01-08,SKU01274,2,1116.72,558.36,
2025-01-08,SKU01620,3,592.11,197.37,
2025-01-08,SKU03263,1,74.64,74.64,
2025-01-08,SKU03880,5,3595.4,719.08,
2025-01-08,SKU04041,1,575.93,575.93,
2025-01-08,SKU04096,1,88.41,155.65,1
2025-01-08,SKU04321,5,4806.5,961.3,
2025-01-08,SKU04377,1,152.67,152.67,
2025-01-08,SKU04411,2,824.58,412.29,
2025-01-08,SKU04516,3,5303.01,1767.67,
2025-01-08,SKU04996,1,1057.53,1057.53,
2025-01-09,SKU00002,1,39.98,70.38,1
2025-01-09,SKU00920,2,229.46,114.73,
2025-01-09,SKU01069,1,1801.49,1801.49,
2025-01-09,SKU01654,1,83.6,147.18,1
2025-01-09,SKU02504,2,1475.04,737.52,
2025-01-09,SKU02596,4,1058.8,264.7,
2025-01-09,SKU02901,1,1081.76,1081.76,
2025-01-09,SKU03201,3,322.8,107.59999999999998,
2025-01-09,SKU04066,1,275.52,275.52,
2025-01-09,SKU04159,1,2188.36,2188.36,
2025-01-09,SKU04321,12,11535.6,961.2999999999998,
2025-01-09,SKU04633,1,620.55,620.55,
2025-01-10,SKU00190,1,145.42,145.42,
2025-01-10,SKU00358,1,165.98,165.98,
2025-01-10,SKU01045,2,902.58,451.29,
2025-01-10,SKU01189,2,4599.6,2299.8,
2025-01-10,SKU01439,3,2963.25,987.75,
2025-01-10,SKU01519,2,882.82,441.41,
2025-01-10,SKU01571,3,328.65,109.55,
2025-01-10,SKU01718,2,3505.78,1752.89,
2025-01-10,SKU02113,1,309.55,309.55,
2025-01-10,SKU02314,2,942.66,471.33,
2025-01-10,SKU02349,1,368.12,368.12,
2025-01-10,SKU02930,1,170.16,170.16,
2025-01-10,SKU03518,1,126.26,126.26,
2025-01-10,SKU04125,1,219.82,219.82,
2025-01-10,SKU04215,1,508.26,508.26,
2025-01-10,SKU04551,1,2498.23,2498.23,
2025-01-10,SKU04929,2,1490.88,745.44,
2025-01-11,SKU00387,2,1265.92,632.96,
2025-01-11,SKU01094,1,210.83,210.83,
2025-01-11,SKU01755,4,360.11,158.5,1
2025-01-11,SKU02339,1,395.4,395.4,
2025-01-11,SKU02919,1,117.84,117.84,
2025-01-11,SKU03299,1,1035.55,1035.55,
2025-01-11,SKU03928,2,1002.36,501.18,
2025-01-11,SKU04181,2,126.28,63.14,
2025-01-12,SKU00136,1,497.37,497.37,
2025-01-12,SKU00503,2,228.36,114.18,
2025-01-12,SKU00942,1,172.9,172.9,
2025-01-12,SKU01438,1,298.01,298.01,
2025-01-12,SKU02160,2,610.4,305.2,
2025-01-12,SKU02342,2,162.62,143.15,1
2025-01-12,SKU02461,2,460.2,230.1,
2025-01-12,SKU02692,2,4190.06,2095.03,
2025-01-12,SKU02762,1,181.06,181.06,
2025-01-12,SKU02808,1,471.71,471.71,
2025-01-12,SKU02892,2,87.53,77.05,1
2025-01-12,SKU03704,1,370.99,370.99,
2025-01-12,SKU03947,2,929.3,464.65,
2025-01-12,SKU04321,2,1922.6,961.3,
2025-01-12,SKU04515,1,138.7,244.19,1
2025-01-12,SKU04584,2,316.47,278.58,1
2025-01-13,SKU00002,4,159.9,70.38,1
2025-01-13,SKU00790,2,866.32,433.16,
2025-01-13,SKU00920,1,114.73,114.73,
2025-01-13,SKU01001,1,496.66,496.66,
2025-01-13,SKU01048,3,288.54,96.18,
2025-01-13,SKU01212,1,240.47,240.47,
2025-01-13,SKU01269,2,5752.04,2876.02,
2025-01-13,SKU01476,1,259.28,259.28,
2025-01-13,SKU01904,2,561.44,280.72,
2025-01-13,SKU02046,1,2009.47,2009.47,
2025-01-13,SKU02158,3,289.56,96.52,
2025-01-13,SKU02692,1,2095.03,2095.03,
2025-01-13,SKU03031,4,703.64,175.91,
2025-01-13,SKU03695,1,209.27,209.27,
2025-01-13,SKU03978,1,192.57,192.57,
2025-01-13,SKU04143,2,826.92,413.46,
2025-01-13,SKU04321,2,1922.6,961.3,
2025-01-13,SKU04409,2,5171.74,2585.87,
2025-01-13,SKU04413,2,921.16,460.58,
2025-01-13,SKU04570,2,245.4,122.7,
2025-01-13,SKU04997,2,1175.58,587.79,
2025-01-14,SKU00079,2,395.8,197.9,
2025-01-14,SKU00190,1,145.42,145.42,
2025-01-14,SKU00538,2,2202.14,1101.07,
2025-01-14,SKU00945,2,149.21,131.35,1
2025-01-14,SKU01699,1,228.35,228.35,
2025-01-14,SKU01883,4,250.96,62.74,
2025-01-14,SKU02317,1,163.19,287.3,1
2025-01-14,SKU02609,1,391.85,391.85,
2025-01-14,SKU02641,1,63.06,63.06,
2025-01-14,SKU02840,1,267.04,267.04,
2025-01-14,SKU03678,5,2541.25,508.25,
2025-01-14,SKU04026,1,240.97,240.97,
2025-01-14,SKU04655,1,2076.21,2076.21,
2025-01-14,SKU04846,2,237.22,118.61,
2025-01-15,SKU00096,1,210.25,210.25,
2025-01-15,SKU00169,2,190.74,95.37,
2025-01-15,SKU00695,1,264.5,264.5,
2025-01-15,SKU00823,1,183.03,183.03,
2025-01-15,SKU00841,1,604.4,604.4,
2025-01-15,SKU00893,1,690.66,690.66,
2025-01-15,SKU01446,1,192.93,192.93,
2025-01-15,SKU01829,2,771.54,385.77,
2025-01-15,SKU03326,1,42.13,42.13,
2025-01-15,SKU03425,2,404.96,202.48,
2025-01-15,SKU03477,2,3214.26,1607.13,
2025-01-15,SKU03727,1,1660.93,1660.93,
2025-01-15,SKU03890,1,462.23,659.39,1
2025-01-15,SKU03928,1,501.18,501.18,
2025-01-15,SKU04016,2,2985.3,1492.65,
2025-01-15,SKU04114,1,1503.26,1503.26,
2025-01-15,SKU04275,1,136.34,240.04,1
2025-01-15,SKU04321,1,961.3,961.3,
2025-01-15,SKU04468,3,1711.05,570.35,
2025-01-16,SKU00060,1,724.16,724.16,
2025-01-16,SKU00103,1,179.7,179.7,
2025-01-16,SKU00414,2,94.18,47.09,
2025-01-16,SKU00737,4,1747.68,436.92,
2025-01-16,SKU00845,1,670.83,670.83,
2025-01-16,SKU01248,1,381.79,381.79,
2025-01-16,SKU01363,3,9553.8,3184.6,
2025-01-16,SKU01728,1,1907.83,1907.83,
2025-01-16,SKU01950,2,209.86,104.93,
2025-01-16,SKU02040,1,1563.18,1563.18,
2025-01-16,SKU02559,4,9066.84,2266.71,
2025-01-16,SKU02717,1,106.95,188.3,1
2025-01-16,SKU03088,1,223.55,223.55,
2025-01-16,SKU03249,1,442.88,442.88,
2025-01-16,SKU03314,2,279.35,199.25,1
2025-01-16,SKU03324,2,3552.48,1776.24,
2025-01-16,SKU03876,1,232.78,232.78,
2025-01-16,SKU04321,9,8651.699999999999,961.2999999999998,
2025-01-16,SKU04789,4,152.41,67.08,1
2025-01-16,SKU04872,1,154.36,154.36,
2025-01-17,SKU00264,1,242.74,242.74,
2025-01-17,SKU00286,1,64.45,64.45,
2025-01-17,SKU00531,2,5899.92,2949.96,
2025-01-17,SKU00836,1,765.01,765.01,
2025-01-17,SKU01595,4,682.72,170.68,
2025-01-17,SKU01732,1,228.5,402.29,1
2025-01-17,SKU02529,1,577.42,577.42,
2025-01-17,SKU03025,1,396.16,396.16,
2025-01-17,SKU03702,1,473.65,473.65,
2025-01-17,SKU03727,2,3321.86,1660.93,
2025-01-17,SKU04756,1,665.32,665.32,
2025-01-17,SKU04899,1,126.15,222.1,1
2025-01-18,SKU00441,1,2730.45,2730.45,
2025-01-18,SKU00539,2,399.26,199.63,
2025-01-18,SKU01047,1,778.4,778.4,
2025-01-18,SKU01117,1,157.6,157.6,
2025-01-18,SKU01388,1,163.36,163.36,
2025-01-18,SKU01774,1,129.33,129.33,
2025-01-18,SKU02189,1,100.87,100.87,
2025-01-18,SKU02256,1,2139.98,3052.75,1
2025-01-18,SKU02292,3,850.41,283.47,
2025-01-18,SKU02475,2,407.96,203.98,
2025-01-18,SKU02576,1,633.16,633.16,
2025-01-18,SKU03323,1,3001.52,3001.52,
2025-01-18,SKU04321,8,7690.4,961.3,
2025-01-18,SKU04348,1,274.76,274.76,
2025-01-18,SKU04430,2,150.12,132.15,1
2025-01-18,SKU04492,2,332.86,166.43,
2025-01-19,SKU00031,1,151.46,151.46,
2025-01-19,SKU00079,4,791.6,197.9,
2025-01-19,SKU00584,2,3916.94,2331.51,1
2025-01-19,SKU01255,2,365.54,182.77,
2025-01-19,SKU01278,2,2313.1,1156.55,
2025-01-19,SKU01860,2,423.34,211.67,
2025-01-19,SKU02259,3,738.48,246.16,
2025-01-19,SKU02538,2,433.16,216.58,
2025-01-19,SKU02776,2,469.86,234.93,
2025-01-19,SKU04260,4,469.62,206.7,1
2025-01-19,SKU04321,3,2883.9,961.2999999999998,
2025-01-19,SKU04596,1,190.59,335.55,1
2025-01-19,SKU04675,1,116.52,116.52,
2025-01-20,SKU00310,1,77.52,77.52,
2025-01-20,SKU00480,1,217.56,217.56,
2025-01-20,SKU00487,1,209.96,209.96,
2025-01-20,SKU00509,1,238.23,238.23,
2025-01-20,SKU00531,1,2949.96,2949.96,
2025-01-20,SKU01045,1,451.29,451.29,
2025-01-20,SKU01137,1,1286.53,1286.53,
2025-01-20,SKU01403,1,734.76,734.76,
2025-01-20,SKU01421,1,248.59,248.59,
2025-01-20,SKU02571,1,834.15,1189.94,1
2025-01-20,SKU04154,2,703.54,351.77,
2025-01-20,SKU04235,1,205.43,205.43,
2025-01-20,SKU04402,2,374.8,187.4,
2025-01-20,SKU04594,2,253.44,223.1,1
2025-01-21,SKU00799,2,328.98,164.49,
2025-01-21,SKU00976,1,268.42,268.42,
2025-01-21,SKU01371,1,1277.61,1277.61,
2025-01-21,SKU01466,4,137.16,34.29,
2025-01-21,SKU01664,1,436.52,436.52,
2025-01-21,SKU01778,3,375.81,125.27,
2025-01-21,SKU02049,1,706.9,706.9,
2025-01-21,SKU02957,3,3131.73,1043.91,
2025-01-21,SKU03493,2,432.94,216.47,
2025-01-21,SKU04040,5,7191.6,1438.32,
2025-01-21,SKU04227,1,160.9,283.28,1
2025-01-21,SKU04321,5,4806.5,961.3,
2025-01-22,SKU00126,1,253.44,253.44,
2025-01-22,SKU00152,1,1537.46,1830.31,1
2025-01-22,SKU00994,5,3010.65,602.13,
2025-01-22,SKU01429,2,146.26,73.13,
2025-01-22,SKU01679,4,6956.12,1739.03,
2025-01-22,SKU02146,1,1958.85,2331.97,1
2025-01-22,SKU02312,1,87.19,87.19,
2025-01-22,SKU02954,1,603.3,603.3,
2025-01-22,SKU03232,1,1868.03,2223.84,1
2025-01-22,SKU03727,1,1660.93,1660.93,
2025-01-22,SKU04245,1,217.78,217.78,
2025-01-22,SKU04547,1,241.06,343.88,1
2025-01-22,SKU04972,1,688.96,688.96,
2025-01-23,SKU00102,1,111.77,111.77,
2025-01-23,SKU00994,1,602.13,602.13,
2025-01-23,SKU01190,1,346.48,346.48,
2025-01-23,SKU01326,1,141.01,248.26,1
2025-01-23,SKU01343,5,1660.75,332.15,
2025-01-23,SKU02611,1,191.87,191.87,
2025-01-23,SKU02615,1,118.71,118.71,
2025-01-23,SKU03088,1,223.55,223.55,
2025-01-23,SKU03292,1,164.03,164.03,
2025-01-23,SKU03997,3,924.81,308.27,
2025-01-23,SKU04138,3,5229.4,2075.16,1
2025-01-23,SKU04243,1,86.81,86.81,
2025-01-23,SKU04321,3,2883.8999999999996,961.2999999999998,
2025-01-23,SKU04329,1,2452.07,2452.07,
2025-01-23,SKU04639,1,144.29,254.04,1
2025-01-23,SKU04663,1,715.73,715.73,
2025-01-24,SKU00079,1,197.9,197.9,
2025-01-24,SKU00190,1,145.42,145.42,
2025-01-24,SKU00369,1,368.93,368.93,
2025-01-24,SKU00893,3,2071.98,690.66,
2025-01-24,SKU00952,3,864.36,288.12,
2025-01-24,SKU01045,1,451.29,451.29,
2025-01-24,SKU01714,2,673.44,336.72,
2025-01-24,SKU01730,2,201.8,100.9,
2025-01-24,SKU01846,1,189.44,189.44,
2025-01-24,SKU02337,1,62.34,62.34,
2025-01-24,SKU02931,3,383.1,127.7,
2025-01-24,SKU03151,3,995.58,331.86,
2025-01-24,SKU03460,1,3034.93,3034.93,
2025-01-24,SKU03862,2,1930.46,965.23,
2025-01-24,SKU04040,1,1438.32,1438.32,
2025-01-24,SKU04143,2,826.92,413.46,
2025-01-24,SKU04321,1,961.3,961.3,
2025-01-24,SKU04562,3,3318.61,1316.91,1
2025-01-25,SKU00079,1,197.9,197.9,
2025-01-25,SKU01232,3,709.63,416.45,1
2025-01-25,SKU01283,1,70.13,70.13,
2025-01-25,SKU01503,2,671.88,335.94,
2025-01-25,SKU01902,4,148.66,65.43,1
2025-01-25,SKU02543,1,1956.24,1956.24,
2025-01-25,SKU02714,3,2084.01,694.67,
2025-01-25,SKU03679,1,1956.97,1956.97,
2025-01-25,SKU03837,2,223.86,197.06,1
2025-01-25,SKU04078,2,715.1,357.55,
2025-01-25,SKU04321,5,4806.5,961.3,
2025-01-25,SKU04551,2,4996.46,2498.23,
2025-01-26,SKU00910,2,356.31,313.65,1
2025-01-26,SKU01232,1,236.54,416.45,1
2025-01-26,SKU01629,4,213.64,94.03,1
2025-01-26,SKU01685,3,405.81,135.27,
2025-01-26,SKU02467,1,254.16,254.16,
2025-01-26,SKU03876,4,931.12,232.78,
2025-01-26,SKU04321,1,961.3,961.3,
2025-01-27,SKU00009,1,251.86,251.86,
2025-01-27,SKU00889,3,1312.32,437.44,
2025-01-27,SKU01074,2,574.06,287.03,
2025-01-27,SKU01601,2,274.44,137.22,
2025-01-27,SKU02323,1,422.47,422.47,
2025-01-27,SKU02517,1,84.6,84.6,
2025-01-27,SKU03156,1,113.66,200.11,1
2025-01-27,SKU03519,2,280.56,140.28,
2025-01-27,SKU03727,1,1660.93,1660.93,
2025-01-27,SKU03831,2,220.76,110.38,
2025-01-27,SKU03956,5,1116.45,223.29000000000002,
2025-01-27,SKU04596,1,190.59,335.55,1
2025-01-27,SKU04953,1,59.22,59.22,
2025-01-28,SKU00285,5,2528.35,505.66999999999996,
2025-01-28,SKU00902,1,535.55,535.55,
2025-01-28,SKU00908,1,1771.28,2108.67,1
2025-01-28,SKU00942,2,345.8,172.9,
2025-01-28,SKU01149,3,1501.38,500.46,
2025-01-28,SKU01322,1,905.89,905.89,
2025-01-28,SKU01637,2,270.6,193.01,1
2025-01-28,SKU01730,1,100.9,100.9,
2025-01-28,SKU02333,2,106.2,53.1,
2025-01-28,SKU03369,1,1198.4,1198.4,
2025-01-28,SKU03680,3,507.42,169.14,
2025-01-28,SKU03727,1,1660.93,1660.93,
2025-01-28,SKU04041,3,1727.79,575.93,
2025-01-28,SKU04125,4,879.28,219.82,
2025-01-28,SKU04318,1,205.5,205.5,
2025-01-28,SKU04596,1,190.59,335.55,1
2025-01-29,SKU00243,1,483.9,483.9,
2025-01-29,SKU00276,3,150.81,50.27,
2025-01-29,SKU00593,2,1521.88,760.94,
2025-01-29,SKU00620,1,273.51,273.51,
2025-01-29,SKU00942,1,172.9,172.9,
2025-01-29,SKU01050,5,6225.3,1245.06,
2025-01-29,SKU01774,4,517.32,129.33,
2025-01-29,SKU02340,2,469.34,234.67,
2025-01-29,SKU02858,3,272.1,90.7,
2025-01-29,SKU02954,3,1809.9,603.3,
2025-01-29,SKU03587,3,758.16,252.72,
2025-01-29,SKU04381,2,384.14,192.07,
2025-01-30,SKU00002,5,199.88,70.38,1
2025-01-30,SKU00376,2,235.66,207.45,1
2025-01-30,SKU00942,1,172.9,172.9,
2025-01-30,SKU01492,2,234.92,117.46,
2025-01-30,SKU01553,2,2357.14,1178.57,
2025-01-30,SKU02021,1,296.61,296.61,
2025-01-30,SKU03518,2,252.52,126.26,
2025-01-30,SKU03610,1,462.94,462.94,
2025-01-30,SKU03717,1,240.36,240.36,
2025-01-30,SKU04033,1,141.22,141.22,
2025-01-30,SKU04160,1,366.83,366.83,
2025-01-30,SKU04321,3,2883.9,961.2999999999998,
2025-01-30,SKU04381,1,192.07,192.07,
2025-01-30,SKU04453,2,301.7,265.58,1
2025-01-30,SKU04592,5,501.25,100.25,
2025-01-30,SKU04663,4,2862.92,715.73,
2025-01-30,SKU04687,3,175.2,58.4,
2025-01-30,SKU04897,3,2278.74,904.2599999999999,1
2025-01-31,SKU00313,1,878.76,878.76,
2025-01-31,SKU00685,1,2583.23,2583.23,
2025-01-31,SKU00942,2,345.8,172.9,
2025-01-31,SKU01706,2,2137.3,1068.65,
2025-01-31,SKU01815,3,3126.49,1240.67,1
2025-01-31,SKU02035,2,1800.62,900.31,
2025-01-31,SKU03355,1,127.47,127.47,
2025-01-31,SKU03727,2,3321.86,1660.93,
2025-01-31,SKU03747,2,823.76,411.88,
2025-01-31,SKU03907,1,876.73,876.73,
2025-01-31,SKU04321,1,961.3,961.3,
2025-01-31,SKU04362,1,233.42,233.42,
2025-01-31,SKU04946,1,42.93,42.93,
2025-02-01,SKU00062,2,998.9,499.45,
2025-02-01,SKU00643,3,1472.34,490.78,
2025-02-01,SKU00802,3,335.01,196.6,1
2025-02-01,SKU01190,1,346.48,346.48,
2025-02-01,SKU01839,1,153.87,153.87,
2025-02-01,SKU02297,1,1072.49,1276.77,1
2025-02-01,SKU02484,3,1701.78,567.26,
2025-02-01,SKU03206,1,293.85,293.85,
2025-02-01,SKU03215,2,338.86,169.43,
2025-02-01,SKU03760,1,643.46,643.46,
2025-02-01,SKU03888,3,2091.0,697.0,
2025-02-01,SKU04154,3,1055.31,351.77,
2025-02-01,SKU04255,2,323.9,285.12,1
2025-02-01,SKU04273,3,4501.1,1786.1500000000003,1
2025-02-01,SKU04321,1,961.3,961.3,
2025-02-01,SKU04849,2,2915.96,1457.98,
2025-02-02,SKU00296,1,685.29,685.29,
2025-02-02,SKU00363,1,1103.75,1103.75,
2025-02-02,SKU00408,5,7499.9,1499.98,
2025-02-02,SKU00505,1,353.96,353.96,
2025-02-02,SKU00531,1,2949.96,2949.96,
2025-02-02,SKU01507,1,220.84,220.84,
2025-02-02,SKU01830,1,1313.29,1563.44,1
2025-02-02,SKU02537,4,645.72,161.43,
2025-02-02,SKU02826,1,438.33,438.33,
2025-02-02,SKU02892,1,43.76,77.05,1
2025-02-02,SKU02975,1,606.78,606.78,
2025-02-02,SKU03379,1,57.39,57.39,
2025-02-02,SKU03423,2,775.68,387.84,
2025-02-02,SKU03626,1,187.54,187.54,
2025-02-02,SKU03727,2,3321.86,1660.93,
2025-02-02,SKU03907,1,876.73,876.73,
2025-02-02,SKU03937,4,535.65,235.76,1
2025-02-02,SKU04154,1,351.77,351.77,
2025-02-03,SKU00079,3,593.7,197.9,
2025-02-03,SKU00107,3,7535.34,2511.78,
2025-02-03,SKU00275,4,753.2,188.3,
2025-02-03,SKU00893,3,2071.98,690.66,
2025-02-03,SKU01199,1,2539.08,2539.08,
2025-02-03,SKU01359,4,1213.52,303.38,
2025-02-03,SKU01778,1,125.27,125.27,
2025-02-03,SKU02341,2,809.28,404.64,
2025-02-03,SKU02983,1,892.68,1062.71,1
2025-02-03,SKU03195,2,1220.16,610.08,
2025-02-03,SKU03622,1,163.92,288.6,1
2025-02-03,SKU03789,1,1048.14,1048.14,
2025-02-03,SKU03851,1,56.52,99.5,1
2025-02-03,SKU04012,4,2524.0,631.0,
2025-02-03,SKU04321,3,2883.8999999999996,961.2999999999998,
2025-02-03,SKU04390,2,3664.6,1832.3,
2025-02-03,SKU04478,1,165.95,165.95,
2025-02-03,SKU04930,1,682.34,682.34,
2025-02-04,SKU00112,1,218.89,218.89,
2025-02-04,SKU00126,3,760.32,253.43999999999997,
2025-02-04,SKU00634,2,128.84,64.42,
2025-02-04,SKU00942,1,172.9,172.9,
2025-02-04,SKU01051,1,1119.25,1119.25,
2025-02-04,SKU01294,3,1325.61,441.87000000000006,
2025-02-04,SKU01535,1,296.6,296.6,
2025-02-04,SKU01751,3,898.01,459.81,1
2025-02-04,SKU01955,2,751.36,375.68,
2025-02-04,SKU02602,3,661.83,220.61,
2025-02-04,SKU02950,2,502.18,251.09,
2025-02-04,SKU03202,2,288.3,144.15,
2025-02-04,SKU04148,2,1409.15,838.78,1
2025-02-04,SKU04926,2,917.84,458.92,
2025-02-04,SKU04934,2,446.32,223.16,
2025-02-05,SKU00079,1,128.83,197.9,1
2025-02-05,SKU00286,4,257.8,64.45,
2025-02-05,SKU00363,1,1103.75,1103.75,
2025-02-05,SKU01084,3,6778.29,2259.43,
2025-02-05,SKU01601,1,137.22,137.22,
2025-02-05,SKU01770,1,207.36,318.52,1
2025-02-05,SKU02430,4,1799.03,690.87,1
2025-02-05,SKU02705,3,9805.65,3268.5500000000006,
2025-02-05,SKU02974,1,817.03,817.03,
2025-02-05,SKU04237,1,248.5,248.5,
2025-02-05,SKU04789,1,67.08,67.08,
2025-02-06,SKU00062,2,998.9,499.45,
2025-02-06,SKU00263,2,887.02,443.51,
2025-02-06,SKU00812,2,1599.4,799.7,
2025-02-06,SKU00994,3,1806.39,602.13,
2025-02-06,SKU01088,2,366.66,183.33,
2025-02-06,SKU01185,4,1163.7,446.89,1
2025-02-06,SKU01992,3,1183.98,394.66,
2025-02-06,SKU02819,3,3482.64,1160.88,
2025-02-06,SKU03727,5,8304.65,1660.9299999999998,
2025-02-06,SKU03785,1,233.48,233.48,
2025-02-06,SKU04280,1,318.92,318.92,
2025-02-06,SKU04321,6,5767.799999999999,961.2999999999998,
2025-02-07,SKU00190,1,81.0,145.42,1
2025-02-07,SKU00687,1,648.96,1165.09,1
2025-02-07,SKU00891,3,1504.13,900.14,1
2025-02-07,SKU01779,1,72.52,130.19,1
2025-02-07,SKU02614,1,65.8,118.14,1
2025-02-07,SKU03425,1,112.78,202.48,1
2025-02-07,SKU03572,2,729.46,654.81,1
2025-02-07,SKU03727,2,1850.28,1660.93,1
2025-02-07,SKU03770,1,385.15,691.48,1
2025-02-07,SKU04077,1,61.65,110.69,1
2025-02-07,SKU04321,8,4283.540000000001,961.3,1
2025-02-07,SKU04377,1,85.04,152.67,1
2025-02-07,SKU04460,2,358.92,322.19,1
2025-02-07,SKU04900,2,1377.82,1236.82,1
2025-02-08,SKU00230,1,64.92,116.56,1
2025-02-08,SKU00772,2,322.76,289.73,1
2025-02-08,SKU00994,1,335.39,602.13,1
2025-02-08,SKU01203,4,1125.67,505.24,1
2025-02-08,SKU01420,3,357.01,213.65,1
2025-02-08,SKU01556,1,947.67,1701.38,1
2025-02-08,SKU01860,1,117.9,211.67,1
2025-02-08,SKU02201,1,592.68,1064.05,1
2025-02-08,SKU02271,1,186.56,334.93,1
2025-02-08,SKU03562,3,85.91,51.41,1
2025-02-08,SKU03578,1,125.73,225.73,1
2025-02-08,SKU03697,1,1599.29,2871.26,1
2025-02-08,SKU04016,4,3325.62,1492.65,1
2025-02-08,SKU04321,3,1606.3300000000002,961.2999999999998,1
2025-02-08,SKU04596,1,186.9,335.55,1
2025-02-09,SKU00151,1,112.44,201.86,1
2025-02-09,SKU00313,1,489.47,878.76,1
2025-02-09,SKU01551,2,200.02,179.55,1
2025-02-09,SKU01758,1,70.88,127.26,1
2025-02-09,SKU02614,2,131.61,118.14,1
2025-02-09,SKU02648,3,1476.24,883.4500000000002,1
2025-02-09,SKU02799,1,292.38,524.92,1
2025-02-09,SKU02834,3,3040.07,1819.3100000000002,1
2025-02-09,SKU02848,5,930.22,334.01,1
2025-02-09,SKU03353,1,27.08,48.61,1
2025-02-09,SKU03400,3,428.04,256.16,1
2025-02-09,SKU04481,3,241.64,144.61,1
2025-02-09,SKU04596,2,373.8,335.55,1
2025-02-09,SKU04610,1,1158.5,2079.89,1
2025-02-10,SKU00027,2,677.58,608.24,1
2025-02-10,SKU00781,5,1278.54,459.08000000000004,1
2025-02-10,SKU01049,4,1971.74,884.98,1
2025-02-10,SKU02085,1,668.34,1199.89,1
2025-02-10,SKU02374,3,531.36,317.99,1
2025-02-10,SKU02604,1,360.11,646.52,1
2025-02-10,SKU02816,5,3638.16,1306.34,1
2025-02-10,SKU03040,2,2663.08,2390.56,1
2025-02-10,SKU03088,1,124.52,223.55,1
2025-02-10,SKU03610,3,773.57,462.94,1
2025-02-10,SKU03727,1,925.14,1660.93,1
2025-02-10,SKU04088,1,81.69,146.66,1
2025-02-10,SKU04198,1,68.42,122.84,1
2025-02-10,SKU04321,1,535.44,961.3,1
2025-02-10,SKU04451,2,67.52,60.61,1
2025-02-10,SKU04551,1,1391.51,2498.23,1
2025-02-11,SKU00044,1,292.85,525.77,1
2025-02-11,SKU00263,1,247.04,443.51,1
2025-02-11,SKU00807,2,474.71,426.13,1
2025-02-11,SKU00994,1,335.39,602.13,1
2025-02-11,SKU01145,3,56.81,34.0,1
2025-02-11,SKU01776,1,83.17,149.32,1
2025-02-11,SKU04408,2,743.66,667.56,1
2025-02-11,SKU04485,1,156.03,280.12,1
2025-02-11,SKU04489,1,139.81,251.01,1
2025-02-11,SKU04934,4,497.2,223.16,1
2025-02-11,SKU04938,1,80.93,145.29,1
2025-02-12,SKU00359,2,235.04,210.99,1
2025-02-12,SKU00376,4,462.2,207.45,1
2025-02-12,SKU00420,2,488.75,438.73,1
2025-02-12,SKU00804,1,67.38,120.97,1
2025-02-12,SKU01488,1,341.03,612.26,1
2025-02-12,SKU01714,3,562.66,336.72,1
2025-02-12,SKU01738,1,376.95,676.75,1
2025-02-12,SKU02954,1,336.04,603.3,1
2025-02-12,SKU03243,4,2550.9,1144.93,1
2025-02-12,SKU03669,1,693.77,1245.54,1
2025-02-12,SKU03913,4,1044.78,468.93,1
2025-02-12,SKU03988,4,506.09,227.15,1
2025-02-12,SKU04508,1,209.18,375.55,1
2025-02-12,SKU04730,2,1678.05,1506.33,1
2025-02-13,SKU00315,1,214.19,384.54,1
2025-02-13,SKU00540,1,1897.53,3406.69,1
2025-02-13,SKU00728,1,1980.54,3555.73,1
2025-02-13,SKU00922,2,67.2,60.32,1
2025-02-13,SKU01247,2,923.31,828.82,1
2025-02-13,SKU01274,1,311.01,558.36,1
2025-02-13,SKU02125,2,125.63,112.77,1
2025-02-13,SKU02219,1,91.45,164.19,1
2025-02-13,SKU02271,1,186.56,334.93,1
2025-02-13,SKU02298,1,422.99,759.4,1
2025-02-13,SKU02514,1,252.15,452.69,1
2025-02-13,SKU02720,1,77.97,139.98,1
2025-02-13,SKU02954,1,336.04,603.3,1
2025-02-13,SKU03381,3,294.16,176.04,1
2025-02-13,SKU03450,2,321.02,288.17,1
2025-02-13,SKU03535,3,298.47,178.62,1
2025-02-13,SKU03812,2,1300.32,1167.25,1
2025-02-13,SKU04032,1,113.46,203.7,1
2025-02-13,SKU04071,1,97.2,174.5,1
2025-02-13,SKU04321,4,2141.77,961.3,1
2025-02-13,SKU04650,1,321.98,578.07,1
2025-02-14,SKU00286,2,71.8,64.45,1
2025-02-14,SKU00447,2,220.78,198.19,1
2025-02-14,SKU01582,1,818.38,1469.26,1
2025-02-14,SKU02314,2,525.06,471.33,1
2025-02-14,SKU02923,1,69.17,124.18,1
2025-02-14,SKU03018,1,95.54,171.53,1
2025-02-14,SKU04043,1,792.47,1422.75,1
2025-02-15,SKU00834,3,1261.45,754.91,1
2025-02-15,SKU01152,4,1082.87,486.03,1
2025-02-15,SKU01188,1,156.54,281.05,1
2025-02-15,SKU01371,1,711.63,1277.61,1
2025-02-15,SKU02629,2,581.1,521.63,1
2025-02-15,SKU02858,4,202.08,90.7,1
2025-02-15,SKU02973,1,135.33,242.96,1
2025-02-15,SKU03488,1,76.0,136.44,1
2025-02-15,SKU04154,1,195.94,351.77,1
2025-02-15,SKU04359,1,129.13,231.83,1
2025-02-15,SKU04879,1,908.95,1631.86,1
2025-02-15,SKU04956,1,333.0,597.85,1
2025-02-15,SKU04957,1,639.74,1148.55,1
2025-02-16,SKU00043,2,685.52,615.37,1
2025-02-16,SKU00484,4,398.9,179.04,1
2025-02-16,SKU00848,2,785.28,704.92,1
2025-02-16,SKU00994,2,670.77,602.13,1
2025-02-16,SKU01122,1,81.05,145.52,1
2025-02-16,SKU01276,1,1108.56,1990.24,1
2025-02-16,SKU01918,1,295.04,529.69,1
2025-02-16,SKU02339,3,660.71,395.3999999999999,1
2025-02-16,SKU02401,1,292.13,524.47,1
2025-02-16,SKU02894,2,308.27,276.72,1
2025-02-16,SKU03569,1,1715.16,3079.29,1
2025-02-16,SKU04164,3,266.83,159.68,1
2025-02-16,SKU04321,2,1070.89,961.3,1
2025-02-16,SKU04538,2,239.89,215.34,1
2025-02-17,SKU00991,1,126.14,226.46,1
2025-02-17,SKU01208,4,259.23,116.35,1
2025-02-17,SKU01548,3,244.32,146.21,1
2025-02-17,SKU01829,5,1074.37,385.77,1
2025-02-17,SKU02314,1,262.53,471.33,1
2025-02-17,SKU02623,1,35.34,63.44,1
2025-02-17,SKU03081,1,888.1,1594.44,1
2025-02-17,SKU04012,1,351.47,631.0,1
2025-02-17,SKU04161,1,105.63,189.64,1
2025-02-17,SKU04266,1,105.14,188.77,1
2025-02-18,SKU00774,1,52.7,94.61,1
2025-02-18,SKU01080,1,93.13,167.2,1
2025-02-18,SKU01330,3,306.61,183.49,1
2025-02-18,SKU01514,2,969.3,870.11,1
2025-02-18,SKU02340,1,130.71,234.67,1
2025-02-18,SKU02846,1,1044.76,1875.69,1
2025-02-18,SKU03042,1,1479.42,2656.05,1
2025-02-18,SKU03446,3,238.85,142.94,1
2025-02-18,SKU03742,4,217.27,83.18,1
2025-02-18,SKU03744,1,40.27,72.29,1
2025-02-18,SKU03938,1,86.25,132.09,1
2025-02-18,SKU03969,3,182.26,109.07,1
2025-02-18,SKU04321,5,2677.2200000000003,961.3,1
2025-02-18,SKU04933,1,102.69,184.36,1
2025-02-19,SKU01120,1,118.69,213.08,1
2025-02-19,SKU01209,2,110.73,99.4,1
2025-02-19,SKU01993,1,92.84,142.17,1
2025-02-19,SKU02526,3,1166.54,698.11,1
2025-02-19,SKU02705,1,1820.58,3268.55,1
2025-02-19,SKU03466,2,392.18,352.05,1
2025-02-19,SKU04321,1,535.44,961.3,1
2025-02-19,SKU04816,1,50.4,90.49,1
2025-02-20,SKU01563,1,1384.43,2485.52,1
2025-02-20,SKU01732,1,224.08,402.29,1
2025-02-20,SKU01797,1,52.97,74.29,1
2025-02-20,SKU01978,2,350.19,314.35,1
2025-02-20,SKU03604,2,136.6,122.62,1
2025-02-20,SKU04032,1,113.46,203.7,1
2025-02-20,SKU04321,2,1070.89,961.3,1
2025-02-20,SKU04574,4,160.33,71.96,1
2025-02-21,SKU00994,1,335.39,602.13,1
2025-02-21,SKU01316,1,106.16,190.6,1
2025-02-21,SKU02369,1,90.66,162.77,1
2025-02-21,SKU02372,2,446.83,401.1,1
2025-02-21,SKU02462,1,112.24,171.89,1
2025-02-21,SKU03565,5,2828.06,1015.46,1
2025-02-21,SKU04004,1,202.22,309.68,1
2025-02-21,SKU04006,1,110.62,198.6,1
2025-02-21,SKU04321,4,2141.77,961.3,1
2025-02-21,SKU04626,3,782.9,468.52,1
2025-02-22,SKU00413,2,193.43,173.64,1
2025-02-22,SKU01003,2,361.37,324.39,1
2025-02-22,SKU01503,1,187.12,335.94,1
2025-02-22,SKU01725,1,132.27,237.47,1
2025-02-22,SKU02012,2,79.76,71.6,1
2025-02-22,SKU02233,1,170.13,260.53,1
2025-02-22,SKU02858,1,50.52,90.7,1
2025-02-22,SKU03292,2,182.73,164.03,1
2025-02-23,SKU00020,2,121.98,109.5,1
2025-02-23,SKU00264,2,270.41,242.74,1
2025-02-23,SKU00830,3,484.61,290.01,1
2025-02-23,SKU01483,2,169.95,152.56,1
2025-02-23,SKU01830,3,2612.51,1563.4399999999998,1
2025-02-23,SKU02100,1,199.83,358.76,1
2025-02-23,SKU02484,2,631.93,567.26,1
2025-02-23,SKU02531,3,239.77,143.49,1
2025-02-23,SKU02538,4,482.54,216.58,1
2025-02-23,SKU03798,1,295.9,531.23,1
2025-02-23,SKU04321,2,1070.88,961.3,1
2025-02-23,SKU04417,2,1735.17,1557.6,1
2025-02-23,SKU04642,1,215.71,330.34,1
2025-02-24,SKU00232,2,125.55,96.13,1
2025-02-24,SKU00953,2,357.83,273.99,1
2025-02-24,SKU00994,1,335.39,602.13,1
2025-02-24,SKU01190,1,192.99,346.48,1
2025-02-24,SKU02219,2,182.91,164.19,1
2025-02-24,SKU02527,2,319.2,244.41,1
2025-02-24,SKU02848,1,186.04,334.01,1
2025-02-24,SKU03229,1,715.61,1284.76,1
2025-02-24,SKU03303,1,133.95,240.49,1
2025-02-24,SKU03727,3,2775.41,1660.93,1
2025-02-24,SKU04275,1,133.7,240.04,1
2025-02-24,SKU04321,2,1070.89,961.3,1
2025-02-25,SKU00291,2,248.71,190.44,1
2025-02-25,SKU00685,1,2583.23,2583.23,
2025-02-25,SKU00832,1,946.53,946.53,
2025-02-25,SKU01311,2,1779.7,889.85,
2025-02-25,SKU01781,1,260.71,260.71,
2025-02-25,SKU01955,2,751.36,375.68,
2025-02-25,SKU02538,1,216.58,216.58,
2025-02-25,SKU02648,1,883.45,883.45,
2025-02-25,SKU03088,2,291.96,223.55,1
2025-02-25,SKU03139,2,79.76,39.88,
2025-02-25,SKU03426,4,5262.6,1315.65,
2025-02-25,SKU03519,3,420.84,140.28,
2025-02-25,SKU03525,1,880.36,880.36,
2025-02-25,SKU03571,1,1043.87,1043.87,
2025-02-25,SKU03870,3,905.34,301.78,
2025-02-25,SKU04321,3,2883.9,961.2999999999998,
2025-02-25,SKU04596,7,2348.85,335.55000000000007,
2025-02-25,SKU04926,2,917.84,458.92,
2025-02-26,SKU00079,2,395.8,197.9,
2025-02-26,SKU00822,1,344.04,344.04,
2025-02-26,SKU01241,1,192.42,192.42,
2025-02-26,SKU02027,2,304.08,152.04,
2025-02-26,SKU02659,1,601.35,601.35,
2025-02-26,SKU02760,1,430.99,430.99,
2025-02-26,SKU02892,2,154.1,77.05,
2025-02-26,SKU02931,5,638.5,127.7,
2025-02-26,SKU02954,1,603.3,603.3,
2025-02-26,SKU03088,3,437.93,223.55000000000004,1
2025-02-26,SKU03810,1,174.05,174.05,
2025-02-26,SKU03856,4,302.42,115.78,1
2025-02-26,SKU03893,3,4930.65,1643.55,
2025-02-26,SKU04032,3,611.1,203.69999999999996,
2025-02-26,SKU04418,1,3188.54,3188.54,
2025-02-26,SKU04720,1,2230.86,2230.86,
2025-02-26,SKU04913,1,466.91,466.91,
2025-02-27,SKU00216,3,2035.2,678.4,
2025-02-27,SKU00371,3,1547.25,515.75,
2025-02-27,SKU00994,2,1204.26,602.13,
2025-02-27,SKU01363,2,6369.2,3184.6,
2025-02-27,SKU01420,2,279.03,213.65,1
2025-02-27,SKU01570,1,760.34,760.34,
2025-02-27,SKU01589,1,136.14,136.14,
2025-02-27,SKU01775,2,408.3,204.15,
2025-02-27,SKU01866,3,794.43,264.81,
2025-02-27,SKU02077,2,896.42,448.21,
2025-02-27,SKU03702,2,947.3,473.65,
2025-02-27,SKU03994,1,281.11,281.11,
2025-02-27,SKU04026,3,722.91,240.97,
2025-02-27,SKU04321,2,1922.6,961.3,
2025-02-27,SKU04596,1,335.55,335.55,
2025-02-27,SKU04953,2,118.44,59.22,
2025-02-28,SKU00969,1,1961.81,1961.81,
2025-02-28,SKU01014,1,274.5,274.5,
2025-02-28,SKU01547,1,165.64,165.64,
2025-02-28,SKU02061,2,8895.28,4447.64,
2025-02-28,SKU02478,1,74.15,74.15,
2025-02-28,SKU02724,1,44.98,44.98,
2025-02-28,SKU02919,4,471.36,117.84,
2025-02-28,SKU03110,2,609.82,304.91,
2025-02-28,SKU03168,1,171.75,171.75,
2025-02-28,SKU03192,5,1429.6,285.92,
2025-02-28,SKU04089,3,4792.53,1597.51,
2025-02-28,SKU04218,1,96.37,96.37,
2025-02-28,SKU04321,6,5767.8,961.2999999999998,
2025-02-28,SKU04809,3,430.02,219.51,1
2025-03-01,SKU00002,1,70.38,70.38,
2025-03-01,SKU00020,1,109.5,109.5,
2025-03-01,SKU00190,3,284.88,145.42,1
2025-03-01,SKU00538,1,1101.07,1101.07,
2025-03-01,SKU00601,5,679.68,208.17,1
2025-03-01,SKU00864,1,223.39,223.39,
2025-03-01,SKU00994,4,2408.52,602.13,
2025-03-01,SKU02053,1,231.71,231.71,
2025-03-01,SKU02107,2,1621.82,810.91,
2025-03-01,SKU02368,1,849.39,849.39,
2025-03-01,SKU02930,2,340.32,170.16,
2025-03-01,SKU03180,3,695.46,355.01,1
2025-03-01,SKU03528,3,5040.6,1680.2,
2025-03-01,SKU04103,1,68.38,104.71,1
2025-03-01,SKU04105,2,929.56,464.78,
2025-03-01,SKU04273,2,3572.3,1786.15,
2025-03-01,SKU04321,4,3845.2,961.3,
2025-03-01,SKU04627,2,1260.94,630.47,
2025-03-01,SKU04998,1,1238.94,1238.94,
2025-03-02,SKU00002,1,70.38,70.38,
2025-03-02,SKU00081,1,115.69,115.69,
2025-03-02,SKU00917,2,238.02,182.25,1
2025-03-02,SKU01234,3,7281.21,2427.07,
2025-03-02,SKU01768,4,1446.68,361.67,
2025-03-02,SKU04321,1,961.3,961.3,
2025-03-02,SKU04928,1,382.38,382.38,
2025-03-03,SKU00018,2,187.76,93.88,
2025-03-03,SKU01211,1,261.45,261.45,
2025-03-03,SKU01271,1,150.79,230.92,1
2025-03-03,SKU02488,2,7008.6,3504.3,
2025-03-03,SKU02642,3,574.77,191.59,
2025-03-03,SKU03476,1,681.44,681.44,
2025-03-03,SKU03486,1,494.17,494.17,
2025-03-03,SKU03876,2,465.56,232.78,
2025-03-03,SKU03927,1,187.89,287.74,1
2025-03-03,SKU04088,4,586.64,146.66,
2025-03-03,SKU04321,1,961.3,961.3,
2025-03-03,SKU04459,1,1349.01,1349.01,
2025-03-03,SKU04489,1,251.01,251.01,
2025-03-03,SKU04596,3,1006.65,335.55,
2025-03-03,SKU04625,1,66.1,66.1,
2025-03-04,SKU00539,2,399.26,199.63,
2025-03-04,SKU00635,1,153.34,153.34,
2025-03-04,SKU00809,1,35.38,54.18,1
2025-03-04,SKU01009,3,670.26,223.42,
2025-03-04,SKU01154,2,3095.5,1547.75,
2025-03-04,SKU01235,1,283.19,283.19,
2025-03-04,SKU01432,2,157.62,78.81,
2025-03-04,SKU01518,2,5860.02,2930.01,
2025-03-04,SKU01814,1,887.42,887.42,
2025-03-04,SKU02891,5,2572.9,514.58,
2025-03-04,SKU03546,2,992.34,496.17,
2025-03-04,SKU03569,2,6158.58,3079.29,
2025-03-04,SKU03576,1,40.47,61.97,1
2025-03-04,SKU04259,2,254.22,127.11,
2025-03-04,SKU04268,2,281.3,140.65,
2025-03-04,SKU04321,10,9613.0,961.3,
2025-03-04,SKU04343,1,2601.67,2601.67,
2025-03-04,SKU04734,1,159.5,159.5,
2025-03-05,SKU00466,1,1233.12,1233.12,
2025-03-05,SKU00479,4,2643.28,660.82,
2025-03-05,SKU00953,1,178.92,273.99,1
2025-03-05,SKU01317,3,1934.49,644.83,
2025-03-05,SKU01775,2,408.3,204.15,
2025-03-05,SKU02202,1,2114.18,2114.18,
2025-03-05,SKU02737,2,411.57,315.14,1
2025-03-05,SKU02824,1,35.35,54.13,1
2025-03-05,SKU02858,3,272.1,90.7,
2025-03-05,SKU03622,1,288.6,288.6,
2025-03-05,SKU03727,1,1660.93,1660.93,
2025-03-05,SKU04082,1,34.6,52.98,1
2025-03-05,SKU04096,2,311.3,155.65,
2025-03-05,SKU04191,2,213.4,106.7,
2025-03-05,SKU04321,1,961.3,961.3,
2025-03-06,SKU00190,1,145.42,145.42,
2025-03-06,SKU00296,1,685.29,685.29,
2025-03-06,SKU00478,3,1349.73,449.91,
2025-03-06,SKU01115,2,248.5,124.25,
2025-03-06,SKU01152,3,1458.09,486.03,
2025-03-06,SKU01184,1,891.4,891.4,
2025-03-06,SKU01310,2,1471.26,735.63,
2025-03-06,SKU02167,3,569.58,189.86,
2025-03-06,SKU02952,3,476.34,158.78,
2025-03-06,SKU03110,1,304.91,304.91,
2025-03-06,SKU03727,3,4982.79,1660.93,
2025-03-06,SKU04162,1,364.89,364.89,
2025-03-06,SKU04279,1,466.51,466.51,
2025-03-06,SKU04321,2,1922.6,961.3,
2025-03-06,SKU04596,1,335.55,335.55,
2025-03-07,SKU00625,4,1449.72,362.43,
2025-03-07,SKU00953,1,273.99,273.99,
2025-03-07,SKU00980,1,726.14,726.14,
2025-03-07,SKU01098,2,139.78,69.89,
2025-03-07,SKU01420,5,1068.25,213.65,
2025-03-07,SKU01775,1,204.15,204.15,
2025-03-07,SKU01948,3,4776.18,1592.0600000000002,
2025-03-07,SKU02176,4,3959.48,989.87,
2025-03-07,SKU02355,1,321.17,321.17,
2025-03-07,SKU02381,1,987.93,987.93,
2025-03-07,SKU02591,1,124.36,124.36,
2025-03-07,SKU03063,1,363.59,363.59,
2025-03-07,SKU04041,1,575.93,575.93,
2025-03-07,SKU04117,1,572.57,572.57,
2025-03-07,SKU04155,5,13061.1,2612.22,
2025-03-07,SKU04237,3,745.5,248.5,
2025-03-07,SKU04321,8,7690.4,961.3,
2025-03-07,SKU04913,3,1400.73,466.91,
2025-03-07,SKU04926,1,458.92,458.92,
2025-03-08,SKU00190,1,145.42,145.42,
2025-03-08,SKU01334,2,230.02,115.01,
2025-03-08,SKU01937,1,1685.23,1685.23,
2025-03-08,SKU02515,2,246.76,123.38,
2025-03-08,SKU02622,1,346.96,346.96,
2025-03-08,SKU03422,1,1121.44,1121.44,
2025-03-08,SKU03533,1,33.3,33.3,
2025-03-08,SKU03566,1,120.06,120.06,
2025-03-08,SKU03693,2,2763.64,1381.82,
2025-03-08,SKU03800,4,457.84,114.46,
2025-03-08,SKU04435,2,713.74,356.87,
2025-03-08,SKU04598,1,312.26,312.26,
2025-03-08,SKU04790,1,132.38,155.92,1
2025-03-08,SKU04936,2,657.78,328.89,
2025-03-09,SKU00177,5,573.25,114.65,
2025-03-09,SKU00419,3,1528.92,509.64000000000004,
2025-03-09,SKU00500,1,1264.58,1264.58,
2025-03-09,SKU00632,5,5018.85,1003.7700000000001,
2025-03-09,SKU00865,1,357.37,357.37,
2025-03-09,SKU00898,1,964.85,964.85,
2025-03-09,SKU00953,2,547.98,273.99,
2025-03-09,SKU02333,1,53.1,53.1,
2025-03-09,SKU02548,2,532.52,266.26,
2025-03-09,SKU02706,3,698.46,232.82000000000002,
2025-03-09,SKU03032,1,110.49,110.49,
2025-03-09,SKU03034,2,465.0,232.5,
2025-03-09,SKU03421,1,2151.7,2151.7,
2025-03-09,SKU03625,1,135.59,135.59,
2025-03-09,SKU03940,1,235.21,235.21,
2025-03-09,SKU04245,2,435.56,217.78,
2025-03-09,SKU04321,4,3264.5699999999997,961.3,1
2025-03-10,SKU00001,1,813.41,813.41,
2025-03-10,SKU00046,3,462.0,154.0,
2025-03-10,SKU00050,3,102.24,34.08,
2025-03-10,SKU00275,3,564.9,188.30000000000004,
2025-03-10,SKU00400,1,1799.17,1799.17,
2025-03-10,SKU01048,1,81.66,96.18,1
2025-03-10,SKU01420,1,213.65,213.65,
2025-03-10,SKU01623,4,1774.88,443.72,
2025-03-10,SKU02338,3,940.89,313.63,
2025-03-10,SKU02497,4,1880.12,470.03,
2025-03-10,SKU02990,2,642.48,321.24,
2025-03-10,SKU03030,1,108.63,108.63,
2025-03-10,SKU03077,3,1133.25,377.75,
2025-03-10,SKU03483,2,975.4,487.7,
2025-03-10,SKU03616,1,372.86,372.86,
2025-03-10,SKU03899,3,939.97,369.05,1
2025-03-10,SKU04126,4,6587.8,1646.95,
2025-03-10,SKU04350,1,394.93,394.93,
2025-03-11,SKU00686,2,2484.98,1242.49,
2025-03-11,SKU00899,2,4081.84,2040.92,
2025-03-11,SKU01189,2,4599.6,2299.8,
2025-03-11,SKU01370,3,585.03,195.01,
2025-03-11,SKU02183,1,254.69,254.69,
2025-03-11,SKU02740,1,104.22,104.22,
2025-03-11,SKU02788,1,1455.54,1455.54,
2025-03-11,SKU02861,3,1756.62,585.54,
2025-03-11,SKU02933,1,92.06,92.06,
2025-03-11,SKU03109,5,1561.25,312.25,
2025-03-11,SKU03323,4,12006.08,3001.52,
2025-03-11,SKU03743,1,253.24,253.24,
2025-03-11,SKU04111,2,174.82,87.41,
2025-03-11,SKU04166,3,791.01,263.67,
2025-03-11,SKU04321,5,4080.72,961.3,1
2025-03-11,SKU04344,3,605.43,201.81000000000003,
2025-03-11,SKU04360,2,267.96,133.98,
2025-03-12,SKU00099,2,3343.98,1671.99,
2025-03-12,SKU00506,1,319.73,319.73,
2025-03-12,SKU01018,1,242.43,242.43,
2025-03-12,SKU01045,2,902.58,451.29,
2025-03-12,SKU01212,3,721.41,240.47,
2025-03-12,SKU01420,3,640.95,213.65,
2025-03-12,SKU02401,1,524.47,524.47,
2025-03-12,SKU02652,3,273.33,91.11,
2025-03-12,SKU02679,2,1223.54,611.77,
2025-03-12,SKU02972,2,197.68,98.84,
2025-03-12,SKU03262,1,239.42,239.42,
2025-03-12,SKU03578,1,225.73,225.73,
2025-03-12,SKU03649,3,1353.0,451.0,
2025-03-12,SKU03738,2,106.18,62.53,1
2025-03-12,SKU04318,1,205.5,205.5,
2025-03-12,SKU04596,1,335.55,335.55,
2025-03-13,SKU00036,1,188.79,188.79,
2025-03-13,SKU00190,2,290.84,145.42,
2025-03-13,SKU00412,1,627.15,627.15,
2025-03-13,SKU00646,2,465.0,232.5,
2025-03-13,SKU00845,1,670.83,670.83,
2025-03-13,SKU00852,1,872.61,872.61,
2025-03-13,SKU01010,3,1318.59,439.53,
2025-03-13,SKU01129,1,329.67,329.67,
2025-03-13,SKU01990,1,161.94,161.94,
2025-03-13,SKU02004,3,2777.01,925.67,
2025-03-13,SKU02314,3,1413.99,471.33,
2025-03-13,SKU02378,1,319.92,319.92,
2025-03-13,SKU03088,3,670.65,223.55000000000004,
2025-03-13,SKU03866,2,252.0,126.0,
2025-03-13,SKU04311,1,105.14,105.14,
2025-03-13,SKU04321,3,2448.43,961.2999999999998,1
2025-03-13,SKU04645,1,155.83,155.83,
2025-03-13,SKU04695,1,2192.57,2192.57,
2025-03-14,SKU00286,3,193.35,64.45,
2025-03-14,SKU00450,2,1657.66,828.83,
2025-03-14,SKU00459,1,147.1,147.1,
2025-03-14,SKU00701,2,78.48,39.24,
2025-03-14,SKU00782,2,3463.84,1731.92,
2025-03-14,SKU01628,3,468.54,156.18,
2025-03-14,SKU01637,2,386.02,193.01,
2025-03-14,SKU01838,3,376.77,125.58999999999999,
2025-03-14,SKU01938,3,3211.44,1070.48,
2025-03-14,SKU03829,3,1682.83,660.71,1
2025-03-14,SKU04154,2,703.54,351.77,
2025-03-14,SKU04273,2,3572.3,1786.15,
2025-03-14,SKU04321,2,1632.29,961.3,1
2025-03-14,SKU04644,1,359.73,359.73,
2025-03-15,SKU00499,4,441.28,110.32,
2025-03-15,SKU00817,1,1401.77,1401.77,
2025-03-15,SKU02565,3,775.17,258.39,
2025-03-15,SKU02814,1,154.16,154.16,
2025-03-15,SKU02954,1,603.3,603.3,
2025-03-15,SKU03840,2,510.24,255.12,
2025-03-15,SKU03885,1,497.7,497.7,
2025-03-15,SKU04026,1,240.97,240.97,
2025-03-15,SKU04273,1,1786.15,1786.15,
2025-03-15,SKU04321,4,3264.5699999999997,961.3,1
2025-03-15,SKU04823,2,2037.04,1018.52,
2025-03-16,SKU00640,1,180.34,180.34,
2025-03-16,SKU01003,1,324.39,324.39,
2025-03-16,SKU01088,3,549.99,183.33,
2025-03-16,SKU01163,1,3396.91,3396.91,
2025-03-16,SKU01642,1,2898.52,2898.52,
2025-03-16,SKU01768,1,361.67,361.67,
2025-03-16,SKU01775,1,204.15,204.15,
2025-03-16,SKU02001,2,159.36,79.68,
2025-03-16,SKU02118,2,3817.54,1908.77,
2025-03-16,SKU03034,2,465.0,232.5,
2025-03-16,SKU03906,2,251.06,125.53,
2025-03-16,SKU04171,1,652.08,652.08,
2025-03-16,SKU04321,4,3264.5699999999997,961.3,1
2025-03-16,SKU04350,1,394.93,394.93,
2025-03-16,SKU04447,5,5953.2,1190.64,
2025-03-17,SKU02687,4,385.0,96.25,
2025-03-17,SKU03622,1,288.6,288.6,
2025-03-17,SKU03702,2,947.3,473.65,
2025-03-17,SKU04321,2,1632.28,961.3,1
2025-03-18,SKU00050,1,34.08,34.08,
2025-03-18,SKU00177,1,114.65,114.65,
2025-03-18,SKU00190,3,436.26,145.42,
2025-03-18,SKU00772,2,579.46,289.73,
2025-03-18,SKU01020,1,152.7,152.7,
2025-03-18,SKU01364,2,255.9,127.95,
2025-03-18,SKU02434,1,733.61,733.61,
2025-03-18,SKU02572,2,1144.22,572.11,
2025-03-18,SKU02821,3,2897.43,965.81,
2025-03-18,SKU03198,1,128.85,128.85,
2025-03-18,SKU03258,1,1275.38,1275.38,
2025-03-18,SKU03598,1,83.08,83.08,
2025-03-18,SKU04154,1,351.77,351.77,
2025-03-18,SKU04321,6,4896.86,961.2999999999998,1
2025-03-18,SKU04453,1,265.58,265.58,
2025-03-18,SKU04862,3,222.93,74.31,
2025-03-19,SKU00177,3,343.95,114.65000000000002,
2025-03-19,SKU00768,1,831.66,831.66,
2025-03-19,SKU01011,1,546.32,546.32,
2025-03-19,SKU01273,1,672.35,672.35,
2025-03-19,SKU01420,2,427.3,213.65,
2025-03-19,SKU01856,1,165.99,195.51,1
2025-03-19,SKU01888,1,105.0,105.0,
2025-03-19,SKU01985,2,568.08,284.04,
2025-03-19,SKU02062,1,1854.01,1854.01,
2025-03-19,SKU02079,2,307.3,153.65,
2025-03-19,SKU02685,1,296.83,296.83,
2025-03-19,SKU02739,1,67.69,67.69,
2025-03-19,SKU03270,4,590.0,147.5,
2025-03-19,SKU03292,1,164.03,164.03,
2025-03-19,SKU04316,1,74.8,74.8,
2025-03-19,SKU04321,2,1632.28,961.3,1
2025-03-19,SKU04596,4,1342.2,335.55,
2025-03-19,SKU04750,1,914.6,914.6,
2025-03-20,SKU00201,1,848.32,848.32,
2025-03-20,SKU00286,3,193.35,64.45,
2025-03-20,SKU00388,3,190.86,63.62,
2025-03-20,SKU00814,1,76.67,76.67,
2025-03-20,SKU01112,4,594.36,148.59,
2025-03-20,SKU01522,1,856.11,856.11,
2025-03-20,SKU01748,4,3000.84,750.21,
2025-03-20,SKU02401,1,524.47,524.47,
2025-03-20,SKU02484,4,2269.04,567.26,
2025-03-20,SKU03727,1,1660.93,1660.93,
2025-03-20,SKU03979,1,823.95,823.95,
2025-03-20,SKU04198,1,122.84,122.84,
2025-03-20,SKU04271,1,1008.87,1188.3,1
2025-03-20,SKU04321,4,3264.5699999999997,961.3,1
2025-03-20,SKU04571,1,737.37,868.52,1
2025-03-20,SKU04646,3,247.14,82.38,
2025-03-20,SKU04863,2,1602.52,801.26,
2025-03-21,SKU00454,3,238.74,79.58,
2025-03-21,SKU00509,1,238.23,238.23,
2025-03-21,SKU00749,3,445.77,148.59,
2025-03-21,SKU00891,1,900.14,900.14,
2025-03-21,SKU00938,2,81.06,47.74,1
2025-03-21,SKU01074,3,861.09,287.03,
2025-03-21,SKU01419,1,699.31,699.31,
2025-03-21,SKU01466,1,34.29,34.29,
2025-03-21,SKU01555,3,331.08,110.36,
2025-03-21,SKU02449,1,137.83,137.83,
2025-03-21,SKU03040,2,4781.12,2390.56,
2025-03-21,SKU03193,2,518.32,259.16,
2025-03-21,SKU03506,3,1623.15,541.05,
2025-03-21,SKU03623,2,1042.72,521.36,
2025-03-21,SKU03727,2,3321.86,1660.93,
2025-03-21,SKU04130,1,710.24,710.24,
2025-03-21,SKU04207,1,165.9,165.9,
2025-03-21,SKU04336,1,831.58,831.58,
2025-03-22,SKU00172,1,112.18,112.18,
2025-03-22,SKU00264,1,242.74,242.74,
2025-03-22,SKU00737,1,436.92,436.92,
2025-03-22,SKU00942,2,345.8,172.9,
2025-03-22,SKU01391,2,693.0,346.5,
2025-03-22,SKU01424,1,592.37,592.37,
2025-03-22,SKU01451,1,119.56,119.56,
2025-03-22,SKU01725,1,201.61,237.47,1
2025-03-22,SKU02161,3,392.04,130.68,
2025-03-22,SKU02279,1,1825.01,1825.01,
2025-03-22,SKU02894,1,276.72,276.72,
2025-03-22,SKU04321,1,816.14,961.3,1
2025-03-22,SKU04592,1,100.25,100.25,
2025-03-23,SKU00214,1,392.18,392.18,
2025-03-23,SKU00351,3,341.16,113.71999999999998,
2025-03-23,SKU00445,1,87.15,87.15,
2025-03-23,SKU00525,1,950.93,950.93,
2025-03-23,SKU01683,1,513.45,513.45,
2025-03-23,SKU01775,1,204.15,204.15,
2025-03-23,SKU01907,1,1474.09,1736.27,1
2025-03-23,SKU02130,2,1499.56,749.78,
2025-03-23,SKU02164,2,683.46,341.73,
2025-03-23,SKU02370,3,644.31,214.77,
2025-03-23,SKU02510,1,144.6,144.6,
2025-03-23,SKU03048,2,2452.88,1226.44,
2025-03-23,SKU03207,2,392.74,196.37,
2025-03-23,SKU03292,4,656.12,164.03,
2025-03-23,SKU03371,2,2848.46,1424.23,
2025-03-23,SKU03671,1,91.48,91.48,
2025-03-23,SKU03714,1,1127.31,1127.31,
2025-03-23,SKU04321,4,3264.5699999999997,961.3,1
2025-03-23,SKU04350,2,789.86,394.93,
2025-03-23,SKU04847,1,630.96,630.96,
2025-03-23,SKU04853,2,919.72,541.65,1
2025-03-24,SKU00263,1,443.51,443.51,
2025-03-24,SKU00285,3,1517.01,505.67,
2025-03-24,SKU00426,1,605.61,605.61,
2025-03-24,SKU00429,1,582.88,582.88,
2025-03-24,SKU00633,1,131.93,189.01,1
2025-03-24,SKU00861,2,389.72,194.86,
2025-03-24,SKU01057,2,503.18,251.59,
2025-03-24,SKU02830,2,301.22,150.61,
2025-03-24,SKU02908,1,227.79,326.35,1
2025-03-24,SKU03292,2,328.06,164.03,
2025-03-24,SKU03669,1,1245.54,1245.54,
2025-03-24,SKU04016,1,1492.65,1492.65,
2025-03-24,SKU04321,5,4080.72,961.3,1
2025-03-24,SKU04373,1,1033.69,1033.69,
2025-03-24,SKU04853,5,2299.3,541.65,1
2025-03-24,SKU04861,3,4510.74,1503.58,
2025-03-24,SKU04889,2,350.38,175.19,
2025-03-25,SKU00413,1,173.64,173.64,
2025-03-25,SKU00953,1,273.99,273.99,
2025-03-25,SKU01190,1,346.48,346.48,
2025-03-25,SKU01206,3,1033.65,405.83,1
2025-03-25,SKU01371,1,1277.61,1277.61,
2025-03-25,SKU01479,1,425.66,425.66,
2025-03-25,SKU01626,2,191.67,137.3,1
2025-03-25,SKU02336,1,337.07,337.07,
2025-03-25,SKU02397,1,1787.5,1787.5,
2025-03-25,SKU02429,1,56.48,56.48,
2025-03-25,SKU02660,1,81.91,81.91,
2025-03-25,SKU02898,1,989.39,989.39,
2025-03-25,SKU03159,2,269.98,134.99,
2025-03-25,SKU03558,1,1950.04,1950.04,
2025-03-25,SKU03699,1,2185.11,2185.11,
2025-03-25,SKU04154,3,1055.31,351.77,
2025-03-25,SKU04321,6,4896.86,961.2999999999998,1
2025-03-25,SKU04893,1,764.67,764.67,
2025-03-25,SKU04991,4,824.76,206.19,
2025-03-26,SKU00617,1,1071.33,1071.33,
2025-03-26,SKU01101,2,252.44,126.22,
2025-03-26,SKU01105,2,1437.28,718.64,
2025-03-26,SKU01507,4,883.36,220.84,
2025-03-26,SKU02088,2,138.62,69.31,
2025-03-26,SKU02176,5,4949.35,989.8700000000001,
2025-03-26,SKU02272,2,5061.68,2530.84,
2025-03-26,SKU02858,1,90.7,90.7,
2025-03-26,SKU03259,1,602.04,602.04,
2025-03-26,SKU03313,1,322.08,322.08,
2025-03-26,SKU03915,3,5125.59,1708.53,
2025-03-26,SKU04035,1,140.98,140.98,
2025-03-26,SKU04099,1,2252.94,2252.94,
2025-03-26,SKU04175,2,404.9,202.45,
2025-03-26,SKU04252,1,80.99,116.03,1
2025-03-26,SKU04262,2,1452.48,726.24,
2025-03-26,SKU04264,1,2568.45,2568.45,
2025-03-26,SKU04561,3,578.01,192.67,
2025-03-27,SKU00103,1,179.7,179.7,
2025-03-27,SKU00448,1,1318.48,1318.48,
2025-03-27,SKU00460,1,1558.84,1558.84,
2025-03-27,SKU00541,1,161.25,161.25,
2025-03-27,SKU00903,1,413.75,413.75,
2025-03-27,SKU01414,1,193.44,193.44,
2025-03-27,SKU01493,1,197.84,197.84,
2025-03-27,SKU01555,3,331.08,110.36,
2025-03-27,SKU01934,1,671.56,671.56,
2025-03-27,SKU02167,4,530.09,189.86,1
2025-03-27,SKU02374,2,635.98,317.99,
2025-03-27,SKU02678,2,318.14,159.07,
2025-03-27,SKU03022,2,173.12,86.56,
2025-03-27,SKU03242,2,491.86,245.93,
2025-03-27,SKU03348,1,285.9,285.9,
2025-03-27,SKU03536,4,354.89,127.11,1
2025-03-27,SKU04321,2,1632.29,961.3,1
2025-03-27,SKU04596,2,671.1,335.55,
2025-03-28,SKU00226,1,51.85,74.28,1
2025-03-28,SKU00363,1,1103.75,1103.75,
2025-03-28,SKU00910,1,313.65,313.65,
2025-03-28,SKU01053,1,52.87,52.87,
2025-03-28,SKU01148,1,1716.82,1716.82,
2025-03-28,SKU01420,1,213.65,213.65,
2025-03-28,SKU01564,4,3011.54,886.79,1
2025-03-28,SKU01774,2,258.66,129.33,
2025-03-28,SKU02050,3,272.19,90.73,
2025-03-28,SKU02170,5,3507.05,701.41,
2025-03-28,SKU02537,2,322.86,161.43,
2025-03-28,SKU02692,2,4190.06,2095.03,
2025-03-28,SKU02737,2,630.28,315.14,
2025-03-28,SKU02813,1,250.52,250.52,
2025-03-28,SKU02974,1,817.03,817.03,
2025-03-28,SKU03303,1,240.49,240.49,
2025-03-28,SKU03476,1,681.44,681.44,
2025-03-28,SKU04321,1,816.14,961.3,1
2025-03-28,SKU04350,2,789.86,394.93,
2025-03-28,SKU04596,1,335.55,335.55,
2025-03-28,SKU04882,1,1130.0,1130.0,
2025-03-29,SKU00033,2,329.0,164.5,
2025-03-29,SKU00163,1,105.87,151.67,1
2025-03-29,SKU00771,1,512.74,512.74,
2025-03-29,SKU00953,3,821.97,273.99,
2025-03-29,SKU00970,1,354.04,354.04,
2025-03-29,SKU01311,1,889.85,889.85,
2025-03-29,SKU01507,1,220.84,220.84,
2025-03-29,SKU02071,3,539.82,179.93999999999997,
2025-03-29,SKU02114,3,2137.14,712.38,
2025-03-29,SKU02353,1,747.09,747.09,
2025-03-29,SKU02941,2,503.88,251.94,
2025-03-29,SKU03004,3,6262.05,2087.35,
2025-03-29,SKU03061,1,234.65,234.65,
2025-03-29,SKU03165,4,1279.04,319.76,
2025-03-29,SKU04193,5,1077.35,215.46999999999997,
2025-03-29,SKU04596,2,671.1,335.55,
2025-03-29,SKU04627,2,1260.94,630.47,
2025-03-30,SKU00506,5,1598.65,319.73,
2025-03-30,SKU00531,2,5899.92,2949.96,
2025-03-30,SKU00628,2,189.58,135.8,1
2025-03-30,SKU00861,2,389.72,194.86,
2025-03-30,SKU01230,2,1374.46,687.23,
2025-03-30,SKU01519,1,441.41,441.41,
2025-03-30,SKU01715,1,2315.8,2315.8,
2025-03-30,SKU02858,3,272.1,90.7,
2025-03-30,SKU02868,1,154.25,181.68,1
2025-03-30,SKU03057,1,206.34,206.34,
2025-03-30,SKU03391,1,1440.2,1440.2,
2025-03-30,SKU03498,1,715.4,715.4,
2025-03-30,SKU03688,2,1343.32,671.66,
2025-03-30,SKU04321,1,816.14,961.3,1
2025-03-30,SKU04551,1,2498.23,2498.23,
2025-03-30,SKU04596,1,335.55,335.55,
2025-03-30,SKU04642,1,330.34,330.34,
2025-03-30,SKU04728,1,217.88,217.88,
2025-03-31,SKU00040,3,620.1,206.69999999999996,
2025-03-31,SKU00264,1,169.43,242.74,1
2025-03-31,SKU00450,3,2486.49,828.83,
2025-03-31,SKU00668,5,765.88,219.45,1
2025-03-31,SKU00777,4,1569.16,392.29,
2025-03-31,SKU00994,1,602.13,602.13,
2025-03-31,SKU01136,1,306.5,306.5,
2025-03-31,SKU01420,1,213.65,213.65,
2025-03-31,SKU02105,1,149.15,149.15,
2025-03-31,SKU02324,2,204.04,102.02,
2025-03-31,SKU02983,1,1062.71,1062.71,
2025-03-31,SKU03665,1,311.73,311.73,
2025-03-31,SKU03692,3,803.07,267.69,
2025-03-31,SKU03870,1,301.78,301.78,
2025-03-31,SKU03893,3,4930.65,1643.55,
2025-03-31,SKU04048,4,249.44,89.34,1
2025-03-31,SKU04060,2,1967.76,983.88,
2025-03-31,SKU04197,3,1076.85,358.95,
2025-03-31,SKU04204,1,714.36,714.36,
2025-03-31,SKU04321,4,3264.57,961.3,1
2025-03-31,SKU04596,3,1006.65,335.55,
2025-03-31,SKU04952,2,1214.84,607.42,
2025-03-31,SKU04970,1,204.02,204.02,
2025-04-01,SKU00387,3,1898.88,632.96,
2025-04-01,SKU00391,2,2415.66,1207.83,
2025-04-01,SKU00455,1,1343.21,1343.21,
2025-04-01,SKU00486,1,2425.84,2425.84,
2025-04-01,SKU00891,1,900.14,900.14,
2025-04-01,SKU00937,1,767.81,767.81,
2025-04-01,SKU00976,2,536.84,268.42,
2025-04-01,SKU01000,1,415.22,415.22,
2025-04-01,SKU01425,4,121.12,43.38,1
2025-04-01,SKU02067,3,872.7,290.9,
2025-04-01,SKU02614,2,236.28,118.14,
2025-04-01,SKU02918,1,2294.61,2294.61,
2025-04-01,SKU02922,3,639.42,213.14,
2025-04-01,SKU02931,1,127.7,127.7,
2025-04-01,SKU03171,1,101.06,144.79,1
2025-04-01,SKU04275,1,240.04,240.04,
2025-04-01,SKU04321,5,4080.72,961.3,1
2025-04-01,SKU04596,4,1342.2,335.55,
2025-04-01,SKU04663,3,2147.19,715.73,
2025-04-02,SKU00540,1,3406.69,3406.69,
2025-04-02,SKU00557,1,296.24,296.24,
2025-04-02,SKU01021,1,1243.47,1243.47,
2025-04-02,SKU01142,4,1697.96,424.49,
2025-04-02,SKU01579,1,384.09,384.09,
2025-04-02,SKU01920,3,943.23,314.41,
2025-04-02,SKU02039,1,351.73,351.73,
2025-04-02,SKU02325,1,115.98,166.16,1
2025-04-02,SKU02462,3,515.67,171.89,
2025-04-02,SKU02482,3,3893.85,1297.95,
2025-04-02,SKU02811,1,270.53,270.53,
2025-04-02,SKU02812,3,900.21,300.07,
2025-04-02,SKU02858,1,90.7,90.7,
2025-04-02,SKU03072,3,604.2,201.4,
2025-04-02,SKU03422,2,2242.88,1121.44,
2025-04-02,SKU03766,1,268.44,268.44,
2025-04-02,SKU04329,6,14712.42,2452.07,
2025-04-02,SKU04407,2,300.2,215.04,1
2025-04-02,SKU04521,2,64.3,46.06,1
2025-04-02,SKU04632,1,892.4,892.4,
2025-04-03,SKU00404,3,690.24,230.08,
2025-04-03,SKU02868,4,726.72,181.68,
2025-04-03,SKU03253,1,66.28,94.95,1
2025-04-03,SKU03731,3,4798.32,1599.4399999999998,
2025-04-03,SKU03740,2,4042.98,2021.49,
2025-04-03,SKU03840,5,1275.6,255.11999999999998,
2025-04-03,SKU03885,1,497.7,497.7,
2025-04-03,SKU03915,2,3417.06,1708.53,
2025-04-03,SKU03935,2,1045.78,522.89,
2025-04-03,SKU04321,4,3845.2,961.3,
2025-04-03,SKU04513,1,90.13,129.12,1
2025-04-03,SKU04596,3,1006.65,335.55,
2025-04-03,SKU04817,3,122.58,40.86,
2025-04-03,SKU04926,1,458.92,458.92,
2025-04-04,SKU00119,1,963.94,963.94,
2025-04-04,SKU00281,1,122.9,176.07,1
2025-04-04,SKU00947,1,634.05,634.05,
2025-04-04,SKU01637,1,193.01,193.01,
2025-04-04,SKU02238,1,164.94,164.94,
2025-04-04,SKU02500,2,408.18,204.09,
2025-04-04,SKU02620,3,746.67,248.89,
2025-04-04,SKU02720,1,139.98,139.98,
2025-04-04,SKU03860,2,150.59,107.87,1
2025-04-04,SKU04064,2,7690.64,3845.32,
2025-04-04,SKU04154,2,703.54,351.77,
2025-04-04,SKU04205,1,318.36,318.36,
2025-04-04,SKU04321,2,1922.6,961.3,
2025-04-04,SKU04604,3,954.96,318.32,
2025-04-04,SKU04735,1,604.76,604.76,
2025-04-05,SKU00731,1,58.03,83.14,1
2025-04-05,SKU00846,3,2057.61,685.87,
2025-04-05,SKU01711,1,867.52,867.52,
2025-04-05,SKU01778,3,262.32,125.27,1
2025-04-05,SKU01783,1,396.76,396.76,
2025-04-05,SKU01871,1,155.25,155.25,
2025-04-05,SKU02113,1,309.55,309.55,
2025-04-05,SKU02307,1,2067.44,2067.44,
2025-04-05,SKU02336,1,337.07,337.07,
2025-04-05,SKU02738,3,690.48,230.16,
2025-04-05,SKU03314,3,597.75,199.25,
2025-04-05,SKU03392,1,1170.37,1170.37,
2025-04-05,SKU03942,3,721.38,240.46,
2025-04-05,SKU04154,1,351.77,351.77,
2025-04-05,SKU04321,1,961.3,961.3,
2025-04-05,SKU04432,1,340.8,340.8,
2025-04-05,SKU04571,2,1737.04,868.52,
2025-04-06,SKU00147,4,3115.16,778.79,
2025-04-06,SKU00360,1,86.25,86.25,
2025-04-06,SKU00540,1,3406.69,3406.69,
2025-04-06,SKU00918,1,1559.59,1559.59,
2025-04-06,SKU01775,3,612.45,204.15,
2025-04-06,SKU01974,3,2996.61,998.87,
2025-04-06,SKU02111,3,525.93,175.31000000000003,
2025-04-06,SKU02415,1,441.21,441.21,
2025-04-06,SKU02593,1,642.49,642.49,
2025-04-06,SKU03423,2,775.68,387.84,
2025-04-06,SKU04154,3,1055.31,351.77,
2025-04-06,SKU04265,3,249.57,83.19,
2025-04-06,SKU04321,4,3845.2,961.3,
2025-04-06,SKU04627,1,630.47,630.47,
2025-04-07,SKU00088,2,297.24,148.62,
2025-04-07,SKU00148,2,714.56,357.28,
2025-04-07,SKU00500,1,1264.58,1264.58,
2025-04-07,SKU00888,3,734.76,244.92,
2025-04-07,SKU01339,1,168.85,241.91,1
2025-04-07,SKU01547,3,496.92,165.64,
2025-04-07,SKU02167,3,397.57,189.86,1
2025-04-07,SKU02516,3,1422.36,474.12000000000006,
2025-04-07,SKU02748,2,829.5,414.75,
2025-04-07,SKU02898,2,1978.78,989.39,
2025-04-07,SKU03546,2,992.34,496.17,
2025-04-07,SKU03727,1,1660.93,1660.93,
2025-04-07,SKU03885,1,497.7,497.7,
2025-04-07,SKU03895,1,173.56,173.56,
2025-04-07,SKU03951,1,109.48,156.85,1
2025-04-07,SKU04154,1,351.77,351.77,
2025-04-07,SKU04321,1,961.3,961.3,
2025-04-08,SKU00393,1,88.75,88.75,
2025-04-08,SKU01153,2,1794.8,897.4,
2025-04-08,SKU01466,1,34.29,34.29,
2025-04-08,SKU01872,3,1732.56,577.52,
2025-04-08,SKU01904,2,561.44,280.72,
2025-04-08,SKU02308,2,186.7,93.35,
2025-04-08,SKU02747,1,561.26,561.26,
2025-04-08,SKU03326,2,84.26,42.13,
2025-04-08,SKU03988,4,908.6,227.15,
2025-04-08,SKU04154,1,351.77,351.77,
2025-04-08,SKU04311,4,293.55,105.14,1
2025-04-09,SKU00366,1,137.72,197.31,1
2025-04-09,SKU01037,2,248.59,178.07,1
2025-04-09,SKU01227,1,401.78,401.78,
2025-04-09,SKU01616,1,63.66,63.66,
2025-04-09,SKU02327,2,1507.42,753.71,
2025-04-09,SKU02544,2,463.82,231.91,
2025-04-09,SKU02858,1,90.7,90.7,
2025-04-09,SKU03053,2,8173.44,4086.72,
2025-04-09,SKU03264,1,157.36,225.45,1
2025-04-09,SKU03522,3,236.45,112.92,1
2025-04-09,SKU03680,3,354.18,169.14,1
2025-04-09,SKU03840,2,510.24,255.12,
2025-04-09,SKU04016,4,5970.6,1492.65,
2025-04-09,SKU04046,4,459.32,114.83,
2025-04-09,SKU04214,1,34.09,34.09,
2025-04-09,SKU04309,1,88.53,126.84,1
2025-04-09,SKU04321,5,4806.5,961.3,
2025-04-09,SKU04381,4,768.28,192.07,
2025-04-09,SKU04596,4,1342.2,335.55,
2025-04-09,SKU04917,1,282.51,282.51,
2025-04-10,SKU00039,1,124.83,124.83,
2025-04-10,SKU00190,3,436.26,145.42,
2025-04-10,SKU00399,4,1997.44,499.36,
2025-04-10,SKU01185,4,1787.56,446.89,
2025-04-10,SKU01271,1,230.92,230.92,
2025-04-10,SKU01496,1,101.65,101.65,
2025-04-10,SKU02244,2,104.86,52.43,
2025-04-10,SKU02305,1,1919.2,1919.2,
2025-04-10,SKU02404,1,28.16,28.16,
2025-04-10,SKU02418,3,789.06,263.02,
2025-04-10,SKU02860,1,1859.24,1859.24,
2025-04-10,SKU02987,3,2105.07,701.69,
2025-04-10,SKU02998,1,891.24,891.24,
2025-04-10,SKU03323,3,9004.56,3001.52,
2025-04-10,SKU03467,2,554.64,277.32,
2025-04-10,SKU03498,1,715.4,715.4,
2025-04-10,SKU04016,1,1492.65,1492.65,
2025-04-10,SKU04129,1,823.72,823.72,
2025-04-10,SKU04321,7,6729.1,961.3000000000001,
2025-04-10,SKU04903,4,951.92,237.98,
2025-04-11,SKU00190,4,581.68,145.42,
2025-04-11,SKU00910,3,940.95,313.65,
2025-04-11,SKU00953,2,547.98,273.99,
2025-04-11,SKU00974,3,142.02,47.34,
2025-04-11,SKU01011,1,546.32,546.32,
2025-04-11,SKU01420,3,640.95,213.65,
2025-04-11,SKU01492,1,117.46,117.46,
2025-04-11,SKU01596,2,502.46,251.23,
2025-04-11,SKU01667,1,161.47,161.47,
2025-04-11,SKU01728,2,3815.66,1907.83,
2025-04-11,SKU02190,3,563.87,269.28,1
2025-04-11,SKU03025,1,396.16,396.16,
2025-04-11,SKU03064,2,495.08,247.54,
2025-04-11,SKU04321,4,3845.2,961.3,
2025-04-11,SKU04591,2,373.16,186.58,
2025-04-11,SKU04743,3,1157.67,385.89000000000004,
2025-04-12,SKU00207,5,340.1,97.45,1
2025-04-12,SKU00426,2,1211.22,605.61,
2025-04-12,SKU00903,1,413.75,413.75,
2025-04-12,SKU01208,5,406.06,116.35,1
2025-04-12,SKU01914,4,6127.8,1531.95,
2025-04-12,SKU02165,1,151.01,151.01,
2025-04-12,SKU02777,1,702.45,702.45,
2025-04-12,SKU02840,2,534.08,267.04,
2025-04-12,SKU03151,2,663.72,331.86,
2025-04-12,SKU03338,1,154.69,154.69,
2025-04-12,SKU03408,4,1000.52,250.13,
2025-04-12,SKU03840,2,510.24,255.12,
2025-04-12,SKU04154,1,351.77,351.77,
2025-04-12,SKU04562,2,2633.82,1316.91,
2025-04-13,SKU00201,1,848.32,848.32,
2025-04-13,SKU00948,1,2060.9,2060.9,
2025-04-13,SKU01030,3,673.5,224.5,
2025-04-13,SKU01121,3,949.41,316.47,
2025-04-13,SKU01343,2,664.3,332.15,
2025-04-13,SKU01359,1,303.38,303.38,
2025-04-13,SKU01576,4,2838.16,709.54,
2025-04-13,SKU02141,2,943.76,471.88,
2025-04-13,SKU02648,3,2650.35,883.4500000000002,
2025-04-13,SKU02771,3,237.6,79.2,
2025-04-13,SKU03528,1,1680.2,1680.2,
2025-04-13,SKU04321,4,3845.2,961.3,
2025-04-13,SKU04494,2,164.22,82.11,
2025-04-14,SKU00505,1,353.96,353.96,
2025-04-14,SKU00523,1,370.6,370.6,
2025-04-14,SKU00672,1,756.53,756.53,
2025-04-14,SKU00795,3,107.55,51.35999999999999,1
2025-04-14,SKU00893,2,1381.32,690.66,
2025-04-14,SKU00929,3,474.15,158.05,
2025-04-14,SKU01419,1,699.31,699.31,
2025-04-14,SKU02350,3,582.24,194.08,
2025-04-14,SKU02478,1,74.15,74.15,
2025-04-14,SKU02503,1,280.9,280.9,
2025-04-14,SKU02532,3,242.21,115.67,1
2025-04-14,SKU02648,5,4417.25,883.45,
2025-04-14,SKU02862,2,1369.68,684.84,
2025-04-14,SKU03017,3,9469.02,3156.34,
2025-04-14,SKU03621,1,370.39,370.39,
2025-04-14,SKU03760,3,1930.38,643.46,
2025-04-14,SKU04079,1,226.24,226.24,
2025-04-14,SKU04381,3,576.21,192.07000000000002,
2025-04-14,SKU04490,1,300.33,300.33,
2025-04-14,SKU04596,4,1342.2,335.55,
2025-04-14,SKU04862,1,74.31,74.31,
2025-04-15,SKU01516,3,927.18,309.06,
2025-04-15,SKU01934,4,2686.24,671.56,
2025-04-15,SKU01940,1,127.72,127.72,
2025-04-15,SKU02040,1,1563.18,1563.18,
2025-04-15,SKU02285,3,645.0,215.0,
2025-04-15,SKU02642,2,383.18,191.59,
2025-04-15,SKU02801,4,1153.48,288.37,
2025-04-15,SKU03241,1,112.19,112.19,
2025-04-15,SKU03596,1,222.89,222.89,
2025-04-15,SKU03702,3,1420.95,473.6499999999999,
2025-04-15,SKU04321,6,5767.8,961.2999999999998,
2025-04-15,SKU04586,3,1444.14,481.37999999999994,
2025-04-16,SKU00025,5,12206.75,2441.35,
2025-04-16,SKU00143,1,64.0,64.0,
2025-04-16,SKU00285,3,1517.01,505.67,
2025-04-16,SKU00845,1,670.83,670.83,
2025-04-16,SKU01335,5,1182.2,236.44,
2025-04-16,SKU01463,1,1637.46,1637.46,
2025-04-16,SKU01514,1,870.11,870.11,
2025-04-16,SKU01611,4,2515.8,628.95,
2025-04-16,SKU01639,1,367.95,367.95,
2025-04-16,SKU01776,1,149.32,149.32,
2025-04-16,SKU02469,1,1489.36,1489.36,
2025-04-16,SKU02925,1,531.55,531.55,
2025-04-16,SKU03727,5,8304.65,1660.9299999999998,
2025-04-16,SKU03893,1,1643.55,1643.55,
2025-04-16,SKU04596,1,335.55,335.55,
2025-04-16,SKU04823,3,3055.56,1018.52,
2025-04-17,SKU00756,1,2637.39,2637.39,
2025-04-17,SKU00953,1,273.99,273.99,
2025-04-17,SKU01507,1,220.84,220.84,
2025-04-17,SKU01774,1,129.33,129.33,
2025-04-17,SKU01845,1,626.06,626.06,
2025-04-17,SKU02410,2,1209.04,604.52,
2025-04-17,SKU02428,1,151.98,151.98,
2025-04-17,SKU02462,1,171.89,171.89,
2025-04-17,SKU02489,1,76.22,76.22,
2025-04-17,SKU03149,3,1831.74,610.58,
2025-04-17,SKU03446,1,142.94,142.94,
2025-04-18,SKU00272,1,1227.28,1227.28,
2025-04-18,SKU00539,1,199.63,199.63,
2025-04-18,SKU00599,1,46.97,46.97,
2025-04-18,SKU01591,1,239.52,239.52,
2025-04-18,SKU01993,1,142.17,142.17,
2025-04-18,SKU02532,3,347.01,115.67,
2025-04-18,SKU02673,3,304.62,101.54,
2025-04-18,SKU02808,1,471.71,471.71,
2025-04-18,SKU03009,1,2815.76,2815.76,
2025-04-18,SKU03641,3,402.9,134.3,
2025-04-18,SKU03683,1,1392.52,1392.52,
2025-04-18,SKU03945,1,140.02,140.02,
2025-04-18,SKU04269,3,8222.19,2740.73,
2025-04-18,SKU04321,1,961.3,961.3,
2025-04-18,SKU04388,1,1796.48,1796.48,
2025-04-18,SKU04613,3,548.49,182.83,
2025-04-18,SKU04828,3,437.94,145.98,
2025-04-19,SKU00190,3,436.26,145.42,
2025-04-19,SKU00264,3,728.22,242.74,
2025-04-19,SKU00314,1,407.17,407.17,
2025-04-19,SKU02016,2,389.94,194.97,
2025-04-19,SKU02268,1,205.47,205.47,
2025-04-19,SKU02479,2,1745.1,872.55,
2025-04-19,SKU02551,1,2699.08,2699.08,
2025-04-19,SKU02553,4,391.84,97.96,
2025-04-19,SKU02836,2,2289.54,1144.77,
2025-04-19,SKU03420,2,287.8,143.9,
2025-04-19,SKU04235,1,205.43,205.43,
2025-04-19,SKU04533,5,9235.6,1847.1199999999997,
2025-04-20,SKU00264,1,242.74,242.74,
2025-04-20,SKU00400,1,1799.17,1799.17,
2025-04-20,SKU00942,1,172.9,172.9,
2025-04-20,SKU00994,1,602.13,602.13,
2025-04-20,SKU01154,4,6191.0,1547.75,
2025-04-20,SKU01296,1,84.47,84.47,
2025-04-20,SKU01508,1,2295.38,2295.38,
2025-04-20,SKU02341,2,809.28,404.64,
2025-04-20,SKU02858,1,90.7,90.7,
2025-04-20,SKU03719,1,134.23,134.23,
2025-04-20,SKU04201,1,704.93,704.93,
2025-04-20,SKU04321,5,4806.5,961.3,
2025-04-20,SKU04439,1,1440.53,1440.53,
2025-04-20,SKU04571,4,3474.08,868.52,
2025-04-20,SKU04592,3,300.75,100.25,
2025-04-20,SKU04835,1,62.1,62.1,
2025-04-20,SKU04913,3,1400.73,466.91,
2025-04-21,SKU00388,2,127.24,63.62,
2025-04-21,SKU00484,4,716.16,179.04,
2025-04-21,SKU00729,4,970.56,242.64,
2025-04-21,SKU01274,1,558.36,558.36,
2025-04-21,SKU01351,3,1466.34,488.78,
2025-04-21,SKU01534,4,11858.28,2964.57,
2025-04-21,SKU02131,1,1106.07,1106.07,
2025-04-21,SKU02136,3,9637.41,3212.47,
2025-04-21,SKU03377,3,507.33,169.11,
2025-04-21,SKU03727,1,1660.93,1660.93,
2025-04-21,SKU04032,3,611.0999999999999,203.69999999999996,
2025-04-22,SKU00633,1,189.01,189.01,
2025-04-22,SKU00707,1,56.56,56.56,
2025-04-22,SKU00743,3,2277.9,759.2999999999998,
2025-04-22,SKU01270,2,565.6,282.8,
2025-04-22,SKU02071,1,179.94,179.94,
2025-04-22,SKU02207,4,1274.32,318.58,
2025-04-22,SKU02692,2,4190.06,2095.03,
2025-04-22,SKU03145,3,142.32,47.44,
2025-04-22,SKU04191,1,81.41,106.7,1
2025-04-22,SKU04205,1,318.36,318.36,
2025-04-22,SKU04273,1,1786.15,1786.15,
2025-04-22,SKU04551,2,4996.46,2498.23,
2025-04-23,SKU00445,3,261.45,87.15000000000002,
2025-04-23,SKU00916,2,536.04,268.02,
2025-04-23,SKU00942,1,172.9,172.9,
2025-04-23,SKU01469,1,69.23,69.23,
2025-04-23,SKU03006,2,2177.5,1088.75,
2025-04-23,SKU03456,1,234.0,234.0,
2025-04-23,SKU04134,1,394.74,394.74,
2025-04-23,SKU04207,3,497.7,165.9,
2025-04-23,SKU04321,2,1922.6,961.3,
2025-04-23,SKU04596,2,671.1,335.55,
2025-04-23,SKU04833,2,230.96,115.48,
2025-04-24,SKU00149,3,449.07,149.69,
2025-04-24,SKU00284,2,279.02,139.51,
2025-04-24,SKU00286,3,193.35,64.45,
2025-04-24,SKU01152,1,486.03,486.03,
2025-04-24,SKU01507,1,220.84,220.84,
2025-04-24,SKU01739,4,2005.12,501.28,
2025-04-24,SKU01846,1,189.44,189.44,
2025-04-24,SKU01939,2,595.86,297.93,
2025-04-24,SKU02008,1,935.7,935.7,
2025-04-24,SKU02486,1,279.85,279.85,
2025-04-24,SKU02826,1,438.33,438.33,
2025-04-24,SKU03155,1,124.9,124.9,
2025-04-24,SKU03306,3,4649.28,1549.76,
2025-04-24,SKU03521,1,44.89,44.89,
2025-04-24,SKU03891,2,319.38,159.69,
2025-04-24,SKU04218,1,96.37,96.37,
2025-04-24,SKU04245,2,435.56,217.78,
2025-04-24,SKU04321,4,3845.2,961.3,
2025-04-24,SKU04598,1,312.26,312.26,
2025-04-25,SKU00275,3,564.9,188.30000000000004,
2025-04-25,SKU01317,1,644.83,644.83,
2025-04-25,SKU02510,2,289.2,144.6,
2025-04-25,SKU02740,2,208.44,104.22,
2025-04-25,SKU02747,2,1122.52,561.26,
2025-04-25,SKU02930,1,170.16,170.16,
2025-04-25,SKU03714,4,4509.24,1127.31,
2025-04-25,SKU04036,4,3808.16,952.04,
2025-04-25,SKU04157,1,2678.35,2678.35,
2025-04-26,SKU00169,1,95.37,95.37,
2025-04-26,SKU00190,1,145.42,145.42,
2025-04-26,SKU00286,2,128.9,64.45,
2025-04-26,SKU00994,1,602.13,602.13,
2025-04-26,SKU01317,1,644.83,644.83,
2025-04-26,SKU02176,4,3959.48,989.87,
2025-04-26,SKU02301,2,2042.82,1021.41,
2025-04-26,SKU03619,1,1080.68,1080.68,
2025-04-26,SKU03933,1,2467.37,2467.37,
2025-04-26,SKU04321,4,3845.2,961.3,
2025-04-27,SKU00125,1,477.75,477.75,
2025-04-27,SKU00264,3,728.22,242.74,
2025-04-27,SKU00349,1,240.42,240.42,
2025-04-27,SKU00628,1,135.8,135.8,
2025-04-27,SKU00893,1,690.66,690.66,
2025-04-27,SKU00982,2,2951.08,1475.54,
2025-04-27,SKU01027,3,247.83,82.61,
2025-04-27,SKU01153,2,1794.8,897.4,
2025-04-27,SKU01277,3,4692.24,1564.08,
2025-04-27,SKU01403,1,734.76,734.76,
2025-04-27,SKU01419,2,1398.62,699.31,
2025-04-27,SKU01794,1,397.99,397.99,
2025-04-27,SKU02502,1,484.26,634.68,1
2025-04-27,SKU02805,3,247.29,82.43,
2025-04-27,SKU03259,1,602.04,602.04,
2025-04-27,SKU03507,2,1390.7,695.35,
2025-04-27,SKU03542,3,4699.32,1566.4399999999998,
2025-04-27,SKU04321,3,2883.9,961.2999999999998,
2025-04-27,SKU04750,1,914.6,914.6,
2025-04-28,SKU00092,1,809.88,809.88,
2025-04-28,SKU00692,2,471.04,235.52,
2025-04-28,SKU01420,1,213.65,213.65,
2025-04-28,SKU01534,1,2964.57,2964.57,
2025-04-28,SKU01775,1,204.15,204.15,
2025-04-28,SKU02423,2,7345.42,3672.71,
2025-04-28,SKU02525,1,254.9,254.9,
2025-04-28,SKU02544,3,695.73,231.91,
2025-04-28,SKU03292,3,492.09,164.03,
2025-04-28,SKU03687,1,100.41,100.41,
2025-04-28,SKU03743,1,253.24,253.24,
2025-04-28,SKU04321,2,1922.6,961.3,
2025-04-28,SKU04329,2,4904.14,2452.07,
2025-04-28,SKU04414,4,670.28,167.57,
2025-04-28,SKU04538,3,646.02,215.34,
2025-04-29,SKU00103,1,179.7,179.7,
2025-04-29,SKU00672,3,2269.59,756.5300000000001,
2025-04-29,SKU00737,1,436.92,436.92,
2025-04-29,SKU01066,1,50.68,50.68,
2025-04-29,SKU01245,3,114.54,38.18,
2025-04-29,SKU01249,4,448.84,112.21,
2025-04-29,SKU01428,1,2772.39,2772.39,
2025-04-29,SKU01507,4,883.36,220.84,
2025-04-29,SKU01517,2,1593.72,796.86,
2025-04-29,SKU01524,1,1864.17,1864.17,
2025-04-29,SKU02002,1,251.48,251.48,
2025-04-29,SKU02035,1,900.31,900.31,
2025-04-29,SKU02272,2,5061.68,2530.84,
2025-04-29,SKU02692,1,2095.03,2095.03,
2025-04-29,SKU02725,3,408.0,136.0,
2025-04-29,SKU02740,1,104.22,104.22,
2025-04-29,SKU03178,1,141.29,141.29,
2025-04-29,SKU03355,2,254.94,127.47,
2025-04-29,SKU03611,2,329.96,164.98,
2025-04-29,SKU03863,2,3883.04,1941.52,
2025-04-29,SKU04162,1,364.89,364.89,
2025-04-29,SKU04321,9,8651.7,961.2999999999998,
2025-04-29,SKU04627,1,630.47,630.47,
2025-04-29,SKU04847,1,630.96,630.96,
2025-04-29,SKU04900,1,943.69,1236.82,1
2025-04-30,SKU00243,1,483.9,483.9,
2025-04-30,SKU00774,1,94.61,94.61,
2025-04-30,SKU00823,2,366.06,183.03,
2025-04-30,SKU00994,5,3010.65,602.13,
2025-04-30,SKU01351,2,977.56,488.78,
2025-04-30,SKU01836,1,1656.58,1656.58,
2025-04-30,SKU01948,2,3184.12,1592.06,
2025-04-30,SKU02030,1,339.2,339.2,
2025-04-30,SKU02154,3,5629.59,1876.53,
2025-04-30,SKU02198,1,734.76,734.76,
2025-04-30,SKU02230,2,1957.52,978.76,
2025-04-30,SKU02268,3,616.41,205.47,
2025-04-30,SKU02287,1,665.21,665.21,
2025-04-30,SKU02428,3,455.94,151.98,
2025-04-30,SKU02484,2,1134.52,567.26,
2025-04-30,SKU02943,2,1819.9,909.95,
2025-04-30,SKU03307,1,732.34,732.34,
2025-04-30,SKU04271,1,1188.3,1188.3,
2025-04-30,SKU04571,5,4342.6,868.5200000000001,
2025-04-30,SKU04830,3,775.05,258.35,
2025-05-01,SKU00084,1,1308.64,1308.64,
2025-05-01,SKU00161,5,2508.85,501.77,
2025-05-01,SKU00286,1,64.45,64.45,
2025-05-01,SKU00578,2,229.84,114.92,
2025-05-01,SKU00671,4,1260.16,315.04,
2025-05-01,SKU00857,1,449.3,449.3,
2025-05-01,SKU00904,1,145.09,161.57,1
2025-05-01,SKU00921,1,3363.82,3363.82,
2025-05-01,SKU00953,1,273.99,273.99,
2025-05-01,SKU01113,2,597.94,298.97,
2025-05-01,SKU01282,1,30.04,39.37,1
2025-05-01,SKU01329,1,47.14,61.78,1
2025-05-01,SKU01882,3,207.96,69.32,
2025-05-01,SKU02141,2,943.76,471.88,
2025-05-01,SKU02332,1,2063.24,2063.24,
2025-05-01,SKU02639,5,830.8,166.16,
2025-05-01,SKU04321,2,1922.6,961.3,
2025-05-01,SKU04663,1,715.73,715.73,
2025-05-01,SKU04840,1,639.65,639.65,
2025-05-01,SKU04954,2,749.44,374.72,
2025-05-02,SKU00050,1,34.08,34.08,
2025-05-02,SKU00190,2,261.17,145.42,1
2025-05-02,SKU00920,1,114.73,114.73,
2025-05-02,SKU01167,3,5512.02,1837.34,
2025-05-02,SKU01357,3,2861.11,1062.03,1
2025-05-02,SKU01775,3,612.45,204.15,
2025-05-02,SKU01804,1,220.92,220.92,
2025-05-02,SKU02271,1,334.93,334.93,
2025-05-02,SKU02531,5,717.45,143.49,
2025-05-02,SKU02763,2,243.46,121.73,
2025-05-02,SKU02954,2,1206.6,603.3,
2025-05-02,SKU03702,1,473.65,473.65,
2025-05-02,SKU03721,1,300.22,300.22,
2025-05-02,SKU04321,2,1922.6,961.3,
2025-05-02,SKU04626,1,468.52,468.52,
2025-05-02,SKU04926,3,1376.76,458.92,
2025-05-03,SKU00611,1,114.26,114.26,
2025-05-03,SKU00994,1,602.13,602.13,
2025-05-03,SKU01265,1,1099.45,1099.45,
2025-05-03,SKU01414,2,386.88,193.44,
2025-05-03,SKU01982,1,88.35,88.35,
2025-05-03,SKU02674,2,494.72,247.36,
2025-05-03,SKU02740,5,521.1,104.22,
2025-05-03,SKU02902,4,338.16,84.54,
2025-05-03,SKU02930,1,170.16,170.16,
2025-05-03,SKU02947,4,538.0,134.5,
2025-05-03,SKU03057,2,412.68,206.34,
2025-05-03,SKU04232,1,98.56,98.56,
2025-05-03,SKU04321,5,4806.5,961.3,
2025-05-03,SKU04362,1,233.42,233.42,
2025-05-03,SKU04596,1,335.55,335.55,
2025-05-04,SKU00120,2,984.64,492.32,
2025-05-04,SKU00166,3,2492.31,830.77,
2025-05-04,SKU00416,1,75.12,75.12,
2025-05-04,SKU00499,4,441.28,110.32,
2025-05-04,SKU00587,1,4540.18,4540.18,
2025-05-04,SKU00831,3,2851.47,950.4900000000001,
2025-05-04,SKU00874,3,2616.03,872.0099999999999,
2025-05-04,SKU01295,2,266.9,148.61,1
2025-05-04,SKU02122,3,457.86,152.62,
2025-05-04,SKU02573,1,125.88,125.88,
2025-05-04,SKU02801,1,288.37,288.37,
2025-05-04,SKU02950,1,251.09,251.09,
2025-05-04,SKU03103,4,901.8,225.45,
2025-05-04,SKU03812,2,2334.5,1167.25,
2025-05-04,SKU03979,1,823.95,823.95,
2025-05-04,SKU04245,1,217.78,217.78,
2025-05-04,SKU04321,3,2883.8999999999996,961.2999999999998,
2025-05-04,SKU04789,1,67.08,67.08,
2025-05-05,SKU00169,1,95.37,95.37,
2025-05-05,SKU01338,4,1418.56,354.64,
2025-05-05,SKU01746,1,1073.45,1073.45,
2025-05-05,SKU01958,2,189.6,94.8,
2025-05-05,SKU02137,1,1893.03,1893.03,
2025-05-05,SKU02492,1,203.43,203.43,
2025-05-05,SKU02657,1,128.75,128.75,
2025-05-05,SKU02833,1,3924.53,3924.53,
2025-05-05,SKU03396,2,1323.48,661.74,
2025-05-05,SKU03530,1,2126.37,2126.37,
2025-05-05,SKU03711,3,1565.4,521.8,
2025-05-05,SKU03948,1,68.23,68.23,
2025-05-06,SKU00128,1,741.97,741.97,
2025-05-06,SKU00935,3,324.96,108.32,
2025-05-06,SKU01578,5,2701.75,540.35,
2025-05-06,SKU01661,1,63.89,63.89,
2025-05-06,SKU01775,3,612.45,204.15,
2025-05-06,SKU02441,2,271.14,135.57,
2025-05-06,SKU02717,1,188.3,188.3,
2025-05-06,SKU02738,5,1150.8,230.16,
2025-05-06,SKU02809,1,532.18,532.18,
2025-05-06,SKU02906,2,319.06,159.53,
2025-05-06,SKU03004,4,8349.4,2087.35,
2025-05-06,SKU03160,1,254.64,254.64,
2025-05-06,SKU03601,1,790.24,790.24,
2025-05-06,SKU04318,3,616.5,205.5,
2025-05-06,SKU04321,1,961.3,961.3,
2025-05-06,SKU04350,2,789.86,394.93,
2025-05-06,SKU04596,2,671.1,335.55,
2025-05-07,SKU00114,2,339.66,169.83,
2025-05-07,SKU00658,1,151.65,151.65,
2025-05-07,SKU00712,2,497.16,248.58,
2025-05-07,SKU00729,1,242.64,242.64,
2025-05-07,SKU00755,4,481.44,120.36,
2025-05-07,SKU00765,1,877.06,877.06,
2025-05-07,SKU00953,1,273.99,273.99,
2025-05-07,SKU01308,2,210.94,105.47,
2025-05-07,SKU01362,3,169.5,56.5,
2025-05-07,SKU01448,2,1336.7,668.35,
2025-05-07,SKU01491,4,3395.16,848.79,
2025-05-07,SKU02368,5,4246.95,849.39,
2025-05-07,SKU02725,3,408.0,136.0,
2025-05-07,SKU03199,5,390.4,78.08,
2025-05-07,SKU03862,2,1930.46,965.23,
2025-05-07,SKU04154,1,351.77,351.77,
2025-05-07,SKU04568,2,557.8,278.9,
2025-05-07,SKU04579,2,185.7,92.85,
2025-05-07,SKU04582,1,2442.08,2442.08,
2025-05-07,SKU04596,1,335.55,335.55,
2025-05-07,SKU04841,2,2378.82,1189.41,
2025-05-07,SKU04854,1,1401.83,1401.83,
2025-05-08,SKU00376,2,414.9,207.45,
2025-05-08,SKU00497,5,1996.35,399.27,
2025-05-08,SKU00524,2,707.46,353.73,
2025-05-08,SKU00953,3,821.97,273.99,
2025-05-08,SKU01013,3,2892.81,964.27,
2025-05-08,SKU01048,1,96.18,96.18,
2025-05-08,SKU02122,1,152.62,152.62,
2025-05-08,SKU02282,1,199.33,199.33,
2025-05-08,SKU02666,3,171.42,57.14000000000001,
2025-05-08,SKU02887,1,2074.48,2074.48,
2025-05-08,SKU02966,1,66.34,66.34,
2025-05-08,SKU03201,3,322.8,107.59999999999998,
2025-05-08,SKU03951,1,156.85,156.85,
2025-05-08,SKU04046,3,344.49,114.83,
2025-05-08,SKU04321,4,3845.2,961.3,
2025-05-08,SKU04338,1,163.32,163.32,
2025-05-08,SKU04346,1,970.29,970.29,
2025-05-08,SKU04453,1,265.58,265.58,
2025-05-08,SKU04483,2,674.08,337.04,
2025-05-09,SKU00430,4,586.36,146.59,
2025-05-09,SKU00465,2,3126.0,1563.0,
2025-05-09,SKU00785,1,269.35,269.35,
2025-05-09,SKU00823,2,366.06,183.03,
2025-05-09,SKU00994,1,602.13,602.13,
2025-05-09,SKU02101,4,4064.56,1016.14,
2025-05-09,SKU02112,1,164.09,164.09,
2025-05-09,SKU02660,1,81.91,81.91,
2025-05-09,SKU03601,1,790.24,790.24,
2025-05-09,SKU03623,3,1564.08,521.36,
2025-05-09,SKU03769,1,96.33,96.33,
2025-05-09,SKU04157,4,10713.4,2678.35,
2025-05-09,SKU04321,6,5767.8,961.2999999999998,
2025-05-09,SKU04474,1,168.07,168.07,
2025-05-09,SKU04702,3,6562.98,2187.66,
2025-05-10,SKU00079,5,989.5,197.9,
2025-05-10,SKU00243,2,967.8,483.9,
2025-05-10,SKU00539,1,199.63,199.63,
2025-05-10,SKU01286,1,85.48,85.48,
2025-05-10,SKU01371,1,1277.61,1277.61,
2025-05-10,SKU01420,3,640.95,213.65,
2025-05-10,SKU01468,5,3229.25,645.85,
2025-05-10,SKU01670,2,561.56,280.78,
2025-05-10,SKU01746,3,3220.35,1073.45,
2025-05-10,SKU02653,1,343.53,382.55,1
2025-05-10,SKU03302,2,852.14,426.07,
2025-05-10,SKU03713,3,592.62,197.54,
2025-05-10,SKU03893,1,1643.55,1643.55,
2025-05-11,SKU00254,2,211.1,105.55,
2025-05-11,SKU00329,1,1198.32,1198.32,
2025-05-11,SKU00487,3,629.88,209.96,
2025-05-11,SKU00756,1,2637.39,2637.39,
2025-05-11,SKU01319,1,2048.66,2048.66,
2025-05-11,SKU01554,1,228.02,228.02,
2025-05-11,SKU02183,2,509.38,254.69,
2025-05-11,SKU02443,1,1061.84,1182.45,1
2025-05-11,SKU03046,1,109.87,109.87,
2025-05-11,SKU03088,1,223.55,223.55,
2025-05-11,SKU03721,2,600.44,300.22,
2025-05-11,SKU03727,1,1660.93,1660.93,
2025-05-11,SKU04321,4,3845.2,961.3,
2025-05-11,SKU04571,2,1737.04,868.52,
2025-05-11,SKU04596,1,335.55,335.55,
2025-05-12,SKU00002,1,70.38,70.38,
2025-05-12,SKU00883,1,3121.32,3121.32,
2025-05-12,SKU00993,1,230.79,230.79,
2025-05-12,SKU01655,1,62.18,62.18,
2025-05-12,SKU01685,5,676.35,135.27,
2025-05-12,SKU02355,1,321.17,321.17,
2025-05-12,SKU02980,1,1789.14,1789.14,
2025-05-12,SKU03044,3,224.1,74.7,
2025-05-12,SKU03374,5,354.65000000000003,70.93,
2025-05-12,SKU03592,3,892.95,297.65,
2025-05-12,SKU03961,1,132.37,132.37,
2025-05-12,SKU03979,1,823.95,823.95,
2025-05-12,SKU04321,1,961.3,961.3,
2025-05-12,SKU04346,1,970.29,970.29,
2025-05-12,SKU04381,2,384.14,192.07,
2025-05-12,SKU04926,5,2294.6,458.91999999999996,
2025-05-13,SKU00050,1,34.08,34.08,
2025-05-13,SKU00294,4,940.08,235.02,
2025-05-13,SKU00320,3,409.98,136.66,
2025-05-13,SKU00365,3,234.0,78.0,
2025-05-13,SKU00432,1,1775.93,1977.65,1
2025-05-13,SKU00649,1,330.24,330.24,
2025-05-13,SKU00823,2,366.06,183.03,
2025-05-13,SKU00920,1,114.73,114.73,
2025-05-13,SKU01019,2,575.22,287.61,
2025-05-13,SKU02330,1,221.38,221.38,
2025-05-13,SKU02609,5,1959.25,391.85,
2025-05-13,SKU02640,2,3126.44,1563.22,
2025-05-13,SKU03362,1,722.06,722.06,
2025-05-13,SKU03506,1,541.05,541.05,
2025-05-13,SKU04280,2,637.84,318.92,
2025-05-13,SKU04553,4,1192.84,298.21,
2025-05-13,SKU04560,3,786.75,262.25,
2025-05-13,SKU04710,1,1632.84,1632.84,
2025-05-14,SKU00190,3,391.76,145.42,1
2025-05-14,SKU00207,2,194.9,97.45,
2025-05-14,SKU00539,1,199.63,199.63,
2025-05-14,SKU01045,2,902.58,451.29,
2025-05-14,SKU01247,1,828.82,828.82,
2025-05-14,SKU01363,2,6369.2,3184.6,
2025-05-14,SKU01603,3,4622.58,1540.86,
2025-05-14,SKU03450,1,288.17,288.17,
2025-05-14,SKU03535,1,178.62,178.62,
2025-05-14,SKU03656,1,1079.71,1079.71,
2025-05-14,SKU04268,4,562.6,140.65,
2025-05-14,SKU04321,7,6729.1,961.3000000000001,
2025-05-15,SKU00087,4,924.4,231.1,
2025-05-15,SKU00165,1,85.81,85.81,
2025-05-15,SKU00445,4,348.6,87.15,
2025-05-15,SKU00994,1,602.13,602.13,
2025-05-15,SKU01202,1,330.45,330.45,
2025-05-15,SKU01297,3,840.87,280.29,
2025-05-15,SKU01362,2,113.0,56.5,
2025-05-15,SKU01850,1,218.29,218.29,
2025-05-15,SKU02088,1,69.31,69.31,
2025-05-15,SKU02748,1,414.75,414.75,
2025-05-15,SKU02954,1,603.3,603.3,
2025-05-15,SKU03303,1,215.96,240.49,1
2025-05-15,SKU03335,5,1802.11,401.36,1
2025-05-15,SKU03661,1,195.37,195.37,
2025-05-15,SKU04117,2,1145.14,572.57,
2025-05-15,SKU04315,1,497.47,497.47,
2025-05-15,SKU04396,2,6851.34,3425.67,
2025-05-15,SKU04575,1,80.19,80.19,
2025-05-16,SKU00069,1,258.89,258.89,
2025-05-16,SKU00179,1,85.36,85.36,
2025-05-16,SKU00285,2,1011.34,505.67,
2025-05-16,SKU00782,1,1731.92,1731.92,
2025-05-16,SKU01800,1,144.95,144.95,
2025-05-16,SKU02415,4,1764.84,441.21,
2025-05-16,SKU02809,1,532.18,532.18,
2025-05-16,SKU02954,1,603.3,603.3,
2025-05-16,SKU03800,2,228.92,114.46,
2025-05-16,SKU04013,1,447.28,447.28,
2025-05-16,SKU04197,3,1076.85,358.95,
2025-05-16,SKU04204,1,714.36,714.36,
2025-05-16,SKU04321,2,1922.6,961.3,
2025-05-16,SKU04404,2,481.16,240.58,
2025-05-17,SKU00055,1,409.38,409.38,
2025-05-17,SKU00079,1,197.9,197.9,
2025-05-17,SKU00242,5,1092.45,218.49,
2025-05-17,SKU00303,4,1029.4,257.35,
2025-05-17,SKU00518,2,749.38,374.69,
2025-05-17,SKU01555,1,110.36,110.36,
2025-05-17,SKU02705,1,3268.55,3268.55,
2025-05-17,SKU03114,2,1026.22,513.11,
2025-05-17,SKU03519,1,140.28,140.28,
2025-05-17,SKU03699,2,4370.22,2185.11,
2025-05-17,SKU03759,1,117.37,117.37,
2025-05-17,SKU03948,1,68.23,68.23,
2025-05-17,SKU04026,5,1204.85,240.96999999999997,
2025-05-17,SKU04094,1,203.65,203.65,
2025-05-17,SKU04610,1,2079.89,2079.89,
2025-05-17,SKU04973,3,2728.89,909.63,
2025-05-18,SKU00188,2,402.82,201.41,
2025-05-18,SKU00293,1,132.02,132.02,
2025-05-18,SKU00771,1,512.74,512.74,
2025-05-18,SKU00924,4,1604.52,401.13,
2025-05-18,SKU01124,2,3329.06,1664.53,
2025-05-18,SKU01185,5,2234.45,446.89,
2025-05-18,SKU02287,1,665.21,665.21,
2025-05-18,SKU02951,4,1536.08,384.02,
2025-05-18,SKU03403,1,97.13,97.13,
2025-05-18,SKU03468,2,1324.14,662.07,
2025-05-18,SKU03564,1,105.88,105.88,
2025-05-18,SKU03625,1,135.59,135.59,
2025-05-18,SKU03727,1,1660.93,1660.93,
2025-05-18,SKU03921,1,69.99,69.99,
2025-05-18,SKU03947,4,1858.6,464.65,
2025-05-18,SKU04154,1,351.77,351.77,
2025-05-18,SKU04329,1,2452.07,2452.07,
2025-05-18,SKU04966,3,328.05,121.77,1
2025-05-18,SKU04993,4,4270.72,1067.68,
2025-05-19,SKU00309,1,1579.63,1579.63,
2025-05-19,SKU00404,3,690.24,230.08,
2025-05-19,SKU01331,2,175.5,87.75,
2025-05-19,SKU01531,2,461.64,230.82,
2025-05-19,SKU01879,2,831.5,415.75,
2025-05-19,SKU02161,4,522.72,130.68,
2025-05-19,SKU02620,1,248.89,248.89,
2025-05-19,SKU02640,1,1563.22,1563.22,
2025-05-19,SKU02902,1,84.54,84.54,
2025-05-19,SKU03550,2,1731.14,865.57,
2025-05-19,SKU03727,3,4982.79,1660.93,
2025-05-19,SKU03840,2,510.24,255.12,
2025-05-19,SKU04185,2,159.66,79.83,
2025-05-19,SKU04196,1,452.19,452.19,
2025-05-19,SKU04278,2,880.52,440.26,
2025-05-19,SKU04321,8,7690.4,961.3,
2025-05-19,SKU04346,1,970.29,970.29,
2025-05-19,SKU04417,1,1557.6,1557.6,
2025-05-19,SKU04562,1,1316.91,1316.91,
2025-05-19,SKU04596,2,671.1,335.55,
2025-05-19,SKU04928,2,764.76,382.38,
2025-05-20,SKU00731,2,166.28,83.14,
2025-05-20,SKU00784,5,1985.2,397.04,
2025-05-20,SKU00932,1,197.19,197.19,
2025-05-20,SKU01631,1,301.59,301.59,
2025-05-20,SKU01947,2,238.72,132.92,1
2025-05-20,SKU01953,1,309.85,309.85,
2025-05-20,SKU02048,1,520.27,520.27,
2025-05-20,SKU02132,1,428.85,428.85,
2025-05-20,SKU02209,3,2941.11,980.37,
2025-05-20,SKU02654,1,215.5,215.5,
2025-05-20,SKU02669,1,67.5,67.5,
2025-05-20,SKU02676,1,1953.1,1953.1,
2025-05-20,SKU02858,1,90.7,90.7,
2025-05-20,SKU02892,5,385.25,77.05,
2025-05-20,SKU02971,2,1735.66,867.83,
2025-05-20,SKU03034,3,697.5,232.5,
2025-05-20,SKU03111,1,546.67,546.67,
2025-05-20,SKU03292,3,492.09,164.03,
2025-05-20,SKU03572,2,1309.62,654.81,
2025-05-20,SKU03958,3,2123.19,707.73,
2025-05-20,SKU04105,2,929.56,464.78,
2025-05-20,SKU04460,1,322.19,322.19,
2025-05-20,SKU04812,2,503.38,251.69,
2025-05-21,SKU00002,1,70.38,70.38,
2025-05-21,SKU00360,3,258.75,86.25,
2025-05-21,SKU00487,1,209.96,209.96,
2025-05-21,SKU00982,1,1475.54,1475.54,
2025-05-21,SKU01138,4,724.6,181.15,
2025-05-21,SKU01385,2,1977.82,988.91,
2025-05-21,SKU02155,1,1113.48,1113.48,
2025-05-21,SKU02319,1,111.7,111.7,
2025-05-21,SKU02449,1,137.83,137.83,
2025-05-21,SKU02510,5,723.0,144.6,
2025-05-21,SKU02747,1,561.26,561.26,
2025-05-21,SKU03546,1,496.17,496.17,
2025-05-21,SKU03722,1,78.55,78.55,
2025-05-21,SKU03727,3,4982.79,1660.93,
2025-05-21,SKU03743,2,506.48,253.24,
2025-05-21,SKU04321,3,2883.8999999999996,961.2999999999998,
2025-05-21,SKU04381,2,384.14,192.07,
2025-05-21,SKU04783,1,1943.37,1943.37,
2025-05-22,SKU00568,2,388.84,194.42,
2025-05-22,SKU01018,2,484.86,242.43,
2025-05-22,SKU01037,1,178.07,178.07,
2025-05-22,SKU01055,2,1832.76,916.38,
2025-05-22,SKU01871,1,155.25,155.25,
2025-05-22,SKU01953,1,309.85,309.85,
2025-05-22,SKU02163,2,1583.4,791.7,
2025-05-22,SKU02380,1,1018.38,1018.38,
2025-05-22,SKU02531,2,286.98,143.49,
2025-05-22,SKU02538,2,433.16,216.58,
2025-05-22,SKU03030,1,108.63,108.63,
2025-05-22,SKU03199,2,156.16,78.08,
2025-05-22,SKU03523,1,348.18,348.18,
2025-05-22,SKU03584,2,97.18,48.59,
2025-05-22,SKU04004,3,929.04,309.68,
2025-05-22,SKU04321,2,1922.6,961.3,
2025-05-22,SKU04500,1,157.68,157.68,
2025-05-22,SKU04596,2,671.1,335.55,
2025-05-23,SKU00079,2,395.8,197.9,
2025-05-23,SKU00406,3,1119.33,373.10999999999996,
2025-05-23,SKU00628,1,135.8,135.8,
2025-05-23,SKU00910,2,627.3,313.65,
2025-05-23,SKU01153,1,897.4,897.4,
2025-05-23,SKU01363,1,3184.6,3184.6,
2025-05-23,SKU02068,2,499.78,249.89,
2025-05-23,SKU02141,1,471.88,471.88,
2025-05-23,SKU02948,1,367.9,367.9,
2025-05-23,SKU04032,1,203.7,203.7,
2025-05-23,SKU04154,3,1055.31,351.77,
2025-05-23,SKU04452,1,240.8,240.8,
2025-05-24,SKU00043,1,615.37,615.37,
2025-05-24,SKU01317,4,2579.32,644.83,
2025-05-24,SKU01462,1,64.6,64.6,
2025-05-24,SKU01570,3,2281.02,760.34,
2025-05-24,SKU02123,2,429.9,214.95,
2025-05-24,SKU02141,2,943.76,471.88,
2025-05-24,SKU02341,1,404.64,404.64,
2025-05-24,SKU02401,3,1573.41,524.47,
2025-05-24,SKU02592,1,107.17,107.17,
2025-05-24,SKU02829,3,1336.86,445.62000000000006,
2025-05-24,SKU02950,1,251.09,251.09,
2025-05-24,SKU03049,2,534.8,267.4,
2025-05-24,SKU03743,4,1012.96,253.24,
2025-05-24,SKU03993,3,194.22,64.74,
2025-05-24,SKU04246,1,580.11,580.11,
2025-05-24,SKU04321,9,8651.7,961.2999999999998,
2025-05-24,SKU04329,1,2452.07,2452.07,
2025-05-24,SKU04467,2,527.56,263.78,
2025-05-24,SKU04513,2,258.24,129.12,
2025-05-24,SKU04571,3,2605.56,868.52,
2025-05-24,SKU04672,3,6482.79,2160.93,
2025-05-24,SKU04972,3,2066.88,688.96,
2025-05-25,SKU00062,1,499.45,499.45,
2025-05-25,SKU00145,2,956.52,478.26,
2025-05-25,SKU00352,3,2448.51,816.17,
2025-05-25,SKU00427,3,872.46,290.82,
2025-05-25,SKU00615,4,2483.36,620.84,
2025-05-25,SKU01024,3,468.12,156.04,
2025-05-25,SKU02050,2,181.46,90.73,
2025-05-25,SKU02412,4,2890.28,722.57,
2025-05-25,SKU02449,4,551.32,137.83,
2025-05-25,SKU02934,1,112.59,112.59,
2025-05-25,SKU03546,1,496.17,496.17,
2025-05-25,SKU03838,1,259.95,259.95,
2025-05-25,SKU03886,1,190.65,190.65,
2025-05-25,SKU04321,2,1922.6,961.3,
2025-05-25,SKU04596,2,671.1,335.55,
2025-05-26,SKU00285,1,505.67,505.67,
2025-05-26,SKU00376,1,207.45,207.45,
2025-05-26,SKU00547,1,1170.39,1170.39,
2025-05-26,SKU00708,1,110.74,110.74,
2025-05-26,SKU00929,4,632.2,158.05,
2025-05-26,SKU02141,1,471.88,471.88,
2025-05-26,SKU02790,1,70.96,70.96,
2025-05-26,SKU02827,2,258.44,129.22,
2025-05-26,SKU03169,1,347.71,347.71,
2025-05-26,SKU03246,1,2508.18,2508.18,
2025-05-26,SKU03639,1,137.55,137.55,
2025-05-27,SKU00035,1,215.32,215.32,
2025-05-27,SKU00400,1,1799.17,1799.17,
2025-05-27,SKU00838,1,300.1,300.1,
2025-05-27,SKU00920,1,114.73,114.73,
2025-05-27,SKU01114,2,1109.86,554.93,
2025-05-27,SKU01166,1,388.66,388.66,
2025-05-27,SKU01620,4,789.48,197.37,
2025-05-27,SKU01775,1,204.15,204.15,
2025-05-27,SKU02200,1,866.94,866.94,
2025-05-27,SKU02740,2,208.44,104.22,
2025-05-27,SKU02930,3,510.48,170.16,
2025-05-27,SKU03801,3,1972.89,657.63,
2025-05-27,SKU03891,1,159.69,159.69,
2025-05-27,SKU04039,2,763.38,381.69,
2025-05-27,SKU04133,1,181.25,181.25,
2025-05-27,SKU04154,3,1055.31,351.77,
2025-05-27,SKU04198,3,368.52,122.83999999999999,
2025-05-27,SKU04321,2,1922.6,961.3,
2025-05-27,SKU04646,1,82.38,82.38,
2025-05-27,SKU04663,4,2862.92,715.73,
2025-05-27,SKU04719,1,240.75,240.75,
2025-05-27,SKU04748,1,553.81,553.81,
2025-05-27,SKU04825,1,1503.66,1503.66,
2025-05-27,SKU04847,1,630.96,630.96,
2025-05-27,SKU04926,1,458.92,458.92,
2025-05-28,SKU00002,2,140.76,70.38,
2025-05-28,SKU00191,4,2363.48,590.87,
2025-05-28,SKU00263,1,443.51,443.51,
2025-05-28,SKU00644,2,1885.64,942.82,
2025-05-28,SKU00893,1,690.66,690.66,
2025-05-28,SKU01122,3,436.56,145.52,
2025-05-28,SKU01299,1,2565.74,2565.74,
2025-05-28,SKU01585,2,2295.32,1147.66,
2025-05-28,SKU01650,5,916.75,183.35,
2025-05-28,SKU02329,1,166.7,166.7,
2025-05-28,SKU02926,1,2188.09,2188.09,
2025-05-28,SKU03578,1,225.73,225.73,
2025-05-28,SKU03727,1,1660.93,1660.93,
2025-05-28,SKU03849,2,1227.44,613.72,
2025-05-28,SKU03856,1,115.78,115.78,
2025-05-28,SKU03996,1,304.55,304.55,
2025-05-28,SKU04321,9,8651.7,961.3000000000001,
2025-05-28,SKU04875,1,1349.03,1349.03,
2025-05-29,SKU00676,5,428.6,85.72,
2025-05-29,SKU00836,2,1530.02,765.01,
2025-05-29,SKU01718,2,3505.78,1752.89,
2025-05-29,SKU01966,2,221.2,110.6,
2025-05-29,SKU02898,2,1978.78,989.39,
2025-05-29,SKU03055,1,130.59,130.59,
2025-05-29,SKU03120,2,376.78,188.39,
2025-05-29,SKU03292,2,328.06,164.03,
2025-05-29,SKU03783,1,1069.2,1069.2,
2025-05-29,SKU03876,2,465.56,232.78,
2025-05-29,SKU04321,2,1922.6,961.3,
2025-05-29,SKU04329,1,2452.07,2452.07,
2025-05-29,SKU04381,3,576.21,192.07000000000002,
2025-05-29,SKU04837,1,246.51,246.51,
2025-05-30,SKU00154,1,2279.38,2279.38,
2025-05-30,SKU00533,2,228.94,114.47,
2025-05-30,SKU00623,1,297.85,297.85,
2025-05-30,SKU00994,1,602.13,602.13,
2025-05-30,SKU01045,1,451.29,451.29,
2025-05-30,SKU01468,4,2583.4,645.85,
2025-05-30,SKU01709,1,465.38,465.38,
2025-05-30,SKU01769,1,576.91,576.91,
2025-05-30,SKU01778,1,125.27,125.27,
2025-05-30,SKU02247,1,179.3,179.3,
2025-05-30,SKU02383,3,984.06,328.02,
2025-05-30,SKU02612,1,450.0,450.0,
2025-05-30,SKU02614,3,354.42,118.14,
2025-05-30,SKU02981,1,361.07,361.07,
2025-05-30,SKU03727,3,4982.79,1660.93,
2025-05-30,SKU04321,1,961.3,961.3,
2025-05-30,SKU04624,1,61.27,61.27,
2025-05-30,SKU04926,1,458.92,458.92,
2025-05-31,SKU00284,1,139.51,139.51,
2025-05-31,SKU00974,3,142.02,47.34,
2025-05-31,SKU01937,2,3370.46,1685.23,
2025-05-31,SKU02086,5,11074.4,2214.88,
2025-05-31,SKU02141,3,1415.64,471.87999999999994,
2025-05-31,SKU02292,1,283.47,283.47,
2025-05-31,SKU02760,1,430.99,430.99,
2025-05-31,SKU03159,1,134.99,134.99,
2025-05-31,SKU03353,1,48.61,48.61,
2025-05-31,SKU03759,1,117.37,117.37,
2025-05-31,SKU03922,1,2095.66,2095.66,
2025-05-31,SKU04042,1,242.79,242.79,
2025-05-31,SKU04154,4,1407.08,351.77,
2025-05-31,SKU04349,3,207.0,69.0,
2025-05-31,SKU04381,2,384.14,192.07,
2025-05-31,SKU04450,1,507.9,507.9,
2025-05-31,SKU04455,2,286.94,143.47,
2025-05-31,SKU04486,1,1402.38,1402.38,
2025-05-31,SKU04596,1,335.55,335.55,
2025-05-31,SKU04859,2,4009.02,2004.51,
2025-05-31,SKU04968,1,329.41,329.41,
2025-06-01,SKU00062,1,499.45,499.45,
2025-06-01,SKU00716,1,1636.45,1636.45,
2025-06-01,SKU01045,1,451.29,451.29,
2025-06-01,SKU01547,1,165.64,165.64,
2025-06-01,SKU01950,1,104.93,104.93,
2025-06-01,SKU02141,1,471.88,471.88,
2025-06-01,SKU02423,1,3672.71,3672.71,
2025-06-01,SKU02803,2,227.76,113.88,
2025-06-01,SKU02824,4,216.52,54.13,
2025-06-01,SKU03418,3,432.24,144.08,
2025-06-01,SKU03578,3,677.19,225.73,
2025-06-01,SKU04243,1,86.81,86.81,
2025-06-01,SKU04255,2,570.24,285.12,
2025-06-01,SKU04264,2,5136.9,2568.45,
2025-06-01,SKU04297,1,327.55,327.55,
2025-06-01,SKU04321,1,961.3,961.3,
2025-06-01,SKU04351,1,3226.69,3226.69,
2025-06-01,SKU04508,1,375.55,375.55,
2025-06-02,SKU00076,1,306.25,306.25,
2025-06-02,SKU00246,1,1021.22,1021.22,
2025-06-02,SKU01089,1,134.77,134.77,
2025-06-02,SKU01127,1,817.54,817.54,
2025-06-02,SKU01190,1,346.48,346.48,
2025-06-02,SKU01555,3,331.08,110.36,
2025-06-02,SKU01680,4,653.44,163.36,
2025-06-02,SKU02503,3,842.7,280.9,
2025-06-02,SKU02531,1,143.49,143.49,
2025-06-02,SKU02820,1,859.3,859.3,
2025-06-02,SKU02856,3,634.35,211.44999999999996,
2025-06-02,SKU03055,1,130.59,130.59,
2025-06-02,SKU04106,1,92.02,92.02,
2025-06-02,SKU04204,1,714.36,714.36,
2025-06-02,SKU04321,1,961.3,961.3,
2025-06-02,SKU04581,2,219.2,109.6,
2025-06-02,SKU04592,1,100.25,100.25,
2025-06-02,SKU04605,1,182.32,182.32,
2025-06-02,SKU04783,2,3886.74,1943.37,
2025-06-03,SKU00286,1,64.45,64.45,
2025-06-03,SKU01190,3,1039.44,346.48,
2025-06-03,SKU01739,1,501.28,501.28,
2025-06-03,SKU02054,2,297.5,148.75,
2025-06-03,SKU02274,1,2368.45,2368.45,
2025-06-03,SKU02482,3,3893.85,1297.95,
2025-06-03,SKU02577,1,120.46,120.46,
2025-06-03,SKU03046,3,329.61,109.87,
2025-06-03,SKU03367,1,124.08,124.08,
2025-06-03,SKU03501,1,168.06,168.06,
2025-06-03,SKU03574,1,130.96,130.96,
2025-06-03,SKU03666,1,125.46,125.46,
2025-06-03,SKU03822,3,726.69,242.23,
2025-06-03,SKU03907,3,2630.19,876.73,
2025-06-03,SKU03990,1,690.44,690.44,
2025-06-03,SKU04321,4,3845.2,961.3,
2025-06-03,SKU04432,4,1363.2,340.8,
2025-06-04,SKU00079,5,989.5,197.9,
2025-06-04,SKU00328,1,204.97,204.97,
2025-06-04,SKU00728,2,7111.46,3555.73,
2025-06-04,SKU01003,3,973.17,324.39,
2025-06-04,SKU01037,4,712.28,178.07,
2025-06-04,SKU01137,2,2573.06,1286.53,
2025-06-04,SKU02412,2,1445.14,722.57,
2025-06-04,SKU03202,1,144.15,144.15,
2025-06-04,SKU03235,1,1648.55,1648.55,
2025-06-04,SKU03349,1,54.49,54.49,
2025-06-04,SKU03389,3,1740.33,580.11,
2025-06-04,SKU03626,1,187.54,187.54,
2025-06-04,SKU04459,1,1349.01,1349.01,
2025-06-04,SKU04477,4,390.16,97.54,
2025-06-04,SKU04596,1,335.55,335.55,
2025-06-05,SKU00138,2,1336.8,668.4,
2025-06-05,SKU00146,4,2813.84,703.46,
2025-06-05,SKU00254,1,105.55,105.55,
2025-06-05,SKU01294,4,1767.48,441.87,
2025-06-05,SKU01951,2,1992.28,996.14,
2025-06-05,SKU02728,1,247.37,247.37,
2025-06-05,SKU03619,1,1080.68,1080.68,
2025-06-05,SKU04222,2,236.6,118.3,
2025-06-05,SKU04798,1,640.44,640.44,
2025-06-06,SKU00094,1,1069.07,1069.07,
2025-06-06,SKU00126,1,253.44,253.44,
2025-06-06,SKU00608,3,1839.87,613.29,
2025-06-06,SKU01159,1,361.28,361.28,
2025-06-06,SKU01331,4,351.0,87.75,
2025-06-06,SKU01988,1,331.12,331.12,
2025-06-06,SKU02260,4,1021.72,255.43,
2025-06-06,SKU02277,1,122.83,122.83,
2025-06-06,SKU02298,1,759.4,759.4,
2025-06-06,SKU02692,1,2095.03,2095.03,
2025-06-06,SKU02767,1,1557.51,1557.51,
2025-06-06,SKU02785,1,1136.58,1136.58,
2025-06-06,SKU02858,1,90.7,90.7,
2025-06-06,SKU02954,2,1206.6,603.3,
2025-06-06,SKU03124,2,857.2,428.6,
2025-06-06,SKU03581,1,2270.43,2270.43,
2025-06-06,SKU03727,2,3321.86,1660.93,
2025-06-06,SKU03816,1,2031.96,2031.96,
2025-06-06,SKU04154,1,351.77,351.77,
2025-06-06,SKU04273,3,5358.45,1786.1500000000003,
2025-06-06,SKU04321,5,4806.5,961.3,
2025-06-06,SKU04915,2,1505.92,752.96,
2025-06-07,SKU00175,1,182.36,182.36,
2025-06-07,SKU00475,1,685.08,685.08,
2025-06-07,SKU00628,4,543.2,135.8,
2025-06-07,SKU01598,1,333.41,333.41,
2025-06-07,SKU01677,1,127.3,127.3,
2025-06-07,SKU01820,1,89.1,89.1,
2025-06-07,SKU02105,2,298.3,149.15,
2025-06-07,SKU02469,1,1489.36,1489.36,
2025-06-07,SKU02538,1,216.58,216.58,
2025-06-07,SKU02776,5,1174.65,234.93,
2025-06-07,SKU02930,5,850.8,170.16,
2025-06-07,SKU03027,1,724.38,724.38,
2025-06-07,SKU03137,2,330.46,165.23,
2025-06-07,SKU03466,1,352.05,352.05,
2025-06-07,SKU04596,1,335.55,335.55,
2025-06-08,SKU00001,3,2440.23,813.41,
2025-06-08,SKU00110,1,286.87,286.87,
2025-06-08,SKU00117,1,258.96,258.96,
2025-06-08,SKU00686,1,1242.49,1242.49,
2025-06-08,SKU00994,1,602.13,602.13,
2025-06-08,SKU01438,2,596.02,298.01,
2025-06-08,SKU01775,3,612.45,204.15,
2025-06-08,SKU02575,1,1652.6,1652.6,
2025-06-08,SKU02728,3,742.11,247.37,
2025-06-08,SKU02930,1,170.16,170.16,
2025-06-08,SKU03088,1,223.55,223.55,
2025-06-08,SKU03907,2,1753.46,876.73,
2025-06-08,SKU04321,3,2883.8999999999996,961.2999999999998,
2025-06-08,SKU04911,1,524.33,524.33,
2025-06-09,SKU00077,4,6251.28,1562.82,
2025-06-09,SKU00169,1,95.37,95.37,
2025-06-09,SKU00540,2,6813.38,3406.69,
2025-06-09,SKU00981,1,330.37,330.37,
2025-06-09,SKU01009,3,670.26,223.42,
2025-06-09,SKU01410,2,2662.34,1331.17,
2025-06-09,SKU01829,1,385.77,385.77,
2025-06-09,SKU02258,2,5238.96,2619.48,
2025-06-09,SKU02401,2,1048.94,524.47,
2025-06-09,SKU02747,2,1122.52,561.26,
2025-06-09,SKU03098,1,142.36,142.36,
2025-06-09,SKU03250,2,1945.34,972.67,
2025-06-09,SKU03351,1,192.83,192.83,
2025-06-09,SKU04280,1,318.92,318.92,
2025-06-09,SKU04321,4,3845.2,961.3,
2025-06-09,SKU04453,1,265.58,265.58,
2025-06-09,SKU04572,1,1130.67,1130.67,
2025-06-09,SKU04596,1,335.55,335.55,
2025-06-09,SKU04981,2,298.8,149.4,
2025-06-10,SKU00149,1,149.69,149.69,
2025-06-10,SKU00151,3,605.58,201.86,
2025-06-10,SKU00169,1,95.37,95.37,
2025-06-10,SKU00865,4,1429.48,357.37,
2025-06-10,SKU01420,1,213.65,213.65,
2025-06-10,SKU01625,5,8364.3,1672.86,
2025-06-10,SKU02083,1,133.13,133.13,
2025-06-10,SKU02673,1,101.54,101.54,
2025-06-10,SKU03063,1,363.59,363.59,
2025-06-10,SKU03669,1,1245.54,1245.54,
2025-06-10,SKU03727,1,1660.93,1660.93,
2025-06-10,SKU04011,5,538.0,107.6,
2025-06-10,SKU04321,4,3845.2,961.3,
2025-06-10,SKU04512,4,1564.44,391.11,
2025-06-11,SKU00045,1,352.71,352.71,
2025-06-11,SKU00426,1,605.61,605.61,
2025-06-11,SKU00832,4,3786.12,946.53,
2025-06-11,SKU00845,1,670.83,670.83,
2025-06-11,SKU01189,3,6899.4,2299.8,
2025-06-11,SKU01656,1,553.42,553.42,
2025-06-11,SKU01941,2,1092.34,546.17,
2025-06-11,SKU02341,3,1213.92,404.64000000000004,
2025-06-11,SKU02414,1,380.1,380.1,
2025-06-11,SKU02537,2,322.86,161.43,
2025-06-11,SKU02683,3,1115.46,371.82,
2025-06-11,SKU02823,2,1193.26,596.63,
2025-06-11,SKU03106,2,254.7,127.35,
2025-06-11,SKU03159,1,134.99,134.99,
2025-06-11,SKU04027,3,354.87,118.29,
2025-06-11,SKU04116,3,386.79,128.93,
2025-06-11,SKU04322,3,1533.57,511.19,
2025-06-11,SKU04596,1,335.55,335.55,
2025-06-11,SKU04634,1,973.21,973.21,
2025-06-11,SKU04913,3,1400.73,466.91,
2025-06-11,SKU05000,4,1748.24,437.06,
2025-06-12,SKU00062,2,998.9,499.45,
2025-06-12,SKU00190,5,727.1,145.42,
2025-06-12,SKU00443,2,178.0,89.0,
2025-06-12,SKU00844,2,493.42,246.71,
2025-06-12,SKU00994,1,602.13,602.13,
2025-06-12,SKU01014,1,274.5,274.5,
2025-06-12,SKU01170,1,365.5,365.5,
2025-06-12,SKU01298,1,187.71,187.71,
2025-06-12,SKU01445,3,10408.62,3469.5399999999995,
2025-06-12,SKU01572,1,1183.62,1183.62,
2025-06-12,SKU01714,1,336.72,336.72,
2025-06-12,SKU02732,4,197.56,49.39,
2025-06-12,SKU02898,3,2968.17,989.39,
2025-06-12,SKU02967,1,735.42,735.42,
2025-06-12,SKU03344,2,1883.72,941.86,
2025-06-12,SKU03446,1,142.94,142.94,
2025-06-12,SKU03528,1,1680.2,1680.2,
2025-06-12,SKU03714,1,1127.31,1127.31,
2025-06-12,SKU04032,3,611.1,203.69999999999996,
2025-06-12,SKU04060,2,1967.76,983.88,
2025-06-12,SKU04321,5,4806.5,961.3,
2025-06-13,SKU00050,1,34.08,34.08,
2025-06-13,SKU00291,2,380.88,190.44,
2025-06-13,SKU00299,2,1684.12,842.06,
2025-06-13,SKU00484,2,358.08,179.04,
2025-06-13,SKU00685,1,2583.23,2583.23,
2025-06-13,SKU00774,5,473.05,94.61,
2025-06-13,SKU00845,1,670.83,670.83,
2025-06-13,SKU01221,2,4086.46,2043.23,
2025-06-13,SKU01388,1,163.36,163.36,
2025-06-13,SKU02482,3,3893.85,1297.95,
2025-06-13,SKU02638,1,489.91,489.91,
2025-06-13,SKU02848,1,334.01,334.01,
2025-06-13,SKU03088,1,223.55,223.55,
2025-06-13,SKU03807,1,347.25,347.25,
2025-06-13,SKU03855,1,683.9,683.9,
2025-06-13,SKU04813,2,795.62,397.81,
2025-06-13,SKU04816,2,180.98,90.49,
2025-06-13,SKU04843,5,1364.85,272.97,
2025-06-13,SKU04981,1,149.4,149.4,
2025-06-14,SKU00165,1,85.81,85.81,
2025-06-14,SKU00241,2,3421.2,1710.6,
2025-06-14,SKU00942,1,172.9,172.9,
2025-06-14,SKU01041,2,791.4,395.7,
2025-06-14,SKU01089,1,134.77,134.77,
2025-06-14,SKU01135,1,184.19,184.19,
2025-06-14,SKU01833,2,125.18,62.59,
2025-06-14,SKU02737,3,945.42,315.14,
2025-06-14,SKU02961,3,3392.94,1130.98,
2025-06-14,SKU03563,1,793.38,793.38,
2025-06-14,SKU04035,5,704.9,140.98,
2025-06-14,SKU04191,1,106.7,106.7,
2025-06-14,SKU04321,2,1922.6,961.3,
2025-06-14,SKU04537,1,100.09,100.09,
2025-06-14,SKU04571,2,1737.04,868.52,
2025-06-14,SKU04874,1,272.79,272.79,
2025-06-15,SKU00416,1,75.12,75.12,
2025-06-15,SKU01008,1,830.92,830.92,
2025-06-15,SKU01612,5,756.4,151.28,
2025-06-15,SKU02334,3,722.19,240.73,
2025-06-15,SKU02540,1,309.18,309.18,
2025-06-15,SKU02638,1,489.91,489.91,
2025-06-15,SKU03292,4,656.12,164.03,
2025-06-15,SKU03485,4,376.72,94.18,
2025-06-15,SKU03688,1,671.66,671.66,
2025-06-15,SKU03870,3,905.34,301.78,
2025-06-15,SKU03969,2,218.14,109.07,
2025-06-15,SKU04190,1,272.17,272.17,
2025-06-15,SKU04280,1,318.92,318.92,
2025-06-15,SKU04321,1,961.3,961.3,
2025-06-15,SKU04571,2,1737.04,868.52,
2025-06-16,SKU00166,2,1661.54,830.77,
2025-06-16,SKU00254,3,316.65,105.55,
2025-06-16,SKU00606,1,566.73,566.73,
2025-06-16,SKU00953,1,273.99,273.99,
2025-06-16,SKU01371,1,1277.61,1277.61,
2025-06-16,SKU01682,1,254.03,254.03,
2025-06-16,SKU02068,2,499.78,249.89,
2025-06-16,SKU02095,1,463.44,463.44,
2025-06-16,SKU02206,4,903.0,225.75,
2025-06-16,SKU02531,1,143.49,143.49,
2025-06-16,SKU02655,1,66.91,66.91,
2025-06-16,SKU02660,1,81.91,81.91,
2025-06-16,SKU02854,2,346.6,173.3,
2025-06-16,SKU02872,1,77.44,77.44,
2025-06-16,SKU02983,1,1062.71,1062.71,
2025-06-16,SKU03292,3,492.09,164.03,
2025-06-16,SKU03379,1,57.39,57.39,
2025-06-16,SKU03847,2,200.14,100.07,
2025-06-16,SKU04112,2,217.44,108.72,
2025-06-16,SKU04156,3,10830.12,3610.0399999999995,
2025-06-16,SKU04242,2,2185.36,1092.68,
2025-06-16,SKU04321,1,961.3,961.3,
2025-06-16,SKU04453,3,796.74,265.58,
2025-06-16,SKU04567,3,4412.85,1470.95,
2025-06-16,SKU04596,4,1342.2,335.55,
2025-06-16,SKU04833,2,230.96,115.48,
2025-06-17,SKU00233,1,120.84,120.84,
2025-06-17,SKU00531,3,8849.88,2949.9600000000005,
2025-06-17,SKU00953,1,273.99,273.99,
2025-06-17,SKU02484,3,1701.78,567.26,
2025-06-17,SKU02503,1,280.9,280.9,
2025-06-17,SKU03217,3,2049.6,683.2000000000002,
2025-06-17,SKU03532,1,94.55,94.55,
2025-06-17,SKU04035,1,140.98,140.98,
2025-06-17,SKU04139,2,3342.1,1671.05,
2025-06-17,SKU04321,4,3845.2,961.3,
2025-06-17,SKU04476,1,134.95,134.95,
2025-06-18,SKU01022,2,1719.8,859.9,
2025-06-18,SKU01249,3,336.63,112.21,
2025-06-18,SKU01274,1,558.36,558.36,
2025-06-18,SKU01371,1,1277.61,1277.61,
2025-06-18,SKU01420,1,213.65,213.65,
2025-06-18,SKU01998,1,92.68,92.68,
2025-06-18,SKU02020,1,143.5,143.5,
2025-06-18,SKU02079,1,153.65,153.65,
2025-06-18,SKU02401,4,2097.88,524.47,
2025-06-18,SKU02442,2,1015.32,507.66,
2025-06-18,SKU02484,3,1701.78,567.26,
2025-06-18,SKU02592,1,107.17,107.17,
2025-06-18,SKU02820,1,859.3,859.3,
2025-06-18,SKU03172,3,288.81,96.27,
2025-06-18,SKU03542,1,1566.44,1566.44,
2025-06-18,SKU03835,2,1794.0,897.0,
2025-06-18,SKU03858,1,620.77,620.77,
2025-06-18,SKU04271,1,1188.3,1188.3,
2025-06-18,SKU04422,1,68.36,68.36,
2025-06-18,SKU04508,2,751.1,375.55,
2025-06-18,SKU04870,4,1312.72,328.18,
2025-06-18,SKU04933,1,184.36,184.36,
2025-06-19,SKU00092,1,809.88,809.88,
2025-06-19,SKU00426,3,1816.83,605.61,
2025-06-19,SKU00624,2,4734.76,2367.38,
2025-06-19,SKU01138,2,362.3,181.15,
2025-06-19,SKU01286,1,85.48,85.48,
2025-06-19,SKU01424,1,592.37,592.37,
2025-06-19,SKU01868,3,2772.03,924.0099999999999,
2025-06-19,SKU02676,1,1953.1,1953.1,
2025-06-19,SKU02683,1,371.82,371.82,
2025-06-19,SKU02930,2,340.32,170.16,
2025-06-19,SKU03058,3,3608.97,1202.99,
2025-06-19,SKU03425,1,202.48,202.48,
2025-06-19,SKU03550,1,865.57,865.57,
2025-06-19,SKU03720,2,4040.4,2020.2,
2025-06-19,SKU04321,9,8651.7,961.2999999999998,
2025-06-19,SKU04596,3,1006.65,335.55,
2025-06-20,SKU00246,2,2042.44,1021.22,
2025-06-20,SKU00539,2,399.26,199.63,
2025-06-20,SKU00628,1,135.8,135.8,
2025-06-20,SKU00953,1,273.99,273.99,
2025-06-20,SKU01041,1,395.7,395.7,
2025-06-20,SKU01292,2,1203.86,601.93,
2025-06-20,SKU01594,1,210.84,210.84,
2025-06-20,SKU01707,1,352.2,352.2,
2025-06-20,SKU02200,2,1733.88,866.94,
2025-06-20,SKU02247,2,358.6,179.3,
2025-06-20,SKU02518,1,131.22,131.22,
2025-06-20,SKU02630,1,257.78,257.78,
2025-06-20,SKU02668,1,1122.49,1122.49,
2025-06-20,SKU02821,1,965.81,965.81,
2025-06-20,SKU02827,1,129.22,129.22,
2025-06-20,SKU03626,1,187.54,187.54,
2025-06-20,SKU03840,1,255.12,255.12,
2025-06-20,SKU03876,1,232.78,232.78,
2025-06-20,SKU04571,1,868.52,868.52,
2025-06-20,SKU04665,2,3210.04,1605.02,
2025-06-21,SKU00014,1,161.5,161.5,
2025-06-21,SKU00131,1,119.24,119.24,
2025-06-21,SKU00518,3,1124.07,374.69,
2025-06-21,SKU00823,1,183.03,183.03,
2025-06-21,SKU01110,3,4826.7,1608.9000000000003,
2025-06-21,SKU01507,1,220.84,220.84,
2025-06-21,SKU02283,2,175.64,87.82,
2025-06-21,SKU02362,3,1819.74,606.58,
2025-06-21,SKU02445,2,245.52,122.76,
2025-06-21,SKU02904,2,625.16,312.58,
2025-06-21,SKU03395,1,214.21,271.84,1
2025-06-21,SKU03953,3,397.29,132.43,
2025-06-21,SKU04126,3,4940.85,1646.95,
2025-06-22,SKU01011,1,546.32,546.32,
2025-06-22,SKU01164,3,725.43,241.81000000000003,
2025-06-22,SKU01281,5,907.55,181.51,
2025-06-22,SKU01317,1,644.83,644.83,
2025-06-22,SKU02019,1,326.69,326.69,
2025-06-22,SKU02108,1,610.6,610.6,
2025-06-22,SKU02118,2,3817.54,1908.77,
2025-06-22,SKU02548,1,266.26,266.26,
2025-06-22,SKU02683,2,743.64,371.82,
2025-06-22,SKU02985,1,720.58,720.58,
2025-06-22,SKU03209,1,76.6,76.6,
2025-06-22,SKU03851,5,497.5,99.5,
2025-06-22,SKU04415,1,665.01,665.01,
2025-06-22,SKU04660,2,4789.54,2394.77,
2025-06-23,SKU00062,3,1498.35,499.45,
2025-06-23,SKU00097,4,4414.84,1103.71,
2025-06-23,SKU00228,2,5912.1,2956.05,
2025-06-23,SKU01041,1,395.7,395.7,
2025-06-23,SKU01562,1,474.21,474.21,
2025-06-23,SKU01978,2,628.7,314.35,
2025-06-23,SKU01993,3,426.51,142.17,
2025-06-23,SKU02208,1,162.14,162.14,
2025-06-23,SKU02611,5,959.35,191.87,
2025-06-23,SKU02680,4,1073.36,268.34,
2025-06-23,SKU02685,2,593.66,296.83,
2025-06-23,SKU03267,1,216.74,216.74,
2025-06-23,SKU03727,3,4982.79,1660.93,
2025-06-23,SKU03985,2,391.52,195.76,
2025-06-23,SKU04154,1,277.19,351.77,1
2025-06-23,SKU04321,3,2883.8999999999996,961.2999999999998,
2025-06-23,SKU04465,1,307.29,307.29,
2025-06-23,SKU04509,2,615.82,307.91,
2025-06-23,SKU04604,2,636.64,318.32,
2025-06-23,SKU04809,2,439.02,219.51,
2025-06-23,SKU04816,1,90.49,90.49,
2025-06-23,SKU04961,2,435.22,217.61,
2025-06-24,SKU00482,1,212.18,212.18,
2025-06-24,SKU00486,3,7277.52,2425.84,
2025-06-24,SKU00487,1,209.96,209.96,
2025-06-24,SKU00586,1,2458.28,2458.28,
2025-06-24,SKU00811,2,225.34,112.67,
2025-06-24,SKU00910,1,313.65,313.65,
2025-06-24,SKU00976,1,268.42,268.42,
2025-06-24,SKU01037,4,712.28,178.07,
2025-06-24,SKU01664,1,436.52,436.52,
2025-06-24,SKU01891,1,62.17,62.17,
2025-06-24,SKU01952,3,3996.18,1332.06,
2025-06-24,SKU02390,1,271.6,271.6,
2025-06-24,SKU02401,1,524.47,524.47,
2025-06-24,SKU02544,1,231.91,231.91,
2025-06-24,SKU02692,1,2095.03,2095.03,
2025-06-24,SKU03055,1,130.59,130.59,
2025-06-24,SKU03385,2,307.6,153.8,
2025-06-24,SKU04093,3,8168.58,2722.86,
2025-06-24,SKU04188,1,180.9,180.9,
2025-06-24,SKU04350,1,394.93,394.93,
2025-06-24,SKU04459,2,2698.02,1349.01,
2025-06-24,SKU04596,1,335.55,335.55,
2025-06-24,SKU04928,1,301.32,382.38,1
2025-06-25,SKU00422,3,829.89,276.63,
2025-06-25,SKU00438,1,90.72,90.72,
2025-06-25,SKU01002,1,252.83,252.83,
2025-06-25,SKU01244,1,2224.69,2224.69,
2025-06-25,SKU01317,2,1289.66,644.83,
2025-06-25,SKU02275,1,188.12,188.12,
2025-06-25,SKU02630,3,609.39,257.78,1
2025-06-25,SKU02930,1,170.16,170.16,
2025-06-25,SKU03188,2,760.53,482.57,1
2025-06-25,SKU03292,4,517.03,164.03,1
2025-06-25,SKU03423,2,775.68,387.84,
2025-06-25,SKU04130,3,2130.72,710.2400000000001,
2025-06-25,SKU04145,2,587.22,293.61,
2025-06-25,SKU04321,2,1922.6,961.3,
2025-06-25,SKU04329,2,4904.14,2452.07,
2025-06-25,SKU04712,1,2174.66,2174.66,
2025-06-26,SKU00114,1,169.83,169.83,
2025-06-26,SKU00504,1,1466.31,1466.31,
2025-06-26,SKU00908,2,4217.34,2108.67,
2025-06-26,SKU01118,1,510.49,510.49,
2025-06-26,SKU01379,3,456.87,193.26,1
2025-06-26,SKU01414,2,386.88,193.44,
2025-06-26,SKU01513,2,117.72,58.86,
2025-06-26,SKU01775,1,204.15,204.15,
2025-06-26,SKU01842,1,348.33,348.33,
2025-06-26,SKU02328,3,176.88,58.96,
2025-06-26,SKU02483,4,4663.24,1165.81,
2025-06-26,SKU02710,2,920.86,460.43,
2025-06-26,SKU03034,3,549.63,232.5,1
2025-06-26,SKU03209,1,76.6,76.6,
2025-06-26,SKU03746,3,670.32,223.43999999999997,
2025-06-26,SKU03983,1,2768.56,2768.56,
2025-06-26,SKU04191,5,420.4,106.7,1
2025-06-26,SKU04390,1,1832.3,1832.3,
2025-06-26,SKU04555,1,3307.44,3307.44,
2025-06-27,SKU00286,2,128.9,64.45,
2025-06-27,SKU00422,1,276.63,276.63,
2025-06-27,SKU00894,1,353.19,353.19,
2025-06-27,SKU00910,2,627.3,313.65,
2025-06-27,SKU01701,4,1326.74,420.92,1
2025-06-27,SKU02006,1,80.67,80.67,
2025-06-27,SKU02035,4,3601.24,900.31,
2025-06-27,SKU02333,1,53.1,53.1,
2025-06-27,SKU02428,1,151.98,151.98,
2025-06-27,SKU02772,1,2247.26,2247.26,
2025-06-27,SKU03044,1,74.7,74.7,
2025-06-27,SKU03060,3,348.54,116.18,
2025-06-27,SKU03246,1,2508.18,2508.18,
2025-06-27,SKU03368,1,1766.25,1766.25,
2025-06-27,SKU03840,2,510.24,255.12,
2025-06-27,SKU04198,1,122.84,122.84,
2025-06-27,SKU04898,4,3864.88,966.22,
2025-06-27,SKU04926,1,458.92,458.92,
2025-06-28,SKU00198,1,340.46,340.46,
2025-06-28,SKU00232,2,192.26,96.13,
2025-06-28,SKU00530,3,199.02,66.34,
2025-06-28,SKU01371,1,1277.61,1277.61,
2025-06-28,SKU02002,1,251.48,251.48,
2025-06-28,SKU02614,3,279.28,118.14,1
2025-06-28,SKU02668,3,3367.47,1122.49,
2025-06-28,SKU02692,1,2095.03,2095.03,
2025-06-28,SKU03152,1,87.77,87.77,
2025-06-28,SKU03285,1,61.67,61.67,
2025-06-28,SKU03339,3,269.04,89.68,
2025-06-28,SKU04154,1,277.19,351.77,1
2025-06-28,SKU04321,3,2883.9,961.2999999999998,
2025-06-28,SKU04612,1,805.8,805.8,
2025-06-28,SKU04750,2,1829.2,914.6,
2025-06-29,SKU00313,1,878.76,878.76,
2025-06-29,SKU00426,1,605.61,605.61,
2025-06-29,SKU00474,1,102.76,102.76,
2025-06-29,SKU00672,3,2269.59,756.5300000000001,
2025-06-29,SKU00994,3,1806.39,602.13,
2025-06-29,SKU02025,2,420.56,210.28,
2025-06-29,SKU02052,5,1093.07,277.43,1
2025-06-29,SKU02176,1,989.87,989.87,
2025-06-29,SKU02286,2,972.3,486.15,
2025-06-29,SKU02342,4,572.6,143.15,
2025-06-29,SKU02484,1,567.26,567.26,
2025-06-29,SKU03874,2,449.3,224.65,
2025-06-29,SKU03907,1,876.73,876.73,
2025-06-29,SKU03958,4,2830.92,707.73,
2025-06-29,SKU04778,2,971.64,485.82,
2025-06-29,SKU04806,2,184.22,92.11,
2025-06-30,SKU00169,4,381.48,95.37,
2025-06-30,SKU00200,1,134.99,134.99,
2025-06-30,SKU00277,2,1171.28,585.64,
2025-06-30,SKU00628,8,1086.4,135.8,
2025-06-30,SKU00685,2,5166.46,2583.23,
2025-06-30,SKU00831,2,1900.98,950.49,
2025-06-30,SKU00845,4,2683.32,670.83,
2025-06-30,SKU01394,3,1677.84,559.28,
2025-06-30,SKU02034,1,751.83,751.83,
2025-06-30,SKU02233,1,260.53,260.53,
2025-06-30,SKU02477,2,468.7,234.35,
2025-06-30,SKU02508,4,580.52,145.13,
2025-06-30,SKU03494,4,288.36,72.09,
2025-06-30,SKU03728,2,252.94,126.47,
2025-06-30,SKU03855,1,683.9,683.9,
2025-06-30,SKU03922,1,2095.66,2095.66,
2025-06-30,SKU04141,1,213.39,270.8,1
2025-06-30,SKU04198,1,122.84,122.84,
2025-06-30,SKU04381,1,151.35,192.07,1
2025-06-30,SKU04474,1,132.44,168.07,1
2025-06-30,SKU04596,3,1006.6500000000001,335.55,
2025-07-01,SKU00285,4,2022.68,505.67,
2025-07-01,SKU00529,5,3024.55,604.91,
2025-07-01,SKU00664,1,186.94,186.94,
2025-07-01,SKU00692,2,471.04,235.52,
2025-07-01,SKU00774,2,189.22,94.61,
2025-07-01,SKU01230,3,2061.69,687.23,
2025-07-01,SKU01389,2,7219.58,3609.79,
2025-07-01,SKU01775,2,408.3,204.15,
2025-07-01,SKU02648,1,883.45,883.45,
2025-07-01,SKU02738,1,181.37,230.16,1
2025-07-01,SKU02743,1,459.4,459.4,
2025-07-01,SKU03133,1,262.89,262.89,
2025-07-01,SKU03356,1,1150.81,1150.81,
2025-07-01,SKU03743,1,253.24,253.24,
2025-07-01,SKU04265,1,83.19,83.19,
2025-07-01,SKU04336,1,831.58,831.58,
2025-07-02,SKU00112,3,656.67,218.89,
2025-07-02,SKU00765,1,877.06,877.06,
2025-07-02,SKU00953,2,547.98,273.99,
2025-07-02,SKU00994,1,602.13,602.13,
2025-07-02,SKU01214,2,185.46,92.73,
2025-07-02,SKU01299,3,7697.22,2565.74,
2025-07-02,SKU01315,1,1695.35,1695.35,
2025-07-02,SKU01446,1,192.93,192.93,
2025-07-02,SKU02233,2,521.06,260.53,
2025-07-02,SKU02590,1,198.15,198.15,
2025-07-02,SKU03403,1,97.13,97.13,
2025-07-02,SKU03783,2,2138.4,1069.2,
2025-07-02,SKU03915,1,1708.53,1708.53,
2025-07-02,SKU04035,4,444.37,140.98,1
2025-07-02,SKU04154,5,1385.97,351.77,1
2025-07-02,SKU04223,4,175.68,43.92,
2025-07-02,SKU04359,3,695.49,231.83,
2025-07-02,SKU04507,4,519.12,129.78,
2025-07-03,SKU00238,1,1766.09,1766.09,
2025-07-03,SKU00264,1,242.74,242.74,
2025-07-03,SKU00285,2,1011.34,505.67,
2025-07-03,SKU00383,1,124.69,124.69,
2025-07-03,SKU00707,3,169.68,56.56,
2025-07-03,SKU00791,1,565.04,565.04,
2025-07-03,SKU01988,1,260.92,331.12,1
2025-07-03,SKU02201,1,1064.05,1064.05,
2025-07-03,SKU02425,2,2008.86,1004.43,
2025-07-03,SKU02627,1,190.96,190.96,
2025-07-03,SKU03727,2,3321.86,1660.93,
2025-07-03,SKU04046,1,114.83,114.83,
2025-07-03,SKU04191,4,336.32,106.7,1
2025-07-03,SKU04207,2,331.8,165.9,
2025-07-03,SKU04321,2,1922.6,961.3,
2025-07-03,SKU04406,1,128.17,128.17,
2025-07-03,SKU04830,1,258.35,258.35,
2025-07-04,SKU00036,1,188.79,188.79,
2025-07-04,SKU00079,2,395.8,197.9,
2025-07-04,SKU00455,1,1343.21,1343.21,
2025-07-04,SKU00650,1,282.54,282.54,
2025-07-04,SKU01317,1,644.83,644.83,
2025-07-04,SKU01446,1,192.93,192.93,
2025-07-04,SKU01751,2,919.62,459.81,
2025-07-04,SKU02008,1,935.7,935.7,
2025-07-04,SKU02624,2,6365.28,3182.64,
2025-07-04,SKU03433,2,324.14,162.07,
2025-07-04,SKU03448,3,1336.17,445.39000000000004,
2025-07-04,SKU03633,3,354.81,118.27,
2025-07-04,SKU03738,1,62.53,62.53,
2025-07-04,SKU03854,2,964.86,482.43,
2025-07-04,SKU03949,1,1149.07,1149.07,
2025-07-04,SKU04154,1,277.19,351.77,1
2025-07-04,SKU04321,1,961.3,961.3,
2025-07-04,SKU04596,3,1006.6500000000001,335.55,
2025-07-05,SKU00126,2,506.88,253.44,
2025-07-05,SKU00363,5,5518.75,1103.75,
2025-07-05,SKU00830,1,290.01,290.01,
2025-07-05,SKU00912,2,2496.52,1248.26,
2025-07-05,SKU00942,1,172.9,172.9,
2025-07-05,SKU01018,1,242.43,242.43,
2025-07-05,SKU01752,4,1836.76,459.19,
2025-07-05,SKU02089,4,1643.44,410.86,
2025-07-05,SKU02091,4,201.36,50.34,
2025-07-05,SKU02342,1,143.15,143.15,
2025-07-05,SKU02407,2,992.6,496.3,
2025-07-05,SKU02961,2,2261.96,1130.98,
2025-07-05,SKU02982,1,413.73,413.73,
2025-07-05,SKU03088,2,447.1,223.55,
2025-07-05,SKU03292,1,129.26,164.03,1
2025-07-05,SKU04056,3,3552.15,1184.05,
2025-07-05,SKU04264,1,2568.45,2568.45,
2025-07-06,SKU00050,1,34.08,34.08,
2025-07-06,SKU00306,1,300.86,300.86,
2025-07-06,SKU00845,1,670.83,670.83,
2025-07-06,SKU01210,3,839.16,279.72,
2025-07-06,SKU01775,2,408.3,204.15,
2025-07-06,SKU02227,1,1096.48,1096.48,
2025-07-06,SKU02596,1,264.7,264.7,
2025-07-06,SKU02915,1,2288.75,2288.75,
2025-07-06,SKU02947,2,269.0,134.5,
2025-07-06,SKU03889,1,291.44,291.44,
2025-07-06,SKU04032,1,203.7,203.7,
2025-07-06,SKU04321,2,1922.6,961.3,
2025-07-06,SKU04386,1,837.35,837.35,
2025-07-06,SKU04505,1,120.68,120.68,
2025-07-06,SKU04508,2,751.1,375.55,
2025-07-06,SKU04586,2,962.76,481.38,
2025-07-06,SKU04596,1,335.55,335.55,
2025-07-06,SKU04781,2,125.32,79.52,1
2025-07-06,SKU04830,1,258.35,258.35,
2025-07-07,SKU00314,1,407.17,407.17,
2025-07-07,SKU00772,3,869.19,289.73,
2025-07-07,SKU00806,1,186.07,186.07,
2025-07-07,SKU01048,3,288.54,96.18,
2025-07-07,SKU01524,3,5592.51,1864.17,
2025-07-07,SKU03498,3,2146.2,715.4,
2025-07-07,SKU03727,1,1660.93,1660.93,
2025-07-07,SKU04033,4,564.88,141.22,
2025-07-07,SKU04109,5,1728.0,345.6,
2025-07-07,SKU04321,5,4806.5,961.3,
2025-07-07,SKU04596,4,1342.2,335.55,
2025-07-07,SKU04816,2,180.98,90.49,
2025-07-08,SKU00870,2,545.7,272.85,
2025-07-08,SKU01152,1,486.03,486.03,
2025-07-08,SKU01851,1,1282.27,1282.27,
2025-07-08,SKU01985,1,284.04,284.04,
2025-07-08,SKU02165,1,151.01,151.01,
2025-07-08,SKU02330,2,442.76,221.38,
2025-07-08,SKU02624,1,3182.64,3182.64,
2025-07-08,SKU02720,3,419.94,139.98,
2025-07-08,SKU03014,1,150.16,150.16,
2025-07-08,SKU03476,3,2044.32,681.44,
2025-07-08,SKU03555,1,213.41,213.41,
2025-07-08,SKU04241,2,77.88,38.94,
2025-07-08,SKU04321,2,1922.6,961.3,
2025-07-08,SKU04437,2,48.82,24.41,
2025-07-08,SKU04438,1,146.23,146.23,
2025-07-08,SKU04441,3,12470.37,4156.79,
2025-07-09,SKU00216,1,678.4,678.4,
2025-07-09,SKU00376,1,207.45,207.45,
2025-07-09,SKU00429,1,582.88,582.88,
2025-07-09,SKU00542,4,5469.2,1367.3,
2025-07-09,SKU00953,2,547.98,273.99,
2025-07-09,SKU00954,1,209.16,209.16,
2025-07-09,SKU01009,5,1117.1,223.42,
2025-07-09,SKU01420,1,213.65,213.65,
2025-07-09,SKU01436,1,168.64,168.64,
2025-07-09,SKU01794,2,627.23,397.99,1
2025-07-09,SKU01886,1,1996.89,1996.89,
2025-07-09,SKU02462,1,171.89,171.89,
2025-07-09,SKU02712,1,168.07,168.07,
2025-07-09,SKU02791,2,970.0,485.0,
2025-07-09,SKU03118,3,4684.17,1561.39,
2025-07-09,SKU03665,5,1558.65,311.73,
2025-07-09,SKU03940,1,235.21,235.21,
2025-07-09,SKU04321,2,1922.6,961.3,
2025-07-09,SKU04434,2,1580.86,790.43,
2025-07-09,SKU04548,2,279.62,139.81,
2025-07-09,SKU04596,6,2013.3,335.55,
2025-07-09,SKU04806,1,92.11,92.11,
2025-07-09,SKU04916,1,1699.1,1699.1,
2025-07-09,SKU04943,1,114.75,145.62,1
2025-07-10,SKU00119,3,2891.82,963.94,
2025-07-10,SKU00190,2,290.84,145.42,
2025-07-10,SKU00205,2,445.78,222.89,
2025-07-10,SKU00497,1,399.27,399.27,
2025-07-10,SKU00561,2,3912.62,1956.31,
2025-07-10,SKU00595,3,8081.91,2693.97,
2025-07-10,SKU00997,1,284.15,284.15,
2025-07-10,SKU01993,5,710.85,142.17,
2025-07-10,SKU02314,2,942.66,471.33,
2025-07-10,SKU02320,5,539.3,107.85999999999999,
2025-07-10,SKU02484,2,1134.52,567.26,
2025-07-10,SKU02565,1,258.39,258.39,
2025-07-10,SKU02858,2,181.4,90.7,
2025-07-10,SKU03840,5,1275.6,255.11999999999998,
2025-07-10,SKU04154,3,831.58,351.77,1
2025-07-10,SKU04275,3,720.12,240.04,
2025-07-10,SKU04660,2,4789.54,2394.77,
2025-07-10,SKU04891,1,647.88,647.88,
2025-07-10,SKU04924,1,2799.28,2799.28,
2025-07-11,SKU00995,3,712.68,237.56000000000003,
2025-07-11,SKU01249,2,224.42,112.21,
2025-07-11,SKU01593,2,451.64,225.82,
2025-07-11,SKU02303,3,542.1,180.69999999999996,
2025-07-11,SKU02738,4,920.64,230.16,
2025-07-11,SKU03727,1,1660.93,1660.93,
2025-07-11,SKU03820,4,3844.2,961.05,
2025-07-11,SKU04062,1,3430.14,3430.14,
2025-07-11,SKU04321,3,2883.8999999999996,961.2999999999998,
2025-07-11,SKU04685,1,173.01,173.01,
2025-07-11,SKU04780,5,187.1,37.42,
2025-07-11,SKU04847,1,630.96,630.96,
2025-07-11,SKU04905,1,117.04,117.04,
2025-07-11,SKU04978,2,461.86,230.93,
2025-07-12,SKU00129,1,217.18,217.18,
2025-07-12,SKU00608,4,2453.16,613.29,
2025-07-12,SKU00994,1,602.13,602.13,
2025-07-12,SKU01330,3,550.47,183.49,
2025-07-12,SKU01371,1,1277.61,1277.61,
2025-07-12,SKU02368,7,5945.73,849.39,
2025-07-12,SKU02530,1,506.86,506.86,
2025-07-12,SKU03103,1,225.45,225.45,
2025-07-12,SKU03716,1,883.69,883.69,
2025-07-12,SKU03727,1,1660.93,1660.93,
2025-07-12,SKU03734,4,1765.64,441.41,
2025-07-12,SKU04102,1,358.12,358.12,
2025-07-12,SKU04321,2,1922.6,961.3,
2025-07-12,SKU04772,1,1952.93,1952.93,
2025-07-13,SKU00188,2,402.82,201.41,
2025-07-13,SKU00190,1,145.42,145.42,
2025-07-13,SKU00215,3,306.09,102.03000000000002,
2025-07-13,SKU00319,1,129.05,129.05,
2025-07-13,SKU00432,1,1977.65,1977.65,
2025-07-13,SKU01045,1,451.29,451.29,
2025-07-13,SKU01992,1,394.66,394.66,
2025-07-13,SKU02004,5,4628.35,925.6699999999998,
2025-07-13,SKU02354,1,90.78,90.78,
2025-07-13,SKU02930,3,510.48,170.16,
2025-07-13,SKU03090,3,422.67,140.89,
2025-07-13,SKU03665,3,935.19,311.73,
2025-07-13,SKU04015,4,6794.04,1698.51,
2025-07-13,SKU04275,2,480.08,240.04,
2025-07-13,SKU04321,4,3845.2,961.3,
2025-07-13,SKU04325,1,2888.57,2888.57,
2025-07-13,SKU04384,3,4845.0,1615.0,
2025-07-13,SKU04571,2,1737.04,868.52,
2025-07-14,SKU00285,1,505.67,505.67,
2025-07-14,SKU00531,2,5899.92,2949.96,
2025-07-14,SKU00845,3,2012.49,670.83,
2025-07-14,SKU00866,2,2646.94,1323.47,
2025-07-14,SKU00920,1,114.73,114.73,
2025-07-14,SKU01021,5,6217.35,1243.47,
2025-07-14,SKU01165,1,996.52,996.52,
2025-07-14,SKU02381,1,987.93,987.93,
2025-07-14,SKU02516,2,948.24,474.12,
2025-07-14,SKU02640,2,3126.44,1563.22,
2025-07-14,SKU02836,2,2289.54,1144.77,
2025-07-14,SKU03029,3,201.87,67.29,
2025-07-14,SKU03181,1,500.79,500.79,
2025-07-14,SKU03688,1,671.66,671.66,
2025-07-14,SKU03906,5,627.65,125.53,
2025-07-14,SKU04138,3,6225.48,2075.16,
2025-07-14,SKU04154,1,351.77,351.77,
2025-07-14,SKU04321,3,2883.8999999999996,961.2999999999998,
2025-07-14,SKU04501,1,365.13,365.13,
2025-07-14,SKU04646,1,82.38,82.38,
2025-07-15,SKU00325,1,631.5,631.5,
2025-07-15,SKU00640,3,541.02,180.34,
2025-07-15,SKU00692,2,471.04,235.52,
2025-07-15,SKU00994,1,602.13,602.13,
2025-07-15,SKU01343,4,1328.6,332.15,
2025-07-15,SKU01686,1,54.03,54.03,
2025-07-15,SKU01751,3,1379.43,459.81,
2025-07-15,SKU01761,1,308.43,308.43,
2025-07-15,SKU02440,4,533.88,133.47,
2025-07-15,SKU03685,3,134.58,44.85999999999999,
2025-07-15,SKU03708,1,102.64,102.64,
2025-07-15,SKU03713,1,197.54,197.54,
2025-07-15,SKU03907,3,2630.19,876.73,
2025-07-15,SKU04064,3,11535.96,3845.32,
2025-07-15,SKU04248,1,158.02,158.02,
2025-07-15,SKU04321,2,1922.6,961.3,
2025-07-15,SKU04596,3,1006.65,335.55,
2025-07-16,SKU00177,3,343.95,114.65000000000002,
2025-07-16,SKU00263,1,443.51,443.51,
2025-07-16,SKU00845,1,670.83,670.83,
2025-07-16,SKU01030,1,224.5,224.5,
2025-07-16,SKU01045,3,1353.87,451.29,
2025-07-16,SKU02082,3,654.75,218.25,
2025-07-16,SKU02776,1,234.93,234.93,
2025-07-16,SKU03053,1,4086.72,4086.72,
2025-07-16,SKU03055,1,130.59,130.59,
2025-07-16,SKU03268,1,734.99,734.99,
2025-07-16,SKU03292,2,328.06,164.03,
2025-07-16,SKU03423,1,387.84,387.84,
2025-07-16,SKU03812,1,1167.25,1167.25,
2025-07-16,SKU03965,1,81.54,81.54,
2025-07-16,SKU04828,1,145.98,145.98,
2025-07-17,SKU00246,1,1021.22,1021.22,
2025-07-17,SKU00286,2,128.9,64.45,
2025-07-17,SKU00624,1,2367.38,2367.38,
2025-07-17,SKU01037,1,178.07,178.07,
2025-07-17,SKU01491,4,3395.16,848.79,
2025-07-17,SKU02423,1,3672.71,3672.71,
2025-07-17,SKU02778,2,342.38,171.19,
2025-07-17,SKU03292,1,164.03,164.03,
2025-07-17,SKU03406,3,768.48,256.16,
2025-07-17,SKU03671,3,274.44,91.48,
2025-07-17,SKU04159,5,10941.8,2188.36,
2025-07-17,SKU04196,3,1356.57,452.19,
2025-07-17,SKU04209,3,5767.38,1922.46,
2025-07-17,SKU04321,4,3845.2,961.3,
2025-07-17,SKU04350,1,394.93,394.93,
2025-07-17,SKU04762,2,874.9,437.45,
2025-07-17,SKU04954,2,749.44,374.72,
2025-07-18,SKU00285,5,2528.35,505.66999999999996,
2025-07-18,SKU00743,1,759.3,759.3,
2025-07-18,SKU00964,3,687.0,229.0,
2025-07-18,SKU01142,4,1697.96,424.49,
2025-07-18,SKU01370,1,195.01,195.01,
2025-07-18,SKU01520,1,1113.71,1113.71,
2025-07-18,SKU02538,4,866.32,216.58,
2025-07-18,SKU02758,1,198.33,198.33,
2025-07-18,SKU02815,1,689.01,689.01,
2025-07-18,SKU03430,1,348.18,348.18,
2025-07-18,SKU03671,1,91.48,91.48,
2025-07-18,SKU03727,2,3321.86,1660.93,
2025-07-18,SKU03789,4,4192.56,1048.14,
2025-07-18,SKU04154,1,351.77,351.77,
2025-07-18,SKU04321,3,2883.9,961.2999999999998,
2025-07-19,SKU00195,1,1139.65,1139.65,
2025-07-19,SKU00809,1,54.18,54.18,
2025-07-19,SKU01037,3,534.21,178.07000000000002,
2025-07-19,SKU01152,2,972.06,486.03,
2025-07-19,SKU01250,3,169.65,56.54999999999999,
2025-07-19,SKU01439,1,987.75,987.75,
2025-07-19,SKU01890,2,238.86,119.43,
2025-07-19,SKU02947,1,134.5,134.5,
2025-07-19,SKU04283,2,3737.34,1868.67,
2025-07-19,SKU04321,2,1922.6,961.3,
2025-07-19,SKU04571,2,1737.04,868.52,
2025-07-19,SKU04947,3,1638.51,546.17,
2025-07-19,SKU04957,1,1148.55,1148.55,
2025-07-19,SKU04999,1,336.69,336.69,
2025-07-20,SKU00079,1,197.9,197.9,
2025-07-20,SKU00177,2,229.3,114.65,
2025-07-20,SKU00404,1,230.08,230.08,
2025-07-20,SKU00500,2,2529.16,1264.58,
2025-07-20,SKU00684,2,233.74,116.87,
2025-07-20,SKU00953,2,547.98,273.99,
2025-07-20,SKU00957,1,159.22,159.22,
2025-07-20,SKU01343,2,664.3,332.15,
2025-07-20,SKU01414,4,773.76,193.44,
2025-07-20,SKU02191,1,360.08,360.08,
2025-07-20,SKU02878,2,5790.0,2895.0,
2025-07-20,SKU02922,1,213.14,213.14,
2025-07-20,SKU03000,2,345.92,172.96,
2025-07-20,SKU03140,1,119.93,119.93,
2025-07-20,SKU03239,1,165.27,165.27,
2025-07-20,SKU03724,1,380.37,380.37,
2025-07-20,SKU03840,2,510.24,255.12,
2025-07-20,SKU04029,3,1681.08,560.36,
2025-07-20,SKU04294,2,999.14,499.57,
2025-07-20,SKU04321,1,961.3,961.3,
2025-07-21,SKU00261,1,62.18,62.18,
2025-07-21,SKU00264,4,970.96,242.74,
2025-07-21,SKU00404,3,690.24,230.08,
2025-07-21,SKU01037,3,534.21,178.07000000000002,
2025-07-21,SKU01079,1,125.88,125.88,
2025-07-21,SKU01461,2,1434.06,717.03,
2025-07-21,SKU01953,1,309.85,309.85,
2025-07-21,SKU02737,2,630.28,315.14,
2025-07-21,SKU03307,2,1464.68,732.34,
2025-07-21,SKU03485,2,188.36,94.18,
2025-07-21,SKU03527,1,419.97,419.97,
2025-07-21,SKU03727,1,1660.93,1660.93,
2025-07-21,SKU04288,5,862.2,172.44,
2025-07-21,SKU04321,3,2883.8999999999996,961.2999999999998,
2025-07-22,SKU00953,1,273.99,273.99,
2025-07-22,SKU00994,2,1204.26,602.13,
2025-07-22,SKU01087,1,231.99,231.99,
2025-07-22,SKU01274,3,1675.08,558.36,
2025-07-22,SKU01281,2,363.02,181.51,
2025-07-22,SKU01438,1,298.01,298.01,
2025-07-22,SKU01665,1,2278.76,2278.76,
2025-07-22,SKU01697,1,306.11,306.11,
2025-07-22,SKU01771,1,336.08,336.08,
2025-07-22,SKU02407,1,496.3,496.3,
2025-07-22,SKU02482,1,1297.95,1297.95,
2025-07-22,SKU02833,5,19622.65,3924.53,
2025-07-22,SKU03077,1,377.75,377.75,
2025-07-22,SKU03292,1,164.03,164.03,
2025-07-22,SKU03455,1,309.96,309.96,
2025-07-22,SKU03550,3,2596.71,865.57,
2025-07-22,SKU03727,1,1660.93,1660.93,
2025-07-22,SKU03782,2,117.06,58.53,
2025-07-22,SKU03818,1,148.24,148.24,
2025-07-22,SKU03910,2,1328.58,664.29,
2025-07-22,SKU04077,2,221.38,110.69,
2025-07-22,SKU04233,1,271.64,271.64,
2025-07-22,SKU04321,3,2883.8999999999996,961.2999999999998,
2025-07-22,SKU04453,4,1062.32,265.58,
2025-07-22,SKU04776,1,218.83,218.83,
2025-07-22,SKU04783,5,9716.85,1943.3699999999997,
2025-07-23,SKU00227,1,2851.22,2851.22,
2025-07-23,SKU02416,3,316.59,105.53000000000002,
2025-07-23,SKU02538,2,433.16,216.58,
2025-07-23,SKU03104,3,1440.03,480.01,
2025-07-23,SKU03292,3,492.09,164.03,
2025-07-23,SKU03603,1,222.12,222.12,
2025-07-23,SKU04127,3,291.87,97.29,
2025-07-23,SKU04359,2,463.66,231.83,
2025-07-23,SKU04570,1,122.7,122.7,
2025-07-23,SKU04713,3,5740.2,1913.4000000000003,
2025-07-24,SKU00500,1,1264.58,1264.58,
2025-07-24,SKU00953,1,273.99,273.99,
2025-07-24,SKU00994,1,602.13,602.13,
2025-07-24,SKU01417,1,186.97,186.97,
2025-07-24,SKU01518,3,8790.03,2930.01,
2025-07-24,SKU01592,1,1748.08,1748.08,
2025-07-24,SKU01972,1,81.24,81.24,
2025-07-24,SKU02526,2,1396.22,698.11,
2025-07-24,SKU02801,1,288.37,288.37,
2025-07-24,SKU02824,4,216.52,54.13,
2025-07-24,SKU02848,1,172.68,334.01,1
2025-07-24,SKU02858,1,90.7,90.7,
2025-07-24,SKU03727,1,1660.93,1660.93,
2025-07-24,SKU03870,1,301.78,301.78,
2025-07-24,SKU04321,1,496.99,961.3,1
2025-07-24,SKU04646,1,82.38,82.38,
2025-07-24,SKU04959,3,420.39,140.13,
2025-07-25,SKU00315,1,384.54,384.54,
2025-07-25,SKU01200,1,973.91,973.91,
2025-07-25,SKU01961,1,250.71,250.71,
2025-07-25,SKU02141,1,243.96,471.88,1
2025-07-25,SKU03445,3,159.54,53.18,
2025-07-25,SKU03504,1,847.78,847.78,
2025-07-25,SKU03546,1,496.17,496.17,
2025-07-25,SKU03654,4,394.28,98.57,
2025-07-25,SKU04041,1,575.93,575.93,
2025-07-25,SKU04318,5,1027.5,205.5,
2025-07-25,SKU04321,2,993.98,961.3,1
2025-07-25,SKU04571,1,868.52,868.52,
2025-07-25,SKU04660,2,4789.54,2394.77,
2025-07-25,SKU04666,2,236.14,118.07,
2025-07-26,SKU00076,1,306.25,306.25,
2025-07-26,SKU00250,1,322.41,322.41,
2025-07-26,SKU00372,1,44.47,44.47,
2025-07-26,SKU00844,1,246.71,246.71,
2025-07-26,SKU01037,2,356.14,178.07,
2025-07-26,SKU01370,1,195.01,195.01,
2025-07-26,SKU01414,1,193.44,193.44,
2025-07-26,SKU01652,1,193.07,193.07,
2025-07-26,SKU01671,5,513.5,102.7,
2025-07-26,SKU01827,1,270.58,270.58,
2025-07-26,SKU01838,1,125.59,125.59,
2025-07-26,SKU02116,2,299.72,149.86,
2025-07-26,SKU02582,4,1298.24,324.56,
2025-07-26,SKU02714,2,1389.34,694.67,
2025-07-26,SKU02747,1,561.26,561.26,
2025-07-26,SKU03535,2,357.24,178.62,
2025-07-26,SKU03781,1,1471.19,1471.19,
2025-07-26,SKU03798,1,274.65,531.23,1
2025-07-26,SKU04275,1,240.04,240.04,
2025-07-26,SKU04321,2,993.98,961.3,1
2025-07-26,SKU04529,1,1190.28,1190.28,
2025-07-26,SKU04744,1,232.79,232.79,
2025-07-26,SKU04783,2,3886.74,1943.37,
2025-07-27,SKU00114,2,339.66,169.83,
2025-07-27,SKU00286,2,128.9,64.45,
2025-07-27,SKU00484,1,92.56,179.04,1
2025-07-27,SKU01030,2,449.0,224.5,
2025-07-27,SKU01956,2,520.62,260.31,
2025-07-27,SKU02333,1,53.1,53.1,
2025-07-27,SKU02727,2,984.56,492.28,
2025-07-27,SKU02750,2,565.84,282.92,
2025-07-27,SKU02829,1,445.62,445.62,
2025-07-27,SKU02898,1,989.39,989.39,
2025-07-27,SKU02899,2,410.72,205.36,
2025-07-27,SKU02968,2,2023.22,1011.61,
2025-07-27,SKU03224,3,956.34,318.78,
2025-07-27,SKU03476,2,1362.88,681.44,
2025-07-27,SKU03567,1,237.29,458.98,1
2025-07-27,SKU03688,5,3358.3,671.66,
2025-07-27,SKU04290,1,199.57,199.57,
2025-07-27,SKU04321,5,2484.96,961.3,1
2025-07-27,SKU04396,5,17128.35,3425.6699999999996,
2025-07-27,SKU04596,3,1006.65,335.55,
2025-07-27,SKU04618,4,1734.32,433.58,
2025-07-28,SKU00088,5,743.1,148.62,
2025-07-28,SKU00155,2,1171.56,585.78,
2025-07-28,SKU00242,1,218.49,218.49,
2025-07-28,SKU00484,3,277.69,179.04,1
2025-07-28,SKU00489,1,1823.85,1823.85,
2025-07-28,SKU00886,2,3021.68,1510.84,
2025-07-28,SKU02444,1,75.9,75.9,
2025-07-28,SKU02659,1,601.35,601.35,
2025-07-28,SKU02672,1,1757.36,1757.36,
2025-07-28,SKU02733,3,1160.43,386.81,
2025-07-28,SKU02950,1,251.09,251.09,
2025-07-28,SKU03228,2,796.42,398.21,
2025-07-28,SKU03323,1,3001.52,3001.52,
2025-07-28,SKU03554,4,6469.8,1617.45,
2025-07-28,SKU03672,2,386.6,193.3,
2025-07-28,SKU03898,1,196.68,196.68,
2025-07-28,SKU04154,1,351.77,351.77,
2025-07-28,SKU04178,3,886.05,295.35,
2025-07-28,SKU04321,2,993.98,961.3,1
2025-07-28,SKU04459,1,1349.01,1349.01,
2025-07-28,SKU04645,1,80.56,155.83,1
2025-07-29,SKU00285,3,1517.01,505.67,
2025-07-29,SKU00328,2,409.94,204.97,
2025-07-29,SKU00539,1,199.63,199.63,
2025-07-29,SKU00696,2,492.94,246.47,
2025-07-29,SKU01151,1,1839.22,1839.22,
2025-07-29,SKU01321,2,2215.52,1107.76,
2025-07-29,SKU01533,2,552.46,276.23,
2025-07-29,SKU02088,1,69.31,69.31,
2025-07-29,SKU02115,1,112.03,112.03,
2025-07-29,SKU02503,1,280.9,280.9,
2025-07-29,SKU02837,2,5354.44,2677.22,
2025-07-29,SKU03196,3,2511.9,837.2999999999998,
2025-07-29,SKU03730,1,223.49,223.49,
2025-07-29,SKU03899,1,190.8,369.05,1
2025-07-29,SKU04321,1,496.99,961.3,1
2025-07-30,SKU00076,2,612.5,306.25,
2025-07-30,SKU00622,1,82.36,82.36,
2025-07-30,SKU00667,3,1721.85,573.95,
2025-07-30,SKU00694,2,359.42,179.71,
2025-07-30,SKU00751,1,91.09,91.09,
2025-07-30,SKU00970,2,708.08,354.04,
2025-07-30,SKU00976,3,805.26,268.42,
2025-07-30,SKU01278,2,2313.1,1156.55,
2025-07-30,SKU01926,1,331.66,641.51,1
2025-07-30,SKU01964,3,3482.73,1160.91,
2025-07-30,SKU02051,1,235.0,454.54,1
2025-07-30,SKU02226,1,101.4,101.4,
2025-07-30,SKU02431,1,222.61,430.58,1
2025-07-30,SKU02740,1,104.22,104.22,
2025-07-30,SKU02901,1,1081.76,1081.76,
2025-07-30,SKU03121,1,50.11,50.11,
2025-07-30,SKU03727,4,6643.72,1660.93,
2025-07-30,SKU03854,2,964.86,482.43,
2025-07-30,SKU04321,1,496.99,961.3,1
2025-07-30,SKU04596,1,335.55,335.55,
2025-07-30,SKU04626,3,1405.56,468.52,
2025-07-30,SKU04913,2,933.82,466.91,
2025-07-31,SKU00554,1,88.32,88.32,
2025-07-31,SKU00597,1,655.29,655.29,
2025-07-31,SKU00918,1,786.03,1559.59,1
2025-07-31,SKU01311,3,2669.55,889.85,
2025-07-31,SKU01432,1,78.81,78.81,
2025-07-31,SKU01644,1,68.26,68.26,
2025-07-31,SKU01878,1,98.98,98.98,
2025-07-31,SKU01900,1,330.24,330.24,
2025-07-31,SKU02130,1,749.78,749.78,
2025-07-31,SKU02192,1,318.55,616.15,1
2025-07-31,SKU02260,3,766.29,255.42999999999998,
2025-07-31,SKU02858,1,90.7,90.7,
2025-07-31,SKU02941,1,130.25,251.94,1
2025-07-31,SKU03134,2,393.88,196.94,
2025-07-31,SKU03473,1,195.88,195.88,
2025-07-31,SKU03727,2,3321.86,1660.93,
2025-07-31,SKU04018,1,96.14,96.14,
2025-07-31,SKU04074,1,340.42,340.42,
2025-07-31,SKU04154,2,703.54,351.77,
2025-07-31,SKU04201,2,1409.86,704.93,
2025-07-31,SKU04321,3,1490.98,961.2999999999998,1
2025-08-01,SKU00002,1,70.38,70.38,
2025-08-01,SKU00188,2,402.82,201.41,
2025-08-01,SKU00264,2,485.48,242.74,
2025-08-01,SKU00291,1,190.44,190.44,
2025-08-01,SKU00332,4,6680.2,1670.05,
2025-08-01,SKU00428,1,754.79,754.79,
2025-08-01,SKU00549,4,644.96,161.24,
2025-08-01,SKU01037,1,178.07,178.07,
2025-08-01,SKU01455,3,294.27,98.08999999999999,
2025-08-01,SKU01809,1,1072.06,1072.06,
2025-08-01,SKU01878,3,296.94,98.98,
2025-08-01,SKU02022,2,2661.08,1330.54,
2025-08-01,SKU02565,2,516.78,258.39,
2025-08-01,SKU02928,3,5538.81,1846.2699999999998,
2025-08-01,SKU02952,1,158.78,158.78,
2025-08-01,SKU03088,3,670.65,223.55000000000004,
2025-08-01,SKU03258,1,1275.38,1275.38,
2025-08-01,SKU03397,1,203.22,393.07,1
2025-08-01,SKU03970,1,526.03,526.03,
2025-08-01,SKU04305,5,3911.1,782.22,
2025-08-01,SKU04318,1,205.5,205.5,
2025-08-01,SKU04696,2,3142.66,1571.33,
2025-08-02,SKU00114,2,339.66,169.83,
2025-08-02,SKU00169,1,95.37,95.37,
2025-08-02,SKU00532,1,47.78,94.81,1
2025-08-02,SKU01049,1,884.98,884.98,
2025-08-02,SKU01955,1,375.68,375.68,
2025-08-02,SKU02415,1,249.28,441.21,1
2025-08-02,SKU02534,1,835.09,835.09,
2025-08-02,SKU02858,3,272.1,90.7,
2025-08-02,SKU02930,1,96.14,170.16,1
2025-08-02,SKU03088,2,447.1,223.55,
2025-08-02,SKU03169,3,1043.13,347.71,
2025-08-02,SKU04103,1,104.71,104.71,
2025-08-02,SKU04321,1,496.99,961.3,1
2025-08-02,SKU04596,2,671.1,335.55,
2025-08-02,SKU04725,1,84.88,84.88,
2025-08-03,SKU00115,2,91.64,45.82,
2025-08-03,SKU00177,2,229.3,114.65,
2025-08-03,SKU00288,3,327.0,109.0,
2025-08-03,SKU01044,5,13019.35,2603.87,
2025-08-03,SKU01295,1,148.61,148.61,
2025-08-03,SKU01490,4,329.72,82.43,
2025-08-03,SKU01544,1,67.9,131.34,1
2025-08-03,SKU02124,2,331.64,165.82,
2025-08-03,SKU02314,1,471.33,471.33,
2025-08-03,SKU02705,2,6537.1,3268.55,
2025-08-03,SKU02895,3,180.25,119.21,1
2025-08-03,SKU02930,1,96.14,170.16,1
2025-08-03,SKU04266,3,566.31,188.77,
2025-08-03,SKU04321,1,496.99,961.3,1
2025-08-03,SKU04348,1,142.05,274.76,1
2025-08-03,SKU04489,3,753.03,251.01,
2025-08-03,SKU04511,2,2741.26,1370.63,
2025-08-03,SKU04973,1,909.63,909.63,
2025-08-04,SKU00193,1,308.55,308.55,
2025-08-04,SKU00584,2,4663.02,2331.51,
2025-08-04,SKU00976,2,536.84,268.42,
2025-08-04,SKU01468,1,645.85,645.85,
2025-08-04,SKU01485,2,492.37,476.18,1
2025-08-04,SKU01628,3,468.54,156.18,
2025-08-04,SKU02120,3,241.2,80.4,
2025-08-04,SKU02556,1,138.42,245.0,1
2025-08-04,SKU02614,1,118.14,118.14,
2025-08-04,SKU02653,3,1147.65,382.55,
2025-08-04,SKU02883,3,3120.06,1040.02,
2025-08-04,SKU03205,1,57.49,57.49,
2025-08-04,SKU04026,2,249.16,240.97,1
2025-08-04,SKU04321,3,1490.98,961.2999999999998,1
2025-08-05,SKU00365,1,39.31,78.0,1
2025-08-05,SKU00696,2,492.94,246.47,
2025-08-05,SKU00937,3,2303.43,767.81,
2025-08-05,SKU01327,4,1664.72,416.18,
2025-08-05,SKU01844,4,3589.84,897.46,
2025-08-05,SKU02734,2,404.36,202.18,
2025-08-05,SKU03400,1,256.16,256.16,
2025-08-05,SKU03460,2,3714.75,3034.93,1
2025-08-05,SKU03727,3,3049.47,1660.93,1
2025-08-05,SKU03820,2,1922.1,961.05,
2025-08-05,SKU04039,2,763.38,381.69,
2025-08-05,SKU04166,2,527.34,263.67,
2025-08-05,SKU04186,1,176.5,176.5,
2025-08-05,SKU04247,1,74.64,74.64,
2025-08-05,SKU04748,3,1661.43,553.81,
2025-08-06,SKU00020,1,109.5,109.5,
2025-08-06,SKU00130,5,1810.9,362.18,
2025-08-06,SKU00286,5,322.25,64.45,
2025-08-06,SKU00298,1,383.06,383.06,
2025-08-06,SKU00363,1,1103.75,1103.75,
2025-08-06,SKU00371,1,266.64,515.75,1
2025-08-06,SKU01155,1,562.84,996.18,1
2025-08-06,SKU01679,1,1739.03,1739.03,
2025-08-06,SKU02050,2,181.46,90.73,
2025-08-06,SKU02137,1,1893.03,1893.03,
2025-08-06,SKU02178,3,564.81,188.27,
2025-08-06,SKU02298,3,2278.2,759.4,
2025-08-06,SKU02301,5,5107.05,1021.4100000000001,
2025-08-06,SKU02791,1,296.82,485.0,1
2025-08-06,SKU03988,2,454.3,227.15,
2025-08-06,SKU04105,1,240.29,464.78,1
2025-08-06,SKU04321,3,1490.98,961.2999999999998,1
2025-08-06,SKU04380,3,860.79,286.93,
2025-08-07,SKU00051,3,522.3,336.75,1
2025-08-07,SKU00190,1,145.42,145.42,
2025-08-07,SKU00197,1,330.62,330.62,
2025-08-07,SKU00216,5,3392.0,678.4,
2025-08-07,SKU00790,5,2165.8,433.16,
2025-08-07,SKU02143,3,265.92,88.64,
2025-08-07,SKU02833,1,3924.53,3924.53,
2025-08-07,SKU03292,2,328.06,164.03,
2025-08-07,SKU03836,1,228.78,442.52,1
2025-08-07,SKU04106,5,460.1,92.02,
2025-08-07,SKU04321,4,1987.96,961.3,1
2025-08-07,SKU04359,2,463.66,231.83,
2025-08-07,SKU04447,5,5953.2,1190.64,
2025-08-07,SKU04476,1,69.77,134.95,1
2025-08-07,SKU04556,1,51.09,51.09,
2025-08-08,SKU00487,1,209.96,209.96,
2025-08-08,SKU01153,3,1647.63,897.4,1
2025-08-08,SKU01316,2,381.2,190.6,
2025-08-08,SKU01466,1,34.29,34.29,
2025-08-08,SKU01563,1,2485.52,2485.52,
2025-08-08,SKU01601,1,137.22,137.22,
2025-08-08,SKU01682,1,254.03,254.03,
2025-08-08,SKU01966,2,221.2,110.6,
2025-08-08,SKU02502,1,634.68,634.68,
2025-08-08,SKU02937,2,351.48,175.74,
2025-08-08,SKU03656,4,4318.84,1079.71,
2025-08-08,SKU04185,2,159.66,79.83,
2025-08-08,SKU04430,1,132.15,132.15,
2025-08-08,SKU04474,1,168.07,168.07,
2025-08-08,SKU04596,1,335.55,335.55,
2025-08-08,SKU04702,3,4016.54,2187.66,1
2025-08-08,SKU04783,1,1943.37,1943.37,
2025-08-08,SKU04903,1,237.98,237.98,
2025-08-09,SKU00410,2,2162.18,1081.09,
2025-08-09,SKU00426,2,626.2,605.61,1
2025-08-09,SKU00896,1,194.43,194.43,
2025-08-09,SKU00939,1,747.3,747.3,
2025-08-09,SKU01251,3,3952.14,2613.85,1
2025-08-09,SKU01338,5,1773.2,354.64,
2025-08-09,SKU01881,2,523.56,261.78,
2025-08-09,SKU02113,5,1547.75,309.55,
2025-08-09,SKU02368,2,1698.78,849.39,
2025-08-09,SKU02771,3,237.6,79.2,
2025-08-09,SKU03193,1,259.16,259.16,
2025-08-09,SKU03693,1,1381.82,1381.82,
2025-08-09,SKU03888,1,697.0,697.0,
2025-08-09,SKU04129,3,1512.35,823.7199999999999,1
2025-08-09,SKU04321,1,496.99,961.3,1
2025-08-09,SKU04329,4,9808.28,2452.07,
2025-08-09,SKU04596,3,1006.65,335.55,
2025-08-09,SKU04661,1,81.09,81.09,
2025-08-09,SKU04824,2,2049.88,1024.94,
2025-08-10,SKU00285,2,1011.34,505.67,
2025-08-10,SKU00686,1,1242.49,1242.49,
2025-08-10,SKU00953,3,821.97,273.99,
2025-08-10,SKU01037,1,178.07,178.07,
2025-08-10,SKU01097,1,1366.05,1366.05,
2025-08-10,SKU01466,3,102.87,34.29,
2025-08-10,SKU01534,1,2964.57,2964.57,
2025-08-10,SKU01748,1,750.21,750.21,
2025-08-10,SKU02298,2,1518.8,759.4,
2025-08-10,SKU02397,3,5362.5,1787.5,
2025-08-10,SKU02952,1,158.78,158.78,
2025-08-10,SKU03024,1,144.82,280.12,1
2025-08-10,SKU04063,1,243.76,471.49,1
2025-08-10,SKU04066,1,275.52,275.52,
2025-08-10,SKU04166,3,791.01,263.67,
2025-08-10,SKU04321,3,1490.97,961.2999999999998,1
2025-08-10,SKU04344,2,403.62,201.81,
2025-08-10,SKU04349,3,207.0,69.0,
2025-08-10,SKU04894,1,132.35,262.59,1
2025-08-11,SKU00367,2,3706.14,1853.07,
2025-08-11,SKU00605,4,950.19,420.44,1
2025-08-11,SKU00717,2,4225.28,2112.64,
2025-08-11,SKU01683,2,1026.9,513.45,
2025-08-11,SKU01884,2,1377.12,1125.1,1
2025-08-11,SKU02070,1,156.71,156.71,
2025-08-11,SKU02947,2,269.0,134.5,
2025-08-11,SKU03272,1,857.58,857.58,
2025-08-11,SKU03727,1,1016.49,1660.93,1
2025-08-11,SKU04044,2,602.8,301.4,
2025-08-11,SKU04321,1,496.99,961.3,1
2025-08-12,SKU00190,2,290.84,145.42,
2025-08-12,SKU00263,3,1330.53,443.51,
2025-08-12,SKU00370,1,680.89,680.89,
2025-08-12,SKU00915,1,771.32,771.32,
2025-08-12,SKU01371,4,5110.44,1277.61,
2025-08-12,SKU01838,1,125.59,125.59,
2025-08-12,SKU02333,1,53.1,53.1,
2025-08-12,SKU02501,2,980.76,490.38,
2025-08-12,SKU02542,4,1308.96,327.24,
2025-08-12,SKU02546,2,539.25,521.52,1
2025-08-12,SKU02802,2,797.12,398.56,
2025-08-12,SKU03461,1,861.75,861.75,
2025-08-12,SKU03622,2,577.2,288.6,
2025-08-12,SKU03835,2,1013.61,897.0,1
2025-08-12,SKU03957,3,265.14,88.38,
2025-08-12,SKU04321,8,3975.94,961.3,1
2025-08-12,SKU04350,1,204.18,394.93,1
2025-08-12,SKU04596,1,335.55,335.55,
2025-08-12,SKU04777,4,280.28,135.53,1
2025-08-13,SKU00148,3,1071.84,357.28,
2025-08-13,SKU00259,1,249.48,249.48,
2025-08-13,SKU00264,1,242.74,242.74,
2025-08-13,SKU00429,1,582.88,582.88,
2025-08-13,SKU01607,1,139.2,269.24,1
2025-08-13,SKU01653,1,550.27,550.27,
2025-08-13,SKU02156,1,93.13,184.79,1
2025-08-13,SKU02648,5,4417.25,883.45,
2025-08-13,SKU02658,3,333.18,111.06,
2025-08-13,SKU02930,1,96.14,170.16,1
2025-08-13,SKU03385,2,155.03,153.8,1
2025-08-13,SKU03547,2,198.68,99.34,
2025-08-13,SKU04005,1,129.46,129.46,
2025-08-13,SKU04088,2,293.32,146.66,
2025-08-13,SKU04596,3,1006.65,335.55,
2025-08-13,SKU04814,3,161.85,53.95000000000001,
2025-08-13,SKU04974,1,965.01,1576.81,1
2025-08-14,SKU00291,1,190.44,190.44,
2025-08-14,SKU00738,2,123.48,109.27,1
2025-08-14,SKU00954,2,418.32,209.16,
2025-08-14,SKU01371,3,3832.83,1277.61,
2025-08-14,SKU02068,1,249.89,249.89,
2025-08-14,SKU02150,1,1382.56,1382.56,
2025-08-14,SKU02426,5,955.35,191.07,
2025-08-14,SKU02589,1,247.05,247.05,
2025-08-14,SKU02819,4,2841.83,1160.88,1
2025-08-14,SKU02833,2,7849.06,3924.53,
2025-08-14,SKU03194,1,649.38,649.38,
2025-08-14,SKU03555,3,640.23,213.41,
2025-08-14,SKU03727,2,2032.98,1660.93,1
2025-08-14,SKU04092,1,207.57,207.57,
2025-08-14,SKU04321,6,5767.8,961.3000000000001,
2025-08-15,SKU00078,3,2461.59,820.5300000000001,
2025-08-15,SKU00687,3,3495.27,1165.09,
2025-08-15,SKU00775,2,105.24,52.62,
2025-08-15,SKU01045,1,451.29,451.29,
2025-08-15,SKU01243,1,208.57,208.57,
2025-08-15,SKU01541,2,1864.0,932.0,
2025-08-15,SKU01598,1,333.41,333.41,
2025-08-15,SKU01757,3,276.18,92.06,
2025-08-15,SKU01988,3,993.36,331.12,
2025-08-15,SKU02196,4,1214.0,303.5,
2025-08-15,SKU02258,1,1603.12,2619.48,1
2025-08-15,SKU02371,1,499.35,499.35,
2025-08-15,SKU02403,3,601.53,200.51,
2025-08-15,SKU02585,1,322.59,322.59,
2025-08-15,SKU03051,1,202.67,202.67,
2025-08-15,SKU03227,1,193.31,383.56,1
2025-08-15,SKU03367,2,248.16,124.08,
2025-08-15,SKU03385,1,77.52,153.8,1
2025-08-15,SKU03519,1,140.28,140.28,
2025-08-15,SKU03530,2,2602.68,2126.37,1
2025-08-15,SKU03540,4,815.96,203.99,
2025-08-15,SKU03854,1,482.43,482.43,
2025-08-15,SKU04005,1,129.46,129.46,
2025-08-15,SKU04321,2,1922.6,961.3,
2025-08-15,SKU04373,3,3101.07,1033.69,
2025-08-16,SKU00001,3,2440.23,813.41,
2025-08-16,SKU00032,2,103.82,51.91,
2025-08-16,SKU00110,3,860.61,286.87,
2025-08-16,SKU00241,2,2093.77,1710.6,1
2025-08-16,SKU00286,1,64.45,64.45,
2025-08-16,SKU00953,4,1095.96,273.99,
2025-08-16,SKU01079,2,251.76,125.88,
2025-08-16,SKU01149,4,2001.84,500.46,
2025-08-16,SKU01407,1,684.09,1357.33,1
2025-08-16,SKU01734,2,5664.26,2832.13,
2025-08-16,SKU02407,3,1488.9,496.3,
2025-08-16,SKU02640,3,4689.66,1563.22,
2025-08-16,SKU02930,1,96.14,170.16,1
2025-08-16,SKU02954,4,2413.2,603.3,
2025-08-16,SKU03194,3,1948.14,649.38,
2025-08-16,SKU03259,1,303.43,602.04,1
2025-08-16,SKU03292,4,656.12,164.03,
2025-08-16,SKU03462,2,1943.04,1587.45,1
2025-08-16,SKU03727,3,3049.47,1660.93,1
2025-08-16,SKU04126,2,3293.9,1646.95,
2025-08-16,SKU04192,3,466.14,155.38,
2025-08-16,SKU04672,1,1322.49,2160.93,1
2025-08-17,SKU00674,4,2944.08,736.02,
2025-08-17,SKU00945,4,525.4,131.35,
2025-08-17,SKU01343,4,1328.6,332.15,
2025-08-17,SKU01685,2,270.54,135.27,
2025-08-17,SKU01801,5,4744.15,948.8300000000002,
2025-08-17,SKU02141,1,471.88,471.88,
2025-08-17,SKU02300,2,191.32,95.66,
2025-08-17,SKU02605,1,67.28,67.28,
2025-08-17,SKU02692,1,1055.9,2095.03,1
2025-08-17,SKU03703,1,58.27,115.62,1
2025-08-17,SKU03829,1,660.71,660.71,
2025-08-17,SKU04346,1,970.29,970.29,
2025-08-17,SKU04468,1,570.35,570.35,
2025-08-17,SKU04596,1,335.55,335.55,
2025-08-17,SKU04872,3,463.08,154.36,
2025-08-18,SKU00094,1,1069.07,1069.07,
2025-08-18,SKU00369,1,368.93,368.93,
2025-08-18,SKU00942,1,172.9,172.9,
2025-08-18,SKU01169,2,292.92,146.46,
2025-08-18,SKU01274,2,683.43,558.36,1
2025-08-18,SKU01495,1,97.4,97.4,
2025-08-18,SKU01710,1,1282.0,2094.77,1
2025-08-18,SKU01775,4,816.6,204.15,
2025-08-18,SKU02049,2,1413.8,706.9,
2025-08-18,SKU02194,1,662.22,1082.06,1
2025-08-18,SKU02381,1,987.93,987.93,
2025-08-18,SKU02449,1,137.83,137.83,
2025-08-18,SKU03063,1,363.59,363.59,
2025-08-18,SKU03727,2,2032.98,1660.93,1
2025-08-18,SKU04321,1,961.3,961.3,
2025-08-18,SKU04627,1,630.47,630.47,
2025-08-19,SKU00438,1,90.72,90.72,
2025-08-19,SKU00815,1,43.87,43.87,
2025-08-19,SKU00953,3,821.97,273.99,
2025-08-19,SKU01468,2,1291.7,645.85,
2025-08-19,SKU01492,2,234.92,117.46,
2025-08-19,SKU02046,3,6028.41,2009.47,
2025-08-19,SKU02358,1,381.11,756.18,1
2025-08-19,SKU02968,1,1011.61,1011.61,
2025-08-19,SKU03213,2,453.18,226.59,
2025-08-19,SKU03228,1,398.21,398.21,
2025-08-19,SKU03376,1,68.38,68.38,
2025-08-19,SKU03444,2,773.3,386.65,
2025-08-19,SKU03876,2,465.56,232.78,
2025-08-19,SKU03999,1,494.75,494.75,
2025-08-19,SKU04321,1,961.3,961.3,
2025-08-19,SKU04976,1,254.32,415.56,1
2025-08-20,SKU00079,1,197.9,197.9,
2025-08-20,SKU00263,2,887.02,443.51,
2025-08-20,SKU00360,1,48.73,86.25,1
2025-08-20,SKU00499,3,166.8,110.32,1
2025-08-20,SKU00637,1,228.39,228.39,
2025-08-20,SKU00686,1,1242.49,1242.49,
2025-08-20,SKU00986,1,101.6,101.6,
2025-08-20,SKU01037,3,534.21,178.07000000000002,
2025-08-20,SKU01136,1,306.5,306.5,
2025-08-20,SKU01545,5,933.05,186.61,
2025-08-20,SKU01993,1,142.17,142.17,
2025-08-20,SKU02079,3,460.95,153.65,
2025-08-20,SKU02393,1,273.25,273.25,
2025-08-20,SKU02892,1,77.05,77.05,
2025-08-20,SKU03068,2,375.76,187.88,
2025-08-20,SKU03069,1,296.3,296.3,
2025-08-20,SKU03772,1,123.96,245.96,1
2025-08-20,SKU04154,1,198.75,351.77,1
2025-08-20,SKU04321,1,961.3,961.3,
2025-08-20,SKU04381,2,384.14,192.07,
2025-08-20,SKU04403,1,108.77,108.77,
2025-08-20,SKU04596,4,1342.2,335.55,
2025-08-20,SKU04980,3,3441.48,1147.16,
2025-08-21,SKU00542,1,1367.3,1367.3,
2025-08-21,SKU00760,1,54.33,54.33,
2025-08-21,SKU00920,2,229.46,114.73,
2025-08-21,SKU00996,1,117.61,117.61,
2025-08-21,SKU01531,1,230.82,230.82,
2025-08-21,SKU02325,2,332.32,166.16,
2025-08-21,SKU02368,4,3397.56,849.39,
2025-08-21,SKU02449,5,689.15,137.83,
2025-08-21,SKU02532,1,115.67,115.67,
2025-08-21,SKU03034,2,465.0,232.5,
2025-08-21,SKU03292,2,328.06,164.03,
2025-08-21,SKU03498,3,2146.2,715.4,
2025-08-21,SKU03535,2,357.24,178.62,
2025-08-21,SKU03839,3,1796.1,598.7,
2025-08-21,SKU04596,3,1006.65,335.55,
2025-08-21,SKU04735,3,1814.28,604.76,
2025-08-22,SKU00020,1,109.5,109.5,
2025-08-22,SKU00050,2,68.16,34.08,
2025-08-22,SKU00207,2,194.9,97.45,
2025-08-22,SKU00628,1,135.8,135.8,
2025-08-22,SKU00962,3,364.74,121.58,
2025-08-22,SKU01261,2,655.96,327.98,
2025-08-22,SKU01409,1,197.5,197.5,
2025-08-22,SKU01976,1,355.82,355.82,
2025-08-22,SKU02298,1,759.4,759.4,
2025-08-22,SKU02532,4,462.68,115.67,
2025-08-22,SKU02596,3,794.1,264.7,
2025-08-22,SKU02774,1,735.28,735.28,
2025-08-22,SKU02854,3,519.9,173.30000000000004,
2025-08-22,SKU03671,1,91.48,91.48,
2025-08-22,SKU04321,1,961.3,961.3,
2025-08-22,SKU04332,3,425.76,141.92,
2025-08-22,SKU04453,4,1062.32,265.58,
2025-08-22,SKU04687,2,116.8,58.4,
2025-08-23,SKU00285,1,505.67,505.67,
2025-08-23,SKU00291,1,190.44,190.44,
2025-08-23,SKU00618,2,264.54,132.27,
2025-08-23,SKU00851,1,2160.89,2160.89,
2025-08-23,SKU01283,2,140.26,70.13,
2025-08-23,SKU01284,4,1060.96,265.24,
2025-08-23,SKU01537,3,1499.16,499.72,
2025-08-23,SKU01572,2,2367.24,1183.62,
2025-08-23,SKU01818,2,476.17,472.39,1
2025-08-23,SKU01993,1,142.17,142.17,
2025-08-23,SKU02016,1,194.97,194.97,
2025-08-23,SKU02415,1,441.21,441.21,
2025-08-23,SKU02753,3,2390.25,796.75,
2025-08-23,SKU03088,2,447.1,223.55,
2025-08-23,SKU03759,4,469.48,117.37,
2025-08-23,SKU03943,2,432.38,216.19,
2025-08-23,SKU03973,2,158.6,79.3,
2025-08-23,SKU04275,1,240.04,240.04,
2025-08-23,SKU04321,4,3845.2,961.3,
2025-08-24,SKU00553,1,159.88,159.88,
2025-08-24,SKU00619,1,263.71,263.71,
2025-08-24,SKU00801,5,419.6,83.92,
2025-08-24,SKU01045,3,1353.87,451.29,
2025-08-24,SKU01237,1,974.68,974.68,
2025-08-24,SKU01317,2,1289.66,644.83,
2025-08-24,SKU01350,4,5612.84,1403.21,
2025-08-24,SKU01420,1,213.65,213.65,
2025-08-24,SKU01485,1,476.18,476.18,
2025-08-24,SKU01556,2,3402.76,1701.38,
2025-08-24,SKU01578,1,540.35,540.35,
2025-08-24,SKU01841,1,478.63,478.63,
2025-08-24,SKU01938,2,2140.96,1070.48,
2025-08-24,SKU01975,2,5118.52,2559.26,
2025-08-24,SKU02450,1,252.84,252.84,
2025-08-24,SKU02575,3,4957.8,1652.5999999999997,
2025-08-24,SKU03292,2,328.06,164.03,
2025-08-24,SKU03604,4,490.48,122.62,
2025-08-24,SKU03788,1,82.95,82.95,
2025-08-24,SKU04105,1,464.78,464.78,
2025-08-24,SKU04257,2,570.18,285.09,
2025-08-24,SKU04321,3,2883.9,961.2999999999998,
2025-08-24,SKU04453,1,265.58,265.58,
2025-08-25,SKU00232,1,96.13,96.13,
2025-08-25,SKU01108,1,482.5,482.5,
2025-08-25,SKU01166,2,777.32,388.66,
2025-08-25,SKU01625,1,1672.86,1672.86,
2025-08-25,SKU01742,1,65.38,65.38,
2025-08-25,SKU01842,2,696.66,348.33,
2025-08-25,SKU01953,2,619.7,309.85,
2025-08-25,SKU02155,2,2226.96,1113.48,
2025-08-25,SKU02167,1,189.86,189.86,
2025-08-25,SKU02243,3,1767.12,589.04,
2025-08-25,SKU02354,2,181.56,90.78,
2025-08-25,SKU02734,1,202.18,202.18,
2025-08-25,SKU02921,2,639.08,319.54,
2025-08-25,SKU02996,1,543.13,543.13,
2025-08-25,SKU03536,3,381.33,127.11,
2025-08-25,SKU03746,4,893.76,223.44,
2025-08-25,SKU04076,2,331.08,165.54,
2025-08-25,SKU04321,4,3845.2,961.3,
2025-08-25,SKU04329,1,2452.07,2452.07,
2025-08-25,SKU04348,1,274.76,274.76,
2025-08-25,SKU04596,3,1006.6500000000001,335.55,
2025-08-25,SKU04907,1,198.11,198.11,
2025-08-26,SKU01243,3,625.71,208.57000000000002,
2025-08-26,SKU01317,1,644.83,644.83,
2025-08-26,SKU01365,1,57.76,57.76,
2025-08-26,SKU01367,1,673.36,673.36,
2025-08-26,SKU01714,1,336.72,336.72,
2025-08-26,SKU02141,5,2359.4,471.88,
2025-08-26,SKU03088,2,447.1,223.55,
2025-08-26,SKU04307,1,278.81,278.81,
2025-08-26,SKU04321,2,1922.6,961.3,
2025-08-26,SKU04596,2,671.1,335.55,
2025-08-27,SKU00088,2,297.24,148.62,
2025-08-27,SKU00263,1,443.51,443.51,
2025-08-27,SKU01189,2,4599.6,2299.8,
2025-08-27,SKU01371,3,3832.83,1277.61,
2025-08-27,SKU01582,1,1469.26,1469.26,
2025-08-27,SKU01938,3,3211.44,1070.48,
2025-08-27,SKU01941,1,546.17,546.17,
2025-08-27,SKU01976,2,711.64,355.82,
2025-08-27,SKU02061,1,4447.64,4447.64,
2025-08-27,SKU02143,2,177.28,88.64,
2025-08-27,SKU02176,2,997.79,989.87,1
2025-08-27,SKU02183,2,509.38,254.69,
2025-08-27,SKU02685,2,593.66,296.83,
2025-08-27,SKU02725,3,408.0,136.0,
2025-08-27,SKU03030,1,108.63,108.63,
2025-08-27,SKU03395,2,543.68,271.84,
2025-08-27,SKU03445,1,53.18,53.18,
2025-08-27,SKU03613,3,1304.94,434.98,
2025-08-27,SKU03755,1,1185.42,1185.42,
2025-08-27,SKU04089,2,3195.02,1597.51,
2025-08-27,SKU04154,2,703.54,351.77,
2025-08-27,SKU04321,7,6729.1,961.3,
2025-08-27,SKU04601,1,346.35,346.35,
2025-08-28,SKU00264,1,242.74,242.74,
2025-08-28,SKU00484,1,179.04,179.04,
2025-08-28,SKU00679,1,443.04,443.04,
2025-08-28,SKU01207,1,437.42,437.42,
2025-08-28,SKU01718,1,1752.89,1752.89,
2025-08-28,SKU02141,2,943.76,471.88,
2025-08-28,SKU02368,1,849.39,849.39,
2025-08-28,SKU02766,1,225.53,225.53,
2025-08-28,SKU02858,1,90.7,90.7,
2025-08-28,SKU03195,1,610.08,610.08,
2025-08-28,SKU03686,1,1933.77,1933.77,
2025-08-28,SKU03727,3,4982.79,1660.93,
2025-08-28,SKU03839,2,1197.4,598.7,
2025-08-28,SKU04291,2,571.92,285.96,
2025-08-28,SKU04321,6,5767.8,961.2999999999998,
2025-08-28,SKU04447,1,1190.64,1190.64,
2025-08-28,SKU04648,1,73.65,73.65,
2025-08-29,SKU00088,3,445.86,148.62,
2025-08-29,SKU00845,2,1341.66,670.83,
2025-08-29,SKU01148,2,3433.64,1716.82,
2025-08-29,SKU01626,1,137.3,137.3,
2025-08-29,SKU01677,2,254.6,127.3,
2025-08-29,SKU01868,4,3696.04,924.01,
2025-08-29,SKU03292,2,328.06,164.03,
2025-08-29,SKU03425,1,202.48,202.48,
2025-08-29,SKU03685,3,134.58,44.85999999999999,
2025-08-29,SKU03790,3,2236.17,745.39,
2025-08-29,SKU04154,1,351.77,351.77,
2025-08-29,SKU04204,1,714.36,714.36,
2025-08-29,SKU04594,1,223.1,223.1,
2025-08-29,SKU04596,1,335.55,335.55,
2025-08-29,SKU04755,1,176.07,176.07,
2025-08-30,SKU00286,3,193.35,64.45,
2025-08-30,SKU00864,5,1116.95,223.38999999999996,
2025-08-30,SKU00994,2,1204.26,602.13,
2025-08-30,SKU01189,1,2299.8,2299.8,
2025-08-30,SKU01830,2,3126.88,1563.44,
2025-08-30,SKU02883,1,1040.02,1040.02,
2025-08-30,SKU02960,1,61.77,61.77,
2025-08-30,SKU03155,5,624.5,124.9,
2025-08-30,SKU03241,2,224.38,112.19,
2025-08-30,SKU03254,1,196.07,196.07,
2025-08-30,SKU03757,1,1271.47,1271.47,
2025-08-30,SKU04154,1,351.77,351.77,
2025-08-30,SKU04178,1,295.35,295.35,
2025-08-30,SKU04280,1,318.92,318.92,
2025-08-30,SKU04304,1,393.38,393.38,
2025-08-30,SKU04321,2,1922.6,961.3,
2025-08-30,SKU04381,1,192.07,192.07,
2025-08-30,SKU04562,1,1316.91,1316.91,
2025-08-31,SKU00190,3,436.26,145.42,
2025-08-31,SKU00201,2,1696.64,848.32,
2025-08-31,SKU00322,3,1076.97,358.99,
2025-08-31,SKU00847,2,797.72,398.86,
2025-08-31,SKU00882,2,145.36,72.68,
2025-08-31,SKU00888,2,489.84,244.92,
2025-08-31,SKU00953,1,273.99,273.99,
2025-08-31,SKU02079,2,307.3,153.65,
2025-08-31,SKU02462,3,515.67,171.89,
2025-08-31,SKU02531,1,143.49,143.49,
2025-08-31,SKU02741,1,86.2,86.2,
2025-08-31,SKU02973,4,971.84,242.96,
2025-08-31,SKU03026,1,747.22,747.22,
2025-08-31,SKU03099,1,189.1,189.1,
2025-08-31,SKU03840,3,765.36,255.12,
2025-08-31,SKU04016,1,1492.65,1492.65,
2025-08-31,SKU04154,2,703.54,351.77,
2025-08-31,SKU04196,1,452.19,452.19,
2025-08-31,SKU04305,1,782.22,782.22,
2025-08-31,SKU04321,7,6729.1,961.3,
2025-08-31,SKU04596,1,335.55,335.55,
2025-09-01,SKU00079,1,197.9,197.9,
2025-09-01,SKU00165,1,85.81,85.81,
2025-09-01,SKU00279,1,109.8,109.8,
2025-09-01,SKU00328,1,204.97,204.97,
2025-09-01,SKU00538,1,1101.07,1101.07,
2025-09-01,SKU00994,1,602.13,602.13,
2025-09-01,SKU01030,3,673.5,224.5,
2025-09-01,SKU01300,2,268.1,134.05,
2025-09-01,SKU01419,1,699.31,699.31,
2025-09-01,SKU01950,2,209.86,104.93,
2025-09-01,SKU01961,5,1253.55,250.70999999999998,
2025-09-01,SKU02185,2,1288.82,644.41,
2025-09-01,SKU02289,2,1613.66,806.83,
2025-09-01,SKU02340,2,469.34,234.67,
2025-09-01,SKU02628,3,1920.54,640.18,
2025-09-01,SKU02692,1,2095.03,2095.03,
2025-09-01,SKU02883,3,3120.06,1040.02,
2025-09-01,SKU02954,1,603.3,603.3,
2025-09-01,SKU03010,2,1537.34,768.67,
2025-09-01,SKU03149,1,610.58,610.58,
2025-09-01,SKU03219,1,139.02,139.02,
2025-09-01,SKU03279,1,1970.77,1970.77,
2025-09-01,SKU03427,2,1614.24,807.12,
2025-09-01,SKU03727,2,3321.86,1660.93,
2025-09-01,SKU04158,2,5189.2,2594.6,
2025-09-01,SKU04172,3,1038.33,346.10999999999996,
2025-09-01,SKU04321,9,8651.7,961.3000000000001,
2025-09-01,SKU04381,1,192.07,192.07,
2025-09-01,SKU04710,3,4898.52,1632.84,
2025-09-02,SKU00123,3,297.39,99.13,
2025-09-02,SKU00424,2,779.98,389.99,
2025-09-02,SKU00565,4,1345.24,336.31,
2025-09-02,SKU00625,1,362.43,362.43,
2025-09-02,SKU00845,2,1341.66,670.83,
2025-09-02,SKU00893,1,690.66,690.66,
2025-09-02,SKU00942,1,172.9,172.9,
2025-09-02,SKU01416,2,366.5,183.25,
2025-09-02,SKU01677,4,509.2,127.3,
2025-09-02,SKU01701,1,420.92,420.92,
2025-09-02,SKU02741,2,172.4,86.2,
2025-09-02,SKU02870,1,794.71,794.71,
2025-09-02,SKU02963,3,828.45,276.15,
2025-09-02,SKU02983,1,1062.71,1062.71,
2025-09-02,SKU03584,1,48.59,48.59,
2025-09-02,SKU04208,2,872.84,436.42,
2025-09-02,SKU04321,3,2883.9,961.2999999999998,
2025-09-02,SKU04572,3,3392.01,1130.67,
2025-09-02,SKU04990,2,264.48,132.24,
2025-09-03,SKU00142,1,135.03,135.03,
2025-09-03,SKU00346,3,1137.51,379.17,
2025-09-03,SKU00952,1,288.12,288.12,
2025-09-03,SKU01091,2,1301.62,650.81,
2025-09-03,SKU01138,3,543.45,181.15,
2025-09-03,SKU01357,1,1062.03,1062.03,
2025-09-03,SKU01524,3,5592.51,1864.17,
2025-09-03,SKU01986,5,10278.0,2055.6,
2025-09-03,SKU02071,3,539.82,179.93999999999997,
2025-09-03,SKU02214,1,196.14,196.14,
2025-09-03,SKU03125,4,236.12,59.03,
2025-09-03,SKU03191,1,417.04,417.04,
2025-09-03,SKU03385,2,307.6,153.8,
2025-09-03,SKU04306,1,162.94,162.94,
2025-09-03,SKU04321,1,961.3,961.3,
2025-09-03,SKU04453,1,265.58,265.58,
2025-09-03,SKU04534,1,93.22,93.22,
2025-09-03,SKU04596,2,671.1,335.55,
2025-09-03,SKU04622,3,6077.49,2025.83,
2025-09-03,SKU04821,1,335.99,335.99,
2025-09-04,SKU00316,1,126.16,126.16,
2025-09-04,SKU01787,2,888.9,444.45,
2025-09-04,SKU01810,3,388.47,129.49,
2025-09-04,SKU02241,3,568.68,189.56000000000003,
2025-09-04,SKU02885,3,356.82,118.94,
2025-09-04,SKU02930,1,170.16,170.16,
2025-09-04,SKU03072,2,402.8,201.4,
2025-09-04,SKU03578,1,225.73,225.73,
2025-09-04,SKU03912,1,181.63,181.63,
2025-09-04,SKU03925,3,500.49,166.83,
2025-09-04,SKU04016,1,1492.65,1492.65,
2025-09-04,SKU04067,1,148.44,148.44,
2025-09-04,SKU04596,1,335.55,335.55,
2025-09-05,SKU00007,2,259.5,129.75,
2025-09-05,SKU00376,2,414.9,207.45,
2025-09-05,SKU00426,2,1211.22,605.61,
2025-09-05,SKU00942,1,172.9,172.9,
2025-09-05,SKU01370,1,195.01,195.01,
2025-09-05,SKU01582,1,1469.26,1469.26,
2025-09-05,SKU02189,2,201.74,100.87,
2025-09-05,SKU02442,1,507.66,507.66,
2025-09-05,SKU02740,4,416.88,104.22,
2025-09-05,SKU03274,4,627.8,156.95,
2025-09-05,SKU04099,1,2252.94,2252.94,
2025-09-05,SKU04138,5,10375.8,2075.16,
2025-09-05,SKU04321,4,3845.2,961.3,
2025-09-05,SKU04368,1,303.19,303.19,
2025-09-05,SKU04381,1,192.07,192.07,
2025-09-05,SKU04426,5,10278.9,2055.78,
2025-09-05,SKU04801,1,108.26,108.26,
2025-09-05,SKU04903,4,951.92,237.98,
2025-09-06,SKU00371,1,515.75,515.75,
2025-09-06,SKU00405,2,251.88,125.94,
2025-09-06,SKU00892,2,3359.66,1679.83,
2025-09-06,SKU00968,1,178.22,178.22,
2025-09-06,SKU00977,1,921.45,921.45,
2025-09-06,SKU01027,1,82.61,82.61,
2025-09-06,SKU01420,1,213.65,213.65,
2025-09-06,SKU01535,4,1186.4,296.6,
2025-09-06,SKU01720,1,2353.73,2353.73,
2025-09-06,SKU01983,1,530.92,530.92,
2025-09-06,SKU02070,1,156.71,156.71,
2025-09-06,SKU02141,1,471.88,471.88,
2025-09-06,SKU02178,5,941.35,188.27,
2025-09-06,SKU02683,1,371.82,371.82,
2025-09-06,SKU02813,1,250.52,250.52,
2025-09-06,SKU03676,1,1392.72,1392.72,
2025-09-06,SKU03694,1,328.79,328.79,
2025-09-06,SKU04113,2,467.6,233.8,
2025-09-06,SKU04459,3,4047.03,1349.01,
2025-09-06,SKU04517,1,183.95,183.95,
2025-09-07,SKU00007,2,259.5,129.75,
2025-09-07,SKU00042,3,3330.27,1110.09,
2025-09-07,SKU00079,1,197.9,197.9,
2025-09-07,SKU00177,4,458.6,114.65,
2025-09-07,SKU00205,1,222.89,222.89,
2025-09-07,SKU00388,5,318.1,63.61999999999999,
2025-09-07,SKU00459,5,735.5,147.1,
2025-09-07,SKU00594,1,307.64,307.64,
2025-09-07,SKU00604,4,318.08,79.52,
2025-09-07,SKU01021,5,6217.35,1243.47,
2025-09-07,SKU01093,1,90.9,90.9,
2025-09-07,SKU01359,3,910.14,303.38,
2025-09-07,SKU01470,2,277.36,138.68,
2025-09-07,SKU01534,3,8893.71,2964.57,
2025-09-07,SKU01954,3,620.64,206.88,
2025-09-07,SKU02484,2,1134.52,567.26,
2025-09-07,SKU02744,1,1099.36,1099.36,
2025-09-07,SKU02894,1,276.72,276.72,
2025-09-07,SKU03292,1,164.03,164.03,
2025-09-07,SKU03323,1,3001.52,3001.52,
2025-09-07,SKU03371,3,4272.69,1424.2300000000002,
2025-09-07,SKU03403,1,97.13,97.13,
2025-09-07,SKU03780,1,3123.93,3123.93,
2025-09-07,SKU04321,2,1922.6,961.3,
2025-09-07,SKU04326,1,165.63,165.63,
2025-09-08,SKU00079,2,395.8,197.9,
2025-09-08,SKU00283,4,2240.52,560.13,
2025-09-08,SKU00324,1,498.27,498.27,
2025-09-08,SKU00635,3,460.02,153.34,
2025-09-08,SKU01048,1,96.18,96.18,
2025-09-08,SKU01198,2,7339.4,3669.7,
2025-09-08,SKU01704,2,239.84,119.92,
2025-09-08,SKU01990,1,161.94,161.94,
2025-09-08,SKU01993,1,142.17,142.17,
2025-09-08,SKU02231,1,50.54,50.54,
2025-09-08,SKU02270,1,153.74,153.74,
2025-09-08,SKU02471,1,1364.83,1364.83,
2025-09-08,SKU02721,1,259.98,259.98,
2025-09-08,SKU02849,1,73.3,73.3,
2025-09-08,SKU03199,1,78.08,78.08,
2025-09-08,SKU04099,1,2252.94,2252.94,
2025-09-08,SKU04126,3,4940.85,1646.95,
2025-09-08,SKU04321,4,3845.2,961.3,
2025-09-08,SKU04596,2,671.1,335.55,
2025-09-08,SKU04711,1,291.42,291.42,
2025-09-09,SKU00079,1,197.9,197.9,
2025-09-09,SKU00249,2,486.76,243.38,
2025-09-09,SKU01021,1,1243.47,1243.47,
2025-09-09,SKU02116,5,749.3,149.86,
2025-09-09,SKU02392,1,132.22,132.22,
2025-09-09,SKU02697,2,585.36,292.68,
2025-09-09,SKU02725,3,408.0,136.0,
2025-09-09,SKU02758,1,198.33,198.33,
2025-09-09,SKU02817,2,285.96,142.98,
2025-09-09,SKU02819,4,4643.52,1160.88,
2025-09-09,SKU03196,4,3349.2,837.3,
2025-09-09,SKU03420,2,287.8,143.9,
2025-09-09,SKU03481,1,492.83,492.83,
2025-09-09,SKU03716,1,883.69,883.69,
2025-09-09,SKU03876,1,232.78,232.78,
2025-09-09,SKU04321,4,3845.2,961.3,
2025-09-09,SKU04420,1,128.23,128.23,
2025-09-10,SKU00539,2,399.26,199.63,
2025-09-10,SKU00619,1,263.71,263.71,
2025-09-10,SKU00646,2,465.0,232.5,
2025-09-10,SKU00922,1,60.32,60.32,
2025-09-10,SKU01274,2,1116.72,558.36,
2025-09-10,SKU01927,4,936.48,234.12,
2025-09-10,SKU02003,3,1821.99,607.33,
2025-09-10,SKU02124,1,165.82,165.82,
2025-09-10,SKU02663,1,92.66,92.66,
2025-09-10,SKU02930,3,510.48,170.16,
2025-09-10,SKU03517,1,986.38,986.38,
2025-09-10,SKU04317,2,3197.3,1598.65,
2025-09-10,SKU04392,3,3166.17,1055.39,
2025-09-10,SKU04571,4,3474.08,868.52,
2025-09-10,SKU04596,1,335.55,335.55,
2025-09-10,SKU04663,1,715.73,715.73,
2025-09-11,SKU00229,2,843.64,421.82,
2025-09-11,SKU00409,1,1557.01,1557.01,
2025-09-11,SKU00484,1,179.04,179.04,
2025-09-11,SKU00628,2,271.6,135.8,
2025-09-11,SKU00792,4,2663.4,665.85,
2025-09-11,SKU00828,2,1105.66,552.83,
2025-09-11,SKU00953,1,273.99,273.99,
2025-09-11,SKU00960,2,347.74,173.87,
2025-09-11,SKU01371,3,3832.83,1277.61,
2025-09-11,SKU01478,2,1542.62,842.96,1
2025-09-11,SKU01908,4,8441.48,2110.37,
2025-09-11,SKU02024,2,3221.2,1610.6,
2025-09-11,SKU03342,4,1629.65,445.26,1
2025-09-11,SKU04321,2,1922.6,961.3,
2025-09-11,SKU04995,1,989.44,1081.35,1
2025-09-12,SKU00076,1,306.25,306.25,
2025-09-12,SKU00190,2,290.84,145.42,
2025-09-12,SKU00363,1,1103.75,1103.75,
2025-09-12,SKU00366,4,789.24,197.31,
2025-09-12,SKU01274,1,558.36,558.36,
2025-09-12,SKU02307,2,4134.88,2067.44,
2025-09-12,SKU02428,4,607.92,151.98,
2025-09-12,SKU02583,2,548.12,274.06,
2025-09-12,SKU02844,3,4145.94,1381.9800000000002,
2025-09-12,SKU03128,1,58.56,58.56,
2025-09-12,SKU03421,1,2151.7,2151.7,
2025-09-12,SKU03460,2,6069.86,3034.93,
2025-09-12,SKU03500,1,1732.5,1732.5,
2025-09-12,SKU03632,2,174.5,87.25,
2025-09-12,SKU03672,1,193.3,193.3,
2025-09-12,SKU03693,1,1381.82,1381.82,
2025-09-12,SKU03727,5,8304.65,1660.9299999999998,
2025-09-12,SKU04084,1,89.59,89.59,
2025-09-12,SKU04571,4,3474.08,868.52,
2025-09-12,SKU04723,2,738.04,369.02,
2025-09-12,SKU04756,1,608.77,665.32,1
2025-09-12,SKU04833,4,461.92,115.48,
2025-09-13,SKU00020,1,109.5,109.5,
2025-09-13,SKU00166,3,2280.46,830.77,1
2025-09-13,SKU00411,1,239.07,239.07,
2025-09-13,SKU00685,1,2583.23,2583.23,
2025-09-13,SKU00917,1,182.25,182.25,
2025-09-13,SKU01055,1,838.49,916.38,1
2025-09-13,SKU01116,1,297.88,297.88,
2025-09-13,SKU01218,1,375.09,375.09,
2025-09-13,SKU01304,2,152.36,76.18,
2025-09-13,SKU01800,1,144.95,144.95,
2025-09-13,SKU02288,1,2814.12,2814.12,
2025-09-13,SKU02431,2,861.16,430.58,
2025-09-13,SKU02515,2,246.76,123.38,
2025-09-13,SKU02730,1,247.3,247.3,
2025-09-13,SKU03199,1,78.08,78.08,
2025-09-13,SKU03292,2,328.06,164.03,
2025-09-13,SKU03688,4,2458.28,671.66,1
2025-09-13,SKU03986,4,956.72,239.18,
2025-09-13,SKU04154,1,351.77,351.77,
2025-09-13,SKU04486,1,1402.38,1402.38,
2025-09-14,SKU00409,2,3114.02,1557.01,
2025-09-14,SKU00427,3,872.46,290.82,
2025-09-14,SKU01063,1,103.23,103.23,
2025-09-14,SKU01274,1,558.36,558.36,
2025-09-14,SKU01656,2,1106.84,553.42,
2025-09-14,SKU02141,1,471.88,471.88,
2025-09-14,SKU02664,1,173.01,173.01,
2025-09-14,SKU02776,2,469.86,234.93,
2025-09-14,SKU03082,3,89.07,29.69,
2025-09-14,SKU03353,1,48.61,48.61,
2025-09-14,SKU03386,1,290.62,290.62,
2025-09-14,SKU03534,1,333.74,333.74,
2025-09-14,SKU03916,1,149.76,149.76,
2025-09-14,SKU03976,4,1806.56,451.64,
2025-09-14,SKU04154,2,703.54,351.77,
2025-09-14,SKU04321,1,961.3,961.3,
2025-09-14,SKU04375,2,3523.36,1761.68,
2025-09-14,SKU04420,1,128.23,128.23,
2025-09-14,SKU04538,5,1076.7,215.34,
2025-09-15,SKU00464,1,443.86,443.86,
2025-09-15,SKU00591,4,2887.52,721.88,
2025-09-15,SKU00846,3,1882.71,685.87,1
2025-09-15,SKU00953,1,273.99,273.99,
2025-09-15,SKU01446,1,192.93,192.93,
2025-09-15,SKU01713,3,2232.87,744.29,
2025-09-15,SKU02141,2,943.76,471.88,
2025-09-15,SKU02544,3,695.73,231.91,
2025-09-15,SKU02668,2,2244.98,1122.49,
2025-09-15,SKU03077,1,377.75,377.75,
2025-09-15,SKU04591,1,186.58,186.58,
2025-09-15,SKU04908,3,3400.14,1133.38,
2025-09-16,SKU00205,1,222.89,222.89,
2025-09-16,SKU00363,4,4415.0,1103.75,
2025-09-16,SKU00443,1,89.0,89.0,
2025-09-16,SKU00531,2,5899.92,2949.96,
2025-09-16,SKU00670,2,217.62,108.81,
2025-09-16,SKU00802,4,786.4,196.6,
2025-09-16,SKU01645,4,1792.12,448.03,
2025-09-16,SKU01677,1,127.3,127.3,
2025-09-16,SKU01775,1,204.15,204.15,
2025-09-16,SKU02417,2,2216.88,1108.44,
2025-09-16,SKU02931,1,127.7,127.7,
2025-09-16,SKU03021,3,3198.91,1165.36,1
2025-09-16,SKU03088,4,894.2,223.55,
2025-09-16,SKU03292,3,492.09,164.03,
2025-09-16,SKU03880,1,719.08,719.08,
2025-09-16,SKU04242,1,1092.68,1092.68,
2025-09-16,SKU04707,3,2934.69,978.23,
2025-09-17,SKU00698,3,694.11,231.37,
2025-09-17,SKU00986,1,101.6,101.6,
2025-09-17,SKU00994,2,1204.26,602.13,
2025-09-17,SKU01372,1,1572.73,1572.73,
2025-09-17,SKU01557,2,187.3,93.65,
2025-09-17,SKU01679,5,7956.06,1739.03,1
2025-09-17,SKU01774,1,129.33,129.33,
2025-09-17,SKU01811,2,2703.88,1351.94,
2025-09-17,SKU02339,1,395.4,395.4,
2025-09-17,SKU02726,1,829.86,829.86,
2025-09-17,SKU02954,1,603.3,603.3,
2025-09-17,SKU03080,2,1048.78,524.39,
2025-09-17,SKU03671,1,91.48,91.48,
2025-09-17,SKU03950,1,318.71,318.71,
2025-09-17,SKU04321,1,961.3,961.3,
2025-09-17,SKU04459,1,1349.01,1349.01,
2025-09-17,SKU04633,1,620.55,620.55,
2025-09-17,SKU04911,1,524.33,524.33,
2025-09-18,SKU00190,4,581.68,145.42,
2025-09-18,SKU00215,1,102.03,102.03,
2025-09-18,SKU00618,1,132.27,132.27,
2025-09-18,SKU00638,3,2987.49,995.83,
2025-09-18,SKU01014,3,823.5,274.5,
2025-09-18,SKU01226,3,444.15,148.05,
2025-09-18,SKU01655,3,186.54,62.18,
2025-09-18,SKU01779,1,130.19,130.19,
2025-09-18,SKU01823,1,1248.39,1248.39,
2025-09-18,SKU02167,3,569.58,189.86,
2025-09-18,SKU02894,1,276.72,276.72,
2025-09-18,SKU02926,3,6564.27,2188.09,
2025-09-18,SKU02930,3,510.48,170.16,
2025-09-18,SKU02967,5,3364.55,735.42,1
2025-09-18,SKU03292,3,492.09,164.03,
2025-09-18,SKU03500,1,1732.5,1732.5,
2025-09-18,SKU03733,4,2393.12,598.28,
2025-09-18,SKU03993,5,323.7,64.74,
2025-09-18,SKU04157,3,8035.05,2678.35,
2025-09-18,SKU04166,2,527.34,263.67,
2025-09-18,SKU04321,4,3845.2,961.3,
2025-09-18,SKU04346,3,2663.45,970.29,1
2025-09-18,SKU04596,1,335.55,335.55,
2025-09-19,SKU00545,3,264.54,88.18,
2025-09-19,SKU00648,1,216.47,216.47,
2025-09-19,SKU00908,2,4217.34,2108.67,
2025-09-19,SKU01087,1,231.99,231.99,
2025-09-19,SKU01685,1,135.27,135.27,
2025-09-19,SKU01989,3,1103.01,367.67,
2025-09-19,SKU02720,3,419.94,139.98,
2025-09-19,SKU02930,1,170.16,170.16,
2025-09-19,SKU04087,1,79.2,79.2,
2025-09-19,SKU04166,2,527.34,263.67,
2025-09-19,SKU04296,3,840.93,315.31,1
2025-09-19,SKU04437,3,73.23,24.41,
2025-09-19,SKU04453,3,796.74,265.58,
2025-09-19,SKU04627,2,1260.94,630.47,
2025-09-20,SKU01308,2,210.94,105.47,
2025-09-20,SKU01343,2,664.3,332.15,
2025-09-20,SKU01412,1,193.3,193.3,
2025-09-20,SKU01466,1,34.29,34.29,
2025-09-20,SKU01907,2,3472.54,1736.27,
2025-09-20,SKU01959,1,108.22,108.22,
2025-09-20,SKU02101,1,1016.14,1016.14,
2025-09-20,SKU02340,2,469.34,234.67,
2025-09-20,SKU02402,4,848.24,212.06,
2025-09-20,SKU02646,1,561.89,561.89,
2025-09-20,SKU02721,2,519.96,259.98,
2025-09-20,SKU03226,2,750.3,375.15,
2025-09-20,SKU03274,1,156.95,156.95,
2025-09-20,SKU03445,1,53.18,53.18,
2025-09-20,SKU04321,8,7690.4,961.3,
2025-09-20,SKU04570,1,122.7,122.7,
2025-09-20,SKU04596,5,1677.75,335.55,
2025-09-20,SKU04815,1,287.64,287.64,
2025-09-20,SKU04913,4,1708.89,466.91,1
2025-09-21,SKU00253,1,279.38,279.38,
2025-09-21,SKU00915,3,2313.96,771.32,
2025-09-21,SKU00980,1,664.42,726.14,1
2025-09-21,SKU01045,2,902.58,451.29,
2025-09-21,SKU03076,1,970.36,1091.52,1
2025-09-21,SKU03141,2,1169.24,584.62,
2025-09-21,SKU03648,5,1560.55,312.11,
2025-09-21,SKU03885,1,442.46,497.7,1
2025-09-21,SKU04138,2,4150.32,2075.16,
2025-09-21,SKU04508,1,375.55,375.55,
2025-09-21,SKU04596,1,335.55,335.55,
2025-09-21,SKU04804,1,229.19,229.19,
2025-09-22,SKU00319,3,387.15,129.05,
2025-09-22,SKU00828,1,552.83,552.83,
2025-09-22,SKU00862,1,1745.5,1745.5,
2025-09-22,SKU01154,4,6191.0,1547.75,
2025-09-22,SKU01563,1,2485.52,2485.52,
2025-09-22,SKU01646,1,55.49,55.49,
2025-09-22,SKU01781,1,260.71,260.71,
2025-09-22,SKU01811,2,2703.88,1351.94,
2025-09-22,SKU02826,2,876.66,438.33,
2025-09-22,SKU02950,3,753.27,251.09,
2025-09-22,SKU03199,1,78.08,78.08,
2025-09-22,SKU03233,1,334.11,334.11,
2025-09-22,SKU03292,4,656.12,164.03,
2025-09-22,SKU03599,1,160.95,160.95,
2025-09-22,SKU03727,3,4982.79,1660.93,
2025-09-22,SKU03994,1,281.11,281.11,
2025-09-22,SKU04132,1,2255.25,2255.25,
2025-09-22,SKU04303,1,205.17,205.17,
2025-09-22,SKU04321,3,2883.9,961.2999999999998,
2025-09-22,SKU04345,1,144.23,144.23,
2025-09-22,SKU04489,1,229.67,251.01,1
2025-09-22,SKU04998,1,1238.94,1238.94,
2025-09-23,SKU00048,1,111.68,111.68,
2025-09-23,SKU00310,2,155.04,77.52,
2025-09-23,SKU00603,2,179.44,89.72,
2025-09-23,SKU00646,2,465.0,232.5,
2025-09-23,SKU00774,2,189.22,94.61,
2025-09-23,SKU00976,1,268.42,268.42,
2025-09-23,SKU01029,1,90.75,90.75,
2025-09-23,SKU01585,2,2295.32,1147.66,
2025-09-23,SKU01770,3,955.56,318.52,
2025-09-23,SKU01784,1,168.81,168.81,
2025-09-23,SKU02003,1,607.33,607.33,
2025-09-23,SKU02132,1,428.85,428.85,
2025-09-23,SKU02233,1,260.53,260.53,
2025-09-23,SKU02676,1,1953.1,1953.1,
2025-09-23,SKU02740,3,312.66,104.21999999999998,
2025-09-23,SKU03063,1,363.59,363.59,
2025-09-23,SKU03110,2,609.82,304.91,
2025-09-23,SKU03117,1,4755.47,4755.47,
2025-09-23,SKU03564,5,529.4,105.88,
2025-09-23,SKU03813,1,1461.41,1597.17,1
2025-09-23,SKU03829,2,1321.42,660.71,
2025-09-23,SKU03895,1,173.56,173.56,
2025-09-23,SKU04180,2,2501.56,1250.78,
2025-09-23,SKU04280,1,318.92,318.92,
2025-09-23,SKU04321,1,961.3,961.3,
2025-09-23,SKU04362,1,233.42,233.42,
2025-09-23,SKU04702,1,2187.66,2187.66,
2025-09-23,SKU04914,3,1163.3,423.79,1
2025-09-24,SKU00287,1,881.37,881.37,
2025-09-24,SKU00445,1,87.15,87.15,
2025-09-24,SKU00920,2,229.46,114.73,
2025-09-24,SKU01403,1,734.76,734.76,
2025-09-24,SKU02858,1,90.7,90.7,
2025-09-24,SKU03323,2,6003.04,3001.52,
2025-09-24,SKU03549,3,520.68,173.56000000000003,
2025-09-24,SKU03702,1,473.65,473.65,
2025-09-24,SKU03727,1,1660.93,1660.93,
2025-09-24,SKU03771,1,153.58,153.58,
2025-09-24,SKU03828,4,1308.44,327.11,
2025-09-24,SKU03891,1,141.96,159.69,1
2025-09-24,SKU04329,1,2452.07,2452.07,
2025-09-24,SKU04404,2,481.16,240.58,
2025-09-24,SKU04761,1,287.71,287.71,
2025-09-25,SKU00068,1,237.31,266.94,1
2025-09-25,SKU00190,1,145.42,145.42,
2025-09-25,SKU00285,3,1517.01,505.67,
2025-09-25,SKU00363,4,4415.0,1103.75,
2025-09-25,SKU00454,4,318.32,79.58,
2025-09-25,SKU00540,2,6813.38,3406.69,
2025-09-25,SKU00787,2,268.92,134.46,
2025-09-25,SKU00991,1,226.46,226.46,
2025-09-25,SKU01030,4,898.0,224.5,
2025-09-25,SKU01293,2,457.56,228.78,
2025-09-25,SKU01436,4,674.56,168.64,
2025-09-25,SKU01516,2,618.12,309.06,
2025-09-25,SKU01744,1,1152.42,1152.42,
2025-09-25,SKU01819,1,1045.44,1045.44,
2025-09-25,SKU02176,1,989.87,989.87,
2025-09-25,SKU02443,3,3547.35,1182.45,
2025-09-25,SKU02561,4,2054.28,513.57,
2025-09-25,SKU02583,1,274.06,274.06,
2025-09-25,SKU02653,1,382.55,382.55,
2025-09-25,SKU03030,2,193.14,108.63,1
2025-09-25,SKU03425,4,809.92,202.48,
2025-09-25,SKU03566,1,120.06,120.06,
2025-09-25,SKU04002,2,1429.72,714.86,
2025-09-25,SKU04198,1,122.84,122.84,
2025-09-25,SKU04321,2,1922.6,961.3,
2025-09-25,SKU04338,1,163.32,163.32,
2025-09-25,SKU04559,2,5250.86,2625.43,
2025-09-26,SKU00538,2,2014.96,1101.07,1
2025-09-26,SKU00687,3,3495.27,1165.09,
2025-09-26,SKU01189,4,9199.2,2299.8,
2025-09-26,SKU01278,3,3469.65,1156.55,
2025-09-26,SKU01661,1,63.89,63.89,
2025-09-26,SKU02052,1,277.43,277.43,
2025-09-26,SKU02342,1,143.15,143.15,
2025-09-26,SKU02449,1,137.83,137.83,
2025-09-26,SKU02972,4,395.36,98.84,
2025-09-26,SKU03680,3,507.42,169.14,
2025-09-26,SKU03727,1,1660.93,1660.93,
2025-09-26,SKU03800,1,114.46,114.46,
2025-09-26,SKU04154,1,351.77,351.77,
2025-09-26,SKU04176,2,550.88,275.44,
2025-09-26,SKU04245,2,435.56,217.78,
2025-09-26,SKU04321,5,4806.5,961.3,
2025-09-26,SKU04596,2,671.1,335.55,
2025-09-26,SKU04789,2,134.16,67.08,
2025-09-27,SKU00010,1,1602.79,1602.79,
2025-09-27,SKU00242,2,436.98,218.49,
2025-09-27,SKU00447,2,396.38,198.19,
2025-09-27,SKU00519,1,71.95,71.95,
2025-09-27,SKU00831,1,869.7,950.49,1
2025-09-27,SKU00938,5,238.7,47.74,
2025-09-27,SKU01045,2,902.58,451.29,
2025-09-27,SKU01071,1,616.63,673.91,1
2025-09-27,SKU01138,2,362.3,181.15,
2025-09-27,SKU01170,1,365.5,365.5,
2025-09-27,SKU01319,1,2048.66,2048.66,
2025-09-27,SKU01414,1,193.44,193.44,
2025-09-27,SKU01551,1,179.55,179.55,
2025-09-27,SKU01736,1,73.58,73.58,
2025-09-27,SKU01761,2,616.86,308.43,
2025-09-27,SKU01976,1,355.82,355.82,
2025-09-27,SKU02079,1,153.65,153.65,
2025-09-27,SKU02258,1,2619.48,2619.48,
2025-09-27,SKU02678,1,159.07,159.07,
2025-09-27,SKU03416,3,530.73,176.91,
2025-09-27,SKU03425,2,404.96,202.48,
2025-09-27,SKU03532,2,189.1,94.55,
2025-09-27,SKU03565,1,1015.46,1015.46,
2025-09-27,SKU03727,2,3321.86,1660.93,
2025-09-27,SKU04143,2,826.92,413.46,
2025-09-27,SKU04235,2,410.86,205.43,
2025-09-27,SKU04321,1,961.3,961.3,
2025-09-27,SKU04596,3,1006.6500000000001,335.55,
2025-09-27,SKU04705,2,294.06,147.03,
2025-09-27,SKU04796,1,1974.55,1974.55,
2025-09-27,SKU04895,1,1875.04,1875.04,
2025-09-28,SKU00254,1,105.55,105.55,
2025-09-28,SKU01374,3,231.27,77.09,
2025-09-28,SKU01408,1,2419.63,2419.63,
2025-09-28,SKU01576,1,709.54,709.54,
2025-09-28,SKU02442,1,507.66,507.66,
2025-09-28,SKU03196,1,744.36,837.3,1
2025-09-28,SKU03822,3,726.69,242.23,
2025-09-28,SKU04321,1,961.3,961.3,
2025-09-28,SKU04596,1,335.55,335.55,
2025-09-28,SKU04751,1,210.56,210.56,
2025-09-29,SKU00185,1,484.73,484.73,
2025-09-29,SKU00484,1,179.04,179.04,
2025-09-29,SKU00559,1,118.81,118.81,
2025-09-29,SKU00834,1,690.74,754.91,1
2025-09-29,SKU00926,1,285.44,285.44,
2025-09-29,SKU01370,1,195.01,195.01,
2025-09-29,SKU02017,3,315.96,105.32,
2025-09-29,SKU02141,2,943.76,471.88,
2025-09-29,SKU02776,1,234.93,234.93,
2025-09-29,SKU02843,2,174.28,87.14,
2025-09-29,SKU03010,1,768.67,768.67,
2025-09-29,SKU04154,3,1055.31,351.77,
2025-09-29,SKU04403,2,217.54,108.77,
2025-09-30,SKU00128,1,741.97,741.97,
2025-09-30,SKU00742,3,7671.06,2557.02,
2025-09-30,SKU00782,3,5195.76,1731.92,
2025-09-30,SKU01662,3,1361.08,495.84,1
2025-09-30,SKU02006,2,161.34,80.67,
2025-09-30,SKU02052,1,277.43,277.43,
2025-09-30,SKU02368,2,1698.78,849.39,
2025-09-30,SKU02604,1,591.57,646.52,1
2025-09-30,SKU02820,3,2358.78,859.2999999999998,1
2025-09-30,SKU03368,1,1766.25,1766.25,
2025-09-30,SKU03535,3,535.86,178.62,
2025-09-30,SKU03727,3,4982.79,1660.93,
2025-09-30,SKU03876,1,232.78,232.78,
2025-09-30,SKU04321,3,2883.9,961.2999999999998,
2025-09-30,SKU04322,1,511.19,511.19,
2025-09-30,SKU04327,5,249.5,49.9,
2025-09-30,SKU04382,1,75.31,75.31,
2025-09-30,SKU04756,2,1217.54,665.32,1
2025-10-01,SKU01482,3,4736.67,1578.89,
2025-10-01,SKU01894,1,620.89,620.89,
2025-10-01,SKU03734,1,441.41,441.41,
2025-10-01,SKU03962,2,596.62,298.31,
2025-10-01,SKU04146,1,227.31,227.31,
2025-10-01,SKU04315,1,497.47,497.47,
2025-10-01,SKU04661,1,81.09,81.09,
2025-10-01,SKU04789,1,67.08,67.08,
2025-10-02,SKU00079,3,593.7,197.9,
2025-10-02,SKU00080,2,170.46,85.23,
2025-10-02,SKU00675,1,862.73,942.87,1
2025-10-02,SKU01090,1,261.96,261.96,
2025-10-02,SKU01328,1,433.14,433.14,
2025-10-02,SKU01531,1,230.82,230.82,
2025-10-02,SKU01775,3,612.45,204.15,
2025-10-02,SKU01892,1,231.9,231.9,
2025-10-02,SKU02046,1,2009.47,2009.47,
2025-10-02,SKU02176,2,1979.74,989.87,
2025-10-02,SKU02401,4,1919.56,524.47,1
2025-10-02,SKU02983,2,2125.42,1062.71,
2025-10-02,SKU03088,1,223.55,223.55,
2025-10-02,SKU03800,2,228.92,114.46,
2025-10-02,SKU03878,2,247.12,123.56,
2025-10-02,SKU04179,1,147.82,147.82,
2025-10-02,SKU04321,2,1922.6,961.3,
2025-10-02,SKU04626,1,468.52,468.52,
2025-10-02,SKU04847,2,1261.92,630.96,
2025-10-02,SKU04899,1,222.1,222.1,
2025-10-03,SKU01030,1,224.5,224.5,
2025-10-03,SKU01751,1,459.81,459.81,
2025-10-03,SKU01961,4,1002.84,250.71,
2025-10-03,SKU02220,1,146.7,146.7,
2025-10-03,SKU02273,1,212.66,212.66,
2025-10-03,SKU02648,1,883.45,883.45,
2025-10-03,SKU02788,1,1455.54,1455.54,
2025-10-03,SKU03030,2,193.14,108.63,1
2025-10-03,SKU03584,3,129.59,48.59,1
2025-10-03,SKU04321,8,7690.4,961.3,
2025-10-03,SKU04338,2,326.64,163.32,
2025-10-03,SKU04358,3,1180.79,430.16,1
2025-10-03,SKU04845,3,2745.63,1000.23,1
2025-10-04,SKU00169,1,95.37,95.37,
2025-10-04,SKU00285,2,1011.34,505.67,
2025-10-04,SKU00716,2,3272.9,1636.45,
2025-10-04,SKU01578,1,540.35,540.35,
2025-10-04,SKU02574,3,1136.88,378.96,
2025-10-04,SKU02609,2,783.7,391.85,
2025-10-04,SKU02783,1,260.32,260.32,
2025-10-04,SKU02931,1,127.7,127.7,
2025-10-04,SKU03173,2,3779.84,1889.92,
2025-10-04,SKU03205,4,229.96,57.49,
2025-10-04,SKU03701,3,7775.28,2591.76,
2025-10-04,SKU04064,1,3845.32,3845.32,
2025-10-04,SKU04321,1,961.3,961.3,
2025-10-04,SKU04408,1,667.56,667.56,
2025-10-04,SKU04573,2,539.86,269.93,
2025-10-04,SKU04862,1,74.31,74.31,
2025-10-05,SKU00079,2,395.8,197.9,
2025-10-05,SKU00107,3,7535.34,2511.78,
2025-10-05,SKU00366,1,197.31,197.31,
2025-10-05,SKU00945,2,262.7,131.35,
2025-10-05,SKU01045,1,451.29,451.29,
2025-10-05,SKU01278,1,1156.55,1156.55,
2025-10-05,SKU01489,1,110.32,110.32,
2025-10-05,SKU01739,5,2506.4,501.2799999999999,
2025-10-05,SKU01775,4,816.6,204.15,
2025-10-05,SKU02369,1,162.77,162.77,
2025-10-05,SKU02834,1,1819.31,1819.31,
2025-10-05,SKU02993,2,783.02,391.51,
2025-10-05,SKU03245,3,1164.15,388.05,
2025-10-05,SKU03353,3,145.83,48.60999999999999,
2025-10-05,SKU03385,1,153.8,153.8,
2025-10-05,SKU03671,4,365.92,91.48,
2025-10-05,SKU04030,1,327.86,327.86,
2025-10-05,SKU04039,2,763.38,381.69,
2025-10-05,SKU04154,1,351.77,351.77,
2025-10-05,SKU04159,3,6565.08,2188.36,
2025-10-05,SKU04307,1,255.11,278.81,1
2025-10-05,SKU04321,9,8651.699999999999,961.2999999999998,
2025-10-05,SKU04329,1,2452.07,2452.07,
2025-10-05,SKU04481,1,144.61,144.61,
2025-10-05,SKU04522,1,754.02,754.02,
2025-10-06,SKU01152,1,486.03,486.03,
2025-10-06,SKU01533,1,276.23,276.23,
2025-10-06,SKU02300,1,95.66,95.66,
2025-10-06,SKU02522,1,1963.68,1963.68,
2025-10-06,SKU02617,1,764.09,764.09,
2025-10-06,SKU02950,1,251.09,251.09,
2025-10-06,SKU03088,2,447.1,223.55,
2025-10-06,SKU03926,2,822.56,411.28,
2025-10-06,SKU04321,6,5767.8,961.3000000000001,
2025-10-06,SKU04596,1,335.55,335.55,
2025-10-06,SKU04800,3,2449.32,816.44,
2025-10-07,SKU00325,3,1733.47,631.5,1
2025-10-07,SKU00454,1,79.58,79.58,
2025-10-07,SKU00531,2,5899.92,2949.96,
2025-10-07,SKU00640,1,180.34,180.34,
2025-10-07,SKU00662,2,733.06,366.53,
2025-10-07,SKU00917,1,182.25,182.25,
2025-10-07,SKU01115,1,124.25,124.25,
2025-10-07,SKU01197,2,4419.04,2209.52,
2025-10-07,SKU01293,5,1143.9,228.78000000000003,
2025-10-07,SKU01462,3,193.8,64.6,
2025-10-07,SKU01553,2,2357.14,1178.57,
2025-10-07,SKU01578,1,540.35,540.35,
2025-10-07,SKU01922,2,1483.11,810.44,1
2025-10-07,SKU02769,1,725.22,725.22,
2025-10-07,SKU02891,1,514.58,514.58,
2025-10-07,SKU03171,2,289.58,144.79,
2025-10-07,SKU03201,5,538.0,107.6,
2025-10-07,SKU03535,2,357.24,178.62,
2025-10-07,SKU04064,5,19226.6,3845.3200000000006,
2025-10-07,SKU04154,4,1407.08,351.77,
2025-10-07,SKU04321,3,2883.8999999999996,961.2999999999998,
2025-10-07,SKU04381,3,576.21,192.07000000000002,
2025-10-07,SKU04811,1,281.13,281.13,
2025-10-08,SKU00264,1,242.74,242.74,
2025-10-08,SKU00359,3,632.97,210.99,
2025-10-08,SKU00568,2,388.84,194.42,
2025-10-08,SKU00660,1,304.22,304.22,
2025-10-08,SKU00907,3,1097.94,365.98,
2025-10-08,SKU01304,2,152.36,76.18,
2025-10-08,SKU01317,3,1770.06,644.83,1
2025-10-08,SKU02037,2,447.02,223.51,
2025-10-08,SKU02303,1,180.7,180.7,
2025-10-08,SKU02394,1,490.42,490.42,
2025-10-08,SKU02402,5,1060.3,212.06,
2025-10-08,SKU02495,1,335.1,335.1,
2025-10-08,SKU02660,3,245.73,81.91,
2025-10-08,SKU02903,3,6467.28,2155.76,
2025-10-08,SKU03266,5,2095.1,419.02,
2025-10-08,SKU03368,3,5298.75,1766.25,
2025-10-08,SKU03699,1,2185.11,2185.11,
2025-10-08,SKU03906,3,376.59,125.53000000000002,
2025-10-08,SKU04098,1,80.48,80.48,
2025-10-08,SKU04155,5,13061.1,2612.22,
2025-10-08,SKU04711,3,874.26,291.42,
2025-10-08,SKU04783,1,1943.37,1943.37,
2025-10-09,SKU00041,2,4981.48,2490.74,
2025-10-09,SKU00278,1,1807.84,1807.84,
2025-10-09,SKU00560,1,329.64,329.64,
2025-10-09,SKU00994,1,602.13,602.13,
2025-10-09,SKU01212,3,721.41,240.47,
2025-10-09,SKU01485,1,476.18,476.18,
2025-10-09,SKU01671,2,205.4,102.7,
2025-10-09,SKU02057,2,334.12,167.06,
2025-10-09,SKU02593,4,2569.96,642.49,
2025-10-09,SKU02863,2,221.78,110.89,
2025-10-09,SKU02983,4,4250.84,1062.71,
2025-10-09,SKU03069,1,296.3,296.3,
2025-10-09,SKU03367,3,372.24,124.08,
2025-10-09,SKU04134,2,789.48,394.74,
2025-10-09,SKU04198,2,245.68,122.84,
2025-10-09,SKU04749,4,6278.76,1569.69,
2025-10-09,SKU04783,1,1943.37,1943.37,
2025-10-10,SKU00015,1,277.24,277.24,
2025-10-10,SKU00048,3,335.04,111.68,
2025-10-10,SKU00079,2,395.8,197.9,
2025-10-10,SKU00193,2,617.1,308.55,
2025-10-10,SKU00422,4,1106.52,276.63,
2025-10-10,SKU00953,1,273.99,273.99,
2025-10-10,SKU00999,1,845.52,845.52,
2025-10-10,SKU01220,1,872.06,872.06,
2025-10-10,SKU01679,1,1739.03,1739.03,
2025-10-10,SKU02075,4,2351.44,587.86,
2025-10-10,SKU03319,3,1191.12,397.04,
2025-10-10,SKU03702,3,1420.95,473.6499999999999,
2025-10-10,SKU03855,1,683.9,683.9,
2025-10-10,SKU04176,1,275.44,275.44,
2025-10-10,SKU04321,3,2883.8999999999996,961.2999999999998,
2025-10-10,SKU04445,3,2927.34,975.7800000000001,
2025-10-10,SKU04596,1,335.55,335.55,
2025-10-11,SKU00959,1,33.01,33.01,
2025-10-11,SKU01323,1,300.51,300.51,
2025-10-11,SKU01514,1,870.11,870.11,
2025-10-11,SKU01860,2,423.34,211.67,
2025-10-11,SKU01883,3,188.22,62.74,
2025-10-11,SKU02141,5,2359.4,471.88,
2025-10-11,SKU02671,1,412.64,412.64,
2025-10-11,SKU02740,2,208.44,104.22,
2025-10-11,SKU02795,3,6031.02,2010.34,
2025-10-11,SKU03292,1,164.03,164.03,
2025-10-11,SKU03763,1,85.93,85.93,
2025-10-11,SKU04321,4,3845.2,961.3,
2025-10-11,SKU04596,1,335.55,335.55,
2025-10-11,SKU04903,4,951.92,237.98,
2025-10-12,SKU00062,1,499.45,499.45,
2025-10-12,SKU00079,4,791.6,197.9,
2025-10-12,SKU00376,1,207.45,207.45,
2025-10-12,SKU00430,1,146.59,146.59,
2025-10-12,SKU00609,1,136.86,136.86,
2025-10-12,SKU00813,2,3721.32,1860.66,
2025-10-12,SKU01483,2,305.12,152.56,
2025-10-12,SKU01988,2,662.24,331.12,
2025-10-12,SKU02141,2,943.76,471.88,
2025-10-12,SKU02493,1,212.9,212.9,
2025-10-12,SKU02954,3,1809.9,603.3,
2025-10-12,SKU03049,1,267.4,267.4,
2025-10-12,SKU03130,1,4194.16,4194.16,
2025-10-12,SKU03271,3,1761.06,587.02,
2025-10-12,SKU03800,1,114.46,114.46,
2025-10-12,SKU03883,2,363.04,181.52,
2025-10-12,SKU04151,4,1706.92,426.73,
2025-10-12,SKU04157,3,8035.05,2678.35,
2025-10-12,SKU04321,2,1922.6,961.3,
2025-10-12,SKU04325,2,5777.14,2888.57,
2025-10-12,SKU04538,2,430.68,215.34,
2025-10-12,SKU04596,3,1006.65,335.55,
2025-10-12,SKU04889,1,175.19,175.19,
2025-10-12,SKU04913,1,466.91,466.91,
2025-10-13,SKU00123,1,99.13,99.13,
2025-10-13,SKU00392,3,1485.96,495.32,
2025-10-13,SKU00510,2,417.22,208.61,
2025-10-13,SKU00597,3,1965.87,655.29,
2025-10-13,SKU00945,1,131.35,131.35,
2025-10-13,SKU00994,1,602.13,602.13,
2025-10-13,SKU01088,1,183.33,183.33,
2025-10-13,SKU01263,3,555.0,185.0,
2025-10-13,SKU01266,2,1750.0,875.0,
2025-10-13,SKU01316,1,190.6,190.6,
2025-10-13,SKU01403,3,2204.28,734.7599999999999,
2025-10-13,SKU01633,1,515.21,515.21,
2025-10-13,SKU01764,1,2017.27,2017.27,
2025-10-13,SKU02178,2,376.54,188.27,
2025-10-13,SKU02272,2,5061.68,2530.84,
2025-10-13,SKU02421,1,2671.52,2671.52,
2025-10-13,SKU02503,1,280.9,280.9,
2025-10-13,SKU02504,2,1475.04,737.52,
2025-10-13,SKU03105,5,800.65,160.13,
2025-10-13,SKU03639,1,137.55,137.55,
2025-10-13,SKU04154,4,1407.08,351.77,
2025-10-13,SKU04193,3,646.41,215.47,
2025-10-13,SKU04307,2,557.62,278.81,
2025-10-13,SKU04437,1,24.41,24.41,
2025-10-14,SKU00414,1,47.09,47.09,
2025-10-14,SKU00728,1,3555.73,3555.73,
2025-10-14,SKU00994,3,1806.3899999999999,602.13,
2025-10-14,SKU01164,2,483.62,241.81,
2025-10-14,SKU01170,1,365.5,365.5,
2025-10-14,SKU01808,1,225.82,225.82,
2025-10-14,SKU02192,2,1232.3,616.15,
2025-10-14,SKU02991,1,106.67,106.67,
2025-10-14,SKU03057,3,619.02,206.34,
2025-10-14,SKU03739,1,140.88,140.88,
2025-10-14,SKU03751,1,393.38,393.38,
2025-10-14,SKU04235,1,205.43,205.43,
2025-10-14,SKU04274,1,153.61,153.61,
2025-10-14,SKU04538,2,430.68,215.34,
2025-10-14,SKU04571,1,868.52,868.52,
2025-10-14,SKU04814,1,53.95,53.95,
2025-10-15,SKU00737,3,1310.76,436.92,
2025-10-15,SKU00745,5,18064.1,3612.8200000000006,
2025-10-15,SKU01031,1,668.1,668.1,
2025-10-15,SKU01037,1,178.07,178.07,
2025-10-15,SKU01152,2,972.06,486.03,
2025-10-15,SKU02304,3,1222.26,407.42,
2025-10-15,SKU02509,1,1348.23,1348.23,
2025-10-15,SKU02968,1,1011.61,1011.61,
2025-10-15,SKU03172,1,96.27,96.27,
2025-10-15,SKU03271,2,1174.04,587.02,
2025-10-15,SKU03395,3,815.52,271.84,
2025-10-15,SKU03844,2,201.28,100.64,
2025-10-15,SKU04209,2,3844.92,1922.46,
2025-10-15,SKU04245,3,653.34,217.78,
2025-10-15,SKU04348,2,549.52,274.76,
2025-10-15,SKU04510,2,763.64,381.82,
2025-10-15,SKU04835,1,62.1,62.1,
2025-10-16,SKU00400,1,1799.17,1799.17,
2025-10-16,SKU00447,1,198.19,198.19,
2025-10-16,SKU00887,1,470.11,470.11,
2025-10-16,SKU01675,3,1411.24,922.38,1
2025-10-16,SKU02233,1,260.53,260.53,
2025-10-16,SKU02368,2,1698.78,849.39,
2025-10-16,SKU02654,1,215.5,215.5,
2025-10-16,SKU03236,1,160.9,160.9,
2025-10-16,SKU03297,1,185.56,185.56,
2025-10-16,SKU03310,3,2174.07,724.69,
2025-10-16,SKU03485,3,282.54,94.18,
2025-10-16,SKU03535,1,178.62,178.62,
2025-10-16,SKU03804,4,1029.72,257.43,
2025-10-16,SKU03840,2,510.24,255.12,
2025-10-16,SKU03948,4,272.92,68.23,
2025-10-16,SKU04012,5,3155.0,631.0,
2025-10-16,SKU04321,1,961.3,961.3,
2025-10-16,SKU04572,1,1130.67,1130.67,
2025-10-16,SKU04574,3,215.88,71.96,
2025-10-16,SKU04798,2,1280.88,640.44,
2025-10-16,SKU04902,1,275.17,275.17,
2025-10-17,SKU00002,5,351.9,70.38,
2025-10-17,SKU00522,3,421.95,140.65,
2025-10-17,SKU00554,1,88.32,88.32,
2025-10-17,SKU01833,1,62.59,62.59,
2025-10-17,SKU02262,2,392.48,196.24,
2025-10-17,SKU02268,2,410.94,205.47,
2025-10-17,SKU02449,2,275.66,137.83,
2025-10-17,SKU02602,1,220.61,220.61,
2025-10-17,SKU02623,1,63.44,63.44,
2025-10-17,SKU02915,3,6866.25,2288.75,
2025-10-17,SKU03090,1,140.89,140.89,
2025-10-17,SKU03578,3,677.19,225.73,
2025-10-17,SKU03639,1,137.55,137.55,
2025-10-17,SKU04077,1,110.69,110.69,
2025-10-17,SKU04198,1,122.84,122.84,
2025-10-18,SKU00216,1,678.4,678.4,
2025-10-18,SKU00254,2,211.1,105.55,
2025-10-18,SKU00484,1,179.04,179.04,
2025-10-18,SKU00591,1,721.88,721.88,
2025-10-18,SKU01255,1,182.77,182.77,
2025-10-18,SKU01942,1,85.64,85.64,
2025-10-18,SKU02503,2,561.8,280.9,
2025-10-18,SKU02737,3,945.42,315.14,
2025-10-18,SKU02836,4,4579.08,1144.77,
2025-10-18,SKU03979,1,823.95,823.95,
2025-10-18,SKU04273,2,3572.3,1786.15,
2025-10-18,SKU04321,4,3845.2,961.3,
2025-10-18,SKU04522,2,1508.04,754.02,
2025-10-18,SKU04926,2,917.84,458.92,
2025-10-19,SKU00500,1,1264.58,1264.58,
2025-10-19,SKU00802,1,196.6,196.6,
2025-10-19,SKU00994,2,1204.26,602.13,
2025-10-19,SKU01525,1,1885.36,1885.36,
2025-10-19,SKU02647,1,643.88,643.88,
2025-10-19,SKU02663,1,92.66,92.66,
2025-10-19,SKU03002,1,52.44,52.44,
2025-10-19,SKU03092,1,108.22,108.22,
2025-10-19,SKU03323,4,12006.08,3001.52,
2025-10-19,SKU03397,3,1179.21,393.07,
2025-10-19,SKU03722,1,78.55,78.55,
2025-10-19,SKU03891,2,319.38,159.69,
2025-10-19,SKU04012,1,631.0,631.0,
2025-10-19,SKU04162,1,364.89,364.89,
2025-10-19,SKU04201,1,704.93,704.93,
2025-10-19,SKU04321,2,1922.6,961.3,
2025-10-19,SKU04437,1,24.41,24.41,
2025-10-19,SKU04650,3,1734.21,578.07,
2025-10-20,SKU00025,2,4882.7,2441.35,
2025-10-20,SKU00264,1,242.74,242.74,
2025-10-20,SKU00426,1,308.86,605.61,1
2025-10-20,SKU00728,2,7111.46,3555.73,
2025-10-20,SKU00738,4,437.08,109.27,
2025-10-20,SKU01420,1,213.65,213.65,
2025-10-20,SKU01546,2,1125.7,562.85,
2025-10-20,SKU01677,2,129.85,127.3,1
2025-10-20,SKU02031,1,1821.78,1821.78,
2025-10-20,SKU02298,3,2278.2,759.4,
2025-10-20,SKU02512,3,4827.57,1609.1899999999998,
2025-10-20,SKU02611,2,383.74,191.87,
2025-10-20,SKU02858,1,90.7,90.7,
2025-10-20,SKU02870,1,794.71,794.71,
2025-10-20,SKU02906,1,159.53,159.53,
2025-10-20,SKU02909,3,1777.68,592.56,
2025-10-20,SKU03292,1,164.03,164.03,
2025-10-20,SKU03693,1,1381.82,1381.82,
2025-10-20,SKU03836,2,885.04,442.52,
2025-10-20,SKU04321,1,961.3,961.3,
2025-10-20,SKU04596,2,342.26,335.55,1
2025-10-20,SKU04824,1,1024.94,1024.94,
2025-10-21,SKU00289,3,1618.11,539.37,
2025-10-21,SKU00539,1,199.63,199.63,
2025-10-21,SKU00726,3,2924.01,974.67,
2025-10-21,SKU00953,1,273.99,273.99,
2025-10-21,SKU01283,1,70.13,70.13,
2025-10-21,SKU02075,1,587.86,587.86,
2025-10-21,SKU02362,2,1213.16,606.58,
2025-10-21,SKU02520,3,474.06,158.02,
2025-10-21,SKU02603,1,318.68,318.68,
2025-10-21,SKU03242,1,245.93,245.93,
2025-10-21,SKU03452,2,2338.62,1169.31,
2025-10-21,SKU04154,2,703.54,351.77,
2025-10-21,SKU04174,2,155.96,77.98,
2025-10-21,SKU04321,2,1922.6,961.3,
2025-10-21,SKU04381,1,192.07,192.07,
2025-10-21,SKU04579,2,185.7,92.85,
2025-10-22,SKU00387,2,1265.92,632.96,
2025-10-22,SKU00960,1,173.87,173.87,
2025-10-22,SKU01193,1,253.89,253.89,
2025-10-22,SKU01325,2,535.4,267.7,
2025-10-22,SKU02160,2,610.4,305.2,
2025-10-22,SKU02432,3,979.35,326.45,
2025-10-22,SKU02449,1,137.83,137.83,
2025-10-22,SKU02817,3,428.94,142.98,
2025-10-22,SKU02923,1,124.18,124.18,
2025-10-22,SKU03010,2,1537.34,768.67,
2025-10-22,SKU04154,1,351.77,351.77,
2025-10-22,SKU04321,3,2883.9,961.2999999999998,
2025-10-22,SKU04661,2,162.18,81.09,
2025-10-22,SKU04786,2,2044.36,1022.18,
2025-10-22,SKU04865,1,1576.52,1576.52,
2025-10-22,SKU04941,2,665.74,332.87,
2025-10-23,SKU00285,1,505.67,505.67,
2025-10-23,SKU00547,3,3511.17,1170.39,
2025-10-23,SKU00925,2,393.36,196.68,
2025-10-23,SKU01030,1,224.5,224.5,
2025-10-23,SKU01217,1,184.17,184.17,
2025-10-23,SKU01377,1,131.24,131.24,
2025-10-23,SKU01688,1,158.65,158.65,
2025-10-23,SKU01731,4,896.6,224.15,
2025-10-23,SKU01814,2,1774.84,887.42,
2025-10-23,SKU02211,3,3691.77,1230.59,
2025-10-23,SKU02468,4,699.4,174.85,
2025-10-23,SKU02894,1,276.72,276.72,
2025-10-23,SKU03034,1,232.5,232.5,
2025-10-23,SKU03073,1,1595.17,1595.17,
2025-10-23,SKU03088,4,894.2,223.55,
2025-10-23,SKU03649,1,451.0,451.0,
2025-10-23,SKU03693,1,1381.82,1381.82,
2025-10-23,SKU03875,2,406.82,203.41,
2025-10-23,SKU04185,3,239.49,79.83,
2025-10-23,SKU04907,2,396.22,198.11,
2025-10-24,SKU00478,1,449.91,449.91,
2025-10-24,SKU00836,2,1530.02,765.01,
2025-10-24,SKU00942,3,518.7,172.9,
2025-10-24,SKU01640,3,3997.89,1332.63,
2025-10-24,SKU01758,1,127.26,127.26,
2025-10-24,SKU02091,2,100.68,50.34,
2025-10-24,SKU02132,1,428.85,428.85,
2025-10-24,SKU02155,1,1113.48,1113.48,
2025-10-24,SKU02265,1,846.76,846.76,
2025-10-24,SKU02930,2,340.32,170.16,
2025-10-24,SKU02988,3,758.94,252.98,
2025-10-24,SKU03019,2,2188.08,1094.04,
2025-10-24,SKU03703,1,115.62,115.62,
2025-10-24,SKU03743,1,253.24,253.24,
2025-10-24,SKU04321,4,3845.2,961.3,
2025-10-24,SKU04477,1,97.54,97.54,
2025-10-25,SKU00742,1,2557.02,2557.02,
2025-10-25,SKU00785,1,269.35,269.35,
2025-10-25,SKU01137,1,1286.53,1286.53,
2025-10-25,SKU01310,2,1471.26,735.63,
2025-10-25,SKU01371,1,1277.61,1277.61,
2025-10-25,SKU01662,1,495.84,495.84,
2025-10-25,SKU01890,1,119.43,119.43,
2025-10-25,SKU01990,3,485.82,161.94,
2025-10-25,SKU02259,1,246.16,246.16,
2025-10-25,SKU02355,1,321.17,321.17,
2025-10-25,SKU02476,3,2268.72,756.2400000000001,
2025-10-25,SKU02657,1,128.75,128.75,
2025-10-25,SKU02679,1,611.77,611.77,
2025-10-25,SKU02912,2,312.0,156.0,
2025-10-25,SKU02933,2,184.12,92.06,
2025-10-25,SKU02981,1,361.07,361.07,
2025-10-25,SKU03317,3,1495.89,498.62999999999994,
2025-10-25,SKU03372,1,279.34,279.34,
2025-10-25,SKU03728,1,126.47,126.47,
2025-10-25,SKU04321,6,5767.8,961.2999999999998,
2025-10-25,SKU04642,1,330.34,330.34,
2025-10-25,SKU04961,1,217.61,217.61,
2025-10-26,SKU00395,1,1103.12,1103.12,
2025-10-26,SKU00399,1,499.36,499.36,
2025-10-26,SKU00461,1,695.12,695.12,
2025-10-26,SKU00627,1,218.84,218.84,
2025-10-26,SKU00993,1,230.79,230.79,
2025-10-26,SKU02928,1,1846.27,1846.27,
2025-10-26,SKU03030,3,325.89,108.63,
2025-10-26,SKU03134,1,196.94,196.94,
2025-10-26,SKU03382,3,767.82,255.93999999999997,
2025-10-26,SKU03397,5,1965.35,393.07,
2025-10-26,SKU03773,3,457.29,152.43,
2025-10-26,SKU04321,1,961.3,961.3,
2025-10-26,SKU04329,2,4904.14,2452.07,
2025-10-26,SKU04464,5,1407.8,281.56,
2025-10-26,SKU04756,1,665.32,665.32,
2025-10-26,SKU04832,2,416.34,208.17,
2025-10-26,SKU04954,4,1498.88,374.72,
2025-10-26,SKU04990,2,264.48,132.24,
2025-10-27,SKU00200,1,134.99,134.99,
2025-10-27,SKU00781,4,1836.32,459.08,
2025-10-27,SKU01238,1,176.71,176.71,
2025-10-27,SKU01594,1,210.84,210.84,
2025-10-27,SKU01683,1,513.45,513.45,
2025-10-27,SKU02543,1,1956.24,1956.24,
2025-10-27,SKU02913,1,348.62,348.62,
2025-10-27,SKU03326,2,84.26,42.13,
2025-10-27,SKU03633,3,354.81,118.27,
2025-10-27,SKU03727,1,1660.93,1660.93,
2025-10-27,SKU04133,3,543.75,181.25,
2025-10-27,SKU04166,2,527.34,263.67,
2025-10-27,SKU04748,3,1661.43,553.81,
2025-10-28,SKU00012,3,2440.56,813.52,
2025-10-28,SKU00416,4,300.48,75.12,
2025-10-28,SKU00612,1,842.03,842.03,
2025-10-28,SKU01243,1,208.57,208.57,
2025-10-28,SKU01409,1,197.5,197.5,
2025-10-28,SKU01683,2,1026.9,513.45,
2025-10-28,SKU01701,2,841.84,420.92,
2025-10-28,SKU01818,5,2361.95,472.39,
2025-10-28,SKU02340,2,469.34,234.67,
2025-10-28,SKU02376,1,132.8,132.8,
2025-10-28,SKU02448,2,4333.42,2166.71,
2025-10-28,SKU02489,2,152.44,76.22,
2025-10-28,SKU02585,2,645.18,322.59,
2025-10-28,SKU02769,4,2900.88,725.22,
2025-10-28,SKU02858,1,90.7,90.7,
2025-10-28,SKU02879,1,131.72,131.72,
2025-10-28,SKU02909,1,592.56,592.56,
2025-10-28,SKU03727,1,1660.93,1660.93,
2025-10-28,SKU03765,3,3317.67,1105.89,
2025-10-28,SKU04321,4,3845.2,961.3,
2025-10-28,SKU04713,1,1913.4,1913.4,
2025-10-29,SKU00050,4,136.32,34.08,
2025-10-29,SKU00062,1,499.45,499.45,
2025-10-29,SKU00504,1,1466.31,1466.31,
2025-10-29,SKU00547,1,1170.39,1170.39,
2025-10-29,SKU00728,1,3555.73,3555.73,
2025-10-29,SKU00953,2,547.98,273.99,
2025-10-29,SKU02353,1,747.09,747.09,
2025-10-29,SKU02825,2,424.46,212.23,
2025-10-29,SKU02849,3,219.9,73.3,
2025-10-29,SKU02891,1,514.58,514.58,
2025-10-29,SKU03203,1,182.62,182.62,
2025-10-29,SKU03325,1,62.69,62.69,
2025-10-29,SKU03396,1,661.74,661.74,
2025-10-29,SKU03508,1,63.24,63.24,
2025-10-29,SKU03524,1,141.25,141.25,
2025-10-29,SKU04297,1,327.55,327.55,
2025-10-29,SKU04321,8,7690.4,961.3,
2025-10-29,SKU04596,5,1677.75,335.55,
2025-10-30,SKU00043,1,615.37,615.37,
2025-10-30,SKU00265,1,246.23,246.23,
2025-10-30,SKU00680,1,154.23,154.23,
2025-10-30,SKU00830,1,290.01,290.01,
2025-10-30,SKU00832,1,946.53,946.53,
2025-10-30,SKU00978,2,1048.84,524.42,
2025-10-30,SKU01048,5,480.9,96.18,
2025-10-30,SKU01507,1,220.84,220.84,
2025-10-30,SKU02449,1,137.83,137.83,
2025-10-30,SKU02801,2,576.74,288.37,
2025-10-30,SKU03005,3,399.63,133.21,
2025-10-30,SKU03088,1,223.55,223.55,
2025-10-30,SKU03532,2,189.1,94.55,
2025-10-30,SKU03994,1,281.11,281.11,
2025-10-30,SKU04069,2,971.02,485.51,
2025-10-30,SKU04341,1,67.39,67.39,
2025-10-30,SKU04700,2,3007.06,1503.53,
2025-10-31,SKU00036,1,188.79,188.79,
2025-10-31,SKU00953,2,547.98,273.99,
2025-10-31,SKU01383,1,201.63,201.63,
2025-10-31,SKU01545,2,373.22,186.61,
2025-10-31,SKU01930,2,120.56,60.28,
2025-10-31,SKU01931,1,1441.93,1441.93,
2025-10-31,SKU01955,1,375.68,375.68,
2025-10-31,SKU02568,1,1014.43,1014.43,
2025-10-31,SKU03016,1,233.3,233.3,
2025-10-31,SKU03232,2,4447.68,2223.84,
2025-10-31,SKU03282,2,3101.7,1550.85,
2025-10-31,SKU03564,2,211.76,105.88,
2025-10-31,SKU03693,1,1381.82,1381.82,
2025-10-31,SKU03777,1,361.49,361.49,
2025-10-31,SKU04063,1,471.49,471.49,
2025-10-31,SKU04105,4,1859.12,464.78,
2025-10-31,SKU04321,6,5767.8,961.3000000000001,
2025-10-31,SKU04556,1,51.09,51.09,
2025-10-31,SKU04596,1,335.55,335.55,
2025-10-31,SKU04895,4,7500.16,1875.04,
2025-11-01,SKU00126,1,253.44,253.44,
2025-11-01,SKU00403,1,878.1,878.1,
2025-11-01,SKU00419,1,509.64,509.64,
2025-11-01,SKU00953,1,273.99,273.99,
2025-11-01,SKU01226,1,148.05,148.05,
2025-11-01,SKU01297,1,280.29,280.29,
2025-11-01,SKU01541,5,4660.0,932.0,
2025-11-01,SKU01573,1,847.69,847.69,
2025-11-01,SKU01662,1,495.84,495.84,
2025-11-01,SKU01836,1,1656.58,1656.58,
2025-11-01,SKU02176,4,3959.48,989.87,
2025-11-01,SKU02579,5,2867.5,573.5,
2025-11-01,SKU02621,4,3593.4,898.35,
2025-11-01,SKU03137,1,165.23,165.23,
2025-11-01,SKU03267,1,216.74,216.74,
2025-11-01,SKU03835,2,1794.0,897.0,
2025-11-01,SKU03943,4,864.76,216.19,
2025-11-01,SKU04321,8,7690.4,961.3,
2025-11-01,SKU04401,1,194.32,194.32,
2025-11-01,SKU04538,3,646.02,215.34,
2025-11-01,SKU04618,1,433.58,433.58,
2025-11-01,SKU04867,1,275.33,275.33,
2025-11-01,SKU04903,2,475.96,237.98,
2025-11-02,SKU00554,1,88.32,88.32,
2025-11-02,SKU00657,1,520.54,520.54,
2025-11-02,SKU00755,2,240.72,120.36,
2025-11-02,SKU00997,2,568.3,284.15,
2025-11-02,SKU01794,3,1193.97,397.99,
2025-11-02,SKU01941,2,1092.34,546.17,
2025-11-02,SKU01993,4,568.68,142.17,
2025-11-02,SKU02355,1,321.17,321.17,
2025-11-02,SKU02448,4,8666.84,2166.71,
2025-11-02,SKU02450,5,1264.2,252.84,
2025-11-02,SKU02813,1,250.52,250.52,
2025-11-02,SKU02829,3,1336.86,445.62000000000006,
2025-11-02,SKU03284,3,746.01,248.67,
2025-11-02,SKU03467,1,277.32,277.32,
2025-11-02,SKU03700,2,171.64,85.82,
2025-11-02,SKU03718,1,2305.93,2305.93,
2025-11-02,SKU03727,3,4982.79,1660.93,
2025-11-02,SKU03885,1,497.7,497.7,
2025-11-02,SKU04321,1,961.3,961.3,
2025-11-02,SKU04830,1,258.35,258.35,
2025-11-03,SKU00020,1,109.5,109.5,
2025-11-03,SKU00124,2,691.36,345.68,
2025-11-03,SKU00150,2,532.28,266.14,
2025-11-03,SKU00379,1,1000.76,1000.76,
2025-11-03,SKU00551,2,1543.48,771.74,
2025-11-03,SKU00638,1,995.83,995.83,
2025-11-03,SKU01338,2,709.28,354.64,
2025-11-03,SKU01943,2,2106.86,1053.43,
2025-11-03,SKU02035,1,900.31,900.31,
2025-11-03,SKU02138,1,799.69,799.69,
2025-11-03,SKU02434,2,1467.22,733.61,
2025-11-03,SKU02653,2,765.1,382.55,
2025-11-03,SKU02812,2,600.14,300.07,
2025-11-03,SKU03052,1,2242.35,2242.35,
2025-11-03,SKU03195,2,1220.16,610.08,
2025-11-03,SKU03258,5,6376.9,1275.38,
2025-11-03,SKU03855,2,1367.8,683.9,
2025-11-03,SKU04422,1,68.36,68.36,
2025-11-04,SKU00022,3,603.03,201.01,
2025-11-04,SKU00286,3,193.35,64.45,
2025-11-04,SKU00531,2,5899.92,2949.96,
2025-11-04,SKU00819,1,187.97,187.97,
2025-11-04,SKU00953,3,821.97,273.99,
2025-11-04,SKU01905,1,2021.49,2021.49,
2025-11-04,SKU02388,4,583.0,145.75,
2025-11-04,SKU02898,5,4946.95,989.39,
2025-11-04,SKU04321,2,1922.6,961.3,
2025-11-04,SKU04437,1,24.41,24.41,
2025-11-04,SKU04466,1,224.59,224.59,
2025-11-04,SKU04571,3,2605.56,868.52,
2025-11-05,SKU00092,1,809.88,809.88,
2025-11-05,SKU00156,2,328.6,164.3,
2025-11-05,SKU00373,1,84.32,84.32,
2025-11-05,SKU00917,3,546.75,182.25,
2025-11-05,SKU01931,1,1441.93,1441.93,
2025-11-05,SKU02649,4,6087.32,1521.83,
2025-11-05,SKU02953,1,206.97,206.97,
2025-11-05,SKU03284,1,248.67,248.67,
2025-11-05,SKU03392,2,2340.74,1170.37,
2025-11-05,SKU03819,1,470.54,470.54,
2025-11-05,SKU03940,1,235.21,235.21,
2025-11-05,SKU04236,1,1751.93,1751.93,
2025-11-05,SKU04321,5,4806.5,961.3,
2025-11-05,SKU04403,1,108.77,108.77,
2025-11-05,SKU04696,5,7856.65,1571.33,
2025-11-06,SKU00019,1,394.36,394.36,
2025-11-06,SKU00158,1,487.98,487.98,
2025-11-06,SKU00255,1,158.86,158.86,
2025-11-06,SKU00414,1,47.09,47.09,
2025-11-06,SKU00425,1,209.07,209.07,
2025-11-06,SKU00580,1,998.77,998.77,
2025-11-06,SKU00992,1,188.51,188.51,
2025-11-06,SKU01014,1,274.5,274.5,
2025-11-06,SKU01189,1,2299.8,2299.8,
2025-11-06,SKU01333,1,87.58,87.58,
2025-11-06,SKU01696,1,246.47,246.47,
2025-11-06,SKU01724,3,875.76,291.92,
2025-11-06,SKU01873,1,747.67,747.67,
2025-11-06,SKU02532,1,115.67,115.67,
2025-11-06,SKU02720,2,279.96,139.98,
2025-11-06,SKU02747,2,1122.52,561.26,
2025-11-06,SKU02780,1,791.92,791.92,
2025-11-06,SKU02912,1,156.0,156.0,
2025-11-06,SKU02995,2,1353.44,676.72,
2025-11-06,SKU03420,2,287.8,143.9,
2025-11-06,SKU03433,1,162.07,162.07,
2025-11-06,SKU03447,2,659.56,329.78,
2025-11-06,SKU03622,2,577.2,288.6,
2025-11-06,SKU03682,2,68.26,34.13,
2025-11-06,SKU03962,1,298.31,298.31,
2025-11-06,SKU04056,1,1184.05,1184.05,
2025-11-06,SKU04154,3,1055.31,351.77,
2025-11-06,SKU04288,3,517.32,172.43999999999997,
2025-11-06,SKU04346,4,3881.16,970.29,
2025-11-06,SKU04551,1,2498.23,2498.23,
2025-11-07,SKU00285,2,1011.34,505.67,
2025-11-07,SKU01057,1,251.59,251.59,
2025-11-07,SKU01110,4,6435.6,1608.9,
2025-11-07,SKU01175,3,1854.87,618.29,
2025-11-07,SKU01295,2,297.22,148.61,
2025-11-07,SKU02068,2,499.78,249.89,
2025-11-07,SKU02087,1,62.98,62.98,
2025-11-07,SKU02092,4,1680.0,420.0,
2025-11-07,SKU02266,3,1546.98,515.66,
2025-11-07,SKU02526,1,698.11,698.11,
2025-11-07,SKU02609,3,1175.55,391.8500000000001,
2025-11-07,SKU03121,1,50.11,50.11,
2025-11-07,SKU03203,1,182.62,182.62,
2025-11-07,SKU04139,2,3342.1,1671.05,
2025-11-07,SKU04155,3,7836.66,2612.22,
2025-11-07,SKU04361,5,1287.05,257.41,
2025-11-07,SKU04489,1,251.01,251.01,
2025-11-07,SKU04638,2,677.48,338.74,
2025-11-07,SKU04708,3,4000.26,1333.42,
2025-11-07,SKU04731,1,98.95,98.95,
2025-11-07,SKU04863,1,801.26,801.26,
2025-11-08,SKU00198,1,340.46,340.46,
2025-11-08,SKU00321,1,736.71,736.71,
2025-11-08,SKU01144,1,215.74,215.74,
2025-11-08,SKU01274,2,1116.72,558.36,
2025-11-08,SKU01466,5,171.45,34.29,
2025-11-08,SKU01677,3,381.9,127.3,
2025-11-08,SKU01964,1,1160.91,1160.91,
2025-11-08,SKU01991,1,2731.16,2731.16,
2025-11-08,SKU02162,3,1202.97,400.99,
2025-11-08,SKU02282,1,199.33,199.33,
2025-11-08,SKU02318,1,2419.19,2419.19,
2025-11-08,SKU02383,1,328.02,328.02,
2025-11-08,SKU02526,4,2792.44,698.11,
2025-11-08,SKU02530,3,1520.58,506.85999999999996,
2025-11-08,SKU02969,1,125.0,125.0,
2025-11-08,SKU03368,3,5298.75,1766.25,
2025-11-08,SKU03424,1,150.83,150.83,
2025-11-08,SKU03578,1,225.73,225.73,
2025-11-08,SKU03682,2,68.26,34.13,
2025-11-08,SKU03702,1,473.65,473.65,
2025-11-08,SKU03727,1,1660.93,1660.93,
2025-11-08,SKU03795,1,162.83,162.83,
2025-11-08,SKU03935,1,522.89,522.89,
2025-11-08,SKU04453,1,265.58,265.58,
2025-11-08,SKU04476,1,134.95,134.95,
2025-11-08,SKU04482,3,335.13,111.71,
2025-11-08,SKU04596,2,671.1,335.55,
2025-11-08,SKU04679,3,137.13,45.71,
2025-11-08,SKU04831,2,1712.32,856.16,
2025-11-09,SKU00045,1,352.71,352.71,
2025-11-09,SKU00274,2,2133.6,1066.8,
2025-11-09,SKU00296,1,685.29,685.29,
2025-11-09,SKU00426,1,605.61,605.61,
2025-11-09,SKU00531,2,5899.92,2949.96,
2025-11-09,SKU00554,3,264.96,88.32,
2025-11-09,SKU00853,1,798.7,798.7,
2025-11-09,SKU00960,1,173.87,173.87,
2025-11-09,SKU00974,4,189.36,47.34,
2025-11-09,SKU01371,4,5110.44,1277.61,
2025-11-09,SKU01664,1,436.52,436.52,
2025-11-09,SKU02781,1,35.59,35.59,
2025-11-09,SKU02858,2,181.4,90.7,
2025-11-09,SKU03194,1,649.38,649.38,
2025-11-09,SKU03232,2,4447.68,2223.84,
2025-11-09,SKU03540,2,407.98,203.99,
2025-11-09,SKU03657,2,642.98,321.49,
2025-11-09,SKU03760,1,643.46,643.46,
2025-11-09,SKU04321,3,2883.9,961.2999999999998,
2025-11-09,SKU04531,1,105.09,105.09,
2025-11-09,SKU04817,2,81.72,40.86,
2025-11-10,SKU00441,3,8191.35,2730.45,
2025-11-10,SKU00663,1,1094.0,1094.0,
2025-11-10,SKU01165,1,996.52,996.52,
2025-11-10,SKU01172,1,302.18,302.18,
2025-11-10,SKU01820,5,445.5,89.1,
2025-11-10,SKU03074,2,5822.42,2911.21,
2025-11-10,SKU03203,6,1095.72,182.62,
2025-11-10,SKU03933,2,4934.74,2467.37,
2025-11-10,SKU04042,3,728.37,242.79,
2025-11-10,SKU04119,4,1902.4,475.6,
2025-11-10,SKU04245,2,435.56,217.78,
2025-11-10,SKU04252,1,116.03,116.03,
2025-11-11,SKU00247,5,1201.65,240.33,
2025-11-11,SKU00391,1,1207.83,1207.83,
2025-11-11,SKU00538,2,2202.14,1101.07,
2025-11-11,SKU00823,1,183.03,183.03,
2025-11-11,SKU00964,2,458.0,229.0,
2025-11-11,SKU01370,4,780.04,195.01,
2025-11-11,SKU01889,1,83.31,83.31,
2025-11-11,SKU02583,5,1370.3,274.06,
2025-11-11,SKU02650,5,2381.6,476.32,
2025-11-11,SKU02653,1,382.55,382.55,
2025-11-11,SKU02958,4,2086.76,521.69,
2025-11-11,SKU03460,1,3034.93,3034.93,
2025-11-11,SKU03616,3,1118.58,372.85999999999996,
2025-11-11,SKU04175,1,202.45,202.45,
2025-11-11,SKU04318,1,205.5,205.5,
2025-11-11,SKU04321,3,2883.9,961.2999999999998,
2025-11-11,SKU04459,4,5396.04,1349.01,
2025-11-11,SKU04903,2,475.96,237.98,
2025-11-12,SKU00190,2,290.84,145.42,
2025-11-12,SKU00213,1,115.76,115.76,
2025-11-12,SKU00376,5,1037.25,207.45,
2025-11-12,SKU00403,1,878.1,878.1,
2025-11-12,SKU01274,1,558.36,558.36,
2025-11-12,SKU01787,2,888.9,444.45,
2025-11-12,SKU01848,2,548.74,274.37,
2025-11-12,SKU02317,1,287.3,287.3,
2025-11-12,SKU02538,2,433.16,216.58,
2025-11-12,SKU02544,5,1159.55,231.91,
2025-11-12,SKU02744,2,2198.72,1099.36,
2025-11-12,SKU02787,2,3270.16,1635.08,
2025-11-12,SKU02791,1,485.0,485.0,
2025-11-12,SKU02819,1,1160.88,1160.88,
2025-11-12,SKU03088,1,223.55,223.55,
2025-11-12,SKU03214,1,1764.51,1764.51,
2025-11-12,SKU03535,2,357.24,178.62,
2025-11-12,SKU03661,4,781.48,195.37,
2025-11-12,SKU03704,1,370.99,370.99,
2025-11-12,SKU03727,3,4982.79,1660.93,
2025-11-12,SKU04036,4,3808.16,952.04,
2025-11-12,SKU04064,1,3845.32,3845.32,
2025-11-12,SKU04126,1,1646.95,1646.95,
2025-11-12,SKU04235,1,205.43,205.43,
2025-11-12,SKU04321,1,961.3,961.3,
2025-11-12,SKU04453,3,796.74,265.58,
2025-11-12,SKU04732,1,102.18,102.18,
2025-11-12,SKU04792,2,858.8,429.4,
2025-11-12,SKU04926,1,458.92,458.92,
2025-11-13,SKU00126,2,506.88,253.44,
2025-11-13,SKU00780,4,2300.64,575.16,
2025-11-13,SKU00812,1,799.7,799.7,
2025-11-13,SKU00855,2,282.84,141.42,
2025-11-13,SKU00953,2,547.98,273.99,
2025-11-13,SKU01153,3,2692.2,897.4,
2025-11-13,SKU01402,1,1239.24,1239.24,
2025-11-13,SKU01886,2,3993.78,1996.89,
2025-11-13,SKU01902,2,130.86,65.43,
2025-11-13,SKU02088,1,69.31,69.31,
2025-11-13,SKU02301,1,1021.41,1021.41,
2025-11-13,SKU02401,2,1048.94,524.47,
2025-11-13,SKU02671,2,825.28,412.64,
2025-11-13,SKU02692,1,2095.03,2095.03,
2025-11-13,SKU03385,1,153.8,153.8,
2025-11-13,SKU04268,3,421.95,140.65,
2025-11-13,SKU04317,2,1761.71,1598.65,1
2025-11-13,SKU04380,2,573.86,286.93,
2025-11-13,SKU04433,1,90.88,90.88,
2025-11-13,SKU04453,1,265.58,265.58,
2025-11-13,SKU04571,5,4342.6,868.5200000000001,
2025-11-13,SKU04590,1,960.96,960.96,
2025-11-13,SKU04596,1,335.55,335.55,
2025-11-13,SKU04629,4,667.4,166.85,
2025-11-13,SKU04702,1,2187.66,2187.66,
2025-11-14,SKU00599,2,93.94,46.97,
2025-11-14,SKU00829,3,1946.67,648.89,
2025-11-14,SKU01176,4,382.04,95.51,
2025-11-14,SKU01320,3,684.24,228.08,
2025-11-14,SKU01628,3,468.54,156.18,
2025-11-14,SKU01829,1,385.77,385.77,
2025-11-14,SKU01863,2,113.14,56.57,
2025-11-14,SKU01993,5,710.85,142.17,
2025-11-14,SKU02660,4,327.64,81.91,
2025-11-14,SKU02754,1,780.27,780.27,
2025-11-14,SKU02820,4,3437.2,859.3,
2025-11-14,SKU02858,2,181.4,90.7,
2025-11-14,SKU03022,1,86.56,86.56,
2025-11-14,SKU03284,1,248.67,248.67,
2025-11-14,SKU03403,3,291.39,97.13,
2025-11-14,SKU04596,1,335.55,335.55,
2025-11-14,SKU04768,1,104.95,104.95,
2025-11-14,SKU04972,1,688.96,688.96,
2025-11-15,SKU00038,3,1132.56,377.52,
2025-11-15,SKU00243,1,483.9,483.9,
2025-11-15,SKU00254,1,105.55,105.55,
2025-11-15,SKU00263,1,443.51,443.51,
2025-11-15,SKU00457,5,1327.25,265.45,
2025-11-15,SKU00487,3,629.88,209.96,
2025-11-15,SKU00930,2,1107.96,553.98,
2025-11-15,SKU01096,2,159.42,79.71,
2025-11-15,SKU01160,1,762.62,762.62,
2025-11-15,SKU01420,3,640.95,213.65,
2025-11-15,SKU01628,2,312.36,156.18,
2025-11-15,SKU01644,1,68.26,68.26,
2025-11-15,SKU01721,2,1010.5,505.25,
2025-11-15,SKU02034,1,751.83,751.83,
2025-11-15,SKU02526,2,1396.22,698.11,
2025-11-15,SKU02930,1,170.16,170.16,
2025-11-15,SKU03657,1,321.49,321.49,
2025-11-15,SKU03840,3,765.36,255.12,
2025-11-15,SKU04321,4,3845.2,961.3,
2025-11-15,SKU04560,1,262.25,262.25,
2025-11-16,SKU00048,1,111.68,111.68,
2025-11-16,SKU00893,1,690.66,690.66,
2025-11-16,SKU00953,2,547.98,273.99,
2025-11-16,SKU00990,3,1456.29,485.43,
2025-11-16,SKU01078,2,486.68,243.34,
2025-11-16,SKU01079,4,503.52,125.88,
2025-11-16,SKU01089,1,134.77,134.77,
2025-11-16,SKU01775,1,204.15,204.15,
2025-11-16,SKU02320,1,107.86,107.86,
2025-11-16,SKU02571,2,2379.88,1189.94,
2025-11-16,SKU03505,3,9953.34,3317.78,
2025-11-16,SKU03673,1,619.3,619.3,
2025-11-16,SKU03853,1,326.25,326.25,
2025-11-16,SKU04061,1,65.6,65.6,
2025-11-16,SKU04218,3,289.11,96.37,
2025-11-16,SKU04235,5,1027.15,205.43,
2025-11-16,SKU04892,3,330.87,110.29,
2025-11-17,SKU00090,2,1237.26,618.63,
2025-11-17,SKU00426,2,1211.22,605.61,
2025-11-17,SKU00714,3,2743.58,1659.76,1
2025-11-17,SKU01046,1,708.58,708.58,
2025-11-17,SKU01701,1,420.92,420.92,
2025-11-17,SKU01890,3,358.29,119.43,
2025-11-17,SKU01942,1,85.64,85.64,
2025-11-17,SKU01948,1,1592.06,1592.06,
2025-11-17,SKU02002,1,251.48,251.48,
2025-11-17,SKU02141,1,471.88,471.88,
2025-11-17,SKU02301,1,1021.41,1021.41,
2025-11-17,SKU03019,3,1808.45,1094.04,1
2025-11-17,SKU03444,2,773.3,386.65,
2025-11-17,SKU03522,1,112.92,112.92,
2025-11-17,SKU03953,3,397.29,132.43,
2025-11-17,SKU04264,3,7705.35,2568.45,
2025-11-17,SKU04321,1,961.3,961.3,
2025-11-17,SKU04562,2,1451.23,1316.91,1
2025-11-17,SKU04677,3,503.55,167.85,
2025-11-17,SKU04760,1,216.71,216.71,
2025-11-17,SKU04934,3,669.48,223.16,
2025-11-18,SKU00013,3,1565.85,521.95,
2025-11-18,SKU00285,2,1011.34,505.67,
2025-11-18,SKU00316,1,126.16,126.16,
2025-11-18,SKU00418,1,55.14,55.14,
2025-11-18,SKU00583,2,499.56,249.78,
2025-11-18,SKU00910,3,940.95,313.65,
2025-11-18,SKU00996,2,235.22,117.61,
2025-11-18,SKU01165,2,1993.04,996.52,
2025-11-18,SKU01677,1,127.3,127.3,
2025-11-18,SKU01714,3,1010.16,336.72,
2025-11-18,SKU01842,1,348.33,348.33,
2025-11-18,SKU02156,3,554.37,184.79,
2025-11-18,SKU02325,3,498.48,166.16,
2025-11-18,SKU02556,1,245.0,245.0,
2025-11-18,SKU02557,1,2280.46,2280.46,
2025-11-18,SKU02593,2,1284.98,642.49,
2025-11-18,SKU02753,2,1593.5,796.75,
2025-11-18,SKU02854,1,173.3,173.3,
2025-11-18,SKU03212,1,1989.37,1989.37,
2025-11-18,SKU03395,3,815.52,271.84,
2025-11-18,SKU03428,2,799.72,399.86,
2025-11-18,SKU03558,1,1074.47,1950.04,1
2025-11-18,SKU04401,1,194.32,194.32,
2025-11-18,SKU04459,1,1349.01,1349.01,
2025-11-19,SKU00628,4,543.2,135.8,
2025-11-19,SKU00841,1,604.4,604.4,
2025-11-19,SKU00975,1,2037.35,2037.35,
2025-11-19,SKU01036,2,264.4,132.2,
2025-11-19,SKU01317,1,644.83,644.83,
2025-11-19,SKU01420,1,213.65,213.65,
2025-11-19,SKU01943,1,580.44,1053.43,1
2025-11-19,SKU02079,1,153.65,153.65,
2025-11-19,SKU02904,2,625.16,312.58,
2025-11-19,SKU03176,1,681.39,1236.65,1
2025-11-19,SKU03249,1,442.88,442.88,
2025-11-19,SKU03353,1,48.61,48.61,
2025-11-19,SKU03453,3,657.03,219.01,
2025-11-19,SKU03954,3,1135.71,378.57,
2025-11-19,SKU04206,2,735.23,667.18,1
2025-11-19,SKU04321,2,1922.6,961.3,
2025-11-19,SKU04373,3,3101.07,1033.69,
2025-11-19,SKU04682,1,129.38,129.38,
2025-11-19,SKU04723,5,1845.1,369.02,
2025-11-20,SKU00070,1,738.95,738.95,
2025-11-20,SKU00286,2,128.9,64.45,
2025-11-20,SKU00477,1,131.43,131.43,
2025-11-20,SKU01397,1,4181.58,4181.58,
2025-11-20,SKU01572,1,1183.62,1183.62,
2025-11-20,SKU01977,3,323.52,107.83999999999999,
2025-11-20,SKU02288,1,2814.12,2814.12,
2025-11-20,SKU02530,1,506.86,506.86,
2025-11-20,SKU03005,1,133.21,133.21,
2025-11-20,SKU03081,1,1594.44,1594.44,
2025-11-20,SKU03240,4,4169.32,1042.33,
2025-11-20,SKU03535,3,535.86,178.62,
2025-11-20,SKU03708,1,102.64,102.64,
2025-11-20,SKU03812,1,1167.25,1167.25,
2025-11-20,SKU03876,4,931.12,232.78,
2025-11-20,SKU03885,5,2488.5,497.7,
2025-11-20,SKU03934,4,4359.05,1977.79,1
2025-11-20,SKU04060,2,1967.76,983.88,
2025-11-20,SKU04166,2,527.34,263.67,
2025-11-20,SKU04321,2,1922.6,961.3,
2025-11-20,SKU04369,1,1681.45,1681.45,
2025-11-20,SKU04432,2,681.6,340.8,
2025-11-20,SKU04647,1,288.31,288.31,
2025-11-21,SKU00255,3,476.58,158.86,
2025-11-21,SKU00285,3,1517.01,505.67,
2025-11-21,SKU00506,1,319.73,319.73,
2025-11-21,SKU00953,1,273.99,273.99,
2025-11-21,SKU00970,1,354.04,354.04,
2025-11-21,SKU00994,5,3010.65,602.1299999999999,
2025-11-21,SKU01155,3,2988.54,996.18,
2025-11-21,SKU01766,1,1036.35,1036.35,
2025-11-21,SKU02030,1,339.2,339.2,
2025-11-21,SKU02182,4,3890.96,972.74,
2025-11-21,SKU02284,2,477.72,238.86,
2025-11-21,SKU02330,1,221.38,221.38,
2025-11-21,SKU02511,1,171.29,171.29,
2025-11-21,SKU02564,1,288.49,288.49,
2025-11-21,SKU02858,4,362.8,90.7,
2025-11-21,SKU03241,2,224.38,112.19,
2025-11-21,SKU04167,2,400.26,200.13,
2025-11-21,SKU04321,2,1922.6,961.3,
2025-11-21,SKU04325,1,2888.57,2888.57,
2025-11-21,SKU04339,1,1534.07,1534.07,
2025-11-21,SKU04596,1,335.55,335.55,
2025-11-22,SKU00107,1,2511.78,2511.78,
2025-11-22,SKU00420,5,2193.65,438.73,
2025-11-22,SKU00805,1,959.48,959.48,
2025-11-22,SKU00953,1,273.99,273.99,
2025-11-22,SKU01519,2,882.82,441.41,
2025-11-22,SKU01784,1,168.81,168.81,
2025-11-22,SKU02116,1,149.86,149.86,
2025-11-22,SKU02125,1,112.77,112.77,
2025-11-22,SKU02730,1,247.3,247.3,
2025-11-22,SKU02858,2,181.4,90.7,
2025-11-22,SKU03029,4,269.16,67.29,
2025-11-22,SKU03419,3,2554.02,851.34,
2025-11-22,SKU04060,1,983.88,983.88,
2025-11-22,SKU04096,1,155.65,155.65,
2025-11-22,SKU04176,3,826.32,275.44,
2025-11-22,SKU04181,4,252.56,63.14,
2025-11-22,SKU04627,2,1260.94,630.47,
2025-11-22,SKU04908,1,1133.38,1133.38,
2025-11-22,SKU04913,1,466.91,466.91,
2025-11-23,SKU00020,1,109.5,109.5,
2025-11-23,SKU00169,1,95.37,95.37,
2025-11-23,SKU00328,2,409.94,204.97,
2025-11-23,SKU00942,2,345.8,172.9,
2025-11-23,SKU00994,2,1204.26,602.13,
2025-11-23,SKU01901,1,102.51,102.51,
2025-11-23,SKU01983,3,1592.76,530.92,
2025-11-23,SKU02368,3,2548.17,849.39,
2025-11-23,SKU02848,1,334.01,334.01,
2025-11-23,SKU02882,5,735.7,147.14,
2025-11-23,SKU03154,2,221.64,110.82,
2025-11-23,SKU03247,4,1203.92,300.98,
2025-11-23,SKU03402,2,1225.32,612.66,
2025-11-23,SKU03582,1,1131.96,1131.96,
2025-11-23,SKU03850,3,1544.1,514.7,
2025-11-23,SKU04063,2,942.98,471.49,
2025-11-23,SKU04171,1,652.08,652.08,
2025-11-23,SKU04197,1,358.95,358.95,
2025-11-23,SKU04245,2,435.56,217.78,
2025-11-23,SKU04258,1,47.15,47.15,
2025-11-23,SKU04321,1,961.3,961.3,
2025-11-23,SKU04374,5,1593.5,318.7,
2025-11-24,SKU00050,1,34.08,34.08,
2025-11-24,SKU00177,1,114.65,114.65,
2025-11-24,SKU00285,1,505.67,505.67,
2025-11-24,SKU00499,2,220.64,110.32,
2025-11-24,SKU00893,1,690.66,690.66,
2025-11-24,SKU01274,3,1675.08,558.36,
2025-11-24,SKU01307,2,282.84,141.42,
2025-11-24,SKU01438,1,298.01,298.01,
2025-11-24,SKU01555,2,220.72,110.36,
2025-11-24,SKU02065,3,210.57,70.19,
2025-11-24,SKU02068,1,249.89,249.89,
2025-11-24,SKU02083,3,399.39,133.13,
2025-11-24,SKU02372,1,401.1,401.1,
2025-11-24,SKU02464,1,736.85,736.85,
2025-11-24,SKU03145,1,47.44,47.44,
2025-11-24,SKU03163,2,602.02,301.01,
2025-11-24,SKU03323,4,12006.08,3001.52,
2025-11-24,SKU03727,2,3321.86,1660.93,
2025-11-24,SKU03769,1,96.33,96.33,
2025-11-24,SKU04143,1,413.46,413.46,
2025-11-24,SKU04419,2,123.3,61.65,
2025-11-24,SKU04624,1,61.27,61.27,
2025-11-24,SKU04739,2,546.64,273.32,
2025-11-24,SKU04783,1,1943.37,1943.37,
2025-11-25,SKU00909,4,1614.28,403.57,
2025-11-25,SKU00942,2,345.8,172.9,
2025-11-25,SKU00953,2,547.98,273.99,
2025-11-25,SKU01119,1,181.19,181.19,
2025-11-25,SKU01420,3,640.95,213.65,
2025-11-25,SKU01794,2,795.98,397.99,
2025-11-25,SKU02155,3,3340.44,1113.48,
2025-11-25,SKU02344,5,2685.3,537.06,
2025-11-25,SKU02537,1,161.43,161.43,
2025-11-25,SKU03189,1,300.85,300.85,
2025-11-25,SKU03229,4,5139.04,1284.76,
2025-11-25,SKU03259,1,602.04,602.04,
2025-11-25,SKU04346,1,970.29,970.29,
2025-11-25,SKU04571,1,868.52,868.52,
2025-11-26,SKU00062,1,499.45,499.45,
2025-11-26,SKU00484,1,179.04,179.04,
2025-11-26,SKU00485,4,200.92,50.23,
2025-11-26,SKU00995,1,237.56,237.56,
2025-11-26,SKU01021,3,3730.41,1243.47,
2025-11-26,SKU01343,1,332.15,332.15,
2025-11-26,SKU01371,2,2555.22,1277.61,
2025-11-26,SKU01432,3,236.43,78.81,
2025-11-26,SKU01489,1,110.32,110.32,
2025-11-26,SKU01591,1,239.52,239.52,
2025-11-26,SKU02024,3,4831.8,1610.5999999999997,
2025-11-26,SKU02258,1,2619.48,2619.48,
2025-11-26,SKU02411,1,522.82,522.82,
2025-11-26,SKU03785,1,233.48,233.48,
2025-11-26,SKU04321,1,961.3,961.3,
2025-11-27,SKU00376,2,414.9,207.45,
2025-11-27,SKU00415,1,1769.39,1769.39,
2025-11-27,SKU00694,3,539.13,179.71,
2025-11-27,SKU00823,1,183.03,183.03,
2025-11-27,SKU01086,2,247.64,123.82,
2025-11-27,SKU02268,1,205.47,205.47,
2025-11-27,SKU02476,1,756.24,756.24,
2025-11-27,SKU02879,2,263.44,131.72,
2025-11-27,SKU03195,3,1830.24,610.08,
2025-11-27,SKU03549,1,173.56,173.56,
2025-11-27,SKU03594,1,477.39,477.39,
2025-11-27,SKU03869,2,219.12,109.56,
2025-11-27,SKU04924,2,5598.56,2799.28,
2025-11-28,SKU00062,1,499.45,499.45,
2025-11-28,SKU00086,1,2786.01,2786.01,
2025-11-28,SKU00279,1,109.8,109.8,
2025-11-28,SKU00285,1,505.67,505.67,
2025-11-28,SKU00416,1,75.12,75.12,
2025-11-28,SKU00489,2,3647.7,1823.85,
2025-11-28,SKU00835,3,2513.52,837.84,
2025-11-28,SKU00920,1,114.73,114.73,
2025-11-28,SKU00953,3,821.97,273.99,
2025-11-28,SKU01145,3,102.0,34.0,
2025-11-28,SKU01173,1,346.97,346.97,
2025-11-28,SKU01227,2,803.56,401.78,
2025-11-28,SKU01254,1,116.86,116.86,
2025-11-28,SKU02015,2,208.12,104.06,
2025-11-28,SKU02240,1,1865.7,1865.7,
2025-11-28,SKU02287,1,665.21,665.21,
2025-11-28,SKU02401,1,524.47,524.47,
2025-11-28,SKU02649,1,1521.83,1521.83,
2025-11-28,SKU03130,1,4194.16,4194.16,
2025-11-28,SKU03455,1,309.96,309.96,
2025-11-28,SKU03702,1,473.65,473.65,
2025-11-28,SKU04023,1,898.44,898.44,
2025-11-28,SKU04321,2,1922.6,961.3,
2025-11-28,SKU04551,1,2498.23,2498.23,
2025-11-29,SKU00036,3,566.37,188.79,
2025-11-29,SKU00062,1,499.45,499.45,
2025-11-29,SKU00286,1,64.45,64.45,
2025-11-29,SKU00490,2,481.76,240.88,
2025-11-29,SKU00774,2,189.22,94.61,
2025-11-29,SKU01146,3,637.53,212.51,
2025-11-29,SKU01550,2,68.96,34.48,
2025-11-29,SKU01653,2,1100.54,550.27,
2025-11-29,SKU01774,2,258.66,129.33,
2025-11-29,SKU02024,4,6442.4,1610.6,
2025-11-29,SKU02212,1,569.68,569.68,
2025-11-29,SKU02272,1,2530.84,2530.84,
2025-11-29,SKU02858,1,90.7,90.7,
2025-11-29,SKU03104,1,480.01,480.01,
2025-11-29,SKU03320,1,626.69,626.69,
2025-11-29,SKU03693,5,6909.1,1381.82,
2025-11-29,SKU03727,1,1660.93,1660.93,
2025-11-29,SKU03820,1,961.05,961.05,
2025-11-29,SKU04161,3,568.92,189.64,
2025-11-29,SKU04596,1,335.55,335.55,
2025-11-29,SKU04670,1,308.99,308.99,
2025-11-29,SKU04945,1,204.86,204.86,
2025-11-29,SKU04965,3,251.28,83.76,
2025-11-30,SKU00395,3,3309.36,1103.12,
2025-11-30,SKU00993,5,1153.95,230.79000000000002,
2025-11-30,SKU01151,3,5517.66,1839.22,
2025-11-30,SKU01349,1,342.9,342.9,
2025-11-30,SKU01491,1,848.79,848.79,
2025-11-30,SKU01929,1,79.85,79.85,
2025-11-30,SKU01953,1,309.85,309.85,
2025-11-30,SKU02141,2,943.76,471.88,
2025-11-30,SKU02168,3,1448.04,482.68,
2025-11-30,SKU02272,3,7592.52,2530.84,
2025-11-30,SKU02338,2,627.26,313.63,
2025-11-30,SKU02404,1,28.16,28.16,
2025-11-30,SKU02451,1,525.16,525.16,
2025-11-30,SKU02778,2,342.38,171.19,
2025-11-30,SKU02858,1,90.7,90.7,
2025-11-30,SKU02928,2,3692.54,1846.27,
2025-11-30,SKU03635,1,230.58,230.58,
2025-11-30,SKU03727,3,4982.79,1660.93,
2025-11-30,SKU03907,3,2630.19,876.73,
2025-11-30,SKU04177,1,2641.42,2641.42,
2025-11-30,SKU04245,4,871.12,217.78,
2025-11-30,SKU04321,2,1922.6,961.3,
2025-11-30,SKU04454,5,14244.75,2848.95,
2025-11-30,SKU04930,1,682.34,682.34,
2025-12-01,SKU00135,2,383.04,191.52,
2025-12-01,SKU00593,2,1521.88,760.94,
2025-12-01,SKU00618,1,132.27,132.27,
2025-12-01,SKU00845,1,670.83,670.83,
2025-12-01,SKU00974,3,142.02,47.34,
2025-12-01,SKU01203,1,505.24,505.24,
2025-12-01,SKU01605,1,821.82,821.82,
2025-12-01,SKU01615,1,449.46,449.46,
2025-12-01,SKU02008,3,2807.1,935.7000000000002,
2025-12-01,SKU02198,2,1469.52,734.76,
2025-12-01,SKU02737,3,945.42,315.14,
2025-12-01,SKU02983,4,4250.84,1062.71,
2025-12-01,SKU03292,2,328.06,164.03,
2025-12-01,SKU03398,3,4316.91,1438.97,
2025-12-01,SKU03686,1,1933.77,1933.77,
2025-12-01,SKU04064,1,3845.32,3845.32,
2025-12-01,SKU04096,3,466.95,155.65,
2025-12-01,SKU04568,3,836.7,278.9,
2025-12-01,SKU04611,2,545.22,272.61,
2025-12-02,SKU00424,4,1559.96,389.99,
2025-12-02,SKU00539,1,199.63,199.63,
2025-12-02,SKU00591,1,721.88,721.88,
2025-12-02,SKU00830,2,580.02,290.01,
2025-12-02,SKU01208,2,232.7,116.35,
2025-12-02,SKU01892,1,231.9,231.9,
2025-12-02,SKU02132,2,857.7,428.85,
2025-12-02,SKU02393,1,273.25,273.25,
2025-12-02,SKU02415,2,882.42,441.21,
2025-12-02,SKU02893,2,654.4,327.2,
2025-12-02,SKU02936,1,198.13,198.13,
2025-12-02,SKU02988,1,252.98,252.98,
2025-12-02,SKU03535,3,535.86,178.62,
2025-12-02,SKU04043,2,2845.5,1422.75,
2025-12-02,SKU04154,1,351.77,351.77,
2025-12-02,SKU04203,3,2129.22,709.7400000000001,
2025-12-02,SKU04259,5,635.55,127.10999999999999,
2025-12-02,SKU04321,2,1922.6,961.3,
2025-12-03,SKU00228,2,5912.1,2956.05,
2025-12-03,SKU00291,2,380.88,190.44,
2025-12-03,SKU00376,2,414.9,207.45,
2025-12-03,SKU00378,2,448.96,224.48,
2025-12-03,SKU00628,1,135.8,135.8,
2025-12-03,SKU00929,1,158.05,158.05,
2025-12-03,SKU01019,1,287.61,287.61,
2025-12-03,SKU01555,4,441.44,110.36,
2025-12-03,SKU01808,4,903.28,225.82,
2025-12-03,SKU02143,1,88.64,88.64,
2025-12-03,SKU02379,1,119.83,119.83,
2025-12-03,SKU02571,3,3569.82,1189.94,
2025-12-03,SKU03409,5,588.35,117.67,
2025-12-03,SKU03524,1,141.25,141.25,
2025-12-03,SKU03639,4,550.2,137.55,
2025-12-03,SKU03727,1,1660.93,1660.93,
2025-12-03,SKU04035,1,140.98,140.98,
2025-12-03,SKU04329,3,7356.21,2452.07,
2025-12-04,SKU00263,2,887.02,443.51,
2025-12-04,SKU00411,2,478.14,239.07,
2025-12-04,SKU01003,2,648.78,324.39,
2025-12-04,SKU01014,1,274.5,274.5,
2025-12-04,SKU01096,1,79.71,79.71,
2025-12-04,SKU01317,3,1934.49,644.83,
2025-12-04,SKU01370,1,195.01,195.01,
2025-12-04,SKU01544,1,131.34,131.34,
2025-12-04,SKU01578,4,2161.4,540.35,
2025-12-04,SKU01743,1,1398.86,1398.86,
2025-12-04,SKU01775,4,816.6,204.15,
2025-12-04,SKU01958,1,94.8,94.8,
2025-12-04,SKU02395,2,1646.42,823.21,
2025-12-04,SKU02452,3,91.83,30.61,
2025-12-04,SKU02864,3,823.98,274.66,
2025-12-04,SKU02934,1,112.59,112.59,
2025-12-04,SKU03174,1,1052.39,1052.39,
2025-12-04,SKU03199,1,78.08,78.08,
2025-12-04,SKU03292,2,328.06,164.03,
2025-12-04,SKU03676,2,2785.44,1392.72,
2025-12-04,SKU03703,1,115.62,115.62,
2025-12-04,SKU03832,1,107.73,107.73,
2025-12-04,SKU03870,2,603.56,301.78,
2025-12-04,SKU04185,1,79.83,79.83,
2025-12-04,SKU04321,5,4806.5,961.3,
2025-12-04,SKU04465,2,614.58,307.29,
2025-12-04,SKU04508,2,751.1,375.55,
2025-12-04,SKU04571,2,1737.04,868.52,
2025-12-04,SKU04596,1,335.55,335.55,
2025-12-04,SKU04637,1,502.55,502.55,
2025-12-05,SKU00258,1,91.98,91.98,
2025-12-05,SKU00588,3,569.1,189.69999999999996,
2025-12-05,SKU00920,1,114.73,114.73,
2025-12-05,SKU01005,2,423.5,211.75,
2025-12-05,SKU01180,1,450.33,450.33,
2025-12-05,SKU01233,1,468.0,468.0,
2025-12-05,SKU01244,2,4449.38,2224.69,
2025-12-05,SKU01248,1,381.79,381.79,
2025-12-05,SKU01360,2,2619.14,1309.57,
2025-12-05,SKU02068,1,249.89,249.89,
2025-12-05,SKU02522,1,1963.68,1963.68,
2025-12-05,SKU02892,2,154.1,77.05,
2025-12-05,SKU02931,1,127.7,127.7,
2025-12-05,SKU03333,1,1220.63,1220.63,
2025-12-05,SKU03355,2,254.94,127.47,
2025-12-05,SKU03561,1,616.36,616.36,
2025-12-05,SKU04008,1,284.43,284.43,
2025-12-05,SKU04030,1,327.86,327.86,
2025-12-05,SKU04321,1,961.3,961.3,
2025-12-05,SKU04782,1,1639.0,1639.0,
2025-12-06,SKU00017,2,560.78,280.39,
2025-12-06,SKU00079,2,395.8,197.9,
2025-12-06,SKU00274,3,3200.4,1066.8,
2025-12-06,SKU00412,1,627.15,627.15,
2025-12-06,SKU00694,1,179.71,179.71,
2025-12-06,SKU00921,2,6727.64,3363.82,
2025-12-06,SKU01849,1,145.96,145.96,
2025-12-06,SKU02278,3,1595.88,531.96,
2025-12-06,SKU02588,1,93.82,93.82,
2025-12-06,SKU02869,3,3071.01,1023.67,
2025-12-06,SKU02943,1,909.95,909.95,
2025-12-06,SKU03033,1,1391.33,1391.33,
2025-12-06,SKU03273,1,1262.9,1262.9,
2025-12-06,SKU03469,1,539.19,539.19,
2025-12-06,SKU03506,1,541.05,541.05,
2025-12-06,SKU03702,1,473.65,473.65,
2025-12-06,SKU03727,1,1660.93,1660.93,
2025-12-06,SKU04321,3,2883.8999999999996,961.2999999999998,
2025-12-06,SKU04474,3,504.21,168.07,
2025-12-07,SKU00500,4,5058.32,1264.58,
2025-12-07,SKU00774,2,189.22,94.61,
2025-12-07,SKU01080,2,334.4,167.2,
2025-12-07,SKU01539,1,347.54,347.54,
2025-12-07,SKU01756,2,295.58,147.79,
2025-12-07,SKU01823,1,1248.39,1248.39,
2025-12-07,SKU02128,2,368.4,184.2,
2025-12-07,SKU02283,2,175.64,87.82,
2025-12-07,SKU02518,1,131.22,131.22,
2025-12-07,SKU02554,2,1316.98,658.49,
2025-12-07,SKU02692,2,4190.06,2095.03,
2025-12-07,SKU03138,4,397.0,99.25,
2025-12-07,SKU03704,1,370.99,370.99,
2025-12-07,SKU03849,1,613.72,613.72,
2025-12-07,SKU03855,5,3419.5,683.9,
2025-12-07,SKU03890,1,659.39,659.39,
2025-12-07,SKU04026,1,240.97,240.97,
2025-12-07,SKU04329,1,2452.07,2452.07,
2025-12-07,SKU04596,6,2013.3000000000002,335.55,
2025-12-08,SKU00400,4,7196.68,1799.17,
2025-12-08,SKU00564,2,2664.86,1332.43,
2025-12-08,SKU00808,4,4886.04,1221.51,
2025-12-08,SKU00997,3,852.45,284.15,
2025-12-08,SKU01041,1,395.7,395.7,
2025-12-08,SKU01189,4,9199.2,2299.8,
2025-12-08,SKU01243,3,625.71,208.57000000000002,
2025-12-08,SKU01294,2,883.74,441.87,
2025-12-08,SKU01679,1,1739.03,1739.03,
2025-12-08,SKU02712,1,168.07,168.07,
2025-12-08,SKU02737,3,945.42,315.14,
2025-12-08,SKU02858,1,90.7,90.7,
2025-12-08,SKU02928,1,1846.27,1846.27,
2025-12-08,SKU02987,1,701.69,701.69,
2025-12-08,SKU03160,2,509.28,254.64,
2025-12-08,SKU03300,2,559.56,279.78,
2025-12-08,SKU03778,1,155.82,155.82,
2025-12-08,SKU03881,4,2262.88,565.72,
2025-12-08,SKU04321,3,2883.8999999999996,961.2999999999998,
2025-12-08,SKU04571,1,868.52,868.52,
2025-12-08,SKU04839,3,153.6,51.20000000000001,
2025-12-09,SKU00218,1,229.94,229.94,
2025-12-09,SKU00611,1,114.26,114.26,
2025-12-09,SKU01088,1,183.33,183.33,
2025-12-09,SKU01255,1,182.77,182.77,
2025-12-09,SKU01420,1,213.65,213.65,
2025-12-09,SKU01555,1,110.36,110.36,
2025-12-09,SKU01619,3,713.94,237.98,
2025-12-09,SKU01739,1,501.28,501.28,
2025-12-09,SKU02050,4,362.92,90.73,
2025-12-09,SKU03430,2,696.36,348.18,
2025-12-09,SKU03658,2,405.1,202.55,
2025-12-09,SKU03717,3,721.08,240.36,
2025-12-09,SKU03727,3,4982.79,1660.93,
2025-12-09,SKU03851,1,99.5,99.5,
2025-12-09,SKU03932,1,188.65,188.65,
2025-12-09,SKU04305,1,782.22,782.22,
2025-12-09,SKU04387,3,533.34,177.78,
2025-12-09,SKU04796,1,1974.55,1974.55,
2025-12-09,SKU04819,1,222.61,222.61,
2025-12-10,SKU00027,4,2432.96,608.24,
2025-12-10,SKU00178,1,527.32,527.32,
2025-12-10,SKU00445,1,87.15,87.15,
2025-12-10,SKU00917,5,911.25,182.25,
2025-12-10,SKU00994,1,602.13,602.13,
2025-12-10,SKU01021,1,1243.47,1243.47,
2025-12-10,SKU01137,2,2573.06,1286.53,
2025-12-10,SKU01197,1,2209.52,2209.52,
2025-12-10,SKU01608,1,171.7,171.7,
2025-12-10,SKU02295,1,1019.04,1019.04,
2025-12-10,SKU02417,1,1108.44,1108.44,
2025-12-10,SKU02429,1,56.48,56.48,
2025-12-10,SKU02541,3,8421.27,2807.09,
2025-12-10,SKU02840,3,801.12,267.04,
2025-12-10,SKU03199,4,312.32,78.08,
2025-12-10,SKU03209,1,76.6,76.6,
2025-12-10,SKU03259,1,602.04,602.04,
2025-12-10,SKU03272,3,2572.74,857.58,
2025-12-10,SKU03368,2,3532.5,1766.25,
2025-12-10,SKU03581,3,6811.29,2270.43,
2025-12-10,SKU03689,1,368.35,368.35,
2025-12-10,SKU03727,2,3321.86,1660.93,
2025-12-10,SKU04001,2,366.96,183.48,
2025-12-10,SKU04126,2,3293.9,1646.95,
2025-12-10,SKU04157,3,8035.05,2678.35,
2025-12-10,SKU04162,3,1094.67,364.89000000000004,
2025-12-10,SKU04211,1,311.36,311.36,
2025-12-10,SKU04321,8,7690.4,961.3,
2025-12-10,SKU04974,1,1576.81,1576.81,
2025-12-11,SKU00190,3,436.26,145.42,
2025-12-11,SKU00388,5,318.1,63.61999999999999,
2025-12-11,SKU00782,1,1731.92,1731.92,
2025-12-11,SKU00845,1,670.83,670.83,
2025-12-11,SKU00994,1,602.13,602.13,
2025-12-11,SKU00997,1,284.15,284.15,
2025-12-11,SKU01164,4,967.24,241.81,
2025-12-11,SKU01736,3,220.74,73.58,
2025-12-11,SKU02112,2,328.18,164.09,
2025-12-11,SKU02460,3,4919.79,1639.93,
2025-12-11,SKU02642,1,191.59,191.59,
2025-12-11,SKU02720,2,279.96,139.98,
2025-12-11,SKU02833,3,11773.59,3924.53,
2025-12-11,SKU03523,3,1044.54,348.18,
2025-12-11,SKU04105,1,464.78,464.78,
2025-12-11,SKU04321,13,12496.900000000001,961.3,
2025-12-11,SKU04512,1,391.11,391.11,
2025-12-11,SKU04542,1,123.29,123.29,
2025-12-11,SKU04571,1,868.52,868.52,
2025-12-11,SKU04618,1,433.58,433.58,
2025-12-11,SKU04791,3,8064.12,2688.04,
2025-12-12,SKU00002,4,281.52,70.38,
2025-12-12,SKU00138,1,668.4,668.4,
2025-12-12,SKU00920,3,344.19,114.73,
2025-12-12,SKU01254,1,116.86,116.86,
2025-12-12,SKU01526,2,398.36,199.18,
2025-12-12,SKU01566,5,1848.55,369.71,
2025-12-12,SKU02006,3,242.01,80.67,
2025-12-12,SKU02198,1,734.76,734.76,
2025-12-12,SKU02692,1,2095.03,2095.03,
2025-12-12,SKU02805,1,82.43,82.43,
2025-12-12,SKU02818,2,153.84,76.92,
2025-12-12,SKU02929,1,114.61,114.61,
2025-12-12,SKU03180,1,355.01,355.01,
2025-12-12,SKU03246,2,5016.36,2508.18,
2025-12-12,SKU03278,1,1619.2,1619.2,
2025-12-12,SKU03374,3,212.79,70.93,
2025-12-12,SKU03530,1,2126.37,2126.37,
2025-12-12,SKU03997,1,308.27,308.27,
2025-12-12,SKU04157,1,2678.35,2678.35,
2025-12-12,SKU04321,4,3845.2,961.3,
2025-12-12,SKU04366,1,1951.78,1951.78,
2025-12-12,SKU04447,1,1190.64,1190.64,
2025-12-12,SKU04508,3,1126.65,375.55,
2025-12-12,SKU04724,2,2431.96,1215.98,
2025-12-12,SKU04816,2,180.98,90.49,
2025-12-13,SKU00285,1,505.67,505.67,
2025-12-13,SKU00539,3,598.89,199.63,
2025-12-13,SKU00920,2,229.46,114.73,
2025-12-13,SKU00994,1,602.13,602.13,
2025-12-13,SKU01157,3,686.64,228.88,
2025-12-13,SKU01590,4,370.72,92.68,
2025-12-13,SKU01864,1,228.71,228.71,
2025-12-13,SKU02002,2,502.96,251.48,
2025-12-13,SKU02333,3,159.3,53.1,
2025-12-13,SKU02911,1,133.23,133.23,
2025-12-13,SKU03108,4,496.84,124.21,
2025-12-13,SKU03334,1,42.39,42.39,
2025-12-13,SKU03669,1,1245.54,1245.54,
2025-12-13,SKU04060,1,983.88,983.88,
2025-12-13,SKU04209,1,1922.46,1922.46,
2025-12-13,SKU04321,5,4806.5,961.3,
2025-12-13,SKU04596,2,671.1,335.55,
2025-12-13,SKU04782,5,8195.0,1639.0,
2025-12-14,SKU00756,1,2637.39,2637.39,
2025-12-14,SKU00795,2,102.72,51.36,
2025-12-14,SKU00831,1,950.49,950.49,
2025-12-14,SKU01048,1,96.18,96.18,
2025-12-14,SKU01113,5,1494.85,298.97,
2025-12-14,SKU01274,4,2233.44,558.36,
2025-12-14,SKU01281,1,181.51,181.51,
2025-12-14,SKU02062,2,3708.02,1854.01,
2025-12-14,SKU02107,4,3243.64,810.91,
2025-12-14,SKU02134,5,3291.85,658.37,
2025-12-14,SKU02333,2,106.2,53.1,
2025-12-14,SKU02450,3,758.52,252.84,
2025-12-14,SKU02482,1,1297.95,1297.95,
2025-12-14,SKU02571,3,3569.82,1189.94,
2025-12-14,SKU02602,1,220.61,220.61,
2025-12-14,SKU02740,1,104.22,104.22,
2025-12-14,SKU02751,2,1296.14,648.07,
2025-12-14,SKU02776,1,234.93,234.93,
2025-12-14,SKU03128,3,175.68,58.56,
2025-12-14,SKU03297,1,185.56,185.56,
2025-12-14,SKU03397,1,393.07,393.07,
2025-12-14,SKU03800,1,114.46,114.46,
2025-12-14,SKU03829,2,1321.42,660.71,
2025-12-14,SKU04026,1,240.97,240.97,
2025-12-14,SKU04137,2,4781.54,2390.77,
2025-12-14,SKU04318,2,411.0,205.5,
2025-12-14,SKU04321,4,3845.2,961.3,
2025-12-14,SKU04422,4,273.44,68.36,
2025-12-14,SKU04572,5,5653.35,1130.67,
2025-12-14,SKU04781,1,79.52,79.52,
2025-12-14,SKU04800,1,816.44,816.44,
2025-12-15,SKU00377,1,209.39,209.39,
2025-12-15,SKU00630,3,4226.19,1408.7300000000002,
2025-12-15,SKU01208,4,465.4,116.35,
2025-12-15,SKU01287,1,399.07,399.07,
2025-12-15,SKU01482,2,3157.78,1578.89,
2025-12-15,SKU01736,2,147.16,73.58,
2025-12-15,SKU01838,2,251.18,125.59,
2025-12-15,SKU02002,1,251.48,251.48,
2025-12-15,SKU02021,1,296.61,296.61,
2025-12-15,SKU02040,2,3126.36,1563.18,
2025-12-15,SKU02249,3,464.88,154.96,
2025-12-15,SKU02661,1,674.41,674.41,
2025-12-15,SKU03066,2,429.3,214.65,
2025-12-15,SKU03702,1,473.65,473.65,
2025-12-15,SKU03955,1,499.04,499.04,
2025-12-15,SKU04061,3,196.8,65.6,
2025-12-15,SKU04321,1,961.3,961.3,
2025-12-15,SKU04346,1,970.29,970.29,
2025-12-15,SKU04596,1,335.55,335.55,
2025-12-16,SKU00062,2,998.9,499.45,
2025-12-16,SKU00128,1,741.97,741.97,
2025-12-16,SKU00387,3,1898.88,632.96,
2025-12-16,SKU00984,1,1782.02,1782.02,
2025-12-16,SKU01371,1,1277.61,1277.61,
2025-12-16,SKU01414,1,193.44,193.44,
2025-12-16,SKU01836,2,3313.16,1656.58,
2025-12-16,SKU01870,1,226.16,226.16,
2025-12-16,SKU02606,1,1572.99,1572.99,
2025-12-16,SKU02660,2,163.82,81.91,
2025-12-16,SKU02866,3,282.78,94.26,
2025-12-16,SKU03505,3,9953.34,3317.78,
2025-12-16,SKU03797,1,361.59,361.59,
2025-12-16,SKU03812,1,1167.25,1167.25,
2025-12-16,SKU04039,1,381.69,381.69,
2025-12-16,SKU04043,2,2845.5,1422.75,
2025-12-16,SKU04154,1,351.77,351.77,
2025-12-17,SKU00020,1,109.5,109.5,
2025-12-17,SKU00190,2,290.84,145.42,
2025-12-17,SKU00363,2,2207.5,1103.75,
2025-12-17,SKU00496,2,626.88,313.44,
2025-12-17,SKU00812,1,799.7,799.7,
2025-12-17,SKU00938,1,47.74,47.74,
2025-12-17,SKU01137,1,1286.53,1286.53,
2025-12-17,SKU01416,2,366.5,183.25,
2025-12-17,SKU01547,3,496.92,165.64,
2025-12-17,SKU01774,1,129.33,129.33,
2025-12-17,SKU01829,5,1928.85,385.77,
2025-12-17,SKU02130,1,749.78,749.78,
2025-12-17,SKU02648,4,3533.8,883.45,
2025-12-17,SKU02858,1,90.7,90.7,
2025-12-17,SKU04141,2,541.6,270.8,
2025-12-17,SKU04154,1,351.77,351.77,
2025-12-17,SKU04232,1,98.56,98.56,
2025-12-17,SKU04234,1,823.14,823.14,
2025-12-17,SKU04321,3,2883.8999999999996,961.2999999999998,
2025-12-18,SKU00160,4,808.24,202.06,
2025-12-18,SKU00583,1,249.78,249.78,
2025-12-18,SKU00845,1,670.83,670.83,
2025-12-18,SKU01001,1,496.66,496.66,
2025-12-18,SKU01379,1,193.26,193.26,
2025-12-18,SKU01688,1,158.65,158.65,
2025-12-18,SKU01885,1,307.39,307.39,
2025-12-18,SKU02105,2,298.3,149.15,
2025-12-18,SKU02154,2,3753.06,1876.53,
2025-12-18,SKU02806,2,164.06,82.03,
2025-12-18,SKU02954,1,603.3,603.3,
2025-12-18,SKU03088,1,223.55,223.55,
2025-12-18,SKU03110,1,304.91,304.91,
2025-12-18,SKU03296,1,3683.62,3683.62,
2025-12-18,SKU03727,2,3321.86,1660.93,
2025-12-18,SKU03795,3,488.49,162.83,
2025-12-18,SKU04038,4,154.2,38.55,
2025-12-18,SKU04220,2,1379.38,689.69,
2025-12-18,SKU04235,4,821.72,205.43,
2025-12-18,SKU04321,4,3845.2,961.3,
2025-12-18,SKU04596,2,671.1,335.55,
2025-12-18,SKU04627,1,630.47,630.47,
2025-12-18,SKU04835,2,124.2,62.1,
2025-12-19,SKU00096,1,210.25,210.25,
2025-12-19,SKU00211,2,2378.32,1189.16,
2025-12-19,SKU00274,4,4267.2,1066.8,
2025-12-19,SKU00311,3,6887.64,2295.88,
2025-12-19,SKU00445,2,174.3,87.15,
2025-12-19,SKU00724,4,279.96,69.99,
2025-12-19,SKU00921,3,10091.46,3363.82,
2025-12-19,SKU01045,3,1353.87,451.29,
2025-12-19,SKU01356,1,188.2,188.2,
2025-12-19,SKU02082,1,218.25,218.25,
2025-12-19,SKU02141,2,943.76,471.88,
2025-12-19,SKU02161,1,130.68,130.68,
2025-12-19,SKU02345,1,335.5,335.5,
2025-12-19,SKU02369,1,162.77,162.77,
2025-12-19,SKU02479,1,872.55,872.55,
2025-12-19,SKU02588,3,281.46,93.82,
2025-12-19,SKU03067,4,408.32,102.08,
2025-12-19,SKU03507,1,695.35,695.35,
2025-12-19,SKU03840,2,510.24,255.12,
2025-12-19,SKU03874,1,224.65,224.65,
2025-12-19,SKU03965,1,81.54,81.54,
2025-12-19,SKU04157,1,2678.35,2678.35,
2025-12-19,SKU04321,6,5767.799999999999,961.2999999999998,
2025-12-19,SKU04592,1,100.25,100.25,
2025-12-19,SKU04596,1,335.55,335.55,
2025-12-20,SKU00133,3,5168.79,1722.93,
2025-12-20,SKU00248,1,56.31,56.31,
2025-12-20,SKU00301,3,950.67,316.89,
2025-12-20,SKU00358,1,165.98,165.98,
2025-12-20,SKU00493,1,391.9,391.9,
2025-12-20,SKU00830,1,290.01,290.01,
2025-12-20,SKU01272,5,1930.4,386.08,
2025-12-20,SKU01957,1,550.16,550.16,
2025-12-20,SKU01990,3,485.82,161.94,
2025-12-20,SKU02987,2,1403.38,701.69,
2025-12-20,SKU03323,3,9004.56,3001.52,
2025-12-20,SKU03957,3,265.14,88.38,
2025-12-20,SKU04155,2,5224.44,2612.22,
2025-12-20,SKU04305,3,2346.66,782.2199999999999,
2025-12-20,SKU04373,1,1033.69,1033.69,
2025-12-20,SKU04397,1,725.16,725.16,
2025-12-20,SKU04467,3,791.34,263.78,
2025-12-20,SKU04998,1,1238.94,1238.94,
2025-12-21,SKU00016,1,3478.65,3478.65,
2025-12-21,SKU00054,5,10399.85,2079.97,
2025-12-21,SKU00079,1,197.9,197.9,
2025-12-21,SKU00132,1,459.06,459.06,
2025-12-21,SKU00432,1,1977.65,1977.65,
2025-12-21,SKU00605,1,420.44,420.44,
2025-12-21,SKU00844,2,493.42,246.71,
2025-12-21,SKU01101,1,126.22,126.22,
2025-12-21,SKU01317,2,1289.66,644.83,
2025-12-21,SKU01470,1,138.68,138.68,
2025-12-21,SKU01514,1,870.11,870.11,
2025-12-21,SKU01922,1,810.44,810.44,
2025-12-21,SKU02138,4,3198.76,799.69,
2025-12-21,SKU02407,4,1985.2,496.3,
2025-12-21,SKU02737,1,315.14,315.14,
2025-12-21,SKU03615,1,801.2,801.2,
2025-12-21,SKU03634,3,7116.3,2372.1,
2025-12-21,SKU03843,3,376.65,125.55,
2025-12-21,SKU04105,1,464.78,464.78,
2025-12-21,SKU04300,1,1829.79,1829.79,
2025-12-21,SKU04321,10,9613.0,961.3,
2025-12-21,SKU04547,2,687.76,343.88,
2025-12-21,SKU04596,2,671.1,335.55,
2025-12-21,SKU04787,1,161.55,161.55,
2025-12-22,SKU00285,1,505.67,505.67,
2025-12-22,SKU00639,1,853.59,853.59,
2025-12-22,SKU00830,3,870.03,290.01,
2025-12-22,SKU01110,1,1608.9,1608.9,
2025-12-22,SKU01835,4,4296.08,1074.02,
2025-12-22,SKU01840,4,470.76,117.69,
2025-12-22,SKU01870,1,226.16,226.16,
2025-12-22,SKU02087,3,188.94,62.98,
2025-12-22,SKU02482,1,1297.95,1297.95,
2025-12-22,SKU02808,1,471.71,471.71,
2025-12-22,SKU02980,1,1789.14,1789.14,
2025-12-22,SKU03034,2,465.0,232.5,
2025-12-22,SKU03839,4,2394.8,598.7,
2025-12-22,SKU04032,2,407.4,203.7,
2025-12-22,SKU04321,6,5767.8,961.2999999999998,
2025-12-22,SKU04381,3,576.21,192.07000000000002,
2025-12-23,SKU00166,4,3323.08,830.77,
2025-12-23,SKU00254,5,527.75,105.55,
2025-12-23,SKU00471,1,344.74,344.74,
2025-12-23,SKU00538,2,2202.14,1101.07,
2025-12-23,SKU00599,1,46.97,46.97,
2025-12-23,SKU00668,1,219.45,219.45,
2025-12-23,SKU00685,3,7749.69,2583.23,
2025-12-23,SKU00774,1,94.61,94.61,
2025-12-23,SKU01093,3,272.7,90.90000000000002,
2025-12-23,SKU01260,2,712.94,356.47,
2025-12-23,SKU01439,2,1975.5,987.75,
2025-12-23,SKU01455,1,98.09,98.09,
2025-12-23,SKU01501,1,99.7,99.7,
2025-12-23,SKU01662,3,1487.52,495.84,
2025-12-23,SKU02333,2,106.2,53.1,
2025-12-23,SKU02462,1,171.89,171.89,
2025-12-23,SKU02585,3,967.77,322.59,
2025-12-23,SKU02655,2,133.82,66.91,
2025-12-23,SKU03365,2,472.2,236.1,
2025-12-23,SKU03460,2,6069.86,3034.93,
2025-12-23,SKU03691,1,736.36,736.36,
2025-12-23,SKU03727,2,3321.86,1660.93,
2025-12-23,SKU04321,3,2883.9,961.2999999999998,
2025-12-23,SKU04341,1,67.39,67.39,
2025-12-23,SKU04554,3,6003.39,2001.13,
2025-12-23,SKU04596,1,335.55,335.55,
2025-12-23,SKU04659,1,578.23,578.23,
2025-12-23,SKU04750,1,914.6,914.6,
2025-12-23,SKU04796,2,3949.1,1974.55,
2025-12-24,SKU00273,2,806.46,403.23,
2025-12-24,SKU00286,2,128.9,64.45,
2025-12-24,SKU00339,3,5653.32,1884.4399999999998,
2025-12-24,SKU00405,2,251.88,125.94,
2025-12-24,SKU00729,1,242.64,242.64,
2025-12-24,SKU01037,1,178.07,178.07,
2025-12-24,SKU01133,1,347.45,347.45,
2025-12-24,SKU01343,3,996.45,332.15,
2025-12-24,SKU02071,3,539.82,179.93999999999997,
2025-12-24,SKU02135,1,1205.61,1205.61,
2025-12-24,SKU02141,4,1887.52,471.88,
2025-12-24,SKU02517,3,253.8,84.6,
2025-12-24,SKU02793,2,3817.12,1908.56,
2025-12-24,SKU03121,1,50.11,50.11,
2025-12-24,SKU03167,1,1255.71,1255.71,
2025-12-24,SKU04090,1,180.74,180.74,
2025-12-24,SKU04154,3,1055.31,351.77,
2025-12-24,SKU04318,3,616.5,205.5,
2025-12-24,SKU04321,6,5767.8,961.2999999999998,
2025-12-24,SKU04329,1,2452.07,2452.07,
2025-12-24,SKU04453,3,796.74,265.58,
2025-12-24,SKU04515,3,732.57,244.18999999999997,
2025-12-24,SKU04596,2,671.1,335.55,
2025-12-24,SKU04898,1,966.22,966.22,
2025-12-24,SKU04991,1,206.19,206.19,
2025-12-25,SKU00190,1,145.42,145.42,
2025-12-25,SKU00250,1,322.41,322.41,
2025-12-25,SKU00418,4,220.56,55.14,
2025-12-25,SKU00554,3,264.96,88.32,
2025-12-25,SKU00686,1,1242.49,1242.49,
2025-12-25,SKU00764,5,158.3,31.660000000000004,
2025-12-25,SKU00774,1,94.61,94.61,
2025-12-25,SKU00845,1,670.83,670.83,
2025-12-25,SKU01371,5,6388.049999999999,1277.61,
2025-12-25,SKU01383,3,604.89,201.63,
2025-12-25,SKU01438,2,596.02,298.01,
2025-12-25,SKU01764,3,6051.81,2017.2699999999998,
2025-12-25,SKU01813,1,154.92,154.92,
2025-12-25,SKU02024,3,4831.8,1610.5999999999997,
2025-12-25,SKU02141,1,471.88,471.88,
2025-12-25,SKU02167,2,379.72,189.86,
2025-12-25,SKU02858,1,90.7,90.7,
2025-12-25,SKU02908,1,326.35,326.35,
2025-12-25,SKU03321,1,86.3,86.3,
2025-12-25,SKU03451,2,290.04,145.02,
2025-12-25,SKU03724,2,760.74,380.37,
2025-12-25,SKU03895,3,520.68,173.56000000000003,
2025-12-25,SKU04305,3,2346.66,782.2199999999999,
2025-12-25,SKU04321,5,4806.5,961.3,
2025-12-25,SKU04551,3,7494.69,2498.23,
2025-12-25,SKU04562,1,1316.91,1316.91,
2025-12-25,SKU04669,2,1016.52,508.26,
2025-12-25,SKU04989,2,161.08,80.54,
2025-12-26,SKU00917,2,364.5,182.25,
2025-12-26,SKU00920,2,229.46,114.73,
2025-12-26,SKU01030,1,224.5,224.5,
2025-12-26,SKU01420,2,427.3,213.65,
2025-12-26,SKU01447,2,2243.84,1121.92,
2025-12-26,SKU01988,3,993.36,331.12,
2025-12-26,SKU02131,2,2212.14,1106.07,
2025-12-26,SKU02648,2,1766.9,883.45,
2025-12-26,SKU03088,2,447.1,223.55,
2025-12-26,SKU03100,1,403.04,403.04,
2025-12-26,SKU03201,2,215.2,107.6,
2025-12-26,SKU03426,1,1315.65,1315.65,
2025-12-26,SKU03438,4,5171.12,1292.78,
2025-12-26,SKU03549,3,520.68,173.56000000000003,
2025-12-26,SKU03727,2,3321.86,1660.93,
2025-12-26,SKU04123,4,485.92,121.48,
2025-12-26,SKU04181,1,63.14,63.14,
2025-12-26,SKU04381,2,384.14,192.07,
2025-12-26,SKU04662,1,186.44,186.44,
2025-12-26,SKU04847,1,630.96,630.96,
2025-12-27,SKU00020,4,438.0,109.5,
2025-12-27,SKU00273,1,403.23,403.23,
2025-12-27,SKU00358,1,165.98,165.98,
2025-12-27,SKU00370,1,680.89,680.89,
2025-12-27,SKU00396,2,789.92,394.96,
2025-12-27,SKU00554,1,88.32,88.32,
2025-12-27,SKU00596,4,1875.96,468.99,
2025-12-27,SKU00641,1,164.18,164.18,
2025-12-27,SKU00804,1,120.97,120.97,
2025-12-27,SKU00886,4,6043.36,1510.84,
2025-12-27,SKU01106,2,231.76,115.88,
2025-12-27,SKU01594,4,843.36,210.84,
2025-12-27,SKU02107,2,1621.82,810.91,
2025-12-27,SKU02338,1,313.63,313.63,
2025-12-27,SKU02599,1,600.09,600.09,
2025-12-27,SKU02693,2,3037.78,1518.89,
2025-12-27,SKU03243,2,2289.86,1144.93,
2025-12-27,SKU03881,2,1131.44,565.72,
2025-12-27,SKU04154,1,351.77,351.77,
2025-12-27,SKU04170,1,393.34,393.34,
2025-12-27,SKU04252,3,348.09,116.03000000000002,
2025-12-27,SKU04321,1,961.3,961.3,
2025-12-27,SKU04596,3,1006.65,335.55,
2025-12-27,SKU04609,1,575.8,575.8,
2025-12-27,SKU04816,1,90.49,90.49,
2025-12-27,SKU04953,2,118.44,59.22,
2025-12-28,SKU00353,1,69.57,69.57,
2025-12-28,SKU00602,1,122.87,122.87,
2025-12-28,SKU00721,2,365.72,182.86,
2025-12-28,SKU00731,1,83.14,83.14,
2025-12-28,SKU01041,1,395.7,395.7,
2025-12-28,SKU01045,4,1805.16,451.29,
2025-12-28,SKU01127,2,1635.08,817.54,
2025-12-28,SKU01189,1,2299.8,2299.8,
2025-12-28,SKU01277,3,4692.24,1564.08,
2025-12-28,SKU01420,3,640.95,213.65,
2025-12-28,SKU01562,1,474.21,474.21,
2025-12-28,SKU01897,2,984.44,492.22,
2025-12-28,SKU02351,1,1847.9,1847.9,
2025-12-28,SKU02356,1,160.36,160.36,
2025-12-28,SKU02394,4,1961.68,490.42,
2025-12-28,SKU02747,3,1683.78,561.26,
2025-12-28,SKU02870,3,2384.13,794.71,
2025-12-28,SKU03030,4,434.52,108.63,
2025-12-28,SKU03056,1,1070.06,1070.06,
2025-12-28,SKU03084,4,457.12,114.28,
2025-12-28,SKU03299,1,1035.55,1035.55,
2025-12-28,SKU03566,1,120.06,120.06,
2025-12-28,SKU03840,1,255.12,255.12,
2025-12-28,SKU03914,2,536.1,268.05,
2025-12-28,SKU04113,1,233.8,233.8,
2025-12-28,SKU04321,4,3845.2,961.3,
2025-12-28,SKU04531,3,315.27,105.08999999999999,
2025-12-29,SKU00169,2,190.74,95.37,
2025-12-29,SKU00172,4,448.72,112.18,
2025-12-29,SKU00980,1,726.14,726.14,
2025-12-29,SKU01202,1,330.45,330.45,
2025-12-29,SKU01228,2,2746.66,1373.33,
2025-12-29,SKU01248,2,763.58,381.79,
2025-12-29,SKU02021,4,1186.44,296.61,
2025-12-29,SKU02155,1,1113.48,1113.48,
2025-12-29,SKU02247,1,179.3,179.3,
2025-12-29,SKU02486,1,279.85,279.85,
2025-12-29,SKU03405,2,791.36,395.68,
2025-12-29,SKU03452,4,4677.24,1169.31,
2025-12-29,SKU03639,4,550.2,137.55,
2025-12-29,SKU03826,2,6639.2,3319.6,
2025-12-29,SKU03841,5,4945.2,989.04,
2025-12-29,SKU04065,1,3743.61,3743.61,
2025-12-29,SKU04321,7,6729.1,961.3,
2025-12-29,SKU04366,2,3903.56,1951.78,
2025-12-29,SKU04572,1,1130.67,1130.67,
2025-12-29,SKU04939,4,693.28,173.32,
2025-12-30,SKU00640,4,721.36,180.34,
2025-12-30,SKU00752,1,417.09,417.09,
2025-12-30,SKU00799,1,164.49,164.49,
2025-12-30,SKU00942,1,172.9,172.9,
2025-12-30,SKU01420,2,427.3,213.65,
2025-12-30,SKU01798,2,293.44,146.72,
2025-12-30,SKU02028,2,698.14,349.07,
2025-12-30,SKU02094,1,242.58,242.58,
2025-12-30,SKU02141,1,471.88,471.88,
2025-12-30,SKU02146,1,2331.97,2331.97,
2025-12-30,SKU02355,1,321.17,321.17,
2025-12-30,SKU02740,3,312.66,104.21999999999998,
2025-12-30,SKU02790,2,141.92,70.96,
2025-12-30,SKU03023,1,497.92,497.92,
2025-12-30,SKU03119,1,37.56,37.56,
2025-12-30,SKU03294,2,192.12,96.06,
2025-12-30,SKU03396,3,1985.22,661.74,
2025-12-30,SKU03397,1,393.07,393.07,
2025-12-30,SKU03969,3,327.21,109.07,
2025-12-30,SKU04321,1,961.3,961.3,
2025-12-30,SKU04416,1,600.57,600.57,
2025-12-30,SKU04568,2,557.8,278.9,
2025-12-30,SKU04596,4,1342.2,335.55,
2025-12-30,SKU04824,3,3074.82,1024.94,
2025-12-31,SKU00388,4,254.48,63.62,
2025-12-31,SKU00580,2,1997.54,998.77,
2025-12-31,SKU00644,4,3771.28,942.82,
2025-12-31,SKU00871,2,814.7,407.35,
2025-12-31,SKU00929,1,158.05,158.05,
2025-12-31,SKU00994,1,602.13,602.13,
2025-12-31,SKU01306,3,814.74,271.58,
2025-12-31,SKU01534,2,5929.14,2964.57,
2025-12-31,SKU01673,2,300.34,150.17,
2025-12-31,SKU01804,2,441.84,220.92,
2025-12-31,SKU02141,1,471.88,471.88,
2025-12-31,SKU02208,2,324.28,162.14,
2025-12-31,SKU02212,1,569.68,569.68,
2025-12-31,SKU02288,1,2814.12,2814.12,
2025-12-31,SKU02374,2,635.98,317.99,
2025-12-31,SKU02392,2,264.44,132.22,
2025-12-31,SKU02753,3,2390.25,796.75,
2025-12-31,SKU02930,2,340.32,170.16,
2025-12-31,SKU03397,3,1179.21,393.07,
2025-12-31,SKU03709,3,799.23,266.41,
2025-12-31,SKU03727,2,3321.86,1660.93,
2025-12-31,SKU03820,3,2883.15,961.0499999999998,
2025-12-31,SKU03874,2,449.3,224.65,
2025-12-31,SKU04321,3,2883.8999999999996,961.2999999999998,
2025-12-31,SKU04571,4,3474.08,868.52,
2025-12-31,SKU04710,1,1632.84,1632.84,
2025-12-31,SKU04815,2,575.28,287.64,
2025-12-31,SKU04906,1,2009.44,2009.44,
2025-12-31,SKU04913,1,466.91,466.91,
